000000000000001
5a3d4b0388aa66d
95fd9fa7ed9aa1b
4cfa2a02c0472e8
3eae1465bd0c48f
5af2f13c2bba706
a444ef758236b60
76f1cc27c9030da
536b599a59b37ff
6fb168d44556453
4793d9104741e2b
34ec7a0f893d0bc
6cedac26c5cad21
103abd4dddd602e
512da71ac962b73
5bf5793fd363a4a
2445ac93fcdb5e7
3df3da30d16888f
510ba2493bbec44
352d518e9d57b6b
7a22d008b7a8cc8
5319198dffa29fe
2e1ba67d6712e36
283086d2534aab1
084547cd26b3864
2b3d4cc045db6cd
6b04d815ed50b77
779196d56f6dc89
504446092bd5a89
9dedf7a981a77aa
095afd46b30586a
351682e0b7bc1ca
901bfa1a7cf126c
3a8063a0ccaffce
6f078ee57b879a7
5dd51565d9a75c9
27a117b60e2f674
84ffaeedac75eca
3a13380b39ce827
ab658f86a57ef1f
ada423e7e4c19d2
4a698bbd169c459
4c4065813332b4e
86ab5d84c2a5169
3d587083612f8da
87dbbbde01526ff
65de32b8c04c08d
0dcac67040fcbcf
3a22dd45ffec7c5
0b3c5f3f556cb0b
992ff47a0bc5f8c
5b57746a984de1c
509b071d8f13b9f
92ed6cffff1dd77
98f4ad888138e8b
81d4aabebc19708
98a747995494cbc
7fd7a50c2117301
01b9ee45bff58f2
a6b36fed344f177
4af0df8e5cd1733
91acbe7e1727e5b
47d6f55f7be8466
239421c03e1b62a
5e58150a5162180
39409feb2c58390
4b25cbb9c48d8c5
a5b24dba3784bff
65ec4acd20bdeaf
209169eca4d0452
aff3bceae1a0897
14c9ff8d2f13eb4
1f0fe5a04df1495
1d84d8caa6286a8
4940d4a232cc7d3
3dbc20011736441
96b43f1868780bd
7a529e28ec30cef
8b08da730de1cb5
3ab567a20e4e8e8
7f6b0ef0bbfd787
226af275e17000b
80b9a0afead231c
784fb8dcf7f81bd
8b7282f492d336e
15b7eedd8c6b070
576fe061af8254a
3f09ae20b842c7d
78a63db5623ca9f
5da2f206e9e8236
4b221c79910bda7
9b514dbed3d0d17
394ac3520f54cac
5bce7187f06992a
8cbd77cd7f3fd50
a05c056923b7be0
60e0d50a4ca0e07
10fe65e6b4a0aa5
5cd037684c8ef81
3ac47fc9eb54435
678824657c4df8f
30c7d9be9c3dc73
39cbd74d194998d
6ed9f4505b060b4
2d24d5165cdd6be
104bab7ff36da0e
aab1d5132525cd1
80f2e963abeb0fe
118f8aa1a4082c6
5931f8a97aa973c
3ce1130c1780f33
9667e14b6dde365
7a60339f8a6f78f
36d64adeb7d1034
1f95ad34cd9f13d
2a7c419edd9ffb8
86f04439c5edc7d
a09d643fe58de3c
ad8e7eaed3966bc
688197263d2702e
80d60da4f64830d
31707a898a7ad83
9f9e93b4013e05c
0f2209bee2e9f24
41adb359e3dfeee
96adc3b3399258d
572454f3520ded7
0a69fc222313d08
83c4739c85d0964
13cb3cd586cb855
26974906efe51c8
100a998605d1ef7
840bd0c10f905ad
3bab179dcdf8438
2f37cc6e87ee7bf
6dc76db2703ade2
087c8f001598f42
985e3bfa9e08d49
ad8d9be07c89b6b
b2a75befdbcea44
5cae20f962ce99e
208df8370ced6ca
0694d6d24919b7f
744d338a1f4c0f1
07095cc3bc24aeb
9c8f55f95986f9a
458194ad638dc27
84797dd1344df34
3cff9cd6ac787b3
4f044eb593a2f29
4d3776b373fb156
60a541551568433
50b36649c45703b
0bb743de02f41d2
b2b8295239b5959
a16077f64ae5aa5
13736d2b1ff60d6
477d889a552f917
0338e04fde790f9
6393b0907119e9f
770d53a944e747b
01f9c3171d9a28d
9b24ee83def436a
863a447d0341e57
84cc363722ae12e
1e038e1b8639e6b
8ca8a05ba96d2e6
42502c7f188d792
4017ad2466e4f66
acdae2c5aadebcb
43c0b1759453b35
2f34b9e75f5bc16
706d4a082fa276c
329a2d30efb8cb7
71899ad8908e163
75038025a3e85bd
38f0a5661524022
5a767487bb748e7
7f09938575e6ff7
84a59151c62ec1c
4709cccbb9cad7c
1a447e7609a4207
6546108940fc2fd
8071ac43e5d4762
646a05b55b21f66
240bebadb6710f9
3db9fbf0896bded
44f4004d97b314b
2003d8bf0514a95
81fa0a4035b86fa
0b7e2334c953e10
74fe61dcc9ff611
577773854c1d652
a15999fbf6c7858
309744673c1aca1
a52a59d336b7340
a848d57324a449c
90b92f5179c1988
5103460e4a605c9
1e285a9febe674b
141f8718fb89251
0e1504f854afeda
24bc76914f20912
3814fa300f7d14e
282ec28667ad85a
8fc2e25dc2b9ac4
534900c27d96dc7
35905ae8d7bd1c0
03d61311bedc1cf
3dffc4972cd2447
1ec6088f68853c1
5832890dcafeb2d
aa6897513170fde
623131290569ff3
45bdd9bb817a442
5b3c73ece36a3f2
93af4f076a79543
378b32e00c0e556
7c71f4122726348
782a54df51480f7
a81dd3239c8d5da
581e035a5bce4c9
185ac754ede6282
5e477d1160b7df3
072803def766d16
a6fdc96922542ff
86af42101810de9
8ccef0850e389cb
75b0395f6ba12f3
47c06bd2baad12b
9124e01abd2d24a
ac0209fffb971a1
36c0b70f464b990
282cb4842d5f684
0933b8315b48481
5f0885678c05b18
04e18e161bae663
8481f471340854f
77d2eed61da0fe1
567af438a6ed6ac
0292908e3f5bf71
6d5af4e09b7ceaf
868c6a78493e666
7232c44f953b0e0
4aa1a406a4d8336
38f4fee657a8c7a
5dd3b20a5a9b854
47ad3a6d135cebe
00aeaafa10049e7
82a145b03fa0ee7
2cafda9774dd402
66d2fb3cb5ac054
80efc3b81edd2f9
2c103532c7460b5
87880fd86e0cd20
55fa55b9ab85744
7c990191c6d8558
1abeb9c05786905
707a24528945cc0
9d503d130f302c2
429380480462988
84d7db671cbffc8
6868d91da6c2cc0
15bbe9b37b6c70a
1a2ac91244229aa
7e6db6e13abb3c7
7910c25b2c0d90d
1d9bceb8a8f1c81
17cd46f254d0302
56dcb2893fc57e4
3e037ffe228d342
885b53560cf2343
10ac4db7b6814ab
3fe5f3be7b4f203
51b60714a531c45
9424a92d64af69d
5d24aaf9a2e59e7
113629b63f7887a
91dd2f49d879dfe
a272ea288e32813
368fae61218b720
993204e84833fe9
00ab043d15cd5ac
671068653f51b92
9ced9ca264b0e86
46faf25f0a2bf38
75b88fef27694c5
b172397f664d96a
24cb2f04f7cf5ff
65e04dcd9c17fdd
a0c52330dbc83be
8a3b35f04c33886
a3834335cf007be
49eb014e8e0be42
81422db97dc0e6f
80403495e29ac83
7267e57a6d6bebe
a374692c108d2f2
49a4adde19f5249
122fbf75c98aa0d
4b0e9422a0b7708
894151a5cf5b6f2
3de467fd088817b
216ea465d06fbbf
476b09c099dbe39
1d89e2318065342
8cbba8e532f2769
21d40bef57efbff
30929d8d8c3b367
6f0b6044eb1597a
049147acc73e1fc
92edd6205b225d5
4a3b3b5ea0b10b2
4dda323f87e625f
2ae5fcf2269f0a7
0803ef2835b6986
1289d80c299245f
1e150a9174b20c6
2f0df81f420a33f
9571387ef26401e
2d000e47b70944d
6990c40362513bb
222eadd87534a64
751b9b748e0ea56
2cc000be2c20918
8c48e6f65a4a0d4
09a8dc39924d898
01ca23c8fa1b8ef
06fe8228be79fdd
75d554a3dd8bd0b
611940699c39011
211f2d391ab27fc
20b408fee19385b
459c192f560d80b
01e55b2315b73cd
b1b1f463a5d9215
78a1e11705b55cf
93dcbf1f610feb3
96f3bb162cc0c37
7bd908990a474fe
979938f9e381734
3340f1b0103ac99
7db4187f88be455
1fbc8eb45eb122f
4fa7e7ecd4faf36
50fae9414f6a9ac
03835540de5e834
6e8fdbae5f69f88
74b0eac1ad853b7
60b5b5c768a61a3
4a8f3d4631ab69c
6bd64c48568da1a
38dc2995afd8ab8
a4e1fd7389d71d0
843ef26d76d22b6
62cb6101ad3e96c
3538f109b44d4eb
6df568ba437128c
8113972d09db11b
55e08fe6bc1abaf
095b5c0a016f2ee
30ee7b62d7137c0
9033c630d1fae5f
20b8a535c2aa38a
b28bd52064bdd5b
ae3a7ca8888c914
aaa998e2e8b87ff
9d032a04945a67e
5cc099b51c3291b
6c91f4a4818477e
118b06f24a7ea2e
2b32c3747cdbebd
9e6711c84d24dc9
59f70fdf70ca46a
9969323a34de558
80d56455c7f1d47
009d1ca2104d6a8
945f5f70e8ed74f
1dd0bf3c6594e34
a834df691bcc64b
7d34403ee0cc77d
436e955883c5ac9
192d3402eb5fced
0609faf361e7d53
93d6e6eeba5be59
977df31b8ac239d
048bceb2c344f6a
9cea1d642cee820
040ae917cb45941
53e1560e9b73637
0b0d8700e2c84d3
7ca54dbe9a43536
6facb1038f78269
730c012071cc63d
40ed56d60bbbc0f
a177ef238fa66f0
a039fcfd5b32fac
84920e39aaf156f
ac9c98324c90adf
3a61ea7bdede5c1
621ca4a86fa6ed4
7af34727989ae7d
78974367feb1f00
3a600c1c5ba743c
497ce6cb38f3757
97ed954efe21977
3eefffd57707af3
25dbd9029ebce18
2c79a3b747f4d41
123e842528905de
a645f4c0c279814
2765f606188e39e
080b116e075178f
1e78c12ce450e05
913243997cc4d2b
93d3d9ec8e66dc6
3087c1f2b4cf13f
4d6eea1a76a4ca7
312456394b869c4
96f32d13adb32ac
2e92339d0ac866a
7f3c0128164efa3
ab7a8673a54b7a5
9cf7dc60093bd1f
aa8d10c53f7802f
3993171227ee304
66b67ce0a81e989
9b5f9443b720779
922697abdd7e0e3
b10969651935c8d
01f2d751669a2d9
66a30b37c4ac2b2
4dd8e7372ff7862
153e989190a71f6
29728a5c88226c3
08252e4f62705d6
742d01c967d2c76
7fbfb41d7ad5bd6
80fe02787da7023
87c3fb40078305d
1a7ef5f9eb69cf5
3864d3dcea3515b
6f08c28c0dc583c
819eb9bf250406d
6d6d5246e6b3741
4fa5603b3a94a58
3cbb40fc6dba916
a58b4ef6f50b330
37b96480531bc03
a0db6caa8bee944
5e6e8a44646f35a
4ac10f83d2d28f9
6fcfaa4c18502f6
4ebf37444227271
6e993a4bfffbf80
8edea59508f065a
987183bb87c7d7c
521f0f6825b0a5c
70870644bdbaedc
3c4ffe228a7a63e
09f9cf8647a3323
8a2a4e0521ebfc2
3b2e4dca6415c3e
b03d7afafe57761
06920c206832bf2
2e1d04b28fa248a
2ffa0798a7fdf54
4ad1538fac1eab7
21369c09a768714
11a90d823bdd773
2352d057af9f666
45f76e7db63d7a5
2dfea6f56249ea1
2f3c4f441291b24
47288ecf35acfdc
1d1b0d6c1a78bbf
0dd4fb7d0ae5c35
6b83bc141b70f3e
831ffd918c09cee
7b5ae1cd339108e
2b3f8db2e9e0b29
a3752755441ac24
940a4d23c7a882d
8bacb89bdf0a18c
4ab1f987778a4ef
66bed6e7ec6bc19
112daf7d186b18a
69fd1a3fccb9b21
6b66ff1d3676804
8e91bfdb241017a
a14b68a1d4a415a
3b9c7c636327362
06e8e758b9b2cde
a0d4cb95ea05bf8
48d390361d92c9c
7a7b71f8dc39c1e
18d34ddcaf3e2d7
283da7db8d7f051
754d70b309dbe72
065fba3417d17ef
055fd58d35ebf84
4352079dcece2db
4c894fc90eb7f41
34ca247664331f9
0417fc06fba75f3
4aca9e4f65f0297
8ab707eb0132088
57ccbd04f43b054
33eb794a78572d3
6663be25e51d223
2f00e706ca51a68
0a703aecd9e1563
0ad2933be162bed
36698a5bf0b15ba
38649be50d23840
a5e2888194654d5
8ec641587a7cf3f
8089afcd606da0b
49485ef314b529a
a23f9864489bacc
5ef25aed916d30c
2f44d8738c631c3
5996f613015c1c5
3d41a7d0962a4bd
4fbd04b6bf8a4bf
86f0ae969f44693
2f8dd8708eccaa0
685ca22ee3a4c2b
1d9eea685b90f90
0b5faf95d35122e
9aacb919f83c989
7ddf99ed4005383
7b879cb93ca6003
416ac499ce90911
3ddf899c0c8bbb1
6770f9a4dc71122
6ba34c904e0c415
9dfd2069711fe54
957e85ffd429d54
8b813372d12997f
a1c45abbc762474
2da31e2b6f519e8
68d00155f8a01e1
4b7206241bdea84
408e71df8d8fe86
a7a35d439c239c2
170b5b5734f33ad
5460f768046d30d
b2f48d12fe2dacf
6a84b23541407d9
82760faca2a32ed
309c774c4deb076
6630a779d291d86
38fe37233bb03c2
7a2e9bd66b620fa
28fa30ceee811f2
85cf7acf0ad26b0
407f4b16ee09152
4350b4259f44b51
a559b3d065a864b
1e0bfb9422c11a3
56a2a68d3a7d3e6
261cedee4553aa1
7ee43c5da2d78d0
b1ef6cc733e20d4
4646a40ad08b525
aeb72153390b65d
3f46394dbae701f
28da611c61deb65
9939fc277250046
24cc06d5fee37de
a7ec8700ebbd297
760cc029ae391a8
233da8a16ea21b9
71df16c49bfeb60
5b7293fede7af93
5fbc255bc286f98
4ea7fca71b23c28
62635bb46161905
a414e706f59884a
3889b70fa3624b7
2190598ab86e7c0
9dc7482e7beceb1
09d5ef27ff3a90b
8357ab691edaa15
958560ac741dc2e
53a1ca9a0e21758
71a6cf70d37cb9a
263f13218607369
8ef56005785c81f
4c258f951725372
9569ad35e277092
7417b6c8acba6d3
a5076699a740a6c
17c0b43ecce9a0b
4853f36d62970c4
1215f30bf3ba2d0
2ca733365285a2e
0fe18174dd7e71c
083dd094c7782b3
01a77496e4aacc5
43b064d4d9cd043
8e5fabba4e374f9
8922b5bf1a95fa2
401a2fd8f4c38b6
93e38762b4e45fa
0fd4e343e4f6d8d
713882482689591
2ca12b0c62dd6d4
83d5e714c15024d
1213f043faa3082
9a7d02703e4aa67
1361a28cea81193
297b1709f4ee5a4
5f6f262f259e16a
3e08a146db771de
43737511338b35e
79eab101bbc24d9
9ac6ae87f7ed9e3
8142e3d323bb957
68c02c8642e4736
55038659775c774
0a712ff45767793
36c6029ed0d10db
a6ba684501c93aa
a85dca0f78cc625
609edb239e6952c
8cc9ca46e3c5990
3ff51b144619376
067c8891855e2f0
2cff1a3db2494df
3b23bc503bed04d
a38c907674ae57e
a6f8d93aa9e9d8a
3d7873e904dd4e4
14c840e12501d35
41a61f3f8a310de
34cf467201d449a
23f477d24e28e82
2392c54bef7af87
77cb9d29a871daf
3a76ac7c28b2b82
a0872a3e6a2f92d
a3471c572dbf8c4
65339c4067a5055
05c909ccf0d32c3
10806ed1b1835fa
6a3422fd08a5b48
3d0c6cd8e1365ff
7b428477a6acdd4
36998f4eb643af5
34a235f94891f05
2a65e3418887d08
8e50a8587154aec
389223a495bb939
9602ce208500a4d
459e591c1eaf86e
2a060202cfcde48
275c88d573737ba
0e18cdc4e8110c2
a34ef3d11d88aaa
9bbab41b33ba42f
8ee6f42c7d5c8cd
0daec32689a360e
5d094fc391744fb
4c84b42d6836d93
0f72eb9e9bb29a7
47c833eabcaf657
5e218b3420c4560
5f2fe61985f5fd5
9eb799ec5ef27df
539a15a28e27401
231d841e622465f
6fbd95267b292bb
2e4d0022185a86b
24ddedd05a596df
6c0a722c37948db
0ab24a60bbd6bcb
9054caca8369fb3
51c8398171a43a5
3edb25e4338acbf
46870fbeb69a0a8
4b932d29e7c6e03
1580a109f1a7af4
586d84c96dc2e52
4ed3193524163b5
1e338c2cb35bc49
416199b020f1d70
66f76bd37843eed
861efa5f7acad7d
b109dfffb7371df
a3ebe137fbc0a00
16c1cc2601a8a65
83f7ecf7fadc6f9
2f683dfe15b4246
8099da7ed7897fa
5da3b42953d7add
1f281b2013d6f3b
3df3524fdad76cf
5da6e5c16cf8c5f
190f731ccf8939f
62c3b62b8328d73
40ad256b8014ca2
67d54c725e96e2d
a0e2ab35538af81
18373a968b910d4
3b3a44ae90f8e22
a2f5cfef3803baf
10ed7b5dd929596
46fb25534647318
6fe52ae971f4f7e
3b833b05247061e
781ce64ab6a5116
4fb5ff5e39bc2a6
4793953503eb756
7d8248b491fcf22
1c7b566c0915334
2a0bb92d142fc29
24c7ce54a46da66
4a13d7cb718e2be
386fdfd67dad631
5cb34c961bb5f37
64743f111e1648c
799298cfa686a4a
3ff5e45792fd8a5
a29f92a974abb69
b103f0d6fb67c2d
89a879e3acc8cbc
9a3f3fa772d48cb
2396d74329f3a64
85bfda2bff9999c
07a677014f75dcc
2a429ceb153f7b4
921a55e01684a51
880e74cf5d8e22b
126bca850edd976
81b89852920f8ab
1dbe15ba70bfb7f
0b30ec4b9838fff
072bc43f19df8c1
490d7f2c82e118c
19370153c280cad
34dd46cdcd3aab0
8caa82bcac03aae
059a6074caaafb2
97a1ea5eca79883
52f10aec76bd69e
399cfac842a5865
8ed6e82a837d5b1
27e64185d002c97
445c47f760d3f0f
8ee29afc2d9fb0c
13d4f50f7ed7d83
9488f6411a43bdd
a0f83ef8b525a81
246ee49e48da935
2118d614acda8d2
9d0b8e1eee35159
12ee4a14e0cc8ed
56d4f0a504ddfb8
6efab8a9e342cfb
6ad4b51b0ad2431
935b97626ae1acb
35821cd08578a48
4ad0684cf5cc14d
40f76ca684dfa96
140331f918d2ace
2eff03d02e2f426
0703fe7f2b336ae
9d28e0cee9edd9e
11d83817b3de6af
99d193849e425bd
381c3f0606df6a8
48733f285a229cf
9d547d6b2abca31
94bc63f3f467ae6
16493188df044c7
669a8d5242bb804
85bfe6add84212d
65b53d9d7b6517b
9ca7b1d344c0908
6e65a9ca008c24b
2be25f23def1d35
3adce983f58e0d1
353e929be7563b2
8a9474c2a72a10b
ae28c2bfd8ad8f8
3bec596b2a26569
32ccfcde13fd137
213702b9976ca5b
2ed8ae745cde0ad
3d4a0b8423148f6
8852a8bb63c7fbd
4e9a3b29f3d578e
9ca24e3e5c93435
5c931da8e918833
7dd0188f4f3f8b6
a8e1ee3bf12ba68
abe5d52acd2ba4e
2ec63dea1c87bde
9a23fa37befe7da
7b4a077d5ee88ce
8c154d8aa6743d1
ac60254b2f34505
a0e30689a32fd50
8b41ebb29da3c5b
8061e6b8aac3dc2
2973d414aa349ff
6a5a8df66811413
790de089e949de4
3f2882c613aa40f
5073855653b23c8
0f9aaff15e0f932
25836726688649e
1f7a9be37899d5a
29e292d127bcdc1
aae40a83e4cf815
54ffe54827c05bd
05953947eca02d5
2b7ce0f6e9aaaf4
4ba9a77ddc44cec
344f4fc86f97f4d
24376eda04bdbf3
92a471aa4a283dd
18845eacbe781c4
88e44fab38a570e
9f9f327bfc9163b
679960c0d4130ec
8c37faf98f844e8
720e8ac608f6aee
7901521fa187e59
75bfdc9b2072454
241b0585bef0a5d
857bb2b32ad96a7
102b29e48a70840
32d27b5b56feefb
467cf625f9aaefe
5139b88eb7d2a35
771bc9689bff6b9
1428d2bc86d9e6d
3de4b57d629307b
96330f84228369c
3720a5208916c51
74f2394dc0acf4b
6a303d44444720b
1a591f418736143
6a8e9380bfff56b
7af5ee34b8c801d
4074160658443e2
40df56e07ccd2c3
3502916e70364db
7237b7a8a253547
9fdad3e4ca7d85d
adcdf1865c1929b
7c6d49429547f67
0edf58c92911433
74bc25dbb26e0c2
abd63a71b1afd31
002c428b26feabe
690605c9f1ca0ba
5ffd333b46596bc
5608f1dd55810a1
2a441530a71d106
58726df4a68a725
800f2274d6c225b
6c5f79c11b228a9
483e46934138df1
5d5380df35a3885
aa226939e8df9bb
1ea1f7965a73459
155502caf76a92c
24880fe0dcb0d56
9df37fa983cd47b
5260eadc075a245
28021b1d9c7abb7
7b1c8b39129a8e7
43713993a1b393d
2435dd308a227c4
1984b37f3a0603c
12ad0aaf1d027cc
2a5fbbdceb61074
a36635131ec64dc
2eb11644a9b0956
3a3ef10457efb81
1f184e3bb4903ad
77c6a698df6ad6b
79c84042bb449d6
79d34931017824d
2a07414cdd5c61c
199a977d5e70cc3
5e4d0351d43582b
5f575047afc38af
2feab45e22b57d7
a5271ec4268bf0e
b0f0ed6bc463b17
79c471883ac3763
68ef1d2b0d0ba5e
70e92d5e65da612
5dc635fc44fe069
6c65319976e843d
9158f64ed6252f9
8303e736a5a1715
6b1001131fe8624
1b8839d9653bb34
6568c66d1b0dd3f
0bb7e935508ce63
4f692197c33484a
5579dc5cdf852ea
99c0b4cf12e24b0
754a324056d2ee8
9e61e2454b8e650
0e76c936a2a91b3
adf515d5f878585
02a9fa5fcaef535
2a27c7bf0eb1f28
9d40d7a13ecae42
1b7f41fd39d4b8c
7890d5ac32f47df
458bce25ad7472d
8e70b1fd88ebdf9
2b979657e41836f
056b29ca64beca1
4b186066047be14
ada38393ca8006d
7192da6ef52b777
a0a84b4bb5c4996
33f911f04058a6a
22f6491ab4a1eab
aa4175ff7b2d479
38f668cb94aa0c8
69f0d8357645468
668547d1e05f3d9
956c0071b9c145d
0087bdc198f37d7
9a5d36912f94625
5b3527bc4e63d4f
073e4ef89682907
141e446e1e8b404
7df3b75fac72136
3ee33b92791eeff
0b5ef0c993781c2
27aab6cc9315500
944749b040380b5
302146c7e13349b
04accdfb423b89b
8e2a8e385a8f805
aefbc99aace53ea
2723c2b738d36fa
80ea58adbfab0bb
0abd831286c34a2
2d8525735e277cd
4da7569de8addef
7d770397f8bb0a6
6bf45d0adb5acf7
8c86f9f5709f37a
789dd108b0ba6af
7532fbcb9ef261e
1a64b9a19f87011
6a080e0c37fec3e
1d840e96ac6ef3e
55b328c57f2a424
6a0901d13b505d3
348305357f59e85
6da0b6d204242b1
9346318e3cb31e6
96d34dc785f3cfc
1bed757a40d43a1
3460313c153b6df
121349a16ec3ce7
1ee7fe5029a65bf
09581673ea4c772
af3c7bc8438a935
7fc34fd162b38a9
23b8d0798d498a3
0e7f649dbafb0ce
3dd992464b59953
8703a6c36487ab1
041bd9b10c21cde
9d4b036f938845d
b2d298069985f1f
3caaa6b66b6efe0
75b306d72bb75e6
987cd1c478bdb7e
9d0dc6d3a1f72a4
059c42d8e734bc5
1945b7ccdc18427
160d064f52455f8
0c24def7e54bdc8
00cf3c674ec56a6
5049075e88df84a
840f57725c9029f
62314d6156923c6
a9d5efc9e485b43
5a8bb44f18edbcc
7aba786e883b6fe
4a51da2141e5b9f
6628f6335b35d80
5cf693539522238
5f11149b4579258
7e246392ade042c
81632619e339f1e
0c4573d5cb1accc
96b668853a3116d
9d730f4f3af0f3f
1f69cee16177964
a47a99396c9a0f0
8efbd8ecc9ddf83
62d4ea2d17ccb4d
3d94fe84916f308
9671736659cb374
2529fdf9f8c3af5
6f2bcf832fdb6f8
03209b104cdb227
97c506264aca51a
0cdcec924485a71
9a44dff02a510c9
2dfc7ea51b7c1ee
6b1ddd66c450bb0
5e096d199df261c
172eb317852089a
673c6ccde08e4cc
32bc0492599d465
653a9df92e9da30
a95e5e5fc6f48f3
a3ca3c58c76df83
5883fa70fee22f8
0825e89449e4383
459a50c27cb0b3f
5cbc7815a2a8a74
36fcb9309b1c640
0a2a45ebd75876a
8887df8899b9b4e
5ca3f6c55e32699
07ac217fa9a6535
0fe79311bfc633e
2012f7c133676ac
07abc991f9da337
5b202ee6e1d1082
24450cb47037310
47b36dbde55bd5c
78d7aa4057526c4
9641573d573755f
3cb7526b5c5defe
2a44e495b645bdb
8d29ef170596bd0
2a5e105d64fd932
4324c0023d7fd3a
583737c28915092
58855e189544904
6afc1adbe628419
08076f4a90d71cc
5e56474c91ab200
8e1d82c3d1dbc9b
acfe7fe6157ed75
81b6b22030e1566
4cbcdf97e2e19bf
881fd863f80405e
63cc937f50e989c
9452173e7fce183
85e361363b39fa5
06f00be866c3318
74208e605c55373
3c6ef720be8235c
4071fd1c83ed6ae
2c5191247c70991
7ea727aeb62cfd2
5aa678687c88389
4e18675d793e0f7
294e4de3d2a23ee
277791747d0652d
b2149f876e9a37e
7a9626fe03d3e1c
2dbdfa516159d66
48ad54ee88412ce
32e529a000efd88
3bc80abaffc7a00
6681bd7baa27c11
0582c6862625eda
5a5e605b04b6c52
62bcb85baa77e4d
3bd55216ac34e63
021b3b5d73b4470
a2d993a51fad3ee
26913453a6d8007
9aae2a33fc2fc41
ac757083a9991c2
4e9becf87517f7b
9bcbe44cbc2520f
842bf0183885828
4f8ac756bd0201e
782fbef0082d5b2
08211af1fcd76ee
a7abf46b3df8251
7557af0056b797f
1417191e6ae0b72
018ea6bb10de4ef
ac57bd0c7b8cd54
1c26e8bedf44e2e
86dc0e916034314
2420a3b2eb31cb6
51c9fed7d8c236e
4cc9a8a3eacae42
58503f3f700a66f
3be11df656bbec8
64a7064fd189fa8
59ddb46ded7648f
6de95fe22374fa9
8f4b824d707e1d5
852f939db0b40e4
71d1768b60bedf4
03fe063359f98c5
242544374604a7b
7a9414f756572bf
762fa2a959ebffc
147ca45f674a834
496d52d04fa116e
34537263f909bd6
811b2bb088762ad
a31adc3fab44a4f
9bfc31e84e65238
49c1cb7505c7f5a
77b74e26722032c
6d73daa9034ba90
6ff2094da695290
5ccfda0ed1a8fe1
2898419170ad281
13e2ca614253cc7
6d6f3bdeb26f468
717682b057d9139
903538dcc0e1364
29156808023f404
0068e392057ac2e
82ff48e60e5906e
aafd48f685e3948
5f2e659cafdf83f
6371fcbb3e951c7
4c624c61d589c2c
92b86d2c3775bc1
159fcb162dd9d8d
1849093283b6a74
0a5f48535f7618d
754d2772bc555db
3d34ac778d2da3a
000a7cae318c47e
35226b0193df410
5e1151e3db95a10
95dfd38c4b8ed63
8f77dedf05f9a0e
1538b6498368da2
1c8e4b9898abbb3
776d7962ec59f97
387e69424f4947e
654a1f0a67a8f58
00f30ba22ced2a2
8f19b96324dc2dd
ad5b4543843319d
780afa76378eb02
3d2d22634c0c233
059201990fba24e
1e54f329bb6f426
81adecd6f2e2301
684c001e086a79d
79994dde237a7d6
91fd21e6ccd18f0
a101070f05008b8
37d8c06b8af04f6
6b702f8ffd0cc76
257c30c775c5f29
24778b580cb61d4
2d4bf7fefde4c4f
1c1b142158c0dd3
1a6121b10941bc8
376921c051b9c63
5b4cfd78d25a818
af8d962256d7944
90f8a09e73e5b28
4d6418cfd03809b
76b60213b21903f
31d8bd540ef5486
3e8c03a8b925ea1
78ec458eb3cff6d
170f1888cf12ad6
45f1cdb1533069c
729224840ada36f
7c1f3570c74fae0
52eea72f72d22c6
4898c642e909bac
0bced6f46a05183
ae979e362a9a9dd
343f724af201070
69635d4e8b1e04f
1996da15af5de4a
10703159a2d0a44
a93bb953cad31e5
4f3b375cd6dcca2
3b97d1a9bd27ade
1c0f5a057dd7724
6c964485bfd9c89
a4d1965561156cf
4ad82fa11e84842
5ef0b6e8efbe0ce
309af898143f079
a88583d85f1ac01
2b6b2496942c590
1295809047417c4
208199da4abe04e
5ed1f4bec62d9b9
9a2a195267aacbe
0175c85984966c9
5361681b5b166d3
ade42e35eacaace
3f4f9c98fd7d072
33754fe8accd42e
21cfab6ac3b2f3e
94ad244aa7432b4
92e57990d2e01a4
1ba3be200c92759
34f28b8bfea2a78
915c35513b59697
72038ce5a74234e
31b8cee517acf49
54b9ad8d447604f
03f34f13f0c2b09
6dbbe91b5111f8b
94288579c5e8787
8c69cbfad883e32
278d057dca36ffe
785fa5b07ab3b15
0910597389fa418
61def1406566d0d
68dbffbafd2a230
02340d0c76aabc7
1e1b016e369edca
07ae40cdcbda1ab
8c8597612b25138
2fbdbec6271fdce
78da80dc60d524f
aca560243162127
7a49c8d8853063c
3036ddc63586ece
234d388b3ccca48
933f64f7ba4ac56
a53fcb5c9d2baf3
0815fe7f155f9f0
0fcb1aa873d4ff3
2276dd3663d5e53
303685a3e0513f9
01ea0fb44ff6b52
875d2d1786ade23
a39c7c9b52c1474
5a96572be7103d0
96f0ec8d714b802
6ac13b2a88d4953
b1357a1c6bfeab3
844223c0bb1a9a3
20467dcb4597ae4
3cb4325d7931ed9
29d0f734b5f367d
277e34e8d11feb5
83016f3e5edf14d
9d738c17005a572
5b0fa9dfbb49906
2bd32f1fca525d5
863050f7ef70934
3bd002d1dac05c0
40995731ae9fa44
2949f5f82d10a5a
8212de33d6128cb
52051325460e2d2
aa47b2e2cb67255
73812e78ced615c
5832d75a83b511f
29f2b1dcccb1bdf
1a4979b8048f023
332e8f8b1bf201d
72c9dc8f8e3d788
60a6dfa315b9ef9
030b6d2b30950d8
a635b58c4adf0be
a4cebe4d03f1c18
5e55bd7e6332dd6
5eaa8e9ba9f1ecc
51cb49a068ec225
6af311fdaee17f1
60688f7731cd658
40bd4eb50359abb
66a35fee81973c1
a07735102ad3313
86b8616d2b98d21
1a72057660e6461
9e28aa233b69f94
598341822fbbb27
14c823ab62e263e
263eaf9c892b365
7ee4e0b8214c20e
53338b2fea57178
3c9273678f716fc
072f82ea36dc603
0e94b9440caa399
7f2359f7fbb5b48
367ce9eb6d762e8
101e76ab349d9d9
b2db2c97af70b87
1338d151fd16d25
510fb54babc41cc
1100de3bbd49d53
3965f1a7665372d
5a90fc5fd76c6eb
19204cc14c7916b
88e3511f35c692d
744cee53729929d
492733d72340d9d
46d1ba58b46e83c
894ed7105b57800
75f1c536a35bcca
76bb39d218b2604
23ffc2b3fc97a90
49bd57153f25869
14f7d31325b7b64
146aaaa5b0d1392
9f241741ca43988
2050ec7d7f83ba4
a963e9f9316e6f6
7bcb373671a212b
134b58f8e819601
01b3fce12586830
84a0007ac912e42
09a299688f27b01
8dca2c010c5c933
a71768ad77c4c80
243ad931ec6623d
451b421e09eebd4
5b922f9db9befd0
7244b52c0e19039
42f9c11859b267d
29125a43c11a2a4
3d64ce77a5cca62
3784e25c4122014
9ce47b027881a29
481d9ba1fcb6bac
9fd29ea0ea558ee
6506bb0197ac956
8c3ffadd017e6c1
9e7d6282a0e8ebc
705baaab15f9112
4bbb9304073c2b3
270be4360d4c0a3
4de73cf283783f2
a53260b3c6156f9
4b81eda8316e7e6
778395468d02984
a266a494057d055
7ab17a8f356e45e
9e5174781af3bba
9ee5b84242c9b94
05569d2ff67c376
43c3e312247cb5b
9a955565020be26
99983203648b288
5e82b25e9de3ca7
61dc128bd2998d1
4b7da5c456e6d19
23d092a3301f9a2
2e41e829c50193a
176792285f10516
7d3a0736bc3c577
8572eda5f9d3b0c
564209803fb444a
6f87a789ff4926f
3591d38556c517c
70d0a7125ea7e96
12a4ea9c4600a08
746f9df6a21c807
76c8e46b76be986
78586882c040928
7e8ef6212e17905
765b0eb98cd177e
0a43deb20befb00
a20b5b0cc1d1449
7a969b75520e51f
73b9d65f6515d31
97f4bd8752c10f5
9892619b62973f8
863bbb81968ba6a
814dd21e8e08651
0f8f4cc883cd56a
a3801590902454c
41fb0cca70f4303
1f3606b75b1c076
027d8a82a65b93f
17c6d69bdd53dc6
1b47bd18e75ebb0
6b4b6262cd06a94
943f4f0aecd1d99
56d11294c03de60
8507ea4891ee434
7aaa313d0cb3be0
97b725d1d9a02a7
26374f70d02e013
1d7eb86e66e3b15
77757be857d62d6
7f4b4256d044389
a2ee3f74b27faec
21c90802f61ed99
132175e68405ac4
822cd433419b404
a73a066325a253e
47b23dafbd337f9
1d1f9790473f17d
98825ba785f9f6a
a6c9e055e509ff0
82aba77215e8010
0b2c473649e98fb
96be54df288ea19
71237407637c099
7b9caa7a95afe5f
476472473247540
68b7110638681cd
03481acc98d317b
2074ee3e4bea8fb
10a967c0b9da043
39b56bdf1121be7
6c55c555ce6093b
4df9f85949bdfed
1f8e05777dc5596
5e4189aab3490ae
1d0c94cc3ab3a03
72ed1499819b6b0
95e6dbab0ff68fa
7fa80b1cb5d6ef6
7207ab3761022ae
2a66e9b70b13ce7
ac0f34a6c651347
47eff5dfef4e0e3
47ad0fbd091102b
17756bebb797bf6
a51e8ae4ccdaf9c
3d709fb547787e8
910fb2a75b75ef4
727de9165d2d90d
16373cebfbfe8c5
856c4212372d206
76e6599b4f951e7
8ee204533be4c81
ab81a21cd58d8e0
580e177500f01a4
86b329ee0911f30
19ce35f5dbd0756
323c024a61fd4f7
79c189e979d2fd9
542d77820edf2c5
7cacf67f3294a60
74f2597305d950a
30acc48378ce612
825947830908ffd
a8c15fada077ca5
01e71ad1d2a97f6
70c67f8cfc9e268
9b297a206149bed
606d868744a1820
6ccba70fe26cc3b
a5780010ae5d3d8
8edfdf856cbbbaf
21e115fe68d29b9
1e4bc0103f3fe1d
1f77f4084e7579d
80f783d4e8976de
aa122d6ec8fbb00
86378d3257a2e11
6bb6bc1075ec031
92e5ded0006da3e
3fb1f2c548b39f3
9fd8f05856d4309
a3626cd978bdbff
624244f70cef802
16276fccef4e500
a3fdcadf854c9b2
4acabcc956d911c
3da83d698e38fb4
3dd38a9327286f3
7afd73997f3af15
1f281678e2fddfb
9a4eaafe0506f89
1a0222aba199f11
9581ac795094528
adc33feb0e7b1e0
041b0403328dbf5
97fe9fb648fc855
6a0bcc545bd5cf2
1b348d16b1c39dd
6a164b8767364d5
25e54d03ab5a0f4
34a6401e62185b4
2c78c1a6f1d3374
7230647a5917327
7eadf38022e6a66
5ee2d8aba39f155
4c4beb5ded2257a
ad84b0c148a41de
0de31b3e64748c9
0c7b60c6406f01a
a6f555594536037
90dbf5b8d990dcf
4b566835f1aed48
a600bc21e657256
6feae6048432fa5
1aa74e0981f7319
455c1b7ed654b9e
25c32177768a0f3
80a5a6bcc56cac4
056e99cc0324158
6bc5990daea5a23
0202ab7693b17ab
2464e8be9298c14
a5fae85cb4b889d
111dc09ab112664
528e5a7cd7014f2
1f3b3e966b201ed
4165215dcfccd68
01ee360d8dcfa6e
348c2feb44c43cf
54c6c61d61ab762
2bb28c2ecfcd0c6
009e806aa4c8548
21bc7802fb07e39
10d46421a6477a5
4d28fb343ca5292
229746b1aa8ab2f
7029da3941da5b1
9fba316f1b24a4f
6181915b9ceface
3ff73bbc31a33d4
9a3281a1171ca06
a99a7e542893709
27c25b7dd9a8654
934d77d4f0ce959
aa12d48dbb7d7de
abf9c084e7c2a6f
4e68618729d6aaa
1a838ce020fa33d
817483d4723c5d8
840fe5dccbe0556
0ec885f6cb79f1e
43e103b440af22a
6fdeaf71bd7192e
767b59c28d1960d
4bbe644ef14e7ff
65f7037e1712b38
9ef6b3c12a86491
8cb6121229d72fb
70b7161a3826a3d
5281bd2202fc6df
2b03ac2f7584c7b
07b845ca380cd8d
5f2577b9d061856
039bd2a66b0b963
91288c2c48b68c5
7c8ec12af6c2016
8e77e3015b9fda1
79ab928387c59be
09f512d1b645480
14a9c9e11aeaa9e
9e26b6e48eeb3ec
975306e82dc25b7
8de22e642fd9273
2f5b528a25db46f
89d3817b50a498f
594dd84ee316dbc
0e868fa3382b152
3da376074b8ca93
26b5e596e600b28
5aed2bf7daa613c
515b2858cdaf0cf
31f1af172df75dd
4c153432f5db42b
3adc5d5968553df
ab739f7064d8fb6
13901273b7fe5df
27e6c6abae27c8e
9334ed0402a67ee
5b3750da94dfc88
2a8ce7a6c302c9a
aabf340b3476c76
3eaf713cc93a2ec
3e80bda036f44af
9a2ae16de195a68
7f51b370b43f678
43d74a58d811aa0
7faeb1f025a2921
4abed965e3ded7b
ab9b2104a60af2f
2661bd545e02881
41c27d07f5741db
6bc09f16e973093
1b7aac503337e4f
1e1884180313764
228e66dc0ee5682
6ccf668ae798efc
38ea332482d81ab
25feee2322179d7
20f4d4eec5856b7
51a0659cee9db69
9fd1e513bc13b2b
97d0f8f54c28d96
a59ada062cef0f5
4e5ee2ae435cebc
69584314807a085
2c95f20114e25a6
636c0c25311db0b
355f504d1ccb0ea
3cb22e0c778efbe
91714a0ae0e545f
44ef497f969e343
ac8d574526f8000
5aa93a82a416c78
4c89742e6e490c7
946ba8fe9d73f9c
39560d42370fac5
5612856d5079289
2faeb0abfb3597f
55bc4cdc6b795cf
15bfee6b70694f7
269d45f1545c288
1ca9ecb3e15b471
290c7e22843614d
a26ce234359fd0b
2dfd64ea5e44f93
acbf381a8a135a1
4b203faa04e4182
a695128426b4ec4
549b8ccc6b1e901
2f71ce1e69d3f1b
13ede3a0bc1f8f8
29e0726158c66df
502c27fc6638d70
73e9e165fb12266
4aa9824e0fbbd65
358c4264e009323
68bf9db40788e81
38d057326523516
209a2b880e0b905
823b712dbd3b5fc
290c3b8f9a69046
1ebeafb1955ea01
64e2ff7676536a1
6ca99bd7ea860b2
3738bf759b7f323
50c315f6594c04d
a6cedf526317280
0950255ee90dde5
40b4f6d38799ae8
ab6b2426454f3ea
0a72525434da8fd
2e60c24fd6936bb
7c45e2467e06e1f
a53e7d26c9f536f
7612d6ac0a18bbc
6cc62934f6dd0f7
266903f9ae8ecce
2e05830e52117cd
9cececa85f33177
05d870fbe588a1f
59afc230ebbd790
5c6f005577d0a79
4fe669c5bbc6726
6da2e21ac18f40d
7e95fc179d5a0b8
7bb9be3b9d19b2b
a3713d42c160894
4b4814e6ae56da9
077fb0e729f3253
51c694169e327a7
62adb09a4949b8c
8e6b13278574bce
59758901536b189
87f169ab1b89f8e
996043f6bd3fd41
6c5fa0b6f2dcba8
6a99c80427bdd8f
8f689646da7e693
260eba4cd9d1a32
6555bf98b09e81b
af34ef6ccbb6d34
8ddbc1e829a4b48
82d98d7d1be13e3
938440669db3cac
9d33940e76682bc
13ba92e961d85df
1c4cc68b06284e2
93dacbc7f7be376
3e98fc4a1cbba6c
254e6231120139c
9a3daa0c294757c
90782f8ba5482eb
7bd330aa93b9f9c
40b290e007250c9
9ecdd71b3936c0b
68b1040c80ecd5b
4e2d8676154a9b5
6e2955ed44a5d96
0850f2ae4b2ab46
972f11fa6691b55
a159dcf2ea1055b
07db37386ed8eec
a3a1e140a4f9bde
9ba67cb9b1851a0
4dbd01915881730
95f177861ec7a15
6388dc44de4c2b7
0b26017c8e5d5af
9b8a115046a382d
4b7f9090a3f54ed
4edf8d49c525b01
966b38d99052d8b
a47e5c71dcca528
0ac7a668b1fddd8
5242889eececc03
320220f241c3935
42d8fb0792db1d5
5f572f1f5de9ca9
44fa8a993b93d6b
8edb1b51c142ade
7e0b884a4082dee
34431252ad9ba1c
10e737ce58b5a00
4a247a78f013dbe
924a3afe1995466
1d1702009701dc5
927b0c071b9d2e0
38959a2e870468c
58e69ed394dc202
71cbd5847a61fc1
382fb129b1ee2fd
06a82e55914cc63
223c20e49b4f5ae
8ed8fdc55387cd0
32e73b0af81495d
a56cf76f438a98f
36415ad61774880
3b6f85a65232419
b01a50d8c9c1430
8412e3ffa781362
14560761a2fed98
296d01067a21248
7c118852d2dc7ec
4449443b39dd5d0
84f681e0c5ab0ef
83114ffa6eadd2e
01f09a6a174cf57
63691f24ceecf6c
9ebac2f99fc8b1c
77ca09c21f07ea8
37b9afd510ade42
83165b4da55ef41
61a62415a1d626e
a76db77109743eb
b091b878b5898fd
79340ccb61825d5
64ef447c883432c
455b6491f73f6a3
357897f0f9821b1
5e23997c067da78
2afb00e52800890
265bd2b687909ea
560ab0f9f6b4d5d
241063097fb101e
738169e5750f53f
2bdf11a9489cdac
18b2a17474f7138
1f4090808794b45
6225a05838a58e4
80ee0a8954be77d
4dde2fc0b5a632a
4dea803a174b670
22283a487e91b03
78764b34ebe2691
251e262254322ef
6d7ef983d9a8de5
21a37653eea9ce7
2534105dd897f65
40c622687542a73
4408360489cec8c
7b6b59a24358947
31224bffea247fb
b251efb7596b63a
21f6a85b9106732
8c5218315b92515
1a83d0cfafa6067
aac8220b15fb845
78654e9773fa043
23b1713f869f396
160168a747ffca5
9003b38b274483f
4eb58ae487bd227
99a85886d3e2d6c
614016489774367
541618af848a462
7931524133fc1df
52fa79749ce9cc3
35985a33aecff53
1506fd80d9a1c7c
a27640fc874c3bf
728bd6a6215b3a3
06d040d2dfc6b67
03a95b27dcc82e5
9f09b8e17166a1b
a0604e1dd9b9ddc
52f02c2bf8cdd07
5c6e97f46fafce3
0599dd7a81dfc48
17470a4024a0270
69ee3bdca7bcf36
3996846d3e7886f
2c14a9b41f4b409
9ca0598ce5853d1
b20028e7ca3ec6a
0574dd8023b9354
4c0183b7f6fddb1
0eb254234d77bf4
80d0631a53e3db6
7824bcaba4b7be6
6332b033c9008a9
247e16897116429
18ad4ae7fe302d1
73c395dca2f74b5
8a79c2c0b0fd673
67f0cc322554823
0bef96e4056fd7b
5c894dc042549b9
af57e29f7e27121
0741f91349c14b0
50cf3783d067159
45a66078d110223
a97c6d9e2a3e2a0
b227d9c556b9dc4
6f31d8e1766945d
9b0979585a37f2f
08fd7dcb40d9c16
42762f9435e8871
56b86d021310a67
340a03fd9c3ad9d
6a508f7ab8e3210
97ae73ae792d924
41f465a7d477f95
31a7875f2f4b9bf
a4cfe8f77db5c66
919fc694799b9e2
ad9bad36898279b
21c37951b2398ba
041131b00c0f4a3
9dbc7407bdc5435
84194fd2a258eb5
1a40dfd6a25d6a1
1e31b88414ad9c8
7d6f0cc238ded0f
21460f845b9f855
8c36a14c9134052
a06a64ea0e5eee5
81563e4e0fa6a65
1820c1569768b44
2306e62a88f9748
23cb949df32a26e
0c247fb85291afe
ad15a601dbd17a0
2c50fcb68651757
321ba26005e72fd
732b07e67dac986
6bd897331f9b3a6
218165bf62f0b57
68980aadb929f59
9ea7f12165228c1
932f86f94a061ac
3f7cdcde9d2eff7
3a86ee54f4594d5
79356d33b640495
9c4fe02bbbf1c9a
2376397e6698607
425e244fae5cc59
92c3ac3108ae83d
6b5d3f72e9491e2
51d333297ad6773
2df03265ddd343a
616f184ec8b1429
a0e62895d3903d3
103775804c0f92c
7a2106ee0650c62
01cbcc6f72f9825
71670ceac178014
30a7ee7e033d6e6
37300bb2dce6fb3
24d40fd6b65edda
1bbfd89023d9f57
20aad1126c41b8f
1dc4672d019a12b
96c3576bfdcbbe4
47167a9bdc13303
65aaffdfacc3cde
5f4088abbe61e12
06440ede4071db5
4c6ac0bd0448e73
083b71cc379df66
7164503929d0549
83d86ca8e923811
84ba8a79562607b
2bc3c55ace5a3f0
a9808a389732a0e
4d60c0f379a586d
820dbd1e0e825ec
94d2a8523b9ca95
5af5f1483398b3b
951b4b6ef9cfa60
76b0bb31fb88e91
8d79e6b9b811045
96d32753b77f279
092a4f942e82b78
0a6642242b172ad
5eac8a302033e76
5a0cd49da159ef5
889b64a0c490bae
5e236fc62183462
3a3995bc2467c70
1cf36ca4914945c
3cc26b9aa782d02
9fdc3968d46c701
797b72775dabd3d
a6352c3d6fa6cd0
023ce08596f1900
b1439bbbc8f4667
0aa52e55620cc1b
1f9262f7b095932
8053f4cca6442c2
1a852e225d6718a
4c40204790445bd
1e355844d7cc031
864e556d3667dbe
8ae00ace8bc642c
547c6bc6d9a3580
5b5e6451cae4d9b
3b2c3f75084e55b
9073471724c1abd
61188d7c151f008
6761de7f2d443db
16058c9c872ebcd
03e34b33dea8a18
7dcfd95a78c6080
9eac22ff3fd9699
4cc0d1d29b24fd9
8bb9d6cedb6dd7f
af5a7aec858dea3
95cc2e814b3a7e8
2ef0f0edaed3359
230864a507c4f15
8a3327e979180c5
2175c5588778861
889c94c78a6e7d2
1d075368506b4bf
7406a17b499f3c7
acb3534daf2c8ee
252c7b33f43c8a6
aa8f286b361bfb4
37d1cdaa8a1bece
060c3ee4c2032d5
083282b03992b68
9c246216446701a
0c15a46e38b6d6b
7be8dabf9c5449d
574a3fbc5a4c4b5
8ae012f161c1ab9
626ee5025cd6bfb
37c8faedc8cc34f
39f68872f15b07d
3c543e99a123571
7700f57adacf627
74329eac1c2d2e0
3278a5853a2eb1e
9fbc166af52ffa8
2dfd4a7ae4bda06
8f51e7ce1f72453
85a8ba4ed259fc7
24d3ed308975bdf
67bcff74c9beb63
a47e173105ad5f2
4402b49b2f5250d
35cdab0c00e2246
33a3eb249c06b33
71bd19ae26b39d8
3ee0bbd9e35ced0
80c9abc4cedd669
865ddaa7fd2e323
26bb7d2f1f4f767
7f0b84459f5e2ba
36b2889e75904cf
a3300862e38bcbe
3aaee4f54f58cfb
08959b6a9db0a27
1664f1cf4b1189a
4575968a912a6e7
1531a7d3d3fd32c
6d2dd57cb50924e
16af9051387594f
56cdb64b5e3d356
49913617a4cda3c
a15a5fa6ea0f4bb
506af3be225a81f
712c903d9e09f83
8de24015ae0912a
4162e9c0085d918
47c80a0a09ce64b
8ab503971cff6f8
6dd25aa477bf755
5fac0a3b2f71575
4f2814f9f23bfec
4c91c7e31559313
5e042e4878c5ef3
32a77780a018492
22742381a1d353e
05b31b902643cf0
a7ac5acc474a51d
7cf600a845f824b
6d3830a6b108d91
306be45299f959f
485eecbace5d122
532de8227bfa22e
1af27fdf108624d
09235fa23293b6e
031fc6c70bf0a53
9480c9ba3ffc701
712c1f5a6c5a251
51c064365a7056c
146d2c48c0baaa5
3c17700c66ca1c0
3d154e8a58572c7
8aa545f605709f5
2ba6c4e44fad8c0
ac7abbaf8369211
9909cf4454d28af
85e74d88f969fbb
2e163c568c0a47f
82d6b430f2283c0
2c4078467d5d88a
a4088ea87afd353
9ea446bd8a07e2f
b2a19479ca2fca1
31560ded4480b5b
4bbab6c20dbfb4a
4d4e9c7cdacbaa7
97fcc8856936db0
5760200758f95ac
6b9d03bc739e822
20d8203472e5fa2
1e571c47ebd0a85
99905a3a427dcd5
ab6561de4d67232
92691d79d5d9ae9
3338d8c451c60eb
524d0fa4a4bbf18
632d751eedeef50
86e726a3f6cc897
85ddaea03660204
6967281142bdfbc
8a9897eb1b49ad0
449e4f14ce5dd35
5ebff4adb46dea1
5604a7e23005a57
13c0e622ad0388e
3a18ffa334ae6c9
51ba04bdd290054
807cd741804d4cc
7645a0b58b04092
0a8305e9846c72f
00a2fb0feff0603
42112d2eb3ea1bd
391d5906ec87378
517bd0298921a6f
25fe69fd55c5cfa
9fd738a9c5d3d37
8abbd528d6b91f9
35f88c6773d2e5c
aa4b1a51d667755
2665fba790bdaec
a20fb1febcb2967
6444e10f6661c5d
5b12051ac5de0a5
262fcd52adbad51
50b9cde787747b0
abdde736089a4a0
0e8d186a9218d31
01212d938b97a04
9fd61c14735c3eb
5a6eba3f44da745
85389ce705d8cdd
7300c6e096258af
90b4714b3510920
2bfbbd5d223d8a8
2647d303e4eb320
105b4055134f7a7
7b29640e4739262
75d28e70b8da7dd
4963d435dbffe97
2d7f974c720c3ce
97ebd32ed6e8de3
a7c1e45937c3fdd
5f0c3de64afc259
9a2cef14fc97015
30c0f75b7cb1a4b
b1334dcf77c7d67
3c577ebae3a8b95
422bdc3f4a9a164
1c14ddf52d9dd10
637251572e491a6
a41f63b07262fdc
7dc4e4b976ffb59
44b8fc927c327c7
7062fd515891d07
5eb3c0b9dae3470
6f44bbf2aaf5f00
6589aba875bf265
7279435abe8167d
57e7f46c980ae35
6005f9842fc772c
83bc18b8a10d180
1677db3d9c157b1
541cccdc3d07ef8
0356fca0072c806
6dd003494c27e9b
49430989e6fb161
75c59944145c2cd
74a9358196f79dd
303d3d97c0d3c33
42df6d0a6e049bc
8f85f18849c31a1
3c657036bd99e46
36f1c13fdb62f04
9d016be59cf2d61
558ce0aa21b7e16
a04a14a439753ee
04c1cf58a3f56be
378cc6a40bdceaf
525ad57016e3d29
5e077bd80766bad
281bded9b973d83
4fa048db14d8168
0d9af8576276ef4
24d84e84f2a1ada
627fbbe92eff4d1
17f3280d7ae56dd
99d741bb7fe2b16
af56d427719bbf2
ae52671a0692c40
a23f0430f416638
4272958dad6452a
2b703dfa89a6e84
a8a730f62977f49
04c837005ddbf59
6f8d5c0bb3f1cff
64c581ff3ca890d
08f432d92e68692
aa0156319a7ccec
9d51c6ac9e45577
4a993be3f991608
8081c3e8d9dc100
4aed22966222392
0bc9d93c3cd17b9
7ac7f9fea384aa1
38a48897a78aa07
b2f30c342d79cbc
66b76f15cc5ac4c
a150dd7060a4cc4
01051acd813273f
109931e261fa55d
a637157aee51f3d
6d4e4a587a75f7d
2a27728515aa916
a6fcec81c73f6da
1d8cfa311d0018d
09c6a6bd0641465
27698fd6f74b471
440b084dd810b7c
60707e4d80f562f
8c00876246bcf3f
8573deb75eb53f0
4cb03b108e7a52c
104adc06b036c19
1a08133768b1092
2a3eb19a91a1132
44e674d801a3d4b
820ab7e10deb730
9609291dbefee93
01500b86b18c842
3175bb5623cc2d9
0abb7dd20858bc4
73c6e9df336bddc
93791072ca79450
017ead9c2e95bd2
496b59d4c6d0554
8dc2a083baa2d54
3445d39107a399b
0d8dfe9d2a6034c
3db2d5d92721ec2
8a333999815ca0e
a28a33cd2309af6
7e70a9275c88c33
7f77e524fbdea16
7f6f00a568617f7
0f81bc0519f4fd3
020dd456c786afb
69e5a63cec48dad
3f98e56dd5df55a
3ca8816deaea5be
30cdeb3320c7b6c
9170363e14aa843
1375f80a9e6b8ca
94c84a3a1f7fdbe
2d53076f1c4f25a
49f76dfd3f4f1f7
0a1ed000a0211cf
8be1dfbfc2f97b4
ac284b188739a2f
785ac495a1c2e74
7a3a9b62309ab4e
920bf738970d609
b02db45417ea307
8ffbeb88f628476
994eae711bf7fa4
83ee201a84fb3c2
46871b4f42d96b2
65ca1f4e4c479be
89bd45a38c6c7ce
52072a1b46ef332
9dc072774d44395
0d089c6208207dd
1eaf1e0fcb6174a
4790ae6f7e45c07
791b4c9e214794f
94746274db80b5b
8fc4606eb90f3c6
2e80ec526b18137
55030eafc0c30a8
8ed443f5dde8f8e
232e3c9e9a48717
6a6c51269872e7e
24f262523ad1270
90953a8df5471b6
2950595ec58076c
18c5fa917cd42e2
83f2f5bd0537fba
aab893f4431319e
9f1ee50982ee694
4a527e0c9026954
6f15b622249bbf1
5568c747030cc97
0acce7a8edade25
2fb9d00f5f46dc3
7d234e38dc53cea
550796f97ab841a
5e980e45919f850
518c2e164c627ee
ad74d9b66a75431
a768e94504407ef
089449bbe725547
8a2e36c5c190573
657656b9e932792
41a17bfa1534e0c
8b38d187de95c93
a96884d2b900ad8
0914b92b0ed9045
30010843633e102
4c6d6f44931e19f
2a6a8b167b69fdc
5cf5a7c1393cf3c
5afd2135def332a
1a3ed5c55c98df2
581f6433e5fb9f8
258ff51cd0b827d
66650324d1434ca
7d6aebc239e938a
aaa40cd4a701c9d
ad22a1fb3e43955
62b029ab54f2259
6d029be44ed4354
a0c49565dd4d6d4
4075c72daae0edd
2ec3640e69750f8
3a42eb0257a1afd
68804c24e531f23
021d5e83ab60802
43ac789eb5b4084
96a600501dfc5cd
9111ad19f6b7957
3ef37a7d1dd5372
2d4aea2f97d98a0
aa477f60624837d
87d0a1bde3d53f1
756fa3981265988
4ba0e95c2632d7c
96ff166144d8fcb
2a3c1734331cc44
0b3c010d9201bd9
1b3549f0c8f2340
086d163d2935cea
6795ba3258a73c8
abaf2b8cdd1e779
3d66d6f65bc138d
925f7fd11f87682
15a7563a983ce72
17557b7f4274317
70d3162981eef2b
07ce01d17c4dee7
5a585f4326cf4bb
801ef7c4be8a47f
79ef45ccd857114
1f466bea2f46221
435fd6547393646
a5d42cc443f5612
465a82840a8c063
3ea608d40b08ae5
59ebb47620ccbfe
7eba35333836b4b
ab8e651bd2e7aa5
02fe526ca103d1e
8b415a8aa36e717
7a6fd31da053025
33f143f165c633d
0f08d3274617ea6
ab6686886429397
aff2f942f2c4aed
07d30c522867598
a1f4fd8a8ff7e4c
8a8f5f15fa39705
9ac1c63c6f710c3
5f5be3fedafdfc5
6989646ba330c89
a874bb905423056
ad58e3bb9b9c35f
547446ebdad4fed
80bc5543ad78e0b
89bb207ed689623
8f1cd82676af791
499d92fca50e07e
36f34b55b1f31bf
77e2045b22be65e
8a084624aa7694a
8b34f30f67706c8
4afee0040bc2f5a
14a42635a9a04e3
8837dd39b0c2849
66b8e671e8cd8df
5367d551fab31ec
6b9a81fcc471d0a
48fc0046a3d8606
48ec49ba5c1dc5e
163232779dd259d
03245bf59e76bf7
3145831188b13fc
028db3aec929efd
71a72c39bda0248
47e7411ab67a024
15ac58e8853730b
a5b72a149234a63
aa80bb019a82015
1326e0af6814a23
3cb2a377373eb7f
51fc1bea6270190
3b148078a7c83f3
856816d07b49701
17969683cf95f94
24627c3d9b214be
7fbc072485104d5
7d1ff1d9103c0eb
485386d897a5f74
265b43cf8226dcf
25620d437f84186
901c36beb4b98a8
36bdb3395e7d437
1b5723806ced767
99eebbb6539df6d
91f53e5273069b0
2cc9be4436d5348
6b12109dfae734a
1239a8f34f164be
3da35263c7b34a9
81681bbd5406965
6d7932f9720b979
72bd9d1b188ac3c
3deaed54cfa53b1
28d0df7cceaeef9
b019f256324cd14
8931ad0bd44c235
8eba9d5c985ab6b
97e71f7f25676cc
7dc5fa2353c495f
943b588f62f4d9a
6250f8692085451
5d1ffcee8c286e3
06846cc6e323174
696a560d17cd303
0bb54a6ed3c102f
a9b428f9ebd0d14
166ba09507a0787
2f8ff0158c33c68
65eab02442106f9
a94abf5ca2d661a
b24023d6a645ba0
7010e8ced08dfd6
846b9fb0b749696
608bcf3ec4d7cb1
84ab9bb8823547f
4673a65222a4081
4d0b7e5c292fc80
7e5f2e899542983
385df7b4a3fbdb1
72c3dd3b4326fcd
351b3006ba8149b
84dd9b8fcaa8989
5c149f6e3674d53
4272d952567ebe0
7bbe950f39e40e2
a35783f3455a5e2
994ae02c4ed1a9a
451fb2002ee7808
2c25ae90727020d
71ec943262d0487
1da1786ccf6cb4a
109559a64a8942d
0c51917044f3464
6f7b256009f0db3
af804517a52dcc3
19bf4574941601b
2c5d7435b41d0ba
340d314d82bac8c
267d06e092ad896
20ad009dee724b6
a37016318d560ba
ad3aab2b8894a8e
12e33f049879ff0
38944d17faebe48
79adbeeb6a3c143
8ac28197400454d
241ee96158ce681
098e77fba9c22a3
591701bc08d3029
64f86cdfe7edf97
956ab72824ddba0
1baf53c637dbabd
19103a5b40f51f8
16f5ce1489a791a
a7c7f82810fb1d5
8fab94a46d5f53d
121d29a30c15568
646e903f362a878
15af803d79eaab6
78f6db15133b485
5b62cd1e239bca0
535381ae835b585
8dc85603a0b8049
81f010a0a569411
8d5ca8296e606e4
18edca37d3fa475
0ab7756e17aa494
545cc7ebfcdb464
440f6d4fffdc9e2
105f1f338a0642b
581a463baf88259
12cd2036048cf66
95ff4108587caf2
4de9f3e42c7170a
972fee52296286e
354b7527ad8d174
2045de9ca8c198a
ae21b2b07f80e3f
806ad6a564f0d09
7c0492217119f09
80bfed60cea69ff
8a1d2f574e2b0be
552550c8a90f443
b1ab6e48185904a
5019160c2eba4af
a59d0c3d7515d07
57db192800afb71
35ecb63cb826456
232a52bed5cd31c
1a4b76815c896b6
96afd26db4a82df
9b293ebb3a53fd1
9b952ceac4cc81d
1f7b4197a7eaf40
340aa77abe03f77
6ac4b9df2d1b192
4a5617810a78c6c
17f5d8f30516d2c
90b5e20acc413dd
411ed3dd630caf8
58ceb5b76ef2bfb
3ad6a2ad822a76c
1b6ebd522a031e5
3da2f12d741e39a
ab03e87ee37d91a
4136871fdd0fd05
3d9a135199deafb
ab14f84e1748972
2cdce9c9bb17e7c
a4c4c5af823f999
6e8b69f662fce6e
36219276a87046a
9c4587dae9c5aa3
85a84eb10286426
4e73bfbe26e8325
37f4361f77897b9
1e68c416d81d6a8
667fd249556c61a
aac41549adedfd5
1a90251c7b6f83f
838872dfb7ed2f0
8891feaf9e9791a
a5075dc43e25311
07e9a55075ebd15
aaf9cc484a94bef
34644c7af795f7d
93c8a3f6e111278
92d0eb8c4e481c8
afb09f78579b0d9
37d88057f60b140
1314e81f9416296
4b1c67861d205a5
5f4038365f23d32
a55dae022e803b8
2f6d05a0ef41118
3f262feead4afd2
969f6ddd98c5422
0e8ab591941aff4
1b82b8120e1734f
66350d5301557bc
37ddc0130d89ecc
4030515da3df75a
90b2802dc4d8876
9d5c3f8b91b152b
37fd897407d77bd
39ca37c1ed3d85c
6046d350516975f
05d7dd28d14c327
02891ab5894793d
5e5e591f5fc5942
680d32406bdd43e
99253e58d096f36
a3da7925f4e5c54
a7923999b350b31
000778d51eaed07
9591b88fd0c866d
4543e538cd6cb26
61e3f5765f7fa60
249cf683672ea69
364652c0b285ed7
1c99c2a5bca0a2b
34fdd3e008194b7
762f11be37f5072
a2e682b79ae073b
3c8f97ca4f224a6
a4020bc3cf1220a
4bbb29136dc5b65
476a68ae78f8fa2
720cadb5dcb5722
013f332da4f8ba3
2ddf0f2acddcf70
b2188a13d8cc206
6d9a6b717ceed2a
7d5366aeeb7ef64
2b54b95f448d4d6
40aa1de425b4bd7
659b62010e664a6
3743d7b88cdb853
8ccd8d183b6c203
8bdd4ad1ea26555
275cab40f5f4914
1bd095c15896d68
89420fc79a4a177
53e8fa06c00b089
0edd58130e12f88
3ff8e8e7049c6c5
40d817c4d2d34df
984efb168b97b49
425bb2fe15099dd
055afde4982e84c
910223300dd5132
3520bdcb5b8f4c6
a59e5032e528ffb
897dfa1e2f61e18
9d81e9e97c961df
42fd520a2ada1f2
6cc279ca203a6a3
59dcadf2b598d2e
79d0e82ad869b69
54b051ee026497c
2d19cf8f34ae598
8887cec1dc919d3
697d5634ee4d3e5
627eabea78f4533
3673a2a1ad6c573
05210801116f738
5f88aec75720e27
ac4bf20e6385a4a
6fd4494dd32744e
0f2c47d135595a0
addf507cd0f52aa
5b5b8b80643399f
68a33024a6dadab
66f8677030e36f7
0f75774d96b2cde
599955691c67e1e
24657dd01050286
9945d46007b8cdf
a61d201d083d779
a229c33bc9a4f25
74c3bae2c0b1cb5
5b5e6329632a151
4989118a5ceac9d
4a9359605e0dde5
6f45b2be1601f9c
7b5959cb89f54e0
85524e9c40fdb43
60f2174c2398042
178352a010eec82
070c4b1bc3e1d24
60a06d7b9ba5a9c
a2bcbf96dd3cd09
398e27f52582164
831410de708b852
4e5bf43f004f41e
061b7462ea4e1dc
0ae32370f52e6e6
154ec5068dc94f9
8750588b45382b5
abd97c272147cea
a5e2e50f36d94b7
43d4673d2c1df6f
5c2e2c77e8f4afb
a84368d705c0ffe
1dc69b871d51898
2740d83e5f269a2
0afa90dcd78c57f
ab6d1bc6c257d03
b2f7ee3afb5f505
2698cd6cdec8c5b
ab24092f02979d3
0bd03908734a7de
865a8f37acfeafc
5d92844f457e3d9
01b0825d6b8020f
1918133d9b0bb88
785f878841de712
57fe69448bd7aa1
26873df378ab1f3
992bb5c113ab51a
3c77c7fb0f31eb8
92eb62528938184
af88a66f29eb3d5
a88f960efd68192
5a558e4daee2d8c
13b9c018e4410ed
aa1185ddb601cd1
a11c9c50e9982c2
3a8c647494ad32f
42ecd1976c1b50a
77d25d0feb0010b
6c362d1296ec2ec
1154b573646559a
4daf83813306f33
b1c8aa663e34249
a34072849e99e2d
692598543d2d3e6
5a26073de5d1c38
6f247b39606fbeb
2e45b74f47e6d31
5a42cdc977fed43
9532290dafe928f
805c4aeb9095d0b
46e8e91b736635b
783f7d1bb389457
2cebe0bbfcb40ae
760aebdf5837d16
09519bc1e331769
4d01fa1bcfaa5d5
8767c73fbf2882e
a76b45dcf48b44b
2685663c034028a
1876d79689a03c8
28716828445e15f
625fa06cb449c78
64a39f4885b1178
809a65a4ab95a1e
04e96d725312878
7bc0493f7dedd56
a4e50b3843f3f61
72487d5efcefbc7
6ba5f4d1ba696a4
20f4d87e895cee5
438248be53aee3f
3020e5483449665
8dd2888a76cba65
7c85ac57dbf78a3
1d6bf2380d41516
1416ab91740b8ab
5f265adc4a13aba
33819d9b2b60acb
a3f4854ea85d243
8d7da7b5ee68936
ae9c0d769400934
1034784a605e4c8
adf76b8ab3d3521
9dade1ab7d7d5a6
ab639aaf6c7802a
88bb4a29bb5ff26
3e48c13e8a09a6a
8bb0ca287648f12
8031595ac88ea14
5ba14147e55e1ff
4246e20a53165d9
910eb63aa418297
9bad35abd1da73f
4ecdf7fe9a18e36
acfcfd9d9feec11
314e9f9107e13e5
5b9f62e313f8a53
3274db332a85dfd
61e20c58385bb68
1326524693e95b1
0819d9e97015ee1
653d9149c8c9015
9962bba1b4d5904
45950d97c2428d5
752b5c781b8dce7
1a3a1a9a7c43bc6
1cf525a0d42717f
b009deabab73407
70d61556e82b05b
ad148319c8075f2
a98dbcadc487b74
32d8dc27db32e2d
9642eda7aa24d21
a5e678a5f3876a8
82b95845bbcbcd1
08f6a933c511d17
6cef069e8e3a452
29157ddb8dfb571
14d144fd3410805
32d7e951bf861ae
34dc0f06ab160b1
7f134ac43b46f1c
78ce49e9073694a
6b7624f249b81d5
990243020176dbe
4cef3ce649f38d1
0d5c1c29cee61f4
8d19cc8de6efa38
470f8225a55120e
0cd42699fb5ac60
2eb5bc0d3636373
74629ceea64e860
86be18fb1b112fb
48ac05655a0c2e2
1da3f4dba3948d9
862b95eae7c5b74
61a06e809c071c8
5a59ce1927e4e93
820fedbb6643e6d
3dc437f207715e5
7489328803f6921
5473e9d3a8d6e57
69fbb8618e126eb
7e124e16cff0a14
30b03368c6743a0
815aad172962705
ae973b6fbba208a
a08899cd8a90f75
71fdd1d23926b76
8f949a79919e199
2f2932d50ec39fa
1875faf3b6355de
666bf5c6179c966
51c912aecdce4e8
4e37dea732db4a7
1b353f9b757406a
a7fbaafc7b0e503
448bae64a23874f
06d6697920c3c1a
8e7508ecb8541e4
3bccebc082e7819
16ad7f6713b58cc
5de974a0aa367e3
214bd29059df69a
980d527e2881743
76dab139b77bc13
ae51e1094a74316
a32cc5d0072424f
079107df0ab613d
158296642488111
1635d5b5fb55929
81a7fdfc0d1cfae
349589862f7c503
632daa2b27c58df
330bcc18922963c
b24bfffca0c0bae
27bd535557af33e
7478104d5658f02
255bc1d2d8ed66f
9e4aa924327e9f6
9d482a8ae82aa27
429c080f1c19857
3b2130e97087c01
8331fe2b8637b92
ae106f75818d6e0
419247a310f4e5f
5051fd84d953306
5b7c16899945c5b
84045f7a97dcd03
5ab884a8197a671
a1316db3749eb42
88bf641ac0a4fe2
57a38fe458e67af
9656db892542e58
842e877a72e5322
1124c134ad69d9c
a4bf3fe5f2baf15
92f4c3d80a56dc6
b2ad6e5da370d0b
0e8be811b041676
4747d3e439c37c0
0461e7de6db38a0
05d0b5381fac3b8
0fa641f8d4dc396
598740cc6438a9b
099d5113d4a9e1c
128ec4b2b00326c
73539479ef97aa5
6f485805fcb2b13
211fafd2536bfb2
9800f6293919e60
27e93ec49f63abd
5bc021b5b182057
119f846f5a8bdc5
94da8a9d7fa61b5
ade6a3e3c6bb6ec
3d0d9152dd01956
2de4a3488400a1e
0fca607e5821f2f
55dab165dabee71
802a58d0e9eae29
8697d15bc59abfe
818bc575a33a1a1
02908e8110def90
00c1d4cabed0b6c
19d17be61b1bd30
201f3f16d9331a5
9c88a8a2da933e4
3f2574173cf7845
61dc44e97cbd7c1
531eb92ae77df28
48b2394e86706fe
ae29ff380de70c0
43b5b36cc2ae278
660d53ee5022994
af3a81189fd88df
72876fb90888909
9d19f146ab13a16
527e86983c8928c
2a93050b51550ce
823a353e3c6eb6c
5d138d0181ccf1c
74f179f594dc222
2be734160918b86
a80a9c4e82e6c05
51387b4636ff531
a84c8bbace759d7
16e3e1caaffe4b7
5a2fefe089fc4d9
6cdc77b68ebaecf
a88f714ea8630ca
2c5f65cee2a12c1
457068e8de4553b
3b3e5b5bcab1bda
94376e29b21f998
3baecb67e4a346a
2d60c121057888f
942e8822bcefe05
78393c80d933100
323de45a84e9a56
67d398778845a4b
5e520bb03d33a6d
1e1d3d525c06e14
1ee50f22fa39dd7
604869ffa9a03e2
3dbf17370ebce18
34e9341c6c3a006
53c0927306e72ac
294594f184d0c17
250183872501f3f
286095aae237244
2347f7e762c65b0
87171ff0d8f7776
93ba63933229d9f
4813d6e015706f1
661a4929622f016
a4876e2982998c9
86c2f376e4d098b
9f7379ea97b8b72
a4b8538d658ccfb
9852fac25748599
37621736159b700
51332cd9db4d09a
1175ed45a5fb6a7
14e09f15b531d9e
00224e5792e8157
5ce38fed6d886f4
9c82ee7df7d0f08
1c7fcaa015ae8dc
3cbed57194d9a3a
074106a81e037ca
31f2d77b2c9f89a
9fc27095458883f
7f3db7fb41304f5
a46cd144c7a3307
adba3bc4b13a3b3
027cda10f647be1
5c59f0cd901f288
6efc175a4ee4d8f
adf1c5f8cef6817
41bac30faa2637e
63ebbab29b85770
7cfb42ed736d604
5ce79fc840ad2a2
0a96a3b96e9e050
4d8b362b3970a57
2959a527f87b8da
5ddb410eb041562
177e7df45687098
1ea7c1c2bbea70d
5aed8eb92ebde1c
4f58fc7608fc4f0
45651cd7bf2cd98
1228db85e1bf2bb
6d1a212d96a0e3e
52626a934228c78
1c0565d3481b23a
6645a71c4969ef7
a0a436c12545c17
1bb060d5ac80ba2
a65171d92284db3
a2ecf73bbf6fef8
4c5b79edcb7ad72
59baa1ddb179ed4
55a6bd32e8ce13d
61468cd89c2defd
7c805bbfc27d81f
ade67705d7c0a3b
666914d3532ed75
71ec63d29e01fa7
04edc4c3b00c58e
5e6f39ab029c657
358173d084a9bb5
91d404aef8e9b52
a2f0a6a7e771145
9dd2c78c9a052d1
7b6160234ee5c33
5d0aa30b457a9fd
3bfebc26230ff16
7c47e52efc0b52d
5595268be0059a8
4dea58c5636ffb8
68ee412fe42a29f
87be88b280ea4b6
91c3106d2e6394b
5897d0d36cf65a4
8bed8ef32357879
23679cc1490f60a
38e9592e9dfa515
2be1fc8e6f3fd99
2cca8bd6111e964
91fb47559b4f4f7
6095d7cc4bce899
ab9de39c237077c
4ccdd52eb48ffdb
16b5cc40186fdb0
2af8fad4328aeee
a439471c6a5db24
3010f16f9362d64
abfd38fa25630d1
9672015b54306dc
0d91bbe2c886780
1c998649a7f1b8f
8af16618d36ae50
6575792a09838b0
a0d8b1c266ba2fb
12c962ee8e345f9
7be7d90acf3aec0
962c0ce29a9422e
6985acbe9df3da0
3540fb3ec79438c
5d2571050dc687a
abf48d568fb347e
20d58427729662e
09f5a1e21e9dbf9
7d495d84ab6b9b4
98d86a2fca74727
2762f04f384bd30
51eacfa30a2e5e5
059d2804544a8bf
367b9862c4ce6af
7398e49d9eb05a7
4178f7102f4ceb4
44003fc271f9459
66f1e24e2b47f74
2d61dd182354e2f
a63712c6818691d
505ece5ae376748
236fc94c2804a47
9095c945dd9fccb
0e2f247d2173e76
18cc753bf91555d
1574f1efa0edd21
800f07c16fcbdd8
46b3bc4a96b3506
97d71e9268ff01e
8cfd5e6a43cb954
12b77885f0b91e9
7e33bad3a4b1600
3ec5280d1322a34
159b4e52434a42f
65451335128a802
05c4d338d303582
b1daf16841f9144
82f4101278b5ba8
95438aa5b88f60d
a363e63573568b1
4f7ae8dbbb4f5d6
50d2c47d2727aa8
727c4c603c06208
7b2334a9e767b5b
4436f553c765f37
88b42055f0b9cbb
2c1a0477fe613b4
312e942db0ca216
6086e5ffce08ae3
82cbff18b6c1e1b
07b1780d4c59c1c
3a09e5607318a80
3cca3653b094795
7d8d3ec2c0fe0cc
2910869caae8b58
37ef0278897c0f9
86b273b39cf95c0
04b80a115703943
2fbeafc3381c4bd
3dba63bf18bf851
9e6ec69dc4fd98a
7098d72e8a2721e
040892842378861
32e87f8978d62dd
40f238baaa23426
79203410f666867
b2c0f47110b74a7
99fc253103af587
886d4947da8f94e
659f19518d0c785
0e472dd2fc567bd
7aaf7dfa81a2e70
89f9e08caeeaf3b
29c0599dc600658
9a5fb202232b4d1
ab1d4a920978db4
48e0927c2bf5674
48e26d9a4ea372a
496c837d7bbcb01
66d105e455f8489
5acff4cd396d305
168f33d134ac8dc
3b66a98510265dc
b03313918aaa7a9
1c0a6b564f5aebb
2009208ef3df715
131fc8fe0eaeabb
116f58ca3c4da3c
933bd7ca1348af3
919551d2b1aaa5e
9301766688038c1
70855b607c475bf
44bb39e21ffab04
a684561849edd29
143f3642e767a99
5759140a6ecc055
09dbf0749d3fcfb
371e94a00787210
5b2346406877ccd
916bae1158fdacf
91390941b290ac8
9497cb6e573d286
40e13444dd10108
41300f03e32406a
6db3558f0d0763d
2fd59e59fa40ed4
3a745d4bd5293b5
8a2585f28cf774c
919a791c431f2c1
06e6ef91656f2f0
991305c2f39f045
11cbf494183af6d
09d6ba907cffd41
8b7d546364b4a74
33f48063d433eed
52eebd762bfe736
21248a75609dd82
9e4a3d46b436929
4b679737de5379b
68c5714c731c25b
049142de5152c5d
566aae54314d4b1
62bde8fbb182e8b
a7545d80451e4df
3ccd41b640b0412
532f92aad9f5e54
8fe1c85489a268d
3ed69207fc8690e
5fc85839e7d5149
3b8b3765e748e84
adec73d59caf91f
57e581967a7a491
2ebfa988018bffb
a471ea77f0e516c
2d7a6308c1775ca
3914bbd0af4809f
536542eaf9f59e1
160fa89a03469c8
6daf543ad6c446e
9aa9ab16135c650
8bae58489d02c44
ae04e7d347c05a8
872dfd360773f36
6f82c5e7373734e
92527dd94d46226
90466bacbbe3799
68e741686f2569c
23d67eebc163c79
5923d372ff158e3
3dca90780ed4ef0
9ed414b14fc6719
667b6d0002c4443
60f4feb17275d16
a5bcbf40c345c23
471ced800b22020
59c72a269dd8d89
278b90f8d8a67aa
01b17da55080eb4
42c89363949da97
6808b2c89faf830
30e05d6da028f08
5d9ebdb657231f7
6e14c12b89326fa
76fb44842b978ee
45030306da5d1bb
5627959e1348875
7978e53bcc1c854
592010e2dda61f6
79d24f6cad8ab53
21bdd413ca1698a
58f390453c4525e
50763fa2df0f2f2
711ea917de62efc
b222c5481a32e72
76890ee4122af56
4adcb9d2cb4eaa6
7735f21480d3f6a
23d6ac20f85299c
809a7626dcce17b
a96e0c6fded87bf
4d9138e888025e0
45cd23013fbffb2
19fead44a81f7b6
7da4319a378ca31
74ff7f5e1602360
42ef02436917dbb
2638666c83befae
42eaee8306d8713
af004d01db26d66
01f377fe64e3eaf
286431abdead361
8d9b03554a54421
1ce17706345dd2f
0ffb10720bc19c3
1fc7bf2a16be022
19e8b46a233cffa
a3c498c8c8e8847
43e6a9d287e5a64
9aa9eb563e9fc41
1dae9edbde1fb58
5450c548b81aa5f
93edeb60543ce30
b1eecbd91a4966f
b209da940a4e305
a71bd16e302413f
14331f34cfa9aae
3d70a7241102c5a
36fb793b6978313
2edcd561a6843cd
6287aeadcc36112
8e5abb6b8b0a899
9dbd56cb0c97c06
a5e80f6506c52f0
78ce79059ac5309
967075de10711a3
8a99417a0e543fe
866d2a21dadfbe9
33983cdc4b69ff2
5deda7c3e7d3de0
66198d44e3e6765
0790e5b8b08a3a1
a9b9250481db249
4c8b8b698113d56
31e6b64a1b7ae16
7d0c1795602e4c1
08704344e1e1bbb
43d3a88b7eecab4
07c5414a6430a7d
6dfa2a877e3560b
3030668a16d0aae
93e66e3cdb0ad0f
8d7ba488e23e1ac
02312388a97c6cd
92fbb46cc0d0b33
4cef9bf1a453622
aeed9caf553051a
4069369f2e2bd50
995b14217d14514
45ee1716ff2b676
37926b410e6f81a
0468b4fc6cbb855
46822e9d8f4c24c
1f234ffdd20948f
7961ba3925f654d
37a8d098e2e266c
2ad565150dc3a74
325aa01a2ecfbdd
27b6641608f32f4
3b3962d6bbbbb64
12df27f1a255b8c
0695db6ff17ccb9
70d7acb1e0731f5
441995e5bfae2f9
503b33ef2d4389e
22b3a603ac88bc3
ad2a45f390436a6
56b4cef2836f475
63faaf6db8f74c7
6bd8ac2c569b5a5
8b40987996e56b1
a32e5f11d492cfc
b0c14ac37c1f546
5c2cd4e96f5e3d1
76e418f0a10ea0f
8c8ef78dbac74a6
a6a25bbf87612a5
3feeb645e4a1f49
88d6018e87c7f72
6ae76fbbd68fb49
a83436dfc5ad239
a48e160727c8a47
5ab15a1601cce5a
1dfa8433dfcb13d
6e3bef84e0ebc3c
25bf34238a6a3e5
1eafe59701130b9
85ec2d2d5a7ae30
13788776ddb10ca
28bdac4c209120d
1864a3dd669c2ad
011da2623acd3e9
280f8d6eb0418ce
66d1b7a90bbc89d
05daa8c556b6420
117c0ffdd0ffe23
68fd0d29d00aa86
64486ea55c993a0
aab7788f10b715e
ad02ac844363278
69a600aa6f43a06
5f764072be773f7
78c7b86739a0315
1146324de2ccad9
ac7c4a3db506cbf
2e3e12e4c0706a5
98007d34c5eed59
287d65187641d7e
b1f52d10f486410
3a6745224a7f558
9da27dcef4bbec7
1c0ca0b9c51fe4f
42c97ad3da520f6
09d1d54ae7cdff8
18226bf1fb541bf
7f1d20acfad6048
902f5e8155534b3
9ab36ac04119a32
2c306568ba9c90f
a8d0ec527fcf316
53fd7a843001150
3fef6e8c61a744f
6be96e2b1237b9a
871afa794e795f2
61c1af17a753111
6ba97031a23162c
687a30343730719
11583a7951d6459
576d49f51f926a0
9790a3cece1328c
aefe0c5c7247bba
11a6cad103d590b
ad961d22ae477f5
477243a57c47e33
a7e484d2454cc90
27749cf718f3ad2
5459534eaea3f07
09a36eb854e074e
a00904f1e370679
745a7fb6df2cfed
1634d7bc33ada8a
32dc527f72ac608
871fa996ba7e1bf
104f70f9dd8857d
5d7aaf642b438da
00ed15d66800772
16a700e8b117a92
877a92b37f637e2
a5a4ccfb5ab4dab
1abb42250c99a1d
6ca622b6a7c87c2
aa850dbc1b89824
a5e6934e2a72b43
38c64f1cb35b084
4934061ff9bec64
b1e1384c9385c47
43142e52c2230e8
16cca5e323f6f5b
0cb433b4fac4943
3924436b38a4517
17886b074cc3076
5d210700c8b7dcb
150a4d30604444e
24dce0315e6e0f8
06d9e7a3494b29a
719eef1bdeb714d
1c36739cd3a4a01
15b338c011b1857
a7834c1305f8963
6265d312cdcda9f
7727547c1d0088f
1fa9783635ca922
33ceb455041a7f1
176396f5810c72c
55e5d32cfd9614a
09404d6d788ab3c
2d2201787375a94
38e761757c16393
1d492a12c698c86
3aa0cb56f866a92
646ae093196c973
17cbf0d87beb4a4
9b2b70019249310
a81786ce2ea2daf
8e6cf27d6cb3aef
7a8b52392350707
92a867840913670
330c7e25d8a2df8
5ecd09e71c2c36f
8ae0792f3560512
0de16142c4eb816
37072471d089e3c
5c04348f19fb627
17113edf546a447
5a73af9fb96f1ce
ab664f3b7fe24e3
64ba587f1dad0d7
0ef69bbb642fa12
2ef742720b31564
633f344ef59e0eb
2be02cf85d4a76e
a8b170cfe5541d5
5c5df2d6fd5f5dd
3e71f4a8367846d
7339c8d615f7351
0b3ca73aa758853
77cff9ae9b91b40
854649e22432ee8
3fc63f678a4792c
a0e736ff67cbb36
70505cd07149cf0
955cb02621a8503
035408bb8fc6a8d
4c944276d00eb88
aa2710c10369e41
5071e84e3c2910d
0e5a69d67219ae6
951b1a3231b1d35
26133fa6e5cea70
35a3e32583da785
1aca0c8e6d0f6be
89cadc344da7e95
4ad61d243370731
1ffee135e9c1703
aace38c48f4f187
9a061aa2559eb9c
47b853a21174a01
903334bfb0fd0f3
8c87089c9ec21cb
0daf1dcafdf9077
6a58e8be096c92f
1e9b73826f0c587
2fee49cede5f7e9
4e626af4920ec58
a3fe3d7584268c1
0b5d61a9bfc08a1
6bdc20d18f88f74
8b5d6d3d19db5f1
999cebb30ebedde
4b465dc059694de
ac8b38ba267930e
58751d9e129547e
2555af991ea37e9
1faa9457a4cf328
a7e842deb8d2dcd
6faf33b7be8db4c
9c20f5564fe8bf6
348520f87fdea2a
856e91369661a03
8a343fe0c5571dc
a2154396f9705d9
44c694301877dc1
22e34d5a0542cf7
5b351d3e9299938
87f3954271bff90
b07e343c5d6349e
7e447b042f97d0b
a5b1c779c829dca
9b8049f1137fbc6
3f7aff5e130e8f3
adc37231c02eee2
59003d2d4c03883
44373444e28d3ed
7d6604837056445
7c2a7f162129586
9c6250940a20472
35ab776d38084b6
1dabca333550062
b17df15e3558662
59c33c1a7807238
47b8306fd93db4d
359651c0e97f57b
02887743d0d2d2e
6a8cd011fba7e82
2d014eb39338623
3244400f1d1941e
198cf56a25488c2
1e04d79cda43262
936121426859c38
3ae4fd7e3b672e1
37e78b772cffc2c
5380b5c682289f2
4aa710895360d19
772a03546cd3535
3d471f3ec039cf7
65a4672819c807b
94d8fbb73794095
8c72edbf513ece0
7c8801a2e93432e
44055b90de05522
ac64f74733c210e
02b563788366698
2fc6b33368b381c
0dfa6b38c5dd28e
462caa511e50825
aa333445d1fe5b8
5325d716bb37c68
1dab10711617a59
21db05ab212a864
1ae3f0c412d0d76
3f7114daf5dd487
a4d26844fb590f2
895d8a50a78cc92
368304fb93e413b
392054220e0bc32
4e1f7bd5bd19290
0c1131618994461
00e596f68c26568
71681f645c56a84
a07614677a040db
290143582385267
3fd5302e0d6d82a
2f5a0003031bcaa
495be8cb5799468
66babfc11b0b0e3
48c60dfadb9d75c
65a5c170363af09
2265adafc8123ac
60f2055837dd0ec
69c209d709e9483
7371b4e5dd24f27
7e996b24bc9c6eb
ae5cb3dfe4eeb09
5a04e598a3fbf55
21bddce3a24d8d4
9f19839b6ee33c3
2adac500d64b79e
28fc3ede912b4b7
36b75217c7fe5ba
9bbcb77a41d9693
512113b744b4f6e
8128054991ae7fe
9f26238faf8da3b
0cedbb1ebae41c2
189bdfc3ac0f98e
5ffac2858653310
852e6c3a34f620f
2735de22d310934
72c20d2bb88aaf8
addf54d484279dd
26f4e7f8a5512eb
9045e90ce5cf78f
141530c1032e12d
81147a4b20f6bdb
8f91c192d6f348e
6e131962a7cb2e8
03276dcf4391181
23cc64d3f53d074
a9a158a486a066c
780824793208c98
11ed7634d494daa
414b85e1cd6aae6
1bfe4dec5964665
7620c36ac52e2dd
57c7ac304d6ccbf
5a7106983d802e6
2b12ed0244b4eb4
813ad89ee2ed9e8
00b9c6eb17ae762
55b3c26f7d10d5e
32f186ac7a44dff
2d94f1cf1eb1add
aa1124111b164f7
429f4c7672e7a7c
68e3a058595d2b7
4685f40d9efdae0
76f577419230d22
4b5e0d655872a3a
1fb2208bbb01b2f
3667b5b2e91d5c7
31831d5d0162d7d
0751fcf7c99e3ba
4e2d77d8a07bde3
aee2c46c93cf667
57865cdf39d9787
9de7793fb899c93
30eee3a1fe695e7
42f2fdaf50c6658
0756613830263c1
76478dc7e39c3ce
8669de230dfc343
a94c930a0af56f3
97eab6441dbf833
28fc3a65058aae2
50b401d3c71e2f7
33c1c376c72c4ef
531c60f8130f41b
21d84464a268529
748707ec9525813
7a75f7e992c4314
6eda79fc1449937
7d30ac64f1f12fb
6bd851c9f77a9d9
2b61e2968180343
301bf4533529f0d
1be02b28471c120
0a23060c0ba6cd3
2fe73f9e5e9beda
6db602bcbdfbbb0
9f1354b2433f583
6c08e674b9e6dc4
a339565d2af28a8
27afa51124b1514
77608dc0fc93c92
01040dfb1ef5bad
7d8dd00f00bc223
450e776f89bef53
134852a8d1752a2
9dca33939570f3a
5c249fdc17cf490
aa2a15efb00f835
3cc03c556dbd976
a383cfa41b4ab5c
940e68e21ba4104
14e13527a0cfe35
22c2225b7406419
28e44fa0012aa57
895bd0d117298a4
86642659a74fc6e
83dd2e3f446543c
6ad19c7c87a7e94
59018af6ae8736d
81bc18999297900
8830cb25da33fb6
075cf212e1ab24e
99848df30229453
6e11e1679af379e
7a90e32641180db
74a84078f2ce16f
62b0f42bf3c93c2
3ba88ee8790d6c7
6ef1e70fd98f47d
a1dad0ca77eac8d
718a0287842acd5
308544c7ec3ebac
6b0d28750ea0a30
9fd2d389ce73169
2895a9ac3d74eec
6f742c5baf86c8f
00149284b32474e
69a1a21f554ed4e
942b62a6820ba27
772e5a861dae8cb
321cc3807f431a1
75d00af6185f22b
5907a7989ed3cb7
3034c624c239c48
3a8f17f8b678886
ab4fbf157331c50
47251275c17c2a7
77c083140862dc8
a724581ee1e84f5
67f251ad692c366
7de9ad5c91c82ab
60bcdbbea92bd00
b23f4c122262f3a
6c57687606b526a
7c6c8f71e61b9c7
7b72ebf62021466
9c93426cb236c35
56276835e733acd
5ceacaf82fa4ed3
13829770896db07
3f07d45923b2a6e
3f244a0b41346bf
195f178cd4b4f39
7cd6def30b7e516
00a6a0744f77af3
6620df253d5f71d
9ec2cf477d01d4a
86dd188f593eeb3
5c2713cb3978874
7f4117dff7bba81
2e58a6e5aea54a9
013db9cd9a3a29e
9ca63461f58c552
6e7267f3f9cc7cb
22873e611709e35
3f915af2dd92f60
9def539c1d19544
0aa9201a5fdfb94
326152184032a71
659ec3c9b4577f8
268004642bee6d8
898aae4dc59b7f8
9c0dca583f629de
11fcd43c258b1eb
3c2c3734bc96793
6e244583335f4e8
5b050c505574f97
50f757ea2c1808a
9159e64479d141b
8c9212d0f31efb6
5d0e1bb5fe3b145
94c84adf379bcb5
95b943898f0aa8d
51697b4d0a57ea2
944e4c6b5c08d6e
a62ac2b29229fbc
79c9e871410e928
2d073a220581fe6
82eb593bd5b510f
2607e82d82a97bf
7a9df580b246b46
8a98793e53568f0
25c0db142f872d5
a9490434164915d
5517bc01f143b79
44c8e970c33f177
181c37d59af43a0
2be56dcaab5820b
9b93839b65a81f4
3a0f1fd00ed3dca
aa8d3d5ddd88f88
3595ad09a6ee3a3
3d769188f0919d0
8053226fc94abc3
36140cfe1e7128d
0b7583240743cfa
0bc4d0e4cb64a28
a0e9bcf2e2f5d15
42f64d868e8d21f
4fb38535008cdbf
48baf4e393240c7
21b53c98cc4b2a8
40153a39cb5b05b
6787dd491e92fa0
1538d0c0d01fba7
a846fb0d14d8907
045ffd2da868bce
9fef46e7520675a
4f08d22ff0f64dd
3856b9c43654258
48654895463d8c2
0a62d454d426b8e
1f664dc543c2382
920a0e97797ebd3
ab18e833f6cedf9
15c620ac40764fb
249dcac97c88741
b1e427e8c5db9b9
456961243fe81f2
247bf2ed0d14ef1
339fdc177aac0d5
1aae3af96bac3d7
5e254d7f62d80f6
460eeeb88552b91
588b6b9f2eb5b08
7f735e063f9c944
940c144f3d2fafe
14d7da871a0c7b1
061561fcfc65974
0173f5b87519331
b0eb408c03e4703
7b2bdf126cb9122
9da27cfd36b25e7
33194985cec52a3
89d1153b7f18439
0043b22177e72f9
95cb2c1dae25660
80b413388e9cb43
838b815a0de3b83
1b13a057a6fe452
571716d61cb4a38
6c843ef3a9533d9
8dfa731dc2c81c9
3dda86de6dae29d
52c945509ce7e1d
7188df0ca52a2c5
6bd9bdb471ac612
18e5f70adcada3c
5b7148ab881695c
96f09993f5ac2c9
35b9f30bc124058
22e212291b44391
551bcb06a3da22a
0e078cf7130498e
570378430d7e1a0
541ef5c53a46aaf
0afde71b72a4ef3
4e6214a00ff1d07
151f0a7027b02fd
abb3d6c8e8b7615
9318b9a27a5c50f
12ee22fca147a94
19825e887afbafc
30bbd212e5e0226
650772795fdad3b
87347c5e8865d5a
531e01a5d36b2df
79462e3240f9342
9df50da730cf2db
272c6b9618049c3
13e3b0c24c0a0f8
a26874f151b55ea
29ad2fba1aa246d
8f6d882d9059697
2b1b59167dea556
924139135bae641
30af7d6261f4550
23670b5ea997583
0a39aaf0f7b2e27
ad065a68f01fea2
50598829fbd9cb9
35e2d2a5abbdac9
09c39a0e3602229
a062d32db5c8124
3c1fd1931dba019
2f622c67e5d3f78
8c716794849983f
3df15674f17e608
461c3277a979bac
28b0955d15663bb
3b5d54f0241b13d
53786c7e5721880
9003877c3190fdf
9a179a226fb5762
3e811fb8c07b807
7f7523816444736
0b0471b039f1f05
33105afb79d4169
6ddb6c86db59164
9661a56923f840b
8d4414e81731bf1
a11f08b62afb263
0a111808d18c626
5eec51c0212ecb4
5c3caea1fb9baf3
99aeec4aa52e265
3f660c88a83a02c
1de5b33e7656b92
a7f3cf6e25dd221
85d0cf918141da2
03f1aac1f733ad8
923246322db94b8
463a02109cf7361
103925441de7d68
6bae2d55ed2ff29
68423ac28b75c64
78d8ddca93135f0
8e6b7fcfa02cff4
9aee27c7ea264cd
a2f5ece9c5db1ed
6c3e7e5cf1fa12b
7568e0f6b0abc66
587b07781233909
8192c6d321d02de
3db1140ec46c22a
7af669020828e7e
887ee21e7cd827d
8534054c38d51fc
902ba49761f3a00
6230ab5c8438a45
856f3ad8943560c
18ee22411f5cdea
6ab209fd5411305
20856069932f4e2
0ccf95454546fca
1035a6237cc1be7
acafb4349daac26
7c998b5a429486f
48fcaf5a80d62d8
5b945b49f80c6ce
73ed4a73eba12a2
67292809de95a8a
6e7741c37c23d60
973516e403cf894
a6991181d2c3159
861a8092c1a35d2
105cc2b30669025
6e7e5778376b056
a963db8985459fe
40ee517a181fdf3
83164bce6248e85
73ae491c798bc8a
597d557bb92d56d
53e173e4253c002
1ed52267902d5fe
86fcc2e34bf440f
2a787bc270845c9
6a9e70808881bcd
2c827c751ebccac
8be7b908a428b51
0f5566ca5549beb
80d68a6b2a317af
44a756fcc15e844
27d1f0e5cf56ec5
16e46effd6075b2
7362debff27ec1a
546b1eec376cc06
8487913eb82120e
7a8dd1a6c26a046
42c59b6abe74730
66370fc24a4f3cc
01a4f50abcf879b
6fc61db1bdeb272
a8f099d3780b0f3
39bc3fd86725bf3
7f98a4c4bfccf6f
4389b1dceab5073
4c560d08ba62dee
8f47752726d76da
959f709c6edf079
0702df3e3d14c1e
563729af1a4bf97
15773be3de9b3cf
166e1df272a1634
6735381a94f593c
43e6bbf889a45bf
a95ea30475f1f9d
0f434f40a603364
78a92e67ec0f78a
4f5e23dec36febc
684ce09ce28ba80
534838a7cea8dc8
96f700771805309
0608a4a671ebd08
8a31840ea3ea112
a311e047436c158
75ddde079b2cda0
7970dc9b0a4b4a6
125fdcd4df3ffa2
53f048c65773951
0f61280c6c01552
148870edd0e5720
47157910104cd0d
4ab41c03ddc8eeb
1f5e92de802ea3b
9c27a85c4dc1429
877a20447a6fd52
80c93ca50f95700
517e417f15f8aca
5dc0d51ef6996ab
a73bf6c7d55e65c
84c9ab14592d925
70de20338ecd690
9883a1fe4733820
66a1f7d2843466d
4e0e849bbaea3ea
b0c83423433c6cb
2897304ef00e4bd
7118f16be02e81d
415c8a4bcca4d14
7e57ddf7016b70b
068979887f8951d
adcde979b79379b
3d831a6c43dda2f
7e201bd50f9b31a
1edf146add35845
13e8bec566e5b91
873e59ecc757ede
480a839f5218696
65fa28bb01c2126
878c4de93b54dd3
3cdc26593727bb4
158a674d896b41a
4cf2b0296536e35
86da4188103333b
08be97169aeb761
ae50ad7f099cb10
7ef376347f8f3b0
11f6351469ce8fd
682a17a3a5f7c11
58f923f45594cf1
9cf320364ceaae4
013f1f0dac0f497
add92773b97c208
1e7bacbb815e8fb
7152a7d308b661e
654af7b03112559
186d2bab90c9a18
66e2b736d4bda47
8ecf2b155f70876
548aa550dabac44
9182823902e28b3
3097431439c5046
5a96083b8baa3c0
20ee789f7ac143c
746c34306f64f40
ae19e1013914104
4232835108d2d28
4a0fad35ec406c4
67d4784f52fc063
3421452717a5a85
080c933c46dd506
55fbd3b4051003c
65c3f6db7d35cf4
44ad9df4da27fb6
8faa150b7fe3dc5
875ae72f137e888
33d5dd97d6480b3
ac713dd4cd62663
ab2f76de78e0d40
7fd98e2891f5080
9b6ef61c2e4af43
b0b5afb630648a1
34904241ac0a4f8
154b9c3486f8972
7026a80f889a738
7014d766abc83a7
66ae8512b94007f
23276783196a51a
956a27ea1d3dd79
72221b7a699db62
4d96ec092fde062
680e5b170a769a2
1dd23571660ad5b
2eb1ea76dd3f53f
87e6fa87cba4911
04f0a1423b58975
8835be784957502
5f138e2799e22eb
4d3d747c4a5fb17
097e9fffeee9361
9aed26fb30d5b4f
72872f369c1c814
0ab8556dc50189e
530dd6fa90c905e
a0487ee6fa5f4d5
9f14766c4e8ef73
4272438825594d8
2c79072dcbe60e3
4ea1a1662e7391c
9a2d71c0f68f40e
52e44660ebbcd2e
173e009fec075fb
87d91a8319347c7
65ab17f726ccdb9
325929d7a940ff6
57e6bd5f4d022d8
78f81ac104f5073
a68b029d7cd784b
a040aa0feea46c0
7bf1ccf9e819a68
33b2e2bf34e1055
a3a8332d4f9c091
9d95fafa6d232b5
af1c553726bf17f
7b47e59d19bbc0b
a4dd02a8d7a8e08
1732de8b35a42e4
a99e0cfc96dabff
8135c84d24bbd20
630ea2fca77f54e
7203aeebcf071a6
af0ab1e49a1f70e
723b3582783a25f
9d00e7996b47d63
a54f2050e20d015
8fe3aa4cd97622d
b2f8a173fa5f6e0
668102c04274a7e
39c1bc4533829a5
140760a86cf0690
9ffd61c1565236f
78888a9ebdf08c9
a2987c70725d8dd
425c6ca1ddd9868
1101b665145c9a7
5e5b0685751d7f2
35bad70c44f5359
6ec26ef052c7c8b
6db3039bbaffea9
41890bfe36cb267
901b73784eed0eb
a28241d80230503
6280f749465332a
78477eed6f6ef42
36a429a69deb965
b16303549a4bbbf
34fffce05b6c001
7ce04380bcb9187
415c4125cca2f15
49116d0e61c5842
49603a6ebdf1e11
04afda23dc4c1af
561a5a2b9be82a2
79ea401e1fdab6c
4a42e2c9b8d9e16
612cb89fe8acaff
11ccccc116faafa
77449e9f7f9d8a7
65cac56b0329605
aa28751bbd19374
629a502bf93ec35
297f06be1e8cac4
282e3ec3a6ad66e
8d5ec85dfe0b17d
3ecebddaeb7ceeb
23131505e457037
a734bbf521fdd49
b24d640c56b0e4b
8a279772f82ee9b
63f6d4657b8e1ef
9b804b90867aba8
453723bf33d649b
6c5d65a1420d0e1
a27b7aa53294e1d
578b85cbb144996
5cb1c648ab709e8
5f67177b12326d4
29e0f06c6422787
72088f68a8073f6
2ba7879a6f80099
722b5043292b2f8
affca628a2c4eed
6aad6044c67f6b0
80ccb7528ced81a
9c0d9c405482e9a
7570c13092baf9f
92afaa31811544c
aace10a74e47d23
4b57620c3842faf
41e3762605c332d
14561ff53dc393a
acbf1b319367e4e
217ab0687ccf96d
97b703a8e02a965
890e01a4046cfd1
774943e075ae909
3a341838eeb3017
9b8df7cbd7e917a
6e07356e787fdd4
5eef311eec40e8e
65c0da17e71e566
4fe73a6965f50dd
1cf83d12b6c279a
a2944b5c35e89a2
009785a5f45aa7e
37432a457e6d24b
a391a99adbb4bc3
5a49a942e63c867
a6ab8b3f2465ba4
6ead1b44f9664f2
5a5aeea9aaa75a3
7282030869a2745
abe6661411cbf06
17d09e4bb375016
b19d47331518fbb
7e874606bac43a9
9874b3513c5f044
01f5d1b41e7349d
207a91c4409e46c
3324d004a4fc40e
8127bb4ea979ab7
883e7ddf7b47ac7
5122b5e44845a23
39b53a9b8d50f9b
70566e13eaea2c3
58b5d04bb1514ee
8d38f828295aab4
86ece089c473f4d
516239311a3fef5
1303194c1b3a92f
1454f5568d5ef56
356de6b8788d90e
78e8334f2344a5e
1801dc3ed807b51
046566030e3c2bb
1cc27e7cbeea878
4b3043908727f3f
02c9f7e2f3a799c
2e30657c0dcf7d6
6d78ae252db4d9b
b0430f8071b5401
5b80f8c5ad69616
220a67515a0db14
85e721a37a1b873
4da271482f45096
a4dcb6c9743bf36
59ce1145593b456
40193c093fa57ab
96c7c405eab1918
677d3c58ac418b1
337506806ceb730
1875dc2f9eb15a5
2f6186517b192ed
1ae575ac271f989
150132dcf1179ad
2259b14418d252b
74a0d6bc9e62c28
2c9137e8e6ade02
7c5efdcb65820ff
6da95a340e6d14f
0b8bfc6e78eff30
3cbb5c144979be7
39ad5f06c3423b1
9c82f00d796a6e4
39186a8fc11567b
37a7ec37a369e0d
675495dbda4937c
81b5dbce04fcfb1
9e898899b209def
2a391c9a35675c7
813b356be465605
310b830de05889e
42ee736db89b1a4
567bb025a85503e
7ad522cdf9b2a42
9dd304ba2796397
28ecbd30adb571d
b28fdbf15db5c71
261ea06e12c6f92
6725f4a3f8c307d
07bf6bd6a0ec00b
675cbaba1e1bd13
84db9bb6778d134
4c0cd7afdd82a47
7292263305454f7
231eaab6eda7090
6ffa0daeab4a3dd
32f4ecd2e7a1c90
60aae7e3c9a5074
25383e8f5217771
a467cb22958e2ed
83e3c1cacf46bc1
363a1cdd67fd424
064cace40cde1a3
3d910422d4d3da7
7b23b2554e9d9a3
5608c94fa156c90
23dd48752b8c645
2480e36d7e623f3
326c23ff24f300c
20e95e102d5376b
7b979775bcae0ed
644ced9cd47698c
b02fd35d336a934
862a5e6effa2e54
37c00394ccf3da2
3eb80205b45149e
1b902b41405e115
8446fa1d13851b7
516b3323d161245
66b0103eb27bca3
b01c602f705174b
2ee62e61a344ef1
6bd4725f7d0f471
35c34d522d78088
701b46523cf6f67
904b1a66ab0ed24
633fa709969fcf0
21969d540a92db2
1a7653bf60800b0
a58e0f197487f0d
9d9a7225e9317c6
6ff003ebc84e866
0d8473f158f8b5c
5e31d5ef27f4d4d
6cc2f0172975ec8
a96e63d82ad4488
70bbcab21c42ebc
af082ace6a10631
4b830c1f5aa0b69
43ba82575976598
1214e2bce0ff949
5819dd8b79c0dae
3ec8aa1c7277087
611ad6873116a65
16f736dd0c1dc93
0bcefd8b8f4dc2f
551bc95b7c9a29b
49f6aa806671e17
2f12d584c56dbbd
45b18187c8224b4
5d39b706331aebe
4b8139a631e6389
2f1035603a70b3d
32fd2186dd2a949
175373d78a223d9
61856b8e9c983d5
2ce9eae4b42b2ce
3bc58c1457ee218
15ed1843a5d9121
9723de2cf2c5e05
8ce7cebd3347b30
8485749476ef733
5692067e645c08d
7f4cc4cef05e002
48dd3e4d1849310
9a3845d45e18272
48cefeecbde60a6
5cd159c16308d41
6574d634141061e
5ff776f65343171
6a534315dc8e784
24039c664246391
23c2c68c061ac04
a2b543bbb912ef5
96274764426a42a
2c70d6e996b8466
2a62a74dfdaccca
481cd22c78dbc81
14b755fe4d14bee
67456f4d297b427
479b01a0f09c8e8
261013898d1466c
9622ac9c985d416
834c31d63cba4a7
ae6c15e5c929d0b
903d7ce15fe9eb5
0fa2238ea11baeb
8a11a68d56760c8
aa82716f5a28d9c
58d0207cb4bffa7
19302ba66ddba1c
5a35ce6b6577c36
aec1730f59051fa
94d14f98ad4b1e3
10ccf7a3bfda36e
0077ff94b7577f6
3c131bb997db230
a376ab1c48ac179
4e8524d4c75a739
9da16d7106058be
7b2dc5949463d20
580a4cde5fd43fd
16fb94024dd77ac
4af66e8bb6ef988
147c7b36b6b4792
365dec4169ecbf4
b0c1a76867f0403
1016e69d02a2588
96598cdc03baf80
4e2d556df2112dc
898748da9495161
7640c6605451c1c
7be291649c38733
a6bc52099d1fc43
911e3046698e23a
8ddfe7f62400acb
9c550fe42fd846c
b020bf55da65980
386448e41190d56
70af4adf9cebfc2
6904935029fb043
5fb39465b6859a0
595cdd0d30226de
ab68788a89343bc
6b6f7b53286efe2
29cd12391c65958
9d93ac42d9cb03b
44e0b100530d697
10c04d4209b8198
15c61b79350a96e
79c661e04f3b46d
972b60c878d7876
4c5fc7d7c254059
2dd69b17e019b0c
37f8f4293a1932c
b2efbdb8ac51a9e
a8b4143f86663c2
80d762431afa8b1
147cc0c3fce35f2
11db3c35a969cf9
2ccac34122348ee
1575ff89a36f408
25794da6faa4145
1e9e16320426976
32335d93b6af34d
67ea66eaec00b76
18a3b747d74c55f
7954cfbe6e85dd3
08dcd1beac0d710
163df9e1d0a7df7
40c855b47115d2d
75762b8d30ddf82
af2d69f37bb8a2c
04ef8ce5715dc9a
97f5d80f01e90be
679447dc45816b9
06c956298e6d08d
1419b5d8789b55d
ab35c0dc2152495
724f9ff9463b9c5
4426d574576937f
8b1b41193213f91
7c464bbaa49fb70
300b056dfd7a3bf
36cd802e5e2d62a
15e0058cc440ef2
55e81bca43ae6a6
69e08a868f3d04c
74149c463c6553a
3354e82b032ba8a
39fab8e70baf55a
07ad3c474e3d62f
5e2bb33886081e1
2a4003327852fc1
386bde985e46465
3337b0db0fb5fb9
275c8814c28e199
8ab935c36c4d353
8932980a51662d0
7fe3644c04d981c
75b572042d1c71f
286781905cd9036
125232a3da3b3d6
6bd53fca98847c1
2ab7bc4831d8a5c
3e20f50dd3ebf1f
71b75535a4b3f57
122e61b10dcde44
a096b5804c44363
100282aca53d723
adfb9a5926d801e
8494300a1533311
ac96842216d3b88
63c073d0b9660ee
25581b9ace29e49
163511c2ddb0555
ade8aeb53fe6b7f
5eb0e4456846a14
0f089a760b877fc
765ec8561936e6a
95b4f9b1d8d4c26
5927a1d38dba121
476adde353269b6
67930fd8d244e4c
661ad80fb934898
675e79393c40f14
6b8d3f50a400298
9c0b14d3dbe0d07
0006df06505cc15
a82b1b6c0489bf3
0c7201ba0cad591
605405dbb8a1d12
8b6973f3497636f
7af566f3d8de09f
a70e3f7779b46fb
85779c1a8f9b87d
94e50811e501eaf
411f8717efb842f
0a4127fb4c925ea
116045597d80987
a3459976311539f
8df2827bf2d2f46
0f98ea6220c025e
0aa8fb78d898afc
212505f83fdb6d2
39e328089c3248d
53eb8c60489e3fd
64e5780240f0a3d
554f70f5af843af
10098d62500c5a2
6f22597e66e0a5d
84b724696b56a4c
11c2da4524a4bd5
04aca1f559f2b38
a5912a83f747137
97a2787a1ae6cd9
9731b0ec21ae2d9
07f5ceae6d09945
a86f73f2ff44585
17c67a66dbff9b8
6c3913dfc3891ab
9ac390ac09bf0b4
50c8e8b7388ffdc
9ae49680ff5beb4
2525c517aaffea3
5686f6851da9c3a
46eb3ec7f2cf561
37c11030059d77d
29874dbf6c4f5f6
37c695fcd92f7e2
6db17578d76e4db
77426e049d75029
ada6801bdd60825
0e640aae1832344
1a5096f4f81a588
3db6f4f802b8a3e
0306c6a5cccfb7c
63e9595f8ad3aa7
0a2910dd66c4a7e
7e8c306c1e054f0
0809aaba856b7e8
2afb4cc9f9177ae
84964b61e06ed97
3f5aff15ebb3b3e
1f58d0af82cd0bb
43423bf3c65faea
285bf7b106167ee
1b41cf8a3d83269
800bef4bfb72c1c
78e90bd58b1fe6e
45f51625b8c4115
73f5f110d9beb42
9d8e51bb70c4be2
948b4a88b77b928
93fc3e644a2b2bf
76b5cc49575d80e
688c3aa5cf23bba
0d07a47b4e42252
2afdfa288cabad6
2aab3956c2f8fff
afa837159140f83
7553bf54b0f07f0
9a095f6af7fabe1
896a65ea7790073
579459274980907
5fc649623b7a9b7
5064eb3920926f7
511235e461c7560
1014b98af5cf41c
5bf1af045428c55
048c68c3161a1e3
ab50cfe55698598
493a80ba76bb9c5
57cc321de863863
aadb9a2cefcf6ce
7f5634507f9bb40
8cbe4fc196aa5d6
628ebcefca36554
5e2422bb385c5ab
01cbfd3d42132d4
680b778aa7f3637
02bc63f61c09515
75ac66a805f01cd
1080900d9c98309
5000f46527c8547
416f304131a6d88
9fb680471bb5064
3156e29021bdc00
4d9a4ddb7a9bdbf
58abb8cb1e9a1b5
af68ac20af9c160
04c41052ec13dca
9da2cf9f498c4f2
3c73420135d5e1c
34dc17687fa4419
4a6b9d7a0bc0a4b
17eca25734ee8e3
8805ce481d14719
5b6b5dcfc7a6a51
86954eec6baf772
6a54e44baa3654c
83e3eeb5c901b73
5a6d9317204668a
8cf1dac49497076
1207ed06b05324b
165c1cf312cb0c9
423a3af3aa5bfd1
51f646e26ef76e9
67b64d6416e675e
7fe2c0bfc602a00
0eb1d4f8c735612
94d299fa5f2c40a
334fc10f336b6c6
2406893e35ce159
73d6b6797400c66
2992f6e2ba65f7b
25a8808a2ad0049
325ae1aa962b1b9
9a121c666f5d89c
294263a7c807b0b
572224bbe2a6966
44a75054ab90a6f
76bfbf21d3dfd2e
411150ac37e8ce6
4b41ba7c8f9c19b
28d771ab61b7b3f
3188c88aff58f33
23dc594d899d064
99d95ec762e8b44
4e48d823a6edb49
a37eacae5dce449
2556cb70b2981fc
50835f70dc165fb
a0392065d4573d7
2ec94abfa4b9cc5
670dd2657eeeac2
3034e301004aab6
50c3e11593fc02c
97620f858c1cef4
2cc7550c3a61dec
4b0ad53a927ac10
41a9c72e91b095d
2f4996552292a01
356c7e87b40def8
1785bdbc835dbb8
94920db364de36d
387e0b3cf137917
1f1cf8f581958af
abcc39be3a4fb6a
98eabddae29558f
6d03bb06304be6d
6397db56240da99
8c2f2f8a99b2144
7462675b9e1c46d
84226af92977aba
3170ad5aa534b10
014e7133f09550e
013d1f9e031949f
7bd5cc48ea90ee1
67e290fee806181
768a2ecde1d85e8
aedf6aa47b890be
953338fec3f3ac3
265ca78b053c093
512d14b09229e20
2bdf1de427ce159
28265a5e74f56b8
8d9be94930b52b7
5c2ab385dae4bad
9b94657f52a4703
7ef6408186c5ab4
7d4435b2336fc85
8db8c9c0623a3c4
5196952d919847d
0e80feae0d436f0
07d12b053710de2
9ffe58a83d29153
2e24a39793a25c4
1bd4eb35a723c4d
91a06dd53e9cf52
3b27e74992e73c9
ad6c65d098b2032
8dced060a3376f5
2ef9eff836b99c2
58333d7821ef7f9
71fd6f382af2f42
b026a36e5f18039
84fe57d3ad5fd40
21bc560759c8d92
00d96d786cee652
9d31bc999bb4d3c
6a95d388d1702a7
8f6321e35c4ec90
a6ee28db1980d66
9b329cc983de71b
6690576819ddb39
00c9812f5fd7434
9d3c3bdc01b5381
9e3a4e68bf84048
9baa3e1cd39914a
56bfbc9341f5786
83e36e09f577884
a813f7fcde5db9b
4e34b4c5f02eeaa
9530f1a68236029
19b2bef716080aa
888b203fcc36d60
04a576c2e464575
8892fe979a92f88
b15ce35212e860a
0894c8e6d7ff413
a989689d335d3ed
3e7aa22d954650a
02a5d76725a7a84
7f331b4c8d885d3
9004d72a208ca47
773335ee82d0952
146dc99ced868d3
b022210cb03cbf3
8865f9946ec4fd7
08d45b4b9d2ab25
06542fcd481deed
57a313c13aa3e33
8f86c58b4fa0b71
a780b8914bdc255
57ca5498604cf8e
3f6af2836b93acf
8d8455946dc7e4c
1e23dac15dca5e5
614ef81bc880e8f
84ea0f758d64dc1
34537de35fa17ef
5ca45e50caa6205
5ee62da95ab7b22
76845d2d2ac86bc
b02115597b5da5a
914c1eda49af3e6
1064f382eb360dc
164f8d416910d43
03f92326ee87b60
038d68188e8570d
2a48c1cb7b5a9ed
01ce7745094ea3f
3456a8ceb82e1a6
0f904c0389775ad
a8a428772c8677b
2038e997218e712
aa89fcf1da39aa1
2404732f8685f89
7e3bdf10cfca504
95b1b73fc1707a4
23147939bd464f9
1243bbac24f8782
107d85db373a635
66cfe8d43fe5cbd
4c7a95fb8ad6f5a
8d9c99a99173259
3229ec9cb537c11
7f56b5680cdc713
05689d16be576fd
a30a6c49a05ee6a
844382180b88f64
7b7677417c23ae3
a0f6b3ea5472293
1b55fe10d2ad3ff
7576213ccc0d1f4
4d3d671b96fac4f
69e516ed67326b2
43ccd3c5a06f094
9c22118e6015bfb
7f35ba3c1b41d87
1caadcacbfd0886
1569d79c4c42c31
58f141a1c9c6f66
66359220aec5246
77c4e4f0db8b838
af2b384b66f4771
3afd8fb846535b6
ae5e9a994fed39e
99e7bda2404d4f5
6acae172af1e491
8f413640dc942e2
6d9f4038487faec
3053175a14d9da2
858bbe1f539a00c
58b3832552e9893
6a3b4263c8d88d4
875c7c19dec7019
1c5fd1ab6c43a7c
5043a5f63fa46f1
3a3685799e0d22f
a80e450e243d0d9
960f569c5fcee13
7b1f4b6f37af87b
8a6736bd4f48aee
1f52ac40a6fdaae
24861958dbb962e
37f93aecf19aabe
1174bffadf13edf
760baaa56a281cf
834c18a565167e1
7f9443e450ab6d3
2643974afe7553d
4a8a2b9b753deea
a41856a2b5dbd7a
3db70a0190e54a8
7a6ffbbedc90e4a
24939a9e4c080a6
3ca9ad2d87efd70
588e89367ba4a69
8602f5613bee8cc
a65081094a26641
17344be070aca5d
1a9f16489fd3cf1
0cc5ce3972a5b86
801585ae9ae99cf
96f99d9e9f055c9
6b95a9f5cbbad8d
09bf2c5069425e6
19074b0198dc685
6428d3b4700552e
a0770b9b22ef47c
313a4b01bd98602
93dfea60e8640bb
6612ff7346c1e90
138a2fcc3ad0981
2264c086796450c
97f012ed10ffaf6
328667db9693372
3f632bd00bedcf4
662610129bd5c95
0874cbd95cf297d
714406d58216bd1
14e5707c216d6f8
9e924466dd9241f
31f7dc2bd9b7908
442cb316619fb05
6bbc94286b4d4b9
01f37b372e79a29
06993d248af67b9
5275ce17d8553ef
3a7f474b9f55276
4af973aee5144ef
5b225daf06dd53e
5725bf180d40cbe
104a3b94b0829c9
4eec8006ea26f55
20c26cf783191e9
566dac98a680206
2ea4c4f5ea8dd12
8e807300172919c
1df62d3671f69b4
184c07f27d6404c
768e917cad1c646
0547d69ae986d7f
ac2084425cdbbcf
0085ece4e12f652
673aaaaaf592561
6a5a40c84075bcb
0f36579afab1d09
9229f162f9f0234
a2ff1c8517074f1
0e29644f066da20
0c8887af109ab60
8b546ca4723df0e
1153cb7b846f2e7
93a083e0814113c
b1313c4a50d17b9
26368e0ab6b2135
53440c540c646c5
4b099f2fe945c1f
1c0893c3fb8e380
ad22e7980f532df
34b463c2ea8bab3
75c60e20d87ef0b
2f14d58e01a3c67
1ea9f7b1f66db10
9e0d6748163caeb
a8d1b4e4263c1eb
58a13490f9e2abc
0a3e5f48403a984
770af097df50526
2c039a1b57654b1
afa2a96e43e0544
67e80d8ca67038a
8b6f8da8e8aa6fa
67a4f604ada1c45
5d0e9bd029102f2
43f4cefbdcc774a
ad25ec75f119460
6ef79174dcf9771
778e35d0bcf9d44
97982dffd17cf34
23caa4880938c06
5cdfbb628955810
974a74a801c6956
4868abb4f0ca9cd
af1508807cb3a7f
442c3c2c9e2ea64
a62e3f9deeb52b9
1b1826e66c5f92b
86f77a32f02bc8e
7d08dcca2a20de0
0974ad32323a3b3
aaf30efd67d43bc
4bd6bb63545039e
521230814b09dfe
78774f6d2f26c62
029178f61735da4
611ec9493acbb88
069abe83f070140
a10146742433e47
b212a6d9cf12f89
642010c3f92749f
130c9b3b5aa2d9d
7c6db61f11b94b7
0020688fe41d576
3e75d9fd5d82eb7
85d68e7c21391d2
1eb91d4ee413d0d
64f33c8b86e4ce5
09da847c655fbfe
1771fd4f506e073
0a47988e09e96d4
1bba98b16af56d8
50f3110768aa9be
68ec7c9eca1a8f7
ae15e7422996272
1bab3f9b1bf51ce
a62691a7494232f
43fc9908c9280f5
539eddcae61722b
0843f60648e9d05
7d86f7307c7c4ac
8e7085d45be74bf
398aad5861f208f
669987e77e704bc
90cce6830bb6f18
1d553399ffae075
018c5ce6f1de2aa
afab02ce662b29d
b0a4f606dbe8cda
a99a19b19a15527
84c32970f11db34
ac87a6350064638
3c60660e7251904
a88da2b7e8c9150
a1876c1feebf2b2
9ee40ec612501a2
4b1cf519e2af2d0
7d16d3d9dc18346
0b4c36c2e199bf9
8efc8fdef701deb
a2f86a2cb83ca45
a85a69f435d35cb
1a554078809b0e3
807352abf6389aa
13bebfe1558c272
550c084b251fb7b
8b8befc75613d17
91ab5781710c823
3f77cda7652e5e0
32d395b633091e8
13d22ef7d91c052
0d98fe8a29c4906
444a91b3bb6e7a3
9f55124ed3882d7
ab00e5bf8bed781
9ad4727e9438688
a38fe4aaf4b206f
48b4aa66f150e83
3bb8e44b061dda3
ac604acff55e6ec
4eae8fa1d6d9899
4d1826cfcb6a8df
a25f453ee91338c
a814187448e2da1
51fdc8fb2acf746
a1e4c3846aea8ac
511381705d8cf99
75249c4d47a5972
0a97c6a9acd8249
4c96fe327f93e52
0320f7acdbb1600
9a13e32a087371a
20ea04f0c7823b6
534b14da7d85bea
aa492acf8871818
90fe607486e1a97
69c1dbb3115cc0a
11a8eee0cc8b512
4b3d2a9bf39b2b2
b056a7c2e65f892
658192c5102ebae
82a74e9d976b006
2faf70653687840
141446fc8c3c1f4
6868ff40e191533
630ef8b0661117f
9072fc35040eab0
3f8a655506c84a8
8d575711b473bb3
30b66593c8b14b6
596f5b6e59feaf5
0b84a2d0672d23f
182f4ead9bdc062
2272a48d7605773
1b0d87c17efa165
40da1f8da2a53ff
2e36d95cec390d7
89f1072d3ccc7f0
841154ea46f8559
458ed21e037ac2c
ac15f1ff1e3a178
3f388245be33ea9
700d782cb534c68
879295051bab8a0
8a090b100f1f89b
8ff6ead06832128
60b91ed82aa2f6c
0c47279f805fb29
7dc1c4fce833173
51bd939a75c9611
abfc2d00754dbd9
895c46529fe4c50
a31d18d05b24b62
a4b7bb93deb940e
ae832b19271397d
0899837116206d1
35644c8d500ad36
a02b8b7681f069b
a03301831133a21
a84c29b6d410e7c
68312697219a9ef
a178c8da7632f7d
029edfa9bdead86
1c276f838e6c3e1
8c2d6bd1bd3440c
60cec19da050dd6
1cd8d86655f6519
531defcff6ecdc5
a0b7d93b9b90236
1006dbc7da589cd
14df71919fb8b2f
4e767c7a7bec19d
46aad3db98a6978
93e3a89435ca897
9815cb075e5a95b
64d052773f9f057
0396080abcbfb0c
a88a8f208048142
30512e7cdef9645
9a06227c6478806
03d9c6ba094d473
7e855744c517a70
3a641811dbe2309
8630e1cf6214b40
9715940d58371f5
9c7267e2deeab6c
26b6d3610c35be3
809b350dd0adcd5
10a8e9aecc19853
6cd4ff0ab802a1b
0f1ca2925918338
a691e5d3f1b678f
344a8d6994f3e89
8f1c90cd046772e
9e5034547ef7cbb
8e0a59e1d207539
692ec88d190383c
2fb9dd5881fcd9c
4e11fae86c267be
73406fb51756ed4
67f4b35ffabdff8
6d86cf814fb990d
326198964d55aa9
83edd740d410f24
0dad6ae41eefc7d
8fec15aa9bec300
9ba0f41bc454bae
1ce53b381ba5388
919a814abd742ac
8bc478b0acbf6b9
96310a5b784697d
7f7d47141736880
7a749268c133ab7
ab590330ecb170c
50ad91db462c884
20693b150577d7f
7b8f96674c32a38
1c36e57aadfa878
82fb48968eb12ab
4f27d9a49e507a0
5018bfbd962de1a
26034317eba2653
805c7e7f5bba6c5
10b64645822d960
48f70c6c397941f
4068aac8b0df673
1976776e4034da6
acb43b81368c165
29e21e01b28bbd6
7fee8a1fcda45c0
8211cf016223933
93c691d652b0d5b
b22ff631fac0d02
0c9c301dafbd733
241ccada2979eac
737d25a61c6527c
767be662a905354
864f64029381e61
6993e2d80629381
8bc57e119961f3a
b2cdcbb9249a10f
17e1803a77906e4
1a32c1e382335b5
13764cf3e072178
19aa5246be46d58
6d02c4e2daa20f4
2c424c15e7db53f
791f58071737c1b
575f798d5ae6bb3
b1b4b93524c3043
048e0b507e26e38
ad7610ecf198e72
49a59a52c74903d
3d2535c54aaf260
105c8929ffa9c74
0074311ead9cf67
72caf0f30fb4a37
1ce49deb6738909
4ab478157ef316f
09f30238ba5e392
57c0b9f64a125c2
1cf38789458ddf8
18d430cf2175c24
18309c5b0d126fa
91b08efdfeefb2c
83c31594a1176f4
af05a33a180a3bd
2af85b4dc916dec
a8b3818ea1525ea
8eaa15fdb00990c
4509c58b2113b8a
a1821f297157d8b
372c1e806754996
5c52404411ddcce
6cca65c32eb182e
7ac74e2c5659314
1d5b889ee94f024
6958108cd7fa4f8
352931af0214a89
5b0002750c96bac
53fb3cee4e57e25
4ca8f199b8bc980
26cf2252c151d9d
ad9fc3432a25226
6f5f06ef580e621
98f665b6c2db226
71b296175cd2286
12d942a1f238959
4fb145f2ca34175
72d414333c910d0
25999235c75f8cc
a148ba14b5f3d5f
4cf64e978805c60
24bf71246c67d44
48010f97cf3451d
7a2721559eca53d
1c0c8760443617a
7a85de6860872c7
5beb76074f778c7
43331d03144b668
9175b9925e64ee3
7ebe1b70c645372
461027cda3dd978
566cbd4736d2b6b
94dcd2291c567db
0901b60dabf1c42
42235dfda94ac9e
01e0ee673210254
20ccd367639bca1
067f2e82b726e55
753fe14dd6ed79f
3cca7b180055ec9
6c38842db65a13a
27243c6a84740ba
4844f28b308cf2f
11312acfa38207c
01176bdb9169872
56a39e711749f79
247ce9ba850bfdb
027e1f7032dbaf6
9f3d33b3ca85736
529b4c1c7954959
7ff82bf5b0bb39e
b1dcbe91b5384b0
346775abcb23301
9616f8d3e972292
4e9782693fed20d
7d5ea4b0f90a002
3c3ba3cd8fd14c2
46952401e67cae2
198f064c15e2bb8
0f664c939363f77
31366f9f4260a01
2c5155ebaa73717
8f88872d2db6465
71053f5dc3eb5ba
1e9ec9888adf60e
703f2364c6a74d4
5928220ff339309
52f0ab2945ec5d1
370c52d5a314a2b
4748793bb4ce9ec
6258f64deea6806
187f569c2b01469
6f78eb74fadafad
95b10f093a8ca76
20698536cf6fbbf
099b56e26abd51e
26ebd82bd2fea83
43b99b435ddb770
5f4dd471bd56796
48e9d6e4ad6d59d
4f751d55487be85
3c66c6163e49078
8ec08a9d90a0930
2be37b83c39b810
8e5e5f0cc461331
214399e0841ac5c
1472fbffb0175ea
7579e9d854bd544
a35aed927f041cc
6395da047ffcfc6
9b9c8780e8a383f
6d016453c4417a7
4d9a5806a642fc1
2cb2afbbacc19d2
8b4cdc4aec79b3c
45e6899de4afc3f
a77067fae5f8d48
521f4c03001fe75
1284921209fd6ef
8606fc0d63d1a39
3884d7c2410a314
85fe5b4e4ed64bc
21c2096694ded34
3d9aeb089ac877d
578a355920e154e
2a40422fe2b54a3
acc795b7c5f86d2
277ee6a28bd0e4a
3186ba04b7334f1
4225a7c8d5e2433
052d582c4b65415
878faf4b0335f70
17985e3bfb18334
4d2963ba24d8d5a
1099e06ab335504
1403b8c17265c38
04ed59db389c201
7a548361bba12b7
77bade9510a2d28
601b8fac69a3c5f
a244abab3c35fa1
186301bced144fc
6498c072c306f3f
2ffbd17c112d962
26d6591e2a18ede
9aa2b39293b5eeb
3c55e8aa0ce9f1e
45e41bb78c68e0a
9c0201313b964fc
500ee59e7bfc5ca
139178ea8c92780
833f9311a727923
004288aa4fb3695
75757f7c8400671
8ed6281abc79bdb
80045b98ef4e74b
1c0432b8a09c4ea
2f520a3c15bce67
a328c9e884b5340
0cb194487af41a9
25bfc74fbfe1cdb
05135a546a1ab91
a7b6a7cc4bfdee5
7e2f847cc58327b
9f6977db134e875
2fa9a0c3c9bf92b
3bbbb711e37369c
73dbed09b36ed49
37e25b827a18239
2511fe934234e55
4bd896b6258f6dc
818154cb6d4229c
1d8fce4365c8fde
a24368e8d132a4b
16b0225eb4567cb
628f46c149e88fe
815d26d64145730
145bb551c46b5a9
2d10e72c2449556
1050013a495dab8
0d5dea14e255c9d
3513d16acdb3325
274997bcc470617
2e05d3ede1bf975
73235ad0b933631
1f4e290afcc091a
23f577531214869
0b35585d1232ee3
8a6ff23e7e9d700
6d5c8faf76110a8
91bbf6d77a0ddf7
58308f8c543c62b
42689d1d04d02cf
8218accc3e3d007
2359f2a2986ef00
7a67de76759dd2f
67a05a0f7dec6d4
b1bc990e96463f6
9c6f33028e142f5
4e7c887e084732c
9da4786c80135eb
5ff408d848e6f34
34ab79bb82718b4
0deabce81663357
8e8d7a6b27f5e1c
8319c23ea525cb1
05192a91d3556b0
1035028b03de6bc
4da967c098edf72
4b499234950b7a8
3b18c86eecf85bb
8d50caff123ce21
ac9ed242510ca9b
7c2ea5d3bf027e7
b16a62987fafe26
2e4f7dd2b6386ea
8ef127973e12d0c
0193742e4c17697
3f32bad0bcf0a9e
5555000c6d69c5f
761e655f8d92e36
9615b759bed63d4
152224941f6d2cf
96bc14abea29178
599160a80c15aa7
5097171a5f12b92
83622a097ab2a93
9e9f03cd5de404e
841c931def9b6aa
9f38a406f8a80cc
514622667e68ec6
a786cd938fccd9a
0dbfa155b736a4d
3efa6b603a7ef5f
89ea4d37d95264d
82a71cb98b08110
1e39e27d802cd5b
9d4a818944ea356
746a17addd5c4e4
43e61c3638e9101
7cd9eba6f6df671
639bd79e30c157c
013c8ca6cbd668a
46beb98d04ed4b8
1ed3b428da80d73
13485ade73b7544
265825e86eec5cf
2ee2c4fcdff8ea2
0e6b996b352019c
50e3a56ba34a24b
25d0c813ef64376
520afa228a1eb0c
65c4ed255f0b22e
0db5067476eb96a
8950ce48ed38a90
39f1bed56921748
5804115d4812f79
4e5ff40bd15a5c2
5da7a6f08b44abc
2c5bef1c164110a
311c2553e1df67a
7367bb7edcb1c2a
67d236fb61fe9c3
437873a8e7a5c33
53e42caae0623d3
8e287073a52e41d
4147673567464e4
a840237ac57a243
35527b2ba5d471a
9a173ed408fbf68
a7a1bba0a7235c2
2a9a41bf3c1324a
226a2a61caf9254
58acd90d16918b3
45023c2fd162d08
3f368558c33814f
ad6ac981ed8cb7f
378e336ffd73505
141da71edc6718e
7ba447e2140fe2a
21ac93bfce7cb08
56d6526fea34fea
88e6ed3d64cfbb0
30c3d6bb90ccd8f
40537874cc39d8b
1dce64e2afd0d3b
4714e57588d5a20
5f7c1dfad28e740
9def716670c91f6
48267e811748763
820c22a2afb7554
62ee045c9d37588
3c5481581c215b7
1eaee1649a9c986
8b6d80bbf98bdf1
351997e05aef8a5
46d00f13a295355
3d2098754cf208e
61e0f45c2cdd972
2b8a28eea9bfad0
4cf9e0f193b8324
4df2d581d44f973
414b44737c3e448
0e10fac598785bf
521f9cc1ecf17c6
0386df1a726d8a8
610c998d6dea213
3b757422432b42e
432d8bb8cf24c97
5fcdc6e966805f4
9c816c49038b46c
a817635a4cfd221
17c86c834ed4003
8720ba3acd21184
102a8482949b28b
89dd84160de5402
2bf60c63dc93cef
98cfabb39bb3530
2f6062aa90535ca
02b2935b17ad5db
3bf742ef80d557b
8539aa77d9d08e7
794f2e12f4df859
a2611f411514f5a
72494e4f9686a06
992ab6c731d6e6c
899ecd60628112f
2c7639a6509c809
52466209657007c
093fed3fb67d125
3911fbcadd813be
7ed2183af79ad28
0e285120c879616
40a02a89f44f01a
721b1bf375efb64
02a23b47e848d5e
295ebfd3d34bd92
3907edabfb2a155
61379db81f52986
2a80dff4e9d84a9
202ed9525a44051
6efcfffe8dae2e6
3d00430e8d314ee
80365806d805947
4e9a6412c2bf480
2e94f59d53dd6b6
59c32c79ccdb4d7
a197bb8e0106789
a1c49ccfb2482ca
00615b8f14f4a94
011a452ca9e03ed
3b069972b2d3fb9
7664f1132bee1ee
a7002cdca1d3938
6aff6b25dada03a
8288e105637c337
28b3cffc778bbbe
784fd90acf49d48
51abca25075ba3e
53720ecda86a5d5
24bac4abf15b31c
92a343bf0c20296
42da0ecca647db4
8c395968618c962
9356b8c7dde0b66
58b0bd2c920717c
5fc26cbbecfebdb
32fc2fd03f24353
8f04e1084dbae2d
25e0c17da4de4af
54222ddc9f949e5
aea745e3c2c0c91
4c86022e3c9cc4e
95241024d171505
84ba0f252c42de7
809d1643545b799
45d7ac4f1e402b2
92d851b2e450327
960732515d83cc7
63c7b2a6ed6e7a8
007e77c623383c4
9474d0465f10d5a
44b1acc5bae2cde
6f51ff5f764e20e
4d7a36fdb477f55
6ecfd0ffa5b24df
ab71ecdc0ef877c
6dd50d9bac2f55c
968eb2790a1a72e
38ed7f2c46e6f72
13f8890757d3401
b2f257a489c8b97
15420cc57ce17cf
745854f5a5c54df
61a530236e931e5
5d692c2e6e5b0ba
1b3c11306c5b414
82078d65e2cae25
7a9561f7972871d
745841d86ab6599
9e85cc3fa70b650
1c0dd9267498f79
8f3eb2813833d90
6bfb7dfb148ecab
43c9d30aa8559d7
9ab814ce58f9535
282957dd6fe1d42
4dea1262a0b106b
1a9b91f1f7d6559
a95e56f8d8a758c
917eea445f94231
2757cf525cdde39
0f43a319a877aa3
4955fb24ded187b
7e4c1fdf1923b0e
8101786cedce8d4
318a31af208068a
70ac6d01288549a
9681ac372ea97e8
457f451d7bc2567
a465e568f4008a6
64687dc244ea9fd
838cfaa0da59e3b
917a663d74ef3de
0bd5c1387ac9a34
22b849973462443
8e8d7388fe2257c
805cf9a1164aa27
358f5a7f47c83d2
61296ba09298ef2
7e865e7eb7d86ce
7dab329cb878f57
3684a3e9b557782
58ceb54b1d37364
53d32f6e21071dc
4142929dc58f042
3fd7a5bf2af9da3
a40b380ec9ab660
316a9518696210e
089c95b69bb683e
47314ce74765413
54120ee00f9f3a9
25e22bb66349183
4a33c62e92ee324
52d316c08da2d6a
119c299c3ecb673
9c5360d0e4f3fe3
70a265cc86ffc58
4c937977e6e3c84
7dd6d0494d1cbdb
8fc67b77836a604
9f9fd2de823a7ab
0f9d849cd6ae957
a49a84d32ef5635
2e1097c819ca1bb
97841c6807fa077
787adfde1207da6
10968e3bd83f037
623655ce569c7df
aceed07793f76a8
074b5e3eb792291
0adf86fc17a2267
12122f0f1645591
637261f739002e9
5e1b955716a753c
32b85af3636f7b3
7aa60f393f617d3
a5d42cea24ce2ad
2f7e4f11dc1b461
5ce12f777dfcfdf
2140c35a2c21140
74aa1455cd666b1
17e9d2fb35c2ec7
6c2b958adb87b72
79f5350908799f9
690a3227c7443d3
8af9b4fcf108964
614afd9fd52072b
b083e25217aea55
383bf08cfc8e302
7b481d5b3bd2bbf
7e741208999a71b
7c9e6ecba36e7b3
0bfd793646f7233
2aa38bb2790312f
8326915f59a442a
69d5526b983fa13
62b003ee6ee8d26
4fc8750390137cb
a344907da0d3da7
931284d190712ee
2f5af86a2b30f13
23a8c0db374d01d
01b5f039cad6a5a
0126eff06339c01
68faf3366278f78
6387abcf434f7a1
73ad73fc8662017
881e302090e0ebb
13d72f99b3ff845
615155ea64acd5a
1f6eb5cfa0ea6be
a21dc65a3888a9c
809f0426feb7d4a
8494e253185ea10
7785ab5923934c4
a10a2d6a253ca76
782a42bcaa5f114
6663c325d06521d
66a934c27a57001
0eb601158c6e020
8b1dd3a2fc3de2c
78bb1310d82b5a9
6d1249750f4af75
a40671b5dc05d6e
8d35dde6483908f
31909c68f1c54c5
818ed98b181965e
24467bcf535ef5f
4e99a422342be80
527b5f139f226a8
6dfb42e96996590
ab375fa7a5d41a5
abe58a077772914
816c31c0ceb7be7
8f6b3304726f481
7c7f5d0ffa2eab4
74a72e4b7497d11
78edfd8074e5e5b
66b565647a9074c
2fa5ad0af46f55d
0163c5430ab33a0
4df1d1e185bfe26
203daaf1e95a1a0
5f14e69ff2b982c
a3e4eb665c6b4fb
23ab04384bf02f4
87632fa7f0eb744
3311212ed1d8386
2af55e59e4cd4b4
5cc2742793c7ed8
07b6b2cd1149696
42efabda395fe8f
159d2249a2a8e47
99c56f14163fadd
88ba7e13177fd53
5e7bc3f98f234b7
961a63015da73d3
2e8387c69b70b2b
566ee3f4f95270c
1880933d9fd8d76
6bf07a78a63a6a3
82c7ed182e1d3f8
ac27b760872ea05
86a23ab6e6228b0
b16d4b7be28fb0e
8f4d0bedf6c9e56
537db4104543125
40a6e17ffb7565e
56ec45034ec6dc2
3be31c6c5939dbe
5836d471dd6ab48
052612aece2b448
06cf9860dd16c73
7aaa47cbc6357d4
ae461ae98d77000
a419ab7210f3477
94d1dc6a197c175
450e8b674905ad4
ae1b2c8a7fe884a
8960da421a0b58a
6d9013907153d17
83b9db8e3e2e9b1
b1c33289dfbde88
1b9647650308907
5b0853958c3d2df
388768e512f80a3
0bf9816f5726c4b
10d50c25743fd87
acb198871368f4b
7f02cf75df1b371
1f8a25231d3e0c7
921efe0b48ed54b
115d11aa6bd490b
af56f0b8926bcd4
9f5490a0dda2a4b
a0f055c3f15d7c2
62c3d134bb7fbde
711ded783aa22f7
233a3891903f7bd
b186f35edb8d7a5
6408aae636d2fbc
00837bebd2274cc
8068c1b225454a1
991c3844c69c0dc
3886df827cc7784
aa111ff5fa5eeba
889bb11f99fd07d
51d78a4842aa02b
04d461890de1898
5476bfc46379234
58053b68a6d385a
8a894273bfb1bc4
5b59bb333900e56
43b27f0bf6bc198
957792ed6e9ffe6
8b1dbc2f8f267fc
056e54c02341ced
4fc5aa5ce4737b3
4469891de1dfbc1
855be897a52d4cc
1e3a92c5cfafd93
0a1b843fac1ff47
a6b4e521ee9e28a
226784a6b655baa
63e75b810b64f84
74553986ddd3e2f
1dce4355226c213
36bb46e31b45dd2
33cece2a5ed516c
07181d474de6b9c
1c28016a1e8c498
2c88ac0e9c48cde
5c96b41b95b54bb
8767a3dfc5833f1
4957faefa186f7f
3264b84ccfb61f9
5c5e2c76b9bea58
01258f2c99895e2
afa59fb22541fbf
a5bf07697d47480
4e41d33d3e134fa
44bf71b7a1e7c68
3dd8639b1ba3b1a
3739abd56b9064b
80c84116133dd7e
486ed732f9e0b03
a2313c1c69e10ac
13a8b2d64539c8a
76b494f9de2ffa4
7bbe6d042ae30d7
426d8c11529fb37
7b2151708ccc9a3
0f56b264fc68fb3
a9dac01f291d663
3e3d571e7aae5de
373d92f1cd02a9e
107302f247595fb
76f954afe893e04
273bb52956fe6df
057c3755271fecb
9166fe9980c8b87
8259683574e1ce0
5028365a9c4660d
abcbaa6ff13af51
67e50ce8bdda6ab
6f8d7c7924ac00b
0b85a3808716ec3
456b12dd0983c4c
6cdd9e825b8cba5
9847b9479096182
8b5a68effbb91f1
1e687553036267e
79a8be29800bd4d
8da153a69fcfc9a
3d77853ea30e20f
679ca45d6736efd
9b8f68d5bce66fd
8ebce5805e1aa61
a0e95fe6969179e
7077940117f47bd
2c8c868abf3fcec
516d7611d399db7
ad9732aa8a3cefc
4e35732b6cfc5d1
773b695d2d6cede
13abbebb5277b2d
16715476c0464da
948fd636c69dcbc
a75f8db45de253e
7da7c13f6e129a3
38a993a51d06ff5
423c3ee9e37ba6f
91c4a4ea9402086
5ba68b40426695c
2d6d825a79f3c93
65f0b069be9af6f
7a29f18d9699e1b
120bfff5d01c429
b1b07f9abab784f
a5eeb4555ad46c5
2b7b54acca3dd68
2618118590d01bf
0c8b56ecf1d3c79
28376a6f0fb61b7
7dd5bda9780cefb
26afb99cdda24da
7d61bb868ba08d8
b0c8d4e0f6e0daf
93beb218c0c6a1d
37fd777d9b0ac8d
1e62095e335ab57
40a909073ea81a6
79e8f70cb189f48
2f75d1d20d49502
61950ffa708d9f9
17baa65b00cffba
785a02625d42f6e
ab75354a557ef68
683efaba6d44a78
a4bcc35473fd551
9d6172fae0ace4c
1d0222931207ad8
795e975d88f59ee
748ad48db84d42f
4c0945bf05cc05c
54f28953fe70096
4297713483de3f9
688e02eeeb82f7a
542e552fa9af696
06ebff89a2aff2c
104c8aed79c998c
228de82b08e393d
5b4cdbf19611f20
7b5ea872086a6f8
377b0d5c5bc6f6b
27076a93348f045
a9eceed79d8722f
135c517ace772f4
a0fdc9f819d1e67
1d1da8a9a18e83c
4bce5f6b7278ad2
8573db421767c91
697a82396aad069
5564b19120d4c13
8815d5ecdb25230
21fa674f7c6362f
3b4dda9383dd2a8
181d7f7cbca4057
5a25ef0202db2f1
5cabb4ca6991f78
6cb51ced3c719d7
6e734c74d4cf002
58e753f9953e722
4c4d5266515fb13
4bb3c88066f4933
8b2dde5b4bd7dac
8043da600336ae1
3d8843c6f58b27a
41986c4a9f1f331
2b2e385350f91c7
826e9e704865641
9d673e48771946b
86717dfa1016dc4
36c1b16dc060d62
502c67c711e2785
7ff12e4b89a1457
77a5fd013f12c75
aa16766fad75cea
3a54bde2603fe61
7a2bc76a0561da7
546d5fb37c6c6bf
988b8746cc79814
70e72b3995346cb
782fa5e0bcb744b
31cdb3bbf52e631
5a297144eeeca75
9ea45c408f11c3b
5c6ef149ebfcf88
741fbbe0a2b6a42
7b359e08b4f4341
9884ed05eddab11
674433b4b453826
601a75568a64d01
a0c4d96f9476699
b174a50ca28f2ff
b29dfffd924a1e1
62461caa442db68
001f4470350dd86
6357354203e17bf
3e99bd81e25e920
7cd1365d2139de2
64b2a8f48e30a4b
7f025972ae21f76
4cc8fb84683821d
1d7810e3e0d1cff
67df2a35556019b
9e4dfd99c3a381d
a38daae9f798897
3d5397cae00de27
4aff437bad9fcab
9533403be0729c1
3dc726d51cd9dba
678f55cbcfde12b
0cf4e4189dc4bf1
7a97cc16918646d
080abe63edd917f
3b7b3b03120be9b
873d46e24922bfa
a8e3d34d6af2554
8190b36e08aed1b
20bfd01634a0a90
69cddedba03b692
58b0510efd807cf
26de4236f2d627d
48968039394b8af
10bbb923cda24e1
0a25d616f31edff
0cc9388842c262f
41addc07a2d0465
88e92fa154ea182
172100cb3410f87
2e7fa4f808b7f32
53c586bde2e7330
56725ac398c0873
00b6d84fc2a5feb
39b90fa71c5bc95
25eebedc66fe1ba
aad40baa3f5f164
3266271c9dadc9e
4debcfef45eadbe
56e07b374fe075c
af80f050f76202f
51e6876e9d403b5
69444f8e86570a5
209acaf1e52ca1e
1c5bc83490ab80f
6695ce997d2bab3
9c56a33552eaace
2994fa33293e727
378d07a13288398
0a077e2d4ff86cd
9327cc4ccdd6c0f
0fe60f7f859f2cb
205eabf0f06a926
6de89469ecfb788
11c54bbdc1c1bc6
7d053b35bdf41e6
7e891b8fd789dfc
1dcb0a5238d7396
9aecb82b5e8db91
2dc0471ffb77221
50b67fad4f9aabb
4877d6e5c1ebaed
4c89a68d19a1e63
5e8732cd883c45b
9bb896232578b51
a4b0c2236f6ce61
aff635f23103016
079c74e7147374f
0dbcfa57ab1a0b5
49bc2dc98f28c4d
729f1ffdc225884
56d3efbe5517c46
85889b8e98aab30
207c991406b676d
407a27c7a775ac5
aba573f0d467117
1f9c22949824125
2ffa11d22f3321d
6089ce52221c136
6f650a22ab7b439
9933f12595913e3
01b5ea963b6a070
833f7dac5e39cb6
ac86370ee55c8fb
7f6943bc988ee9f
940b9c6a373be98
17e885bc1ed0569
4d23555ba5c0b18
55dd8ae520486d8
9dee534cd67e392
26ae3e96d494853
46afda9d6f7ff54
aaa56b16878b9ac
2a177258d02d516
a97db63e0841d16
8eb328f049d7fd4
3736f3b29c67f40
88856fb0be39b98
407a432c0dc3aab
1e45e839ccf40a9
5452faa2d90c82b
31327568fa489fd
a05e27f47dc57f2
a6d372aa23ac233
8faa6c2bd258648
45b634fbccd73ab
776e6ff6a35ba60
9f11a12cf48eb84
9c5546ed0cb1108
a7270b24fae5595
00c780e3b28fb9d
84dd19c680a0a4c
81549ad207a999d
a92c66f966f8372
7abe5ff8a99abd6
7ee385310f5636a
2db049ff907f3ac
51487d1974fc8e1
8dae0b84b931f59
678b08e5fe84a73
6fee021c54c0714
b123add1cde01c0
3f96868e08f25aa
21e4991efc70aff
59d6da4401e2bad
93f220ccb788318
71b08a40bff5f21
09dc1fba8fb5b9d
1833fb3c16c1312
36648131ec161ff
0d4e5581286a1f3
19d0dbc1d872539
8dc48dd1695d695
122d17c3d95c0a3
63a5610e2309368
0f8d13b4537f1f5
6b54479a0f7d5d9
0b2eb540386fdd9
34236932021134d
8991c0fe9a0bc46
3ee54b5b6c34541
0d0b1c5894497a6
72f9b5eca8e0db2
0d27003dd08d280
58e8946a007451e
b23940a08ace15c
5569809fe408a8d
67dde3573532b91
601194591bd6390
4f4bc690dd8ba13
9c1a5b8bc4ff185
9018793cdea02cc
87ea8ff9f5483c0
3a833a444e18d9a
6a29148c0fc152c
106a68e5308c285
7714caaa73eafc1
37cc28e113a8011
484b65f44861dc7
3199e040681e93e
5323dcbb9445234
99737f0dc2007f9
6b9518e409813f7
a2c26b6fe843916
5eee57a7ad5cf53
7bbd5c4cd7749c8
45c4bdace330e7b
5fb33ef5b1a9a1f
2b297b628df480e
16b91dca093f927
9af8f7b8f801ea6
8d57ebebd76c27e
8d6dc768cf959ee
86d1bf3e8ea76b5
3037401ead61fd7
65cdfb2055e5293
6f48bb1c6b179c4
498d7b5eedaf103
3649eda67eb2c1c
ae69badfa89e8f3
25b2ed612ac5f50
4d4429e83a99470
807a7e335433674
61c262b5c30f294
1503686eb4e9022
6c732429a9e9ec4
5a7224bc33f2f7f
3e81e65ea8d075c
6f7a70d9d1b36e4
3044122b8a9ce04
132069ff2dd49ee
accd7d3198db102
108ba1b6ea614b4
287acd8a4148be7
a3ef2ab8d3f3c12
1b99a1b824e2239
562e2a531075adf
62f3b186661515a
90b3739a675acd9
6c30b437641c9fe
4134d626e4ee67d
1ee853c383db12a
1a0f7481ef78116
a63a4bf5e708164
24e5514b5b36c96
a927a7630bd41c7
1fb69356be0f6a8
2430cdb537fd813
94d7861a159f114
a950940e866b0d9
88171d10d1dc077
516196e0c6d9d19
b047f9bc6ddace5
4656c7c8a33b096
9656b16e11d8bcd
a4ebe1283027421
01ec29729f7c6a6
51484ee1202d6eb
4e5c112d0c523b6
9af706297cfd3bc
5644fa83ee90997
63861ed37fab5a7
5b0aa1acc45683a
08181469dbc71f7
7927b213d868dd4
14557978a468934
32b15cf969fee94
7656bb766c4f3fc
547f7251859b27e
72014d77fb4a849
5e133e84474943d
520f7aa7d20f871
3aca3ce3fc29f83
716f5d045c32381
9f7634097cd6a75
3d8f6f44135959d
129bcf313a33957
1953a9908fa3d75
36c831d3f85067b
929a10d40cbe42e
64d706f9158d118
02a7c1da2c71760
6b2996e47ef3177
9bd0ec2f4e80c09
3e9edc6bd10eefe
588c23bceecb525
5ccfb515d24c61b
b0f24b8014cfdf1
039433218c552e7
5cd2ddc3b6eea3e
80af701e151c3ee
2c8dfa915e40abe
7f9049d551aa5c1
7d951225d3e57de
1d7412c268d996a
0619524e83295a5
52e0eae3be6f087
50acb06a8e06cbd
af98ad6891b6aa2
54011957597ae73
0cba9e33b635dd0
074610943fdad0f
96b68cb0395aeba
86d48177c3fae08
1890da0a8f38725
2e35c5890d71383
9314e4e8ac6e771
6547dcd96ed21bd
7aadf65a38f3d48
024728d5ccad3eb
6aebbb8783086a2
3f26369187d9dee
6e3e5edc20fe450
ac2b99604c24403
87fb348aefd0ef2
1d6afb62fb28a01
2da453a248741f2
661218ed7e2a2ee
19fea00a39dd2cf
0fd0948fe1ef8b2
3475f09c0f227d8
0e9d5e6d95481ca
1bb3ec9abf30e14
425d33ff0d65f17
8ef222c7b0df578
0edbb1f7c06208f
340f24e48663f3c
2f8cbaa34958bed
9ae51c2f5edede1
2dbc43ab51672b6
5a4f3a2c0aff6ef
40b5dc6d2526f81
341dab1af5e5244
40a66bb4e88217d
5c0e9cf48d073b5
11f7603a770abc1
400e2d1728e7f67
9500978f4a42652
abf0035bbe660d6
8299f6159d7e756
292b82f5853cadb
3ffef293fce515c
11074ae8d844fdc
2c9a10bfe00c12f
5301d4a1969c47a
a1ec996fbaf3231
0848436a262071a
4182a9626a68aed
b29035c49ad936f
8aaecaf3bbb81d0
73f758ac006bf26
811bfc1ec59c569
5a4db14b5ca56b3
b2f576e4c8817aa
6da82dd85646eec
73fe4a64b0f3092
3600fb0a91fc0bf
3c18064c9f1479d
5df8dfce815acc0
a704336adde2dc1
a12530d7d43c1e3
3e40543f231df82
2dd3a54d2759eb4
39df38c4de03abb
9e24f57d21821c6
016fcafc4dd06eb
16a328498d94c5f
13454019fb2feee
2da102c3e906f47
67562fc321ea2d7
27eac7942d61067
855b85846cfd32d
00ee394dbd2f2c2
352a0e085558abf
77fffbf53362560
7b1efbd905172bf
9b575975fb900e4
6708e0aa3e55a2b
8553f1de580ddaf
5ffcc41d5c10ece
610992406e8cd17
9a49b8485e94fd8
4de3a602e07703a
78ec04ea4166bd8
49cc190c6be404f
742023ecb4b0944
29cfb4eec53e097
5091467fc3f977c
251023176469f16
8ec68ba4257c363
0b58b206c49d2fa
7e880546ea0e5a6
0eb6388d2dc3ff5
92be720dbda6016
0b4128891b50e47
7ed77fd1493cd9c
a3dd3346b6851bc
589858107a32230
a3318095d4df5c5
9eed067d9046180
77f2ece86ab2e9f
54a7edcf1f59db3
a87d89ed5a89e78
746b493939d7383
aefc78b1f4ad424
9b0de604b964093
51512a2ca15369a
ab97d27c5feb276
3ef82b8f315f25c
2d698b315bf6879
501de1fb1316f48
ac944346c9faaee
20d5531831261bb
13e427bd6f88986
254aa7cdc18db2a
a24a91c961e2af9
9e8647c1ef7010b
844802e8564e6ad
218ab9818e2ff79
71760c66f36442f
9c8753f525626a2
9bd1a9bba96ae67
99fdc9d8d3f9255
3f2b74befc7955c
a16d7f9ef427f68
1932161ea63955a
9687c925f5506e9
35537c7aa3c2fa6
90a20b6df6b2b0a
812e15d8dc4b8c7
3d122b8e90e047d
86144c34da3250e
83b68d4aedccc04
7be814853b66714
79e757367c12e66
ada243b4c338442
979668c0381edb3
a47c7425b5c3187
343d80ef813aa22
6eb3ddb6ac28676
3165cff96043da2
a89b7948ac727a8
9f7d86a44b705d0
ab353e86ac6ac3b
94cd48e1f63da3f
adfd3ba68b5044b
ab9e127b2c98384
806762f433d83cc
21c289be7d380ad
637c479d2c1d157
05f98ae773dfb0d
a74b791f6c00ee5
2c0ab915a465ec8
a838fa30847888d
a5288e48877fb35
542592f8fbc8200
576b3da14d8a34a
57ed637c3214968
2650395fc1bbe1d
3a0c5b1b50bb8a1
ae4537664e9d22c
421c0bf3302173e
71114d0eb7c58c3
45121dca4116ae3
32c89c5f883676b
48a68c1bc83cd00
7f600d897cfad3c
937c141eebe8e00
349be4c1a360ef4
09957a9cc4bcf2d
2c909ce3dfa08e9
814008492eca6b8
2e921c369aa976e
b2c3ab0a9fde478
915e4f5bb153818
a1222f474d84b77
4c25aae56621be5
24aedb51b992e65
995853d56990653
21470c48f6e515e
43a55f0da8c703f
449a69c1f099121
2422e3a5c13a722
823dcc7eac2367c
ad5ad53a828ee42
a06c163bd44be5d
598040a2a54ebf2
37873781779d985
3b3b7a0496b1b25
b09a0525ede49b5
75eb9cd608b8152
4643350808e0b5b
782a76dcda9943d
626e4c47377c9b0
6b5e8e06ce1571c
737f002c042580c
0bb5702144434f9
496d8b0bf8419f7
167ec9993528ca5
a25cb0af461f84e
1a32221610453e7
55b81215785a473
2768da125b72ae9
1e5c77c034cc544
5004215a7a3382c
9d12a63f42a32bb
b2ed734deadccdc
a5da123162ae507
7336f0277356428
a854f044ee2c93f
9ea597899edd63b
5f96905ec38528b
aab2d359cdcac42
89fa011e96b2706
15da8b65c4143ca
a111dc5748ddb2c
5cb31a25bbe612c
4401fb28f45f03d
07009e93b3acc15
152730a1fb61ff0
8e80b07be6fee14
63a6a3f9484ab5b
62460d3ff96b439
1a752aa0f58c5dd
35d1ee4e5bb8dc4
6ff5a52e22bce4b
31bd7f45437eaf0
2aebd2abb3e03d5
20147fbc3cda69b
4e6b88881f5efad
3ec9c2195bb2474
9a3152c3fdeb6e8
56c7bba81ca1571
b2d81a9b8fc75ee
891d9bddc93778e
a98213ec0417187
5b93b0b1825b6c6
9984999a02b663e
9017d6043938459
7d8121f12d66e83
1f6ad5a46eab7b6
8f438164fc99314
4b406b9cb5e084b
26ab42018c2ca95
9fd0bf06dc77bff
7f7f664520a5fb2
a90ff09828cfde0
37272fff6d2d0b9
2215db3454b3ef0
4f2d1a4c36c6bab
690a2d486051770
0b86d2e511906bb
80ad0cf57963e3e
7b622e9356d93a4
985f92b4ec447ee
30512f2ea7e209b
0fec88ad1be52fc
6010b7c325c9401
6dcdd69a502306c
0835341323d71c6
7b1c38757974297
236d7e4688c1dea
59ef76f922f0374
64dc66f49f7ee6a
37d89a7ff164cc9
a4cfe7d768601ab
070045493afcee0
4b11adeb6138c28
2e4c78b441ab3f6
3f409041271bab7
871d356a984f590
96721ae4650ef12
11bccf434cd2b65
284183fc1169ff1
9be133c36bcb97f
78ceabf026f1c05
9b2bde02b10e1f6
b29303177ac3f16
6990ed2098253fc
578432eb0a2a438
787564ae03b2199
4767630307f93ac
9900d5e876c0793
5213db7c1f37309
343016ab9016c0b
90e8f6d54233703
64cd54a58e1b20b
27f78df3e68deae
1beba60a0c6c674
1ad3ff9b975be57
7a4f3734c8ff008
12720aac12ceeee
367c973cb695a3f
262fef76774a291
62fe196816fd08e
54302e2e8d37180
8a671c48dbf589a
14482c6936ea830
5cb4f486d1cc877
a2cc7728741e5cf
6c72a16aa0d9650
3670b44f3f9a2e1
16290e2522194a8
408ffe7b706d6af
8023dd3d5c23fcc
8e5fd27913f8eea
46346f8f6f69815
56e77a7574dac04
7b673cb62a79f03
93f38a6167b0606
20de76eaf0bc52b
32acd5d4efada6b
6ac1aacb2065a76
0c3d014de1ef81d
5cd2988bc70c7e0
64713b45d7dd756
4effa0a10922f1b
706a80213f4bedb
57e79c6d50e70d2
561308d1cb3d4d6
7356a219ccff4bf
76ca3ad407a95ff
a845c3403a6847b
aeabb2977b4d9aa
7313d836f4e7490
5fba2d74e527bc2
83dd7c3b466c2f8
268ea313cffa4d1
284e87f9491c517
3e756d0c186b31f
4410788f039ac0f
04f4b8e5084aa88
afbca02529b057d
4ebfd62aad38c37
42a9a82a7589c17
09962e2bfaee70e
6db1e43fd652c79
4bd723427369fc6
05135006785fd7e
58ca75369c1271e
10a7ae1ad08017c
1237f424e3757e7
5fda2592908918b
2f4e8d7f0a9e459
06c609a40ff46af
6e2891f8a5f3b71
0a1b1aba0d9e56b
4d437644febbcf1
0614fffdbe7b5ff
558049c975ac762
b1d075163b7ca08
3d486b036d47df5
39a27579419c049
00fb3db8636ab7d
0857baeee6b91e6
11a99cbe9b9ad43
164b143d9fa8f8b
130f79536200dce
29583c625fa736f
061f089571ff60e
9b9ddfed7faab54
8e3dbccadaed1c1
626dfdd332b7333
6729796b3c97748
7d030b59d2d2a27
234ef9006f024c9
2ad9f22870a1cdb
651265bf8cd4bbf
1ba1b72ae546f50
abff1eadf33ff4d
861f1592b34e709
2d19639e329edcb
0777c9f0555ca0d
9cca9cdbd07d7f1
9bb035472f2e3af
69e847985ef7f6c
6743986e6641ca6
889a53d53abb0ee
29b8e6b875e003e
27b32aa79861d82
666904e2073c169
9b376cde4e6b458
981474ef8c6a16f
31e7119e37e51ef
989f031b55f4ab2
86c40586bb57ecd
26c2fa73792aebc
7bf21e542c57374
318e1d7aaac3a4e
8752b929808d20e
3719c668a6ea57a
486dd1714c94122
708d31595aa8b08
4437b24b53af9e7
564e5528413c604
a26ea1ecea3ab15
43f145569735ca2
b10aa17a062e263
416f755b3baf0a1
82366a60b033ebf
8b3020c76a57df3
a0320da9edc5da3
32adbc93e196b46
69d518b9eac62b1
b278fafb2e6667a
8c18720c00712d1
6a9a0dea81e9c03
1aa5c8c0ad0c329
70ad6afc9c119a8
6cf5438f35bb283
0f25ae1f791af9b
a6f4cfc4eb2eac4
7125b9144bfdde2
1688c7300921638
846ef59fdbcbb4d
4e4e6529e92fed3
1cdccf0f6f65c24
0f9657682b729de
1dae70b20d64837
9388d70f0a01f15
32f8d7f30de9b4f
3546b4a37b518f7
814105b61c36409
300756670654b5e
7d15cda0a9fb4b8
95d9445a43404ca
a9dbebbb5ae7eda
0101e68a03019a5
6a9243e85bf77b5
45f017a08323b24
1fb7fe322620cbf
4a41fb580759045
1b71974c2b710ab
782eec90301815f
8e4ddfbd00685a3
29e0e815e80e221
8126dd8837c655d
03d597af1d14ac4
547a789a8a6ba6b
8948fa23c19fc8f
76f80b41216d20c
09b33062c94ad5e
5277020e17f86e0
430950ab5781543
79465521dee2749
87355be32dd50d5
892f6d0cd49d758
9e2be20497887ae
97a8933dc8ff0e7
418344b32c027fa
0be638fbd149638
06a8ab5ce958bc2
895a7f86f6014d4
372fb479bf8bb43
6a773022a4d9e9f
46456402c62f3d0
070bc15965198c3
8b7008646e863af
b0a557801313ed7
0ba85a875b5adf0
3cbfb9903b03719
2cf1dba15938b7f
88c455643d1e663
46fb2a216b964e2
9ee5da53d0c7be3
06ae54596843c91
61f467e190f616f
8b0807ee0c3bc3c
33628ade44f2849
87e2bd720ca4582
5b11a901dfab7b1
582bec2778808c8
704dd6857b5a8fc
b17d01f5e26efbb
b0ec2a5a4910365
0f37ca2592dae92
758c129984532d8
2c4005890ada7ed
6f119116c2ab689
b16713420436685
4982da0edb42002
735d552a3d85c6a
582d3a11a1e894a
80e4d9f4c6a33dc
3ff57c8811f0fef
1afb4904ff6a1bf
251ca28dabc6847
4470d26a9badce2
84e4bf74fb1df03
28fbd9d63db765b
99029754a4d86f7
16f3826df469f7e
40fe753aa2619b6
6bc7b7c677c1c5a
2d6e3bc572ca147
9c6612dd7d63f34
5d3ec6e1d21cfd3
b2c7776fb0a0777
6b12bb5478ad0cc
4b9c864dd13df17
945fdaf3457f533
23b72c5abf72bea
0a0994c3149ff8e
6ff6a3fe3b153bb
28bdaee6314dd37
a89607d790aa657
a9b9d07870f1411
89b0171cdc6cb89
08efb0812d76ec7
5bd3094f261ff01
6fe0ecf7f03c5e5
3d02e9e7ede6e96
0061bd390e989c4
78d4f173a44a293
46eae7c50a4c028
55d251cad1024bc
31ce070db6ec8ef
580791c824bfa4b
3c8d41ac75bd29b
577cfa007faa3b4
0a0f5bdf8f7e5f5
6f845a07816dc88
060b3e21700e222
3e8dde8b715416f
2ad2fc8d01b6347
1d9b531c5aff194
ad4b6e865710dc8
7967b4bc625a218
4df72fd8532bd0c
5368bfbeec13b61
986a4d339325bef
8d07591a0084d05
a1dd4b6fecf8f92
5a317c7527e612f
73dafc183c25eb0
9ff86fed6b86fd1
07c0a83a20d02e5
06d51084fe6251f
5132938cb550a70
6caa5be9e674f47
01e456e28e3d397
84ce12f41ccbbfd
83f7670483fc66c
453a3d37d8c8f07
17fa1b4aa8b25e9
ab9af7583ecf932
3d5d9185e60ed03
71115afe3c5fe18
14b12dfbc75bbc6
5872e60517c18d2
aa5c72fbaf36e1c
0eb28c90cf79366
814a675fe0e1c70
07a50a21e47a64c
74d8315006ff22c
8cedea8fc591f3d
02ed452adec9a6e
051aebe627e9b12
3a2c8512a14fe83
1ab08280e558273
9740f081fe387d5
91a9fcb15972402
503a3fb61e9cf3e
3fa24ac7adbb837
55fb4def82276a2
36a91468a57627e
a793aa7851a2854
07f7f8620a08854
22994a679b8f293
2f89dc44df00cb5
16bc7e9294772fa
463d83ec4845990
06f868ef6cd8527
5553d24bfbe1551
2738e7fce3b7b9d
5c8eff24713f844
5b747d48e5c7262
66437bf15afc3ed
696ca3d679c8694
9dc2c5fbe68a2ff
26212dd6cb3777d
1ffb4f8d81bcedf
a51a271da1eb332
727d121519db6c3
2a11618b6d2b23d
6a8b0f0be879041
6f296000c7e1b4d
4b3e34a555f79f3
66439066d14cd82
5701aa385c84ad0
303631a99cd80ac
42b7170080904b5
a41b796047f6a45
4f32a1aff0cffa4
36eedaa374c69a8
28b7285ed9484ba
0bbdd7f83f270f5
46df38ee67f3b02
759e890298b6347
622670c68e24f4b
3762825a75d32f1
2182f95986c41b0
41e0b08fb850bd8
65ed5fbb7af0c46
6e0c0e715dcab56
6b8a5baf17e9f85
a7f11a414a60f78
17e9cefc8b8692e
30913b63edec2df
098a58634615eb2
a6319d366fc5666
81ab8698750357d
1974851a72ea20e
12e0108e5a45d68
9da79510b05d604
0e81902c0efac13
00b3978e0e081d8
7924764b602c01b
9e4b716bffc8451
4268338b9524453
864cc663272e5ef
a96eecc504ed4e7
06e9b993870a252
402b0b51d760db6
03931121330a2d1
6d1b9bfb86092e9
04ac7c7149d8995
09728b6c8fc70b3
09eafa5b578fbd2
9e82cef4c92352d
1c6d076ec405fef
932e0c1726bedf1
097e47bbdc589c0
18f00508a94e737
01dc5b01e956720
571064c4f508ad8
0f62263f66fa54c
058a6080f10354f
85a4095c4034253
a27fdb19d38d6d0
76d9c8077f9eee1
ae4bd44bbf2d233
3d677317b9a7111
a157a6ae3e42c25
7e786c5e4dc05f5
4f5a5ba9ff30d98
48b0e22f05be197
67ad37977746939
0c23e4c50635afe
30c587e65c1e53b
381bd7443ba8dda
7dd4767c904c921
4e14c7e6019e79d
4bd6dc8634f5c19
a1749efd9069874
1c80dc217a5d578
716a371c64e2c78
54bf8258cf73732
2d9737af6fd6798
4ee4ad1bf82f7b5
597381e0a5721f1
3e188eae31abbfa
70feefbb3ede2d2
042ed759a518945
411d5d1f13ef565
1b22a860a71b3bd
56ac6f70a4eb842
96ffdc1f4dd05a6
8fd8573b254899c
414815ae077089f
25dd4ae07019c3c
794a094b2a4f8c9
854a231518641fb
9290d0b1ef98e79
9f2d53a7b994775
42efb2aa9dd5d95
1e73fe5e6b6b245
3dc3ba094d724c4
713fb95fe44fd45
11d55ecf4df75f3
0acd4908b602d39
2a045566594419a
3b9274e3bef541d
20826aad7114d91
15f8b05d50b3385
20254280bab3a32
7baeff29cb8d7f4
7f29a90546406db
7dd73f8fe420f1a
14a059dbc69f0b0
66b8c332e068ed3
6b54bcfa57072bf
97bfc66407ab03f
1ad864c63a14275
163262e287d1bf6
38658671b218e89
5d38396b7a9ad1d
2069de916e47ae1
060e1c8f2babdfa
6a325029dce3dbf
75954cfde089f32
a9fca9e869b80bb
660b0ebcca4fcc7
17328f919f1ccf2
867886b97aff1f7
526866388b9d2cb
0e166b51af27460
a5e6071c6e9a6e1
59ae1a849b13f98
2c30e78a9a0383d
442868abb4c2ab5
38b1373b8f40083
3faef6bebbb241a
6fdb8d333e4e25f
a2f30f763cab52b
675f4d4610bfe45
953f29de5c8a3ae
3cc8716f02536d6
0fe2e9bb2d6c4ef
6478a5fbd12520a
0b75f5849222e97
40804aff4d14fd2
a404a04bb96313d
698627ed8234e55
670f9af5cd884b8
531e313641cd8d5
280ebfa0f767a71
1aca22101dfef96
31737206a4f6447
226e3f536655b79
08b2811ba1473dd
4ea4931b9576498
2cf17162f765bd0
22b93afc7ae15e3
063250da822ed0e
61a57213eb3c745
8a39d329042ef1d
1ecb98b78144abf
8966733f430d19b
572eec30ca8c5d6
22d8abd5054dcc0
6bc5d1bf13a620a
56f9b1217a1adf5
6bd47c6017eb1d4
3b313aa4516b574
0cdba25ef133fa4
aa9f3d97d97d9c8
8b92c70986623f2
6aa0f637368fa93
8b757f4db927d5c
093329689c006be
149c5064042196e
559852aa835cb67
03bcf8bd8a9e9b7
a220643ceaf3f62
a1436c389f6dc3b
23cd462ca116f0b
85c09f38d41946e
23a533a6e3d486a
01c41dbb77f87cd
174f10f22adae58
15ba4cb9040d2ae
ae64a66d799874e
930dcc7068a2e21
62db654ac9b1532
aff2493ab585bcc
6e2c3cf16d53eeb
3b26731965308da
7a2a1a56c59b9aa
5d79b02152f5746
2016b6a71eeb172
03fe1b04adb30fe
41789fa14792269
80240e8b49ecb77
76b27dd255c7740
b01f218f7a2df8b
372118b8c71bfd9
a173d590e2c6e64
9cd1ff44271bad0
32adc5bcfbd37ca
1675feb8a1929d8
2fe2fc0d21a208c
0f45f2d0c3c9e02
5339f40a56ade6d
4fbba2a831e9a05
7a08379285b41fe
9fdb5d6da56bc2f
56e8d0976841185
8700f2c0940c199
2a554ec1c1987b9
4d21a2255240914
251520a8781d1b8
9e0c7fea1fe0a6a
1a643b0e4112a84
642035aba00ef35
7d9881239cf4ce9
6697e7c3b3612e0
36eb4ba356a3319
44acb4762a77218
598cdf58a8cbb9e
a1632ee267219f5
5dab8d5353f081d
946106bd0c8dd62
93fc67bfca54dd1
40618ef7c62df5e
7ed312ed830a6c5
22dc7050bd68d9c
4c77606fe3223f7
9d282035aa3e093
ac9d86e68aba83e
70af19ce0e1c0a6
229b0fb633746bf
7ac2c9084af6ada
0d7035c26d3ef89
0affe2a554daaa3
5f4f12296c4417e
29f52d8801645c2
2466d4cb319716d
8d47864637eb6e8
01d221219ece065
a784adef422f866
349354aaa510dcf
5baec35ea4b704d
06f7da3aa7cfa02
5632cd8f9290b24
6618c2407173a0e
518a5ff711adb10
3b17040650b0c18
49c33c62222f0bf
a305ed7064dcf08
621e6282143d2f8
ab719ea17b0bb5b
7e356c7f0c95787
26a7f3aa550f0b6
5ce78dce4cc2307
8b40e64f950f25e
0181f585131a620
7d14090efe7f063
93980eeb6c5b16b
62b7e9f6803d6a4
5c7c028050294dc
a13d532d65571f4
1632be972ea6752
2ff4b81327ce925
4f5a422912e633e
569c0207ca5e72c
1d813b994eca99f
ae335c20b694fc0
a3ea0e05abe3c3f
7ad5de01547d1bd
9f2e21b86571c83
7b74439614d7c22
62955a045a559dc
6b5274ac0306929
a55c7264538b78e
2ac955db834460d
a82be3ea4bba17e
67f4821fa0788b0
010d0cf0f473caf
9f5c02166a617e8
111b26f095e67e7
108a928e14e6c0a
390ca6c42b1ffcf
81289b4df08dc78
4dee99504f5e8bc
72d4fbe78dc5444
1862f26c4ba7a43
59b019e643cbcf8
a79df10d29900c0
2869a5f2ceff208
a18e27ebc40f69e
4728ed8c2d76d1a
aaf40f7cea9d13b
903d4dc65f1d050
83036b516bd68f0
8d28959e6634bbd
4a5c710b55a6e8e
00e12e136ed71bb
33d206b1de1f215
18f6ddbd0450077
5b8261835e4c0ab
4d045a734af7926
49e18f04fbbf5dd
8a3e3c728c6a979
a8985e2b276898f
5f96fbee515d963
5068d73ab65f822
3e5251ed4d11b37
0f00576a4904a06
232164e309d3abe
60d7b351f26d320
3cad8173ea874f0
6ce8ebc26b31499
03dcee8ec288f58
b04ab57f2631057
98a9b01f5333596
66033bb99b9b683
55d1247a365f55e
04144db3024ee84
03d6ce97d3bce30
657d9744955c92c
232f765735b19fb
8292de972ad5e03
3e4e10aa4535843
47ce641aa4b2a57
2cf4d25c2f5d5b6
7458255012510d6
5b9165e0a20a590
24952f97df72671
01974b26aa4bc76
770601a6290c430
af22458b67a06c0
082082172252193
5b13bba5f4ac03c
5c0fd478478f0e7
35724fec8fb3686
37a03756bbe64f8
14367333c9adb19
61db110857068d6
2094ad3f571f2b3
3f3020f46ec4896
1f6e0d7fba0c121
20a35dc467dd086
1f5b94c3c2338dc
79a9208e41e7fb0
1fc703cf6ea62c2
57aa03dbb4e3152
6ebef737b797dca
8b6d79bf510bdf0
01264c874bf04b7
13862b581ea8852
92e5e54836d664f
9a8c958dbab5f49
8956bd74ce41110
3d13387a27d991e
6b538a893fed226
96da1491b8113e6
4d0c8c5ebe240ad
85967840791b9e4
0a9f272a129170e
aa3524d02f5f110
51f8666a456f211
97680dd71ffd374
39bcf9eb4fc67c8
4c5616e49c38d94
228b75f3ef0c700
0ee83feff12d091
3eb4501e4d58582
41314879bc4fdfd
654ebe2bf483de5
22401d2038fd9a2
8ef68ca57ffc204
277aa23153035df
168db187eab18e1
9cd56fd67b4974f
33f966892306993
04869abefd33a40
4f318237ea8f59f
466b6f4623b3f5c
498d14b5aecda2c
07397c0a2fc37ab
69a6a9a2dc62981
21301d5ce3af3d7
aa79ce65d25e330
939893733334268
323443b556609c8
4740d3d74a472c2
3d2c4c482afd6ff
5f494b2b027d6b9
09fdffe07b97387
148365f009a8461
46689e851385518
1cbbbfc0231aa19
2689c2d4166263f
7db50460ba11775
3781fecd0a705de
2f2c3dc8f0be2e6
ab81a3806c8c71e
09948e1bbaa343a
1ad8f9d7e6808be
6099e3aa36564f1
164d8f41a6c2ad3
5aa7c34a55771b5
65ee52c398b654f
21582cd4f2db04b
8b36130cd7d33a0
5c8409db36ab596
454a54e2637b339
9071db3382a0cab
27c0ed8028af953
1c01c6b70b9b685
782fcbdf0b22370
ad3ac84b79bba9d
80313fec068245c
01a93757fe67392
9e147f4c8b7a65d
41a008281cc12bc
6d0dd2c34c4094e
100b7c986152fa5
a50ad07bd08f809
99e351bb7c47461
72a4edecb72dd14
5b034859f8baf76
39f9bfaf5210cd9
38be6fb5665513d
ad975ad9aed0d3e
5f0f9a72757117e
09222bf2f81afbb
9c5e55ca5da7eeb
03021bc82f52470
acec738509ec819
84332d2934e2f5c
259cb90636a4194
599dd9dc08748b7
853624c5120bbe7
0aac623cbcdb4a4
3beeb27d482b25e
b27cb10edd4d824
9a7dadd196d46df
8adc3d37ad5208a
960373b7ef1b15f
73c6d1111928c91
73df40bda3c79d5
634b97eb41cebe1
47aeba178aa4bbb
a7d2162b4aacf88
4fbb80d985d072d
8ee6fda95bd4549
04c83880e6fba0e
39878951252c941
4f7a7e1a21b4426
4f491d4acf37ffb
495385420788478
463c9c1672b39fd
0da3c2f812175c4
ae2f02af3811807
3605448c9a62cc4
361d265a81aa8b0
64dafa39ff37e9b
122c418d1093618
61c084450924dab
18cda4a277f60f7
372e896c1cf9b3a
6c7001d089f8b77
2a722f4433b1045
9fb82349c974ce3
8f9a6bac8103e0b
54a0037e7a71862
4d14595bd741d9f
a829f2acb138cca
66311d866ed0811
059da29c4785aa5
ab3db4a87debc56
1b1eeed39d36513
8c4e237f93e14fa
8cf208962487ac5
3971e1e16d870d6
037fcc50174ebae
114203673197103
4bdaa763e66bb99
4227dd68da56b7a
afb87a2a68af9f9
314afd77eb43b50
23a812b3fd16dc9
77d0f7d8429e96a
215b273eab406b7
80946590f01a960
38a48350367917f
0b2a611765d9054
75ce7db9bbfaee7
984ce08ccec6012
adfbebd62495839
47be461113cc41b
04e197ab89c911a
99d0ea46ccc3696
a86f9593eba10b1
52dddb69eb91bd0
49b3036869ee0f8
0d01c775ec824a7
125026e8a4d7045
892980de3a3789b
1a3fc4344a23cb8
722fae952ad6170
39ed947a6e152db
746895629654fcb
5c9d287d873527a
48b8d2cfcbf82c9
30a6db5f91bf1bd
27ba3022cfc6493
61743098a4bedd1
07b656c09bf047e
535639a24fd2c08
1ca95039f803108
9f26446ac224684
a94b17ad5cd6e79
48bb5effd796d20
9cd9a97cf195725
842f38953c7d97c
81875eb3a4e8702
b0fb03711b3ac4c
3d52287e9d4b2d5
6692a1b06c6d990
363c37382a1a2a7
a98b627a6b970d1
4d5ca4c75d278ec
114cf96b3f31fae
b106194dbb3e4c7
5a20ab9d5c484f6
3b2144b36b38f6c
1f747d70b4e1dda
729aa6b003cf852
601901b7ba7f607
2cdf923fad8deb9
5f50d1814da7dfc
4f9a0c6e9ca1d5a
4c6285481169562
5652ff7e5a7945e
8b4ca29f9d10f18
727d094a9147e11
62491f0665f8609
479a6fb16b3da78
104f5c267a21ecb
5255246386f8b89
41948eb8ac21c10
80863f40530893d
42cf3f3e7897746
9edb09335e09f59
35d04ef5bb703e2
550fca403876e04
8259d1e0183be3d
0b57a8848ec3dac
2b5853f4b088868
8ebc4cab49fea2d
4003312caacbbc4
2547694fc982b96
30733e95cacbebe
8a2f7bc1cac4120
3744c560fc5429a
a75069493a46c60
480be571b6aa014
5c1b2e37b3fa2c8
008bb4e41bda24a
5f5cbd3f6da3542
4e53ca6579abbf2
4ce707e68f99717
923b66852e5e8f7
16e057f6761d368
137b6f391fe903e
47ed78d9e1b4016
207327637a0e6a8
a3fdcd03492904b
a91c5e1676c5067
7afe77ff72d72ff
5ce662647566182
9fe1d9ae855fc35
76e844774d5f0c6
4a2248037f86d04
aa99dbe6af62934
8fd5b82461c3c19
19bc91911db6873
95bd53a97f1a19e
7996ea374441ca9
0d0ebade840ee03
150eb69b4f165bf
a816f67dfea45d5
817ea0f20ddf9a0
6fc5a56dbc2afd6
b09f705ce746809
854b9ba5e447b42
820a1e365d7265c
afae9c6d08b659f
4f3505e597092c0
29e1c98e4ea1939
406ab95f61bae9e
a43ba4b2cbbd926
0ef354cd66e07fb
3b65b16aacc0a65
6be73c31c4e9025
6c7ec8382864930
6eecd3f16bc76ae
71f7e43bbbec16b
65bce73655b68d0
7d7f2736f98daa6
463262d6230ca70
5df0a57e29eec87
7f30e89a21ca0cf
8f38a66edfc9eb4
55f1cb7ad309e7e
496f475c3b83b4a
59cba4e85664b61
31c691d066072d8
5b767b8e3ba8391
3c30e2f78853682
582a21d1b7d2732
3369e6a05c14d67
5879252dca46af6
037b6acdd8395db
3d23ff48fb9e889
93d62e792834e4b
174f173743f4883
32fb4654790433b
77b48a038ac4e92
7d824a47b1b7172
450ca396a7b0424
0107e99a86a7d1e
ab455a52e2a168a
5c1a3a3921ef2fd
9871bec0bf28a9c
3f7dba76dcc9cbe
3b6bb9be7e5deec
4e9efbfe12f7722
957983ecaac1b18
0c04b0b8ae8b557
7d838661ad49192
a10e55c2c2ece80
b1b0bf5aa5a6bb5
9a1e7d6fc72e548
9b257002271a961
346674e3490ee5b
6bccd40564d9e13
b22de1f837ee240
65508cdff760077
869d523796ad5d0
27ad94aa61a06c0
348c09389285faf
1fc7469b06ccc95
681db763f039b84
6450843c0e7a5bc
25ddaba16d25663
1e1524b36e04f3a
97779873d0b2e47
675dd8b1dd83b5f
50324301efac987
2b8736b39f5b0a4
640c5d3ca0ead39
33ad3f3296f39dd
726f701a3f135fe
732cfbaca4caa3c
ad1d9cb63245045
549ed6f1df24582
3ca91eacac4a46e
17faefff0c5ac0c
7bccc8cd82a006a
45b7e9e6623526a
a0b04933a54893e
59492bee5e96cba
4748fb38ba834f2
583fefa514721dc
66fc211a14d826f
0d46cf74159b1d8
afb4a2b1b5398cb
7ecd8acd9cb4c0b
8808547f77f7e79
67017f14fe3f9c1
a6bfb0945441514
17a30a2771c6c80
a2c12998e9ad654
70520e4ed98847e
3ede0707342924d
0c897115f395acc
215933b2bea7085
9380b00e9993d01
5ba8bd652aca88a
64f66e2bf9ab261
af6a3418391728a
55d895759031465
a0b85a19dedb534
2305447248d75a0
6537d6bc240594e
7ff657840161f4b
01fc96426b6a1f4
44396bbc10f740d
55da86ed494ffce
5ac912fd89748ee
472a6ec7f8333ee
6b5ff88a1f107f2
9979e87c0b548c4
21dfbfbc98a39d9
0a6221bd8e20530
9be5d67f6bdff37
45c965b9b398610
48cee02d516ff37
79578dd383e2c2e
3701e1734ed2a23
56168a4df91cdf8
9d14ef3ceee1d4c
7b59af9838368f3
8909b9cc3a783ff
449c8d4bf3f977d
1cd479371b70b4e
27988eed26c4263
006f152b3c64ef8
906b6561ba5d92a
3d3f49ace8fb822
23f4b15044956b5
2cf08c2bbead246
19f6987348f075e
02c8e2c8fc801e3
4409e282a0aca3b
5a594e125cbb3c4
ab537ba1a114ca2
4f3a07f2c912c8d
73f086a7db7b447
1bede10823260ba
16e189d5b80cf04
a015768b192cfa6
aa2e5c33b3ab51c
7b2cf5fd9ab95fd
ab2695fa81b18e9
22d360eff72b416
3244f91fda1ab9d
5b76d86c819a6af
192230fa6386e9e
37de2671ef74950
8e44c7589f64dcb
8224eed7f44ab1f
1d5c8f6a7b8dc6f
5ca2d7dd53aacb4
197f68039e62fc9
72295907b6ff9e6
6601b2afa8ff97f
1eefc89b34de172
9690e946de0b938
2de914cead844a4
aa9338c1671b87b
283ad02df0e4306
247384471cfe072
a5a952e76c71021
1d6daa8dcaf184d
708c73d3096d210
9175202a3443f28
1d31c349b71ed90
0521b63d48bc437
7cdcff4b2b97a19
055773c26cafef1
1982f98effc1825
9945c8ffba41230
686d77742e3f4cc
357f6dec5bfb64e
78aec38cd492098
0d31e5f01439ddd
611ef56ff2ff1e1
8262451b343b341
8137c224395d5f0
5fd01e54d65f45a
ad7e43ad1c485f5
a5e84a11e220b5c
6d84526931f91ca
8d1de216d30d52e
687b562caa9b405
0924570a9e3a707
91f93b072eb07e1
99b714285bcfd29
853ba158f14fffd
942b63d4cac9294
9ef92b29a7afdd6
29df38b389d296c
ad10d6c7a653ff3
89315884a238f54
741f550f5cafb06
2f36d4cb66cad9b
5256b23ff7d2dc0
9ee0c048df4db9e
5c075c1789ae93c
8eac8fa383bf41d
4655116c5b9ed4b
17c4812f4388894
3f941be16c49c73
9387abbc17d6dc1
872e8bd2b1e8909
32806d8191b94ae
0e566391295241f
1ce4c7622c6de30
7e5b236dd71c02d
1d43c9a6208834d
333c8469d8ffc8f
ab24077b2cefc1f
326f050d71c4752
9039e690cf9da93
39375fe491e0a97
a7b69a60f39d729
29fe473a93cc8a6
16aa028ace05f06
047789a24d7c0e1
a6af364d3810ec9
818af7d2b5e008c
7b0ad61e3a759bd
758002ea019548b
6718293c65b44ce
58b88b010df9f38
a1b5a655a394bed
1407efc4fd445f5
7f0bd753a89567a
55975ecf0f433f6
0d8e30bd4390147
3d62b239d8d4102
9308b9d56f39f2e
35d277dc9fac35b
421bd2e5974921f
6971eac3fd9f2a0
1f588b763079135
2d51094f7451004
84cff7387441a1b
04905fa88835b97
36d481da154fd07
3dcd51f339a9156
6b4cd4a23028f5c
6929ea79c4915e1
92e878af3e326c3
9ef4c3dd9cb86ac
18c697c08f9db25
43968b19495dc94
3aef135142c8443
783026ad56d0cfc
9e9ef2fa6b3ec6f
3682f6c65db00c1
7912fd7795aaeb1
7f066d6d01c5c13
0ef3f584f391cca
6d63822bebd88f0
129e1a7d52088b0
a5b2ca1393ba2fc
218cbf818ba9b7f
259afbd75e39c93
a0607ca4f398c93
477af664fca66a5
02e10883d019f86
05ace7df4f10332
130156703551297
68dd45b69448abc
5bb1d99ba99647e
8f96676391700f8
79b5c06fbd45d9d
3d585d249dd946d
50b98640115cf50
a48570376a52369
ad80f7ca9f2b33c
722f8d067e40278
0df5693baf420e1
63ee3342c54585d
91bb12f49e7c713
af00ed2a1b4463d
9c63af18545d4b9
516c18358e1606d
506e8778cad91df
2f55924b17b3b0e
73f5dadba7cf688
760f1837421006e
88fe5df0dcedc20
6e4a249ff0dde23
0ecedd38d296a6c
177ba526cb10673
135c0a80165f683
9ebf77b0e4288a9
592ab4f2712284a
12884e00bfda4aa
7375159779364d9
55351905854d855
66fc757f3966850
21ef715accb21ce
1decb2c50654b33
9014a4350aa6dc2
0dc916c581b334b
2b8981fb9579b26
724eb068ac280d2
6894a5978f7f5da
2ddea046fe66150
46fbda583d4d018
3afbb5a378a5a9e
5359aedcf2f4c6f
7b7ec997812d5ec
65054b795615b65
73500e88241da6e
b22021640c03105
aa1223b0286386c
8a6da7b1ee392ca
70e6f1c4bbfd3bc
b044a0c924a4a0e
613a35c54158ace
5aba280b955162d
4c155f3f4410882
adfdd6b474d1e6c
7cdd2e6ba7bf29e
5e8d81882a63c1b
0fcba2c171376b5
90be3728b6bebc1
01c7cf2b0737c14
044caf3d376fbc8
6b517e2e0a8fdab
581dcd3ec11f77f
a584401ea75c270
1a09f0f4af16de2
64ffc54d07ac515
34a90b91d394311
06c8dd5a61c9bf5
924847d2ada199f
8d64cb75bcf386e
05049aeeee3d58b
af51b334f6c76ae
6596f520db2053e
85d0a98c27788b7
a2a717491f84451
0f136156b64acdb
4bca18fe6801cf5
70b26079ac9ade0
0240c80167139e5
26d837405c08f7f
0b4bfee2877a1da
3e46130bf30afc6
4b26ea323f42230
13f77ff8d6f101c
502101f0f6a8641
4ea2f9d6a561743
506cf40550aaf39
3388144258bb089
46296c00dedc5b1
ab884a13f3b1bb7
01beefd60177a1c
83c43cf9dbd7a46
06a3bc545f0fdad
28afb2abeff5af3
23f4d54ad528a93
97118a43fbbf7ad
59c7bd56dfcfa95
4d5dd3951ffa06a
6efa57016bf668d
2d920f2c389573c
7ac1485dfcb2cf8
8c0455879794ac5
7be52ed72bb3a4b
6e14c8b6171312e
68ff46f53fcc2fa
44c2403815744a8
a7da1a587cf7e41
949f22483aad04d
4d43ad2cd12c181
55a219614713831
4eee543ca58b045
6bb32e1ee17968c
09266de70b7f610
716467b69383e2b
461cd7f96260ae0
957291ee365a02e
6fe19bfc5c84b34
56aa7149eb18ec0
5e11ee616feb82a
71f22d51e61e52b
72964718245bcc0
2bdc25c20ca42cb
4af9418b1d28954
0b1fd3f1391f760
3c9c4e768f13c95
1119b2b0cd8b866
5a37b1055386829
0b57b379064e4b1
82ec0e473d3bdab
94b39a30ee788bb
4074c3418cc8727
6d8d94c3959c2ca
a4cdb222d42343f
9f23d23927285b9
489195db7fdb85f
1b440e16e6a98ab
7a6f94bf4ebb7f1
09e8cd910771216
3f73b759e970794
803d1655bd94f8e
3082923b01d8522
a75733eeac921f2
a4354e9c4207380
ae1c34a0022f84d
1ad995b2e378f16
75ed1a6f2821375
84222b69e1e1219
61b6ca4e186a211
4d2d5dd789ee247
87978399b87ca50
52212fa94d4d444
abbaf7e624bffbc
036be64f4c7291f
a3c01096c5edafc
ad0566c1708bc06
049b5b688f85a99
9118fcdb622ff47
3bf0f8da74b2dd8
19438af352206ba
0ca54103ccf1a3e
3fdf15709271890
2f31f7a024b4970
a7c1d4627e5743d
8aa83253834ca00
16efb7f9a0db376
4e3448193a8eaae
83947bed8962192
11b1bf2d36911d2
7a431e89a067dc5
15f3810d6a0e4bf
7f3ace489b4cc14
837d56587ef95e9
94acaa109e21971
15ec3042a132b03
ab5281d64d0e1ac
81070340746b3e6
1de79213b607f3b
8d3ae8e9f050d97
08269c60b7671d8
728e203f075e97f
24747b892196cae
b098632e99da482
4355d9fae51b654
aa9274c1239b01a
6a931da62647598
94d7609e1a53d50
16cd4152b50b6f8
1c68812a8084201
8fe7e0405297e57
4b0cd4475305c97
6c0d2d92deb0a84
83336b01f187934
870ac9f2b393aa9
12f448e42a10d43
1aeb264e52e5249
39492ae23c6abd8
1101062e70bd457
440a04c21051329
70558b524f05084
6b3aba397726231
242580e1942f1c8
89a6aba2d2880bc
23ce096929ba742
1d42ca5cac816a6
78efbc2384c79c2
53618bdccfcb19d
4cc84765995b62a
ab6d4cbb7cd878c
8ad2fe8ab6a3489
260d5c2b6775ae3
3a5dceb624558c9
a16e1792fc27186
40c14332863527a
3f6717bbae1516b
5e3d043b5160c20
2d46cac6f911526
04eecc7518ef146
171c9db3d1574cf
91957226d585123
5dcacf8b16215c7
7782d820cc3e561
a248a2b2a7c6338
08e3f5e5994b624
9057082d8bf4f84
3524d5d8c0e7060
ab49b26b9301a32
ada199fc2bfc01c
3fcd84640d9f2f2
987c410be31b5ef
685747916f8e128
4dc5b512d9c2e4b
a190ae1c852a0be
17be9c86196997b
22f7b6b53a611d1
9a8a160d99268c7
6db83461f9b951c
557048300424f96
6b7fbdaa0430e3e
66fd6795f08049f
850ac26b08f9078
928ec9e33292c9a
071e5cf1412bc6e
10b378da20c5b50
4976bd908d8ad48
08aed3ee919f5c9
4c239cf5bf4fbd7
211b3351bce7ecd
26af46049d6fcc5
1c0fb40dd853125
7ce7c62eddc32d8
562503e06bb5f5e
38f9330f7780da6
379393e6c821299
0e0895601de6a24
8e0dcb4f19733ea
4ea8a8dfad10f77
2f2c1b4388b7508
382784c4dd14028
5f27c6b821dc834
4b5de2ebc7e50e6
866594530fd1995
0784c68f14a58ed
36ebd885fd4f060
572902ffea4ede3
4725f1f1bc36e77
05074206dfdad03
0318410a1328236
1eecdc82b401751
2355e948591d1cd
1abac5b59c0ee75
441a0e9bc8707c7
79985e8d0440fa5
7e399f5af73b5c0
23b79476502797f
32d8df8a34d5cf8
40a52e79f45bae9
abe60a4e5f84dc0
297009a4a934708
3303b83a4ee7284
890dca1820c6a45
66afbe65850c82a
5ba6ef7543c518e
8f30124fd17a8b8
5055db9b9c57e87
3dac16976064f3a
23a8533bed9bce1
0e15bde93e3e9b5
17b03d797a9f0eb
5751186a6a7e309
5b559b1dc84558f
13f9d2856478873
19ed1b21f08c88e
1c4d918461d1a77
86978619b8db387
a0cf2488f115a4a
55f88208124d327
9637d49b867a6e2
6f7572329348029
577247e1e19e94e
55a838a57fbc0d0
1639bedc5afbae6
4d44a7f36a20f70
717f7247a5ccf60
1b93df39e08c9f0
0b8235b5172379f
ae3aa8204ee71df
40dda8755ecdc62
19b63dca9c8f8fc
253287bc33e01b6
9548f70832994c0
518617543645d36
915de48f0eeb050
53f9d1bbbbf5707
7ca9478acb7240a
a068d17608c1efd
41d0c6e24dbbefb
385d74da6523abf
350034c631190a5
882ca10fcab5a43
21286d536d09ad6
984d09f309166d0
0cd73594d38a72f
a0b5af01792d4a1
41322a29ded0dfc
090eb4e2a37cdb9
9b8c950fe9c24e1
ae4527d8507fce2
0b3d36d687581f1
a284c831478164c
5edfdcf289b1e45
ad795b9287d0a8c
33208aabbcbdceb
a2864644bff409c
8d43eceb0aaf330
449dfcd20657337
1c0d49f644a6303
10cc97d90f59f35
88064bb38cf09eb
737502705c2b796
6fc320b821542cf
07b72c427146f0c
6721c1b33a2c508
297e001d91f44d1
632eea489ab0126
a7ca2d57b49cb4d
579150178af6263
9234301c9eca5e3
5b778cb7c77242e
5d518e254e1f389
60f18038ce44f50
9a2249a28f660b4
1e6f3ac50aef9f9
282fd51f7a75019
2554d96b562804c
831c7c3dcc699bc
9ae53a4e9a95a91
1c77cd64d8fa5d8
8563507e0c21a1e
3bb0fda84c7a075
875bb437ce5816d
27003608494a63b
51d36925942e769
4aabf4d720cb453
1c7aa00bc8a7677
88f05143aa58f13
9e3b421b6f566bc
5a42a643c553d24
4da2b0a3336cf45
2f0b7a46b0fb5ea
11882daca671bad
8389f979f46c3a7
50c48d816462c34
6585f34ed9f7373
3a43ed1aa54c36d
90a38acdae0bf31
94d370344045e51
5a06d0bfaccabee
24de78d7e985282
94b4cd84eb97c1f
33ee1bafde5d1e4
6cba45278c7b538
66f1882159d0327
9d4b00d6fa1869b
287c87b90a3f6a2
2dbc96aa58f1f74
1c418f4de30d604
04abd2d333872ea
33bd975def7f175
3aff00f13d19994
a8fce0caf5160d5
6a564bf4fa55079
a9b4426832a26e3
73d89517a9e963b
34df00742365d1b
2f410fc4db40a47
60216f8ba964d06
63afecf2173d6bf
ac2e8957708c98a
5864d112764cc86
0605ab8aa89a1c0
4bb13ae378d1922
88fad524e64975f
61549aef91d5689
41cb33801639cae
3f7457d3ed83db7
14a253bad876c82
886047f235078b5
78d08ab2a5f2ba4
2e7bdff6a7ce372
59966a1549ad09f
2d1175d40de7b3c
ab54caf3c732cca
186a9714eca6323
89bfd6b4579e581
6ebc4fd78f0ee51
9e55c2b7959fda2
5844decac5435c2
3c6390f0c709110
3ed325e12558715
877e681821d6eea
6911dac4f5065bf
677fd14bf8f86aa
6a484f65131653e
4d9f35ca92ad104
2a53d3c629984f9
acd633dbbd14dc1
4425facc34dc6de
728bf0e0e4048d0
40ff6e3e08fe360
a636feb777f5837
ac3045b43461fc9
11ce326d419d648
a543cf27f20f3a7
ab2777e6d29709a
7ecf7fee963fd4c
aa80a15e3349ada
1b8a3516c0f1959
50364ee1b1ccec8
191da513f1329fd
2fffc9c8c4fb47c
86e8b16da653442
25e60133d8fe1fa
384d6c6ccd3345a
9f7deae0bb59dd8
79c552f4c49b940
46910c1417b703e
35110e8e9004a84
0ed663c14657e4e
9185304ca0fad02
23182a07ea86f91
a73c05472be2341
a44ef243958b0b8
a81336ff6771d43
24a4b7f4fdaf43c
45078b2f07b7fd6
9d7ee1d384ae83b
058626c6880a531
b293edade2ca9d1
019179d3045714a
232d4997d05242c
abab04cb5ee21a5
3359cbfb1c4de13
7fa20ea42701399
7b8a7a2b1fccffe
22545636ffce732
8967ac3ea3571b4
0a1eb079cb58a7c
637b1acb1196d2c
0ba3580d7d4831e
5d6913a94745b30
425159c0ce29fb6
7126287b744914a
11d8d3f0c7afbee
6665881276e4162
8183964f2944659
911cfed70af70a8
654128dc5e98c66
8c0ab74f7c50951
5d94abf6292ef5a
815714214e4fa03
57775e131fe8f96
3efeadbf0e0092e
841b21d9874198b
75ad77272d53fbb
ad8fac533c8739c
5442fee72aae464
af798901f9109f3
5354c3c80f5e763
989228a8225e983
5208148f7907cb1
286e4c47a733678
27af1072310ec98
84885fef58834cd
125180f370100d4
158ea4d7081d27b
0b925f10ce4b57f
4d2ee09c2e8c032
5fe2ab29314be55
8f0a95c0184a48f
5e0af3ab2fcddd0
9246a220c28235c
10a43e8d2344223
7a07d61dd6b7177
a651a6a183e3f07
020d351e1525f86
5390a3c7930b342
2892098232551f4
a8e2431b2fc3927
9bc9de41996d3f8
afbd5d73c2de3c4
addeec37df47cbb
234d0edd71642ae
9656eeb7c76226a
2b5d1b2c009f8f8
2c3141253690eb6
88c3e80a8a6d287
3b51371608d73b1
7cd3a41945fbf93
849e4033b6b8113
2d16a00a65eebe3
09b9b291b3516a7
5ee3b876bb2eeb1
58e635caa33f57b
79ef078be918682
9678b76100f8c67
8560798fe930d58
a55edcd18ea8f5a
0a84edb0ebafc72
4ff2a1b476a8505
b104ca37b512fc7
3dd4f52928f3278
3c5d1239c7aa0bf
afe494439700392
2ea64ae58c00270
9a2d8e27bde6511
75feb90f31881d9
4c2a5e1f03a6a8e
272ffc7a553a388
300399f52175763
a459d1255eecc40
979fdfd63c25b44
a24224b925992b2
058b1659827ea0b
34e1b9f6f6ebd94
5416b58c3290431
062820e9a0f1734
98c8a4e1cd86ef5
4a622feb369a4b0
8aebe606092929c
2b0d256595f0992
95aa1916f5a89f1
605853a6a3921fa
0a04557bb745c89
36e392f7dbc94f4
a7a6633511ffc9b
1eb76575ffc0bc0
78365aa3b60cd06
9d54b6bc1c7720c
2b00f7cbf1dd163
20ffb8f887dc574
7d5d47367188837
17c35749936be04
268aa517fd41dbd
670e4576a36df2c
1924b54092112ac
a94e52a86cdcc94
9987bbe01648564
2cd2496089312fc
211239bf758ae4d
7ffa7c528d74fbb
4398c419199b62e
74dc08f1eefcb39
5da6728bbdf15dc
7677231b193946b
7cb1a350c6335db
15054ce708da8dc
19323d4226faa44
2e7dc7579aa7fd1
4ac6aa99d76c19e
77a696c9383230f
92d4d2db6d0d8d4
9dd0c5d9cab4cad
2093b8cd27468e8
7a630f2a2b34132
9eb32f0b2360abb
7b4805195cedb20
6bf345f1bb6e87c
3d372a7c01028fe
8261eda6f94c21e
60739d0ab03eac8
7c4f2f17b572aa5
5a5c5810089fbda
6bf8e145d89a598
91b5afc31b5dca1
243705866035df4
b13c6fa8fe239a3
30bf6f319d2d71c
03dfc4d64f35741
76617b9d2dbc89a
16c64c413abb803
1465fe62b442729
851c210b5df0f28
27e3677b5b23852
4cb1e8499b6153c
a2ee324c24d7db4
a0ce4f57f43ce26
080549f49fef2c4
523980c54fb3dd1
30ec4f5c70f12c8
471c38b7ac428a8
288ca54f3147cec
539313193c1820b
29c558999f27fb1
1ad20ec03e32fac
5eed691f5f4e0f3
882247bb999f6e5
964abf011501983
1019291bd3186aa
b1d4abdc4108256
24df2c50f8012be
9c8cc8dbf470477
ade47dee3979941
a8744b73ac9d52b
6c05743631744c9
6d82cca27c45c33
a5fc3b6de2d7433
6cca2d6d6999781
90cecbcaf63444e
1f7f2446c5e9509
89b69c1b511f936
7db68fb222ecdff
7afcae232edea5c
aeeb5d646f4defd
3c59160c4f01dbb
a21cae4a4c972ef
3b13ce497fb7bb9
a38b6d36420eea4
729aac9177132bc
6030c9787a49479
89a65ba0b2d2aeb
03dd5b6b82d9940
68ae803cfbc03fb
a6748ed3b179631
99c3ced9a00f186
194cf4f045b252c
7e575c60f84497f
86fde32d4ccdbcc
66834a17389d98f
8526d07e27c7cda
3efc2758068fec7
5f6ea0d3771150e
25a488d2b9551bc
4e01d66ac993aba
60b5694918fdef5
72d72fa71a7a534
ac0af621129474c
7727431f9863a50
91b21f42131d2f1
05e45d2c190db01
5ca25be5f2dbe36
603b6e8d0f35497
2fa299588b718d2
9ff2868da7714cd
a704cd8b4f16fd0
4361c21c9e7649b
b0869b7c23c5c10
6f8e301165510eb
290e5d68f416237
82d5ebb6be7d068
2a5b7b832d3bf00
167ebb7398b1fd8
ad4a92e63054f03
083189930e8962d
090d7bacf7067dc
9b6887f3f4f01f0
848087f48198742
58028700564f851
b246361d056a903
4b208d5e4db5a13
52490b01ded0b47
8a921dc4025335a
59b2cbea4648d3f
