000000000000001
3a2ab440e36c5bf
8bab916b509a2fe
68e9e4255c9d0ac
56c82075afbd26e
41f9859f0d00b84
0efd235803a4fd9
160be73a3a34968
30bfc34e67ca4d0
3f1cc02d4a38cd2
557d273e418b827
1e13cfe423b400e
715f7c612d26f79
39e3894ae4e046a
25326d0b801eac6
171f7905b29dfe0
1ad03d28f9b3738
1f40cacaab6cd26
37fb91c2b3ab7d1
78c4dee7ba47866
7ea0d97d6560dbe
87b66d59b66fcb0
923b102d747c314
65da07f0d203c10
80172a09f1a602f
93d69a75cda6925
07c26597b222e99
7d40303e9302e5d
312897e67e6be82
9a1359ba120e6b0
90d13314d08b871
35b57fe8913a4b0
699bc2e6a6c69a4
135510c8f79dde9
37ae2221345711c
88b325a56a78b5d
915364f3c46d0e9
8f0228d4e31953d
51488997e3e80d2
9ab5390e75c2a80
120ee5910bcc6bd
06532ef57b942a4
333b4a4026bd148
960b05fc2320366
333119762c73eb8
44f4def357e5570
8b4d46b3c1c9e80
1a628623c305e21
1f5bf517f4377a3
77af3d0299b41d4
813f17b14528cbf
3d8d15881ec574c
0a84610ae9dc218
1932c66820fdc5a
3a99bdb86a57e82
3ead406c81bd80f
5d3b733d3feb2c3
3dd1e1c35ade409
48dce576a9df030
810a5eeb75808a8
22c5aa5d1037995
1aef2913ad7fb37
8728406c111eb0c
81540f8ba6e6790
6c0200253797088
1fc0fc347ab05c2
49ffa0b74af495b
1837571d6ded2e5
569333ff5372a70
99cd75e8a794dd7
22ce35666bee51c
30d7369563840f3
3679070525c8ae4
1195220a5d1e657
0fae86b252605d5
3ec0321e594b2a0
36423156c356690
7d2c3fa73f7ac34
94a994d950f2b4f
7c8d19f5e534951
9bbe6a17e4cca04
5994e0984aed8c1
485401049f1877b
54149b8b7b26112
0f206d7d61c67b8
5c22cacba020e0b
9adde00f2b061c6
0183966e3e76705
6427da531913d95
66475396daa0587
882eb402c98b59c
65de9c056239e78
6106605df439014
4c548be98c56758
8adc155d1639bb1
114f0cba241695c
40c9162b676212e
9578d078e8a0710
46ea3c2fb87f1b9
1ca8497f42165c1
82faed825c21480
42d85faf41f7db9
4da86db102f1ea0
3d09c6a8c53361b
1dec738aba780ce
03f2cc4ad5d4087
52395e1191edec9
7e1f95cb230754f
3f626345203606a
83cb8324742bdea
429d120b982fb4f
142fe2882757ca5
0a2fe24c0bae5e4
62998ddf56c8b55
36dabe94e4acb81
2e09b2bf526f176
93a31cef7e8ee4f
82140f198e53ca8
019c4959c3721e8
94cc4e4da5992a2
7887c4b87bdef0e
7fe102818305d53
13742cb9dfd7789
491bd5658f88601
4765f6d4652197e
6d73495db47f8e0
36ecb0a64aec16d
3fff27a84b80b7c
009e837c55509a0
6f38780da7dd08b
5da81fd9cf6b0ee
56c5ddf4323d053
9461af68959657f
50352d547ad6256
60858641a789303
7d5787e91828762
5cd57a12a33d99f
3a4a76d346bd475
882a0b3d90b91b0
9c0accca1779c8b
0773032bbafd6bd
4e29470e59437a4
6d0eaec16e138f3
8098f5233525f97
72a6c10aa54effa
10797516e53bce5
5f3c944cc897e98
8afaa42be35d64d
94c48021450a824
40300e0a0a85fb9
57f04c1bce04de8
93959dfc2d58f02
3ceca152cf9c812
14b84f73a559310
6acd415e2e1795e
1de7a8adec948e6
230b37fe797f4e7
42c226cc90c8472
23e5ddf3af75b23
501de3875159ad0
81f8b3da733c5cc
7f241b279af927d
463ddaf090b2215
562b859fa27ac04
58aa36c06eb0c5d
38d77aee4cef2e8
82c00368af544ea
52adef77a36b9f3
69e51eac0f6ce36
41e86bae2475dc2
9c23312061a72a5
71d156bfd221f92
85748f9e6eba399
6f0d22bcf68b433
29ff69fe3a357b5
0ae857926733624
76e3d4076cf87e5
981fa57ccc5fd34
72de3d824c4ff36
56ae5f4fa22015b
1340ca073bac77b
1bf0a9e97fd459d
02806113c843583
2dec780cf1c1d88
7e5d16ac512186c
6931de225c42665
549b476a45ab6c6
474bf09d9f94005
528ff65bc702d32
06144f44d6b66fe
62affe7a418b259
2b53d36fffc4b2e
6cf80653109f4bb
8b8c3669470047e
1e80e7db49a7181
7aad3e9e76cfec0
4e3038465aae361
1a7907d996f1b40
313066c4d4595dc
92df42effd0ea7c
59ce62b67f03dab
7bec7386ac07811
729893db7e72273
183357430924a2b
49acfe3450fc73b
973ec4e09106a03
802bc92fc447cd6
5064b7ef00f6213
6d37703e9422ad7
09c68d12b4a59c2
01fbae12b32c8b1
61cb516e7121c22
7f80c26f9d60bfa
313000a7202cde8
6b712596cc7ea0c
926cce7b09ffbea
8f57202ced7e8aa
3a0ee98c3cb2d5a
72e2975a931abfc
04e7019ee13a57b
300e6868a2ac0fb
40f424a612e4739
491bd7909fd386a
94ba4da2a7b363f
76f80dda5d59edf
13b90f1221904d9
3abf42c7ee27a31
754804944c63ecf
1c48ff7dcea91b6
26f43beebed2465
7aa52e4a1caf5b3
846e1ab5ce7c72a
470ae3d5dd8c2b6
49bed9e79498b00
092e9bac081969f
7ab00fe71441597
26a2745493516f6
7328164713db358
9b111242646802c
092ec89b5d244f0
3ffc767264ac927
8ea10cc39a955e4
1854709b0ac29e7
03d0ea0127d5551
2fe6fc8e518d054
2f9a315e40bdda8
6c75ba0457820ba
2dfcce1e081c350
9003a45f1627dc2
53cec1dab5a918a
8a8b5c5be99cdd1
6cb9ee9131df7dd
1403cbbc18e075f
8ea2d2d1f6e1849
0425b7fa2844d53
3bbe2e0390e8e75
8e187fe7232be9d
8a3a7faf0e4e6e2
1b1882672a93da8
0ff5d87e86647c1
24c853778bfbcae
94aad96f2b19fb7
6171a95993a3e29
70ac3f4521ff3f8
640f2f3c4a2579d
92c9e46f53820cc
4956a14fa5948d2
2681242cdb32294
5a51af2ba76dacf
49207410946cd5f
3aca052df05ff8c
91b1baf20e745bd
9145c32f392ac4c
152e5d22994cfd1
81a5400cf2831f0
7089ef9e8f964c0
7fca187e514a203
703b6940ccf78ef
24c2ebd23510812
2a53e49433686ed
8ec22291f1ddcc2
5d325b752a14e26
0ee860db12367dd
7201faf6abac7cb
9890926ea056b56
7e19ccf99c1f489
263ccce5277aeb7
15ad8ff9213db78
0f824200e495dd2
1ac56daff78159d
3f47d479b6992db
2aeed5d0c6d176e
9368e744a3dfdda
9643dc6e2ad9d59
08ebfe7dcc3aec4
8f1619bc98978df
6b1e5daba3068e0
8c742da1a10ec2e
423dbda7ce6d10c
7da622a89333ca3
6a884bd8773aee2
3114983b608f9a6
0c129f5f978db4f
99655092fafecaf
0296bb0a6e5f7b6
6fbc5da831d0ce3
5e2f41cdd673d2f
59bcf2e76f4bd79
428a5b365de3fdf
8ee2e245ce1d647
7807f875098a3be
0925db8e3f92341
8f23bc10f0a8e10
9650861f3e34229
7ca23b2c1181ada
1eb2a0bdab87a14
4781d73098ac2b4
078a858720215f7
36eda4a60962d10
0fc98ed57c04947
0005065d0ae02e8
3cd87190deba436
9474f16a763bacc
64cb3bec41c033f
6ee9c7c6d3d5657
1d935aab3d165a2
40a7172fa1922b4
392bc9450f3ec01
4dfab5e75737cf0
1b7372361e07015
6b5bd248500fb1c
60f22ba599dd656
4a3b5f2fa29eb8d
3a638f7293bf08b
7ec103d072d94eb
4a85856efa141d5
8ecb5b2f765d0ec
875c15167d9256c
2b111bf57ee3215
6da2b6ed1078cd3
960381cb2eee05b
4070ac332839071
493837556e123db
57a0dc195ecc62c
291de305d1fb3c6
07970f6565dd9ff
78ab2ead3570113
30d67e62f71b0e2
7cd7906fc514dd1
7eb12bfe0e87264
045bd94bf5c0f74
1d64461dae315ca
349c423bf67ffff
3f5041b7be91f06
1d94eed96b33f03
4cf1f4e699b2f9a
014d2b8f9473e54
36d4997ca1f0826
41ec761fb6168b8
6890e33ba72d336
367fa924ec416ca
8f97b570a9f544c
70ad30fa579c802
4830febc19af5e5
4d91174b0bf28f0
637c7c2b5f1d738
5e5538b274b32db
55b81a87bfc1d10
422a9b77ab06810
972346667507d73
0c45f9cbb012b5d
74755b28cd361f9
4309fb14d75f3a3
3bfb44cf75711a2
6da87fb86c863fb
2f87e74a6171376
21ceaed50e63924
9c64292ca5c97cf
558bc6ebb828f68
7768109876ff11b
39e6642c966db4a
82a3153b7b986dd
1304b8487104fd7
2cbe220a8ebccc5
0c02990fc31c385
264abbb2657bca1
1bff7819000c28b
7869fefdfcb65eb
6c9a0905900cf26
79aab4fa64587ea
2f22fe33770bba2
44b4498d6cac1a1
38b9b71361a2043
2580ec1a7dd9388
9329991a6c87eb7
7c2d7663f8de389
5ba78ed3d707306
87aaf923dccd2fc
2f83deefbbef4db
97615dde5e00f88
68551baf2f91dc5
9b8ff0db0139649
35db09a05623b1b
96d2396789cc2f0
85f9e0d7084b56c
32a44acdec60c14
3d8687857909a65
95065b4f4b501ae
6a1dcef596cc74c
6ea270f1cae2bb1
296034cf54b8719
44e2756a4ad4d68
0fa3183fa8f524a
33f004935967c71
50160962feba1e5
7bb931b5adc88cb
99b1b6e22336f52
994941c11fa4bca
4e45d2fedabe538
640b10119940490
27ef06e6d759ccd
10b2497587ba323
72a18f8913ce5c8
3293de938c77da8
99b711258583608
98826137325ad78
8299d0965217a3a
492eb90bed125bb
9085766a9149c1a
748a777924e4760
23103d3d1abe46a
3a604b0370ade3a
9b7af355a6fc3e0
70d157594c0cfc5
282569ceab5df46
7dde876ba639389
1553911785a809e
9c0eddbb2838679
76ad06df1d88c0c
531cb53f2771c6a
5376bb65bea1e8c
1bba21a2f26b944
8fe474682a24039
599d2b9027c0d66
2620c9b246f8c75
1cdd340bafeb93e
6c07ffd1a161e5e
5aaf7d42c6c1da8
64a64cb43054b85
616e3e2436463bf
93cdb33f981149f
5e7888452de138d
0220414fe61741e
0e47015bc4857c4
657a2011c34e346
6d9b613a537663b
8804d44a9dd4f0f
57f43e8e17c7e76
3803396abf50dce
094972e5d5a4094
2cd069603bfa820
78252377db36077
17567b00b081334
1edb14d8a877e31
873d292cac0cfa5
550ea407c2322c1
6655446d55e14b0
08779afe4939798
557d17071cfbaba
52f6933f528b4bd
59273c1ad29d2b6
2b2f0d7a5be8479
7e4d2c78bf60af1
3525df89f855cb0
8ccb0f91add5b1c
19d61a28108aa8d
71c1f78f6e75621
4f6ae143af92050
49454e63b1a6e03
434da313ab5940d
620aedd20aef255
5b346a29220a4cd
199591a0c6051e1
3856ccb5194718a
21d33635f9e58c5
365d39bd1093404
46f1484bdef1cff
4ed6aab8f5b8eb0
50d5fc693872db3
5b7cd54cdb46524
0547ffe65e026dd
3dd1824594b6d86
2c3acc2aa8a161a
2ea7ecc5e2e8318
0f0176c14fb64fd
03b42fa75177e76
17155f43c140293
952c14ef62fa7e9
3b1c81b7a95c43e
756d992338e344f
7db0091542d5625
60b236fe597db92
963861ef431f6d8
66c5947dc0037a2
7d92a72b7beed56
19d2fcf7b7505e9
9691c05ce709a4a
88b1cd9e5f190a9
959cafa51feb0bf
7169febc1c7dea5
13614e78f888247
521feed796d29fb
1019a9106504961
6dfdea2486aefc1
1c558b23b281a53
49134a3e7092db8
23c188da0ed098e
1665d0f40c6a3ae
81da27cd1592f07
1650c4428afea08
36ea9067b9786c5
04dc12d3ff107e7
2273099228e6562
003cad116ae867f
8eea5b7ff047d13
2f319d123873cd2
8a25285964237e5
36d948798d717e5
1246a58f7432b68
5b73f2c1ff51f3a
164365c471ceb04
16dbeb0d51747ff
5e93c4790a07286
39060b171f47417
4804380017e10d6
31010a0905f1139
67fd3cae9a2307c
97533680ba4e23e
7f9ebc2c01e78d8
5bd762ad617936b
765e2e75a386d6b
2ed1bde0683f060
8fcaa6f0b52ac1a
91e43104b0cbc08
02e9d882a6ef651
399b0cda16e2d26
9789673a1a87a81
6bea52d0f46f8ae
2ed2ff951ae2c07
7a743683b05dae7
865b7e33cf22e90
95807e8099c227b
32d1da11127a5e3
70034c2854608c8
28f917b684b8e7e
9a41302d9879023
6c25b260ec578da
361b2cabfbb0458
99a4d058cdc4ab9
60cff90dda168ca
8673972165ec064
5abcde0def35c1d
41f59a79d95c75c
35b6f984d006f33
5a4bb21da13a15b
5d8c23b346f5c41
0c9116fabd1eb2b
2bb95207bbf40b1
073fc79add751dc
60f0ae644d38975
7ba6dba6d24447f
1e47d23d3d36889
763312c599faa10
13b0bd7e523d14c
2d3345e75868de7
11d832cd60f6547
582ab079f6a9fe0
0379cbba1a91a65
575a0fa9c14034b
8f51149e85d6a7a
9b3cbf0ed14c20f
2a3f45d29f00ba3
3838d2091f9eb73
40571b63d8e276d
91c41934490471c
1d7a6f6b8e31dae
71627b730a35299
7f1cfc2b44706f4
8651be01f49ecb9
87bfbe64e583e47
328712962574d8c
1893d801f844064
0de47442cc2b628
050699ea33dd293
651aa2018a63c99
25f5eeffd9e83ec
5d74c1c62b25376
0228eb85dff9989
521290db1212aa3
60653a0a3fcfcd7
34b994fad35d58b
9569c9c8bb9fb12
7337b137b539b20
81814e0e4489f6e
870631e03a293c1
626a920ff51c47c
8d8c1cdd8b6d0a9
266ede4ad904bad
85f6efa7b5a205a
2e8d527565b38b5
82d0e491437a8b0
7caae3f8b7b10ee
88905fabef52354
8a5d0db7efe8d08
1a02ed9870e97f9
06ca63849334481
4b47a58c8c32ed8
83c01149d84e631
4d63660e8c8940a
721165778defc9a
62abbaa8d057a37
10b05592477aad0
3776217fbf71e35
086f1a0d6ca1a8f
0a5b5f285a8e367
41a8a949c4da197
17b57ed511d44a4
19d58160e17c414
38f2f155fb16989
171569088e7f9ee
440296301d468fd
727013f3692e26f
872a84de535d164
04a07ee5708afb9
5883c388f860b24
8ec14945041b3d2
39c76704cea68fd
3d85025642d6643
94a0e4024be5eec
41f26e446499946
7d416dfd74dc3fc
25dfc6737ea90c8
7319504c014e6c9
0689f94b19ad20a
40a89fbec023e27
7b957be58918b82
970c76556f3ad94
53ade36f3c4f2dd
5dcfbc843953a17
855493460cf9b1f
3945bffd971c366
7f3fa0fa1c321d7
603a2c79732c124
0e8a3fd0770c39b
14a789fa05a83c2
92ab679eb87e347
5b3b02949f9242f
599929ba0b7d147
312bd3162db7d13
73e4499101293ec
895d1eb54fa8289
2b2363834e74e65
029244ef9e4add1
89db30646e13b39
94452193dec2206
4db2b87387d02c1
7e8b275973cbc73
800a622c5f68813
28ad6855543575c
6c46bda155fefa8
14ebaf50ce18e18
48e22bfe0484bca
0acfb2d927fb91f
03f850686338b8d
730704344d0ba3b
8b43ffc187feef2
4c07feb1a677272
5e601ac763f182e
08f3c1b3092142a
4dd8d4d5c87a273
106b7538239b6d7
45aaac22e59b712
7bad07acbc581d5
675a2cc59f351c6
2465bf41012b4a6
5cb7196dee8218a
5535c77cec806e6
5b4a90f7f863a22
3016b0ac1ba4cbe
15e7e80d50fcd08
60b34d52d40ba73
35527d6878784c2
7580cca4bda1dcd
00a78f5c60c5a7f
86c5a8365a3576d
4fc51063bf2632f
6437465802fc95f
13e9f8ec6fa0c4a
2cd7a8d72f41e76
32f886b7271f6ca
41c030f4ef7f2ed
0693882afa81e56
97256456f62dabc
71f8b4a1a206e84
1d2eb18b3dbead5
9301a7651b4836e
43153be5091dd73
99d0a3771dfeb15
6e91d19eb8c9627
5eaae1cc0e9085a
9716a63a25e9097
382b7dea2f0614d
863c1abf4bb02ff
7b5704656f21b89
93be2e143003506
215e145b2bd8563
3665cfb05e52ee8
42a95816fef17ad
33a09f976c1740b
20c11ddcd96a070
0f75c80589b90c4
2a16aa1cad2118b
20d235567f2bcd8
7cdfff672f2a301
3a729717f1fa24d
865ca2b3101c5cb
3f5681ec464f811
84990fdc5aa6d76
3872d1c16832d66
7c52e57134487c7
2b316ffe01ece86
5b58bb7c1cbf8b6
63ea596c237d8f1
5980bf2fc658d43
23859bf6b226edd
34c759d2ad1149c
90be00d403b108e
81d8a64d9ed1e5d
91a30e315f5988b
2e0031b947ca12a
2913012b4ac83c1
976ddb504da24c3
2a6e9683556de94
2e5c2beb138c4cc
87688a122e77109
2e15a5d12a5eb72
468ceb70442a0c9
72fb012513aca85
7b161e968a6c85d
4b8c7c21a59ab4b
1fce48bf87d77ff
7ca80d4d5d0e4fd
687f7d6f9756549
1faa456c09993ed
4d26cd2b053e98b
7f3ff3106348172
2ce51ae506fa2f5
0fa0d9cfc1b55de
2822edaf03a58b5
28010df5cbd50c8
1ab7d23710ec27d
0f8a3d911feb0b3
2476ac8802a64b6
1431299621461f1
7bc4bb5f1e1f6cd
5c59df68a234dd7
6c1e9c4f404c3a9
6f97190bd78f2d4
92ad79d0021252b
0487c2e8e1e43a7
05c52c1bb578abb
3422709c687ac50
1613fc724717763
1e9b84ccb4cbd63
3ef47c2188ebcea
039dbc40d57782f
2efe9b9da4d0906
11efab1bb21cb97
6f482e0f4022103
2949cf56650edd6
0f851957b67134c
311c415ee6358d3
2c99e35612729ab
72c804b8430ef9b
2251c065ae53ae1
52f8711bd444a82
176f9f2bf429ff5
6e562748267d831
63dee5779bc391d
1c0a4dfe25151a7
5460f3b7fc9e742
823ac176a64d790
47ea8928230acde
63f3050544a6b24
866f473b8bb625e
0b6e52a2d07e1fa
15392bb64b71cc9
1bd1c03edde5569
46a0bd668a76f24
2bb263225b6f6a4
36089ed67b7772b
4fef841de1676be
848c36b4a62ebee
5969ddecd9a7bc2
0e7e4a9f255ed3c
87d62fe237e909d
09b0ed3b749b43b
971b8e38e15c81f
9b0159d6871bf91
224bb13d597c752
1681e99ee203b28
8525e49a9af672b
60e7387bda96873
5ef2a7929c0cbc9
48a8c4b4172ba4f
956e840cb5db47d
5e46752abdbf7cb
19c975cc6e5f76f
42165dca4281b90
1b8a20fb83bf5fb
456e38002379dc9
867bff76aa0882b
10643eb9d055b7b
1ff4ea60c253bfc
05ae81f61480425
8119fdb14417556
7c64b0d2450c0dc
2f66b83df9c53e7
6a0378bc2888444
64a07b5145e64d9
7239dcebb5d0376
46325826408572c
665a67d2b92af91
7da62bd199f7740
948697467d5c60a
15cbd05a3bf529a
2ff9d879793e18e
1a597f1883f74fe
42efbddb3272f87
7c8e29f19670436
6f13fabca0b5d8c
211f81b265f3290
3f34001b656c8e8
6dfe156b3ffee92
5391c4b79be5136
356fd7e542b8a8b
5e5f661c36b6f55
99b3b895412bc7e
38dfd38858ae379
577707420b1e962
6f4e4a16f080342
5fdda511e0d6cd4
1622b9d5f14536e
58402ca7cef4c38
1704001c781b5e3
123163fb9707115
346430e244b7042
16aeba580769ca1
0656e7dc2c251c7
4379e0d7d8c52c6
3f48e305884cc06
99f1cc13c58a5b8
054078f560609db
510c4fabb67de7f
1deb61512640522
8e2a4f70ae9bbbe
15f1a37ee59f19e
955447f1fb7dd84
6fe9b2bb94b7cc8
94a1122ffa8cc00
7653416a654f175
4e6ed1bef24b6ae
615e2501716df7f
534935010eaebbb
3e0dc678b1e026d
88210bd78051054
267f8e57a9b1582
1f35ad0335dc4bc
8c620e824af9843
94c1cbb3a901653
7b75ead79702875
2033f7f3c3b188b
39bf2062ee25a37
0fc0b1e3dc82f09
212685e8a94970e
0617108630d8b69
7cd018329d604a6
14606bce2450dd8
9830dac732636d5
35f3ba427bff487
7d0349631b736b6
2206e316ba2b799
5d3d098ff784116
61f477c6074c6c4
84eb09b23440185
9793a9abac969f5
095e7d3fe44d093
6ad65d28079a59b
8fbfa27114aceca
8f677500e39bf0e
7593e38b6573aee
1c0d1ff65672454
1a76543624d2393
427d09ee26f8fd6
3d7704d2d6a095d
466ab150e588936
50ef909d7212083
66ad298aa6c1221
46b422331a36128
48f3d3206eb3a07
1aa667af04a40d3
12245b95c1782f2
82ad4987c6a7bda
83170afc8f7e5da
01bb7edf7b7b26c
5d7b192e214893f
9ac2ac0e3de1cc9
5c90b01a896f183
346eec060447a45
2c04ae43be38d0b
77a04a919868131
15ceada2802e8de
86c14a379e2c6b4
4ac927d08f66c8d
27e47aa82828446
05ce68d1b05bab8
4f1eb1bf49a77ef
99b43d54fbcc0d9
035eec5b2552a1c
8c45822320d2bc2
452843fe2e62d77
0e91ec7f96c5d72
486c91188bfa0b1
9bc1f3de7136092
251b4823e27ce37
8965e2d850b5011
7e8bc106fedbdb1
8fb316c43609d73
2e8cb41ac393b03
0030f15bdebd09a
1f8726de30906f4
8b9d7f12ccdf895
92f7fd27c812ef0
09bd7adc8cf34c9
843a2827d02d809
8469a9e6107ddf6
228251fad56b883
16f4e42aa0aa5e0
7550d73d43d7d60
73f6dc335a49717
7de30d8a642adb4
28ea1cffccaf73d
6da10d88255ab59
77c45453dc20a52
9b572247987797a
3b6f3b740b975fd
7e13fa9c626ef65
6aa9ade3ad693ba
054bb7af14b50fd
6bab54ca3cddc87
1954b0e1f61c1bc
3a04924d03fb94a
67f1b2bb2fe9d8b
4cbc1b1739e1a15
075f5a2dd6546e3
674b5da626d0a78
127fd28bf2efa7c
06daed57f3caa41
5e997da79841a95
0b3957f9e6e0cf6
42748c88bca723b
06a728a85a37f13
11184e00f6ebb30
8e561827a262556
7a6b4913035909e
8839a6f17f1dc0d
3e8f0a60608b10b
4bcd5f4f6fc04f7
48b98fd940d9bb9
8cdbc2afcb3f839
13cbae24550ec32
3b90f36958962f0
8cfb04e4ebf2cb8
1a6a2a678a398b0
10486c82de035bb
961416758a8691e
049747bc62cc21e
0bbb93dc2bc2165
0c411f0e494c64a
0518a7ad1b804ad
06f0730da2035e9
44f1f6f48237495
07e8161a82634ac
118063e16295e6b
02ea79de9f703a6
41360a34f559f80
743bc4a838f9053
3761e0dabac089b
6c67d7b23477915
0737e7174d051bf
3184a25d50b9c12
42c771074ad1ecc
17bf3205327b43e
50320b431d2a4c4
78757619e6437a8
516faaf480adcb2
49e58fac0ac58a2
643a869815753bd
807216a238c4782
18d8c48e2295317
975bc32fab7ee05
0430adea7c22a0a
61e3ad93c32dbe8
09b53c0dd805c76
9576c3534c28380
548bab4f1b3fe1f
1146e34548ab482
4a4297141bedeb7
81bc8f4a9b6fe85
79a5353f5b730d2
4d125e01eda13d4
179b82be8e87a8e
26cc4168c580e6a
1f4aee9c3eee6a9
9340038007db96d
2a051663132cc0d
52dc9427e6274e5
9b8704bef6c4aa1
9aa9691caef996b
8bf6ee0718dc830
12585fab07cceb4
7bf2df1c9fb6649
98e9bf5be75fe3f
5a2c5ca2f91ad63
10396bc619a1cde
53feb976aa50e0c
2105c099e194fe4
91e066ee815a429
298c17be97197ec
8c41bcf34f1cac9
9a12252cdbcc545
72c11c1faef763f
0d6c87c587b62c8
58498364638a3c8
02a19750ad01458
0f7cc97f6a4a6a4
496ef40234f1016
0ca7d748d6e4cb3
6ec6889c59ee7f9
254f4ba3420192c
26e605581efb776
684c73c82aac2ce
79a5e7bc48e7cb7
8da87800e3a9ff8
9a35098fed59eae
2f567a67db60b23
49c4b02c573cee3
09fe311b1244c64
22b836307612951
49e77f3b9818fe1
5cdbfe748698671
970f7c0a3b72e89
8054978b4d0dab5
2db9fcb3baa8932
63c7b773fdd3199
213a2fadbcf6dca
597780e5570b658
9923811a9cfd249
88d654dce504b30
6c966115ecde575
97b08ba18fae602
88855b345fac06a
23a863afd041e33
34559552c8ba2db
930161efdb53ffa
5e320cb5c5ae316
8db386948260d0f
003aa8cbff48d2e
32bf0d64277481a
714c3e5fba31d4e
4070e1c50494929
1b308fe2c7ca15d
5b2357b7d9799b0
8a19ad50173f7a9
14017a022df7bb2
10cccb7e9418471
97645588605045d
785a6aebc72e627
0dc6547108d3bb0
393c4d7f69be5e9
91bba0a81aaee9d
0430eb5931fa335
64c147bff80fada
64bf07186fc820c
3f19fd45e3a68ab
974e2e81b9ab052
855068c43a686cd
5f90b30c7280da2
6ca6718c2d38b6e
8e0984a286494b0
96daa077329a760
0401952cee7e0f0
399d7c851a914cb
02be962c5f8590b
4e1c6475985d6c9
17f069bafc7b821
5a61ae3266ad36d
441b2fb5e31be78
36812c070a6af84
58d42d164109615
64522c2234bea4d
9ad81368e60f8f4
482ff0702a5deb2
4597d4aec9efae0
40947f0c970848b
340c69b1d125d54
45b68f8704f65a8
820e14fc1f71264
0d7fc647d952d77
687e67a260031cc
02c4d5319234127
8de641644744a57
86b1b47533b8eab
37653e92cac5d57
7878c53dd1cb4a7
6b2364292615736
2e9e9e42cdd9a6a
5540ddf3e1d57db
7f900c54f03d43f
47db4f4d53275bb
26a9d9f26cc5970
128bcbb9d114ea1
15e3b440f1721e8
0154a383c2fb923
2c8ad92337a00a1
21b9a9f346f4847
2aa697fa6c9c68f
2127c0673649c45
2aa19bd14fa96fb
799e84c61ea530b
6e9237609f988d4
867300d6cc08916
26ab1d458056255
6d696532937a1a0
7b19fb729f80242
6fd07e0defbb34a
4edb2a87196479b
416932595e5dd0c
92e8e0c99d9165e
09d3f54729d15d5
89f928ad4325a86
9587664e4ccd2f9
8839b747a17569c
4f9412a533780b5
1fb54bd4c873a99
44e366ebaf54e11
08753fa1a5776fd
7368e090d4076f8
697ce357cda3999
7108f7e37aa7c3d
434973657f3090d
1f72e563a1b656f
2a0a810452a1a8c
21b8459e0e779c6
94a480da746181d
09293efd7f9619c
4031fc646202803
798ddd7bf017fb3
5d377d7c74ca0a9
1c2471f6950adce
581422fe0526ea2
338e33a9c10ac25
167d951b01ba4e9
4e4e5f8bdb1a03f
4792c8e1d618ac8
78e073b66ca4cf3
86510ecb770193b
91ccdd2b2851db9
98e374291b4b2ff
00ed111f0ac195b
0c0d59de8af18b4
49f2198090cd2f8
7729d850fde63df
2bb0b69d7d61aa0
68bc8e97eff1f3b
0adf48e82f608d1
7940786261d83c8
7940ef0210e5aba
5edb66bd83b3536
63af12464832f06
952dc3476c2f55c
57acd70736b30ce
638bbef95cf57c7
0ff0b972a53a62e
05f2af8e7936fa7
9ba6653709a367f
9764b97ee5c4d54
68eb59ce3cd4742
3fbf1daf02d183a
63e88ec0bea7f4e
9059f35177b89d6
1772abd4424f175
91b23c2093a6594
66c5724a251f161
4a04ba58069f136
25c132731a0a5df
0231a09fcdfb001
7eb6bfdbfd0e4dc
8c02ce01db47ed9
3260ab559b5ec10
924258f719c4de8
439f76bc55797b7
0957c8056507613
58d6a3cb89f2fdb
31e9f8464cb1558
1280b2e239307cb
924e300d44ab841
1413d6829de08d0
86779840291c48e
32e6fd735b69246
7af90c6ed7974e8
8854fdd3a671d61
76518e7157b378b
2db3d72ed0f3914
09899d9ee47444a
38689c069c1de7f
3dfe50b392954f2
2a1e7ca89491b06
717b55d12e970a1
697b2e26dee02de
89d12b20dc85291
95069358a7aa096
12f1f8b5fbc96d3
3de6254a8d69c9d
8b8f157fc38308a
06212af6e3a3955
0c4e93d57745de0
49c46897ebd628d
8d139f62f78ed4e
696c1d208aa1927
2fecf0d3d9452f0
1db0a3802dd53a8
4a49906e9d4ce0f
83809faa2c4dbb4
353210deddc870f
7e5406d82ccd86a
634ff41890faab9
6cd799f05c0c875
4ffd48c853ad422
5f25f31d125fa10
7948c227951a796
6949de5db04e60d
08f88abab15fdef
5c9a51a76ab64c7
7431569673b60e9
1ee1fd9e6c4f1d7
2f20160333707a8
03fa5ce767e3ba0
689db565c2026c8
184356d3d768317
8c2ec4d453d0fce
428cb75cb21050f
1815dc9b775f5d6
0f56f1de20d1b18
0e5087720d74080
51fb6880b4802d7
8b6d043c1787a1f
1dd2c818d200c44
654e1df73c0e29c
2b40d74c593ec69
826daa751578ff0
6dbad84fb0f7e11
799f45ba26bda61
276d63843997b17
573a7d8c434d0e7
7abc3244368e247
0a0df164646cf0c
7b7ba8dd679e689
84102b5cfa04b2e
98f881a5068dfb9
7c9b62400c1d9f6
137f520cb42e85c
7ae3461a5c5522d
8691e192fd71b16
3e7f9680136310e
9997f1065954fa3
614ac8421cc1215
3666624379dd609
597b4849027ab29
17bd845a1988331
014df20567c381b
16bfe88d465695d
97bdddad56f05b9
2fe325588d7f956
9b258caecf460f7
01e4782e54a64df
3eeb9bda9f82994
628ee51a68c344f
01b41c55432b242
445d1696ac8c33d
600c43fbd8df40d
3d2bd644be856ad
1fa98103eebbbfd
8261034fce6c8f8
92497c3b8f577bb
7287c3b8142f054
27c6f3b2ab3f2aa
3a983f038c88b6c
62300de72b0b5a3
7900a50798e48b7
53cdcf4669cda38
716862a122dcca1
6d1bc92587726ac
3f610f4a87adb99
93281990f939572
8afbba47132c8ac
2ec76fd357cf9b4
5c25264eb0d46cf
0399caf9c7b654d
44e96ba79ee2ea7
43256e8d4a5dfcb
657c209d0d14d47
3fd52e03afa0b2f
2d3feb4d44816f1
26e8dd5bb0366d7
38378bfeda29380
87bf552e3576133
53fa2025905c695
5996981c859d06b
8bae425c6c76e22
654f41d2f6c1df8
312895622c686b7
88845f4023f0155
531873324425cdc
0f11d5078929f46
112eeb507018882
84c22144b58c06e
144e1309d80ec73
7aa415f22d4f23f
3c23f1b419d490d
60eb45b2df7f784
1b3b24236668cbe
390f055365326f9
25abea3f9cdf8b6
337cdbdf4e803e7
2f7142d5b4ba7dc
409a794f8b15e25
089f63e67dccab1
6443f4d5fad83ac
566a5f09968bba2
574afc391462114
4f0c43ad1eb80e2
873fc5dd969edfe
1cdd3be3f17b09b
8dfd282a3ae4c7d
5cf5d4dfefa9800
10534ad95c3fe24
7f08443a2b79c10
4d0d2582b30c8db
20f44c390fcb70b
406d35da37c86cd
047103ec7174821
87137c6ae8d8293
20549064d31cf32
32fc103cc7b5eca
6ec1c98cf8950a9
1b6cee990bb7a97
30a829268bd85d0
3a682827d6b9b0c
071509cee5fe1ee
04a42813ada1e48
587b4dbf5f56307
6bb7cc269777d3e
8e56e28ea92ade7
5aec892f643b302
60c0f0ffb43b92b
12084810a8486b0
7f546e7c818b2e3
2fc37e2257f0a7a
823d829426e044f
805820ca7b0c920
6473030c45567fe
33e22006e6b96d7
4b3ed4de971bd31
68e4d9773917962
252878c95cc8ffa
8dc6cea575bc972
28ff27da4c59dbe
21482f26f169cab
7c10c2f7d8a66ea
8853b60d26d8c54
0dbbf49eae53e97
6d857019638c936
38714d9b7f7f5b8
1d398bb82d256e8
32517ae6663cea0
32cf15d0fe2e1b2
319b8a67a53b17f
7a9b25d8afea348
0071897b32ee525
5a2a66745f9e554
0ffd7f7ebde2d75
962640dc8e8b282
284fb704837f3c2
503f9021353b16f
3bdc74f4a48ff77
22cb97caa390654
4c71ad354bfb6a0
624f6e6e72c3a87
53266c272e069ab
7fe473a3f101d95
93ffda62bbb6270
4fffacb8f8bf27f
59c1f589c372750
051f8e5711ddfc5
80b987e94da270f
61cd33e90deacf7
61932cdbffbad08
0107ab692ead4a2
3350acbf95671a2
1541356d695aa5a
5c93a8327f26420
8449a580a444550
4719808d7863f34
4da9b72ec5fe4b1
65bc744302f0a59
07c4ee02e598960
4e35e5904ba08f4
403884bacd9d574
6a729c36d1acce1
88f95aa9f3dc57e
40781da35db0bdc
8f8ef87d7710e54
66dd8763da03abe
6ad5fa90028b6b0
59a658e0b804661
61081972f9613f0
5f66009079130c2
27bf37a719eb303
1c93d505b60c624
9565be3a7bd450f
4ea8d4644dbc32e
8104a63f1b8e34e
0ce70ea0e74e9bb
9296b9d0f09010c
2f6d82c7d97d074
75020ed672989aa
25ccdf87c8abf07
63332f3ba56c8b9
40ca95568f43ee1
0d3fd037a9422b7
3f6f45b6f1ef7e9
54811851367ba14
6c019639e643a37
0439b48f9afa0a7
1aed967ccd1a311
6b0e095d7d94d27
220d7b2c1194552
5fee6968d8e41b0
5f348d8b46edafd
061f3518f61ed42
12bdf102d165d47
8261864be9524eb
42217abd2ec6774
1bc42742035984d
71b04948ed9c8b6
6f059f927db1845
49a6e2add72a743
16b605f18cd28a2
7a77d1bb568fdf6
2dfea0dbb904de8
3214cf04adbdc8b
2117b3fae0a2ad7
2cce7af893b0b9e
6aa4bb5592b4c64
418438fb3ba1cd1
6c65a89c28be226
1398eb4a787b7ba
05440824c8bf365
0454d25b97aa2db
4d7f4afc15bd098
4158d91f0c90992
2e23a58a328da35
44274473185611c
2a37b9cd9e05848
4683a6cd0e1080c
466523f796b1d57
662985365e4ed89
4db8fd4b92131ed
88bc349ba0cdf1b
7f67cdcdccdb39e
9741ea36aa422c0
37504beb381b3c1
325dc07bf9f2a95
0e05b3ceb51bff6
9c1db4d3928aa76
32f09eaccf53c74
10626ddaab9af39
94354d9a7d301a4
43a6407ceccc0d8
12bafc54e9b6514
61f53fd1e7f722a
316163b0f27efa8
0c393ff43983d1c
295a297dcd1b7e3
81a939c2ecbb967
4a552cd992e9f70
63035c1abecf197
3cd6d353173674a
4a7633ad3988e99
5b82e93d53bec76
30f6271321589ab
7d8ebbdb345a2f3
5a05878455ab224
72ae346b7cd6e7b
1b5f9b0b56426c1
03f59b5e8192f3f
5fe75c8620af367
76d3c9613217e05
1a9e7d52521e145
60b6f797add66dc
0d53d1fc2e59044
912c3bdb7f84de7
52719af0e12ecfa
0ef06a7feeef643
31abb90cf7c7b8d
453da4f98cc9beb
5145d53bd69148e
54e70d286d1b958
9530269131d5351
44300ccda450bc8
08edce8f4713faf
56a1d535647261a
3e3356bf39e95ce
1df5d4aadcbe2d1
6f2ac41f2b1199d
97a3cfac0f9ab85
4324a7d4ca59116
5911b60502a33d8
0d4a847a5e52997
00f8e57d3c3b5c3
2bf788af1c56e5c
1d5051b336e565d
358cbd689054607
750e560035168df
87b75461111c7cd
6005764d7bf29a0
41002f6053dc54b
49eaa228d9975d6
2255a1ad3702638
1295a889bbc6bfb
8296aefb92d4f18
8e37c04dd7f5436
1e79a9eb7adfd06
0a3ee33ed5c2f2c
5c1dfc5a3079cd5
8ee82e8d31553b4
46d23ca607e259f
7093bab2fe1178d
1b7a27299c6bb35
49ed6e7367aff7e
35250119cb48920
078dc1b4e1cace4
1fda9be62c6c356
9b88b43f3c1cac5
42ae708aa6f3375
654d02ea48a6b76
67b797f4fbd0506
8c990906dde1f5f
38b96e3ac601293
8c2e4c9444cdde1
0180c9148031a32
7f5266b3abb8e2c
341ba21a9b16dac
3850d1442c19e01
51f0d0f3bfb24c5
4230de069be2309
91a6deab9be1ed3
5e371779b3d8474
022619fd1976c0e
6d4da5bf5771ef2
438049c1ebf1d5f
7bf5117057b7de4
8d826490000b74c
1128f874a5c1a00
54bd0e35355d83b
1dc2ed11c1a82ad
030f35a26377b13
2c210e901e3d0a7
6f6502231da6a51
38b1c5342e1bde7
284803d86a1845c
86e166a894c4e20
537881c414a7740
586e5c3fcd28078
7e680dea200a523
1deed2bc41cf4ee
91d0cd53b829b30
52c508ee34adebe
6af3b51cb3cca53
875953ef75b4402
6b82bd85a80d07c
40f8eb12fb4970e
0a81b985d963ebf
36fbf13d4372e09
751ab84687c17ba
0459c3f89ebef98
4027628208e56f6
900871107a06727
6959732c423cc17
07315f8f59d8aa8
3de04a4d0f945e8
1fb28e95828f613
153d4e81136b87b
7656f84c81d08ff
393beb76a27a660
99c39a163b82403
76583e8c95effd5
4877f913150987e
72ef9a9ab526a04
008c096eb698988
0e551f4f04df401
7e8bedbef58a918
0e09a4bf6a9ec88
252ef7252834d27
6730afb6df195e0
3737e70e6060851
2022722ccb122d0
793f80f83f87a41
98a6ab28f94fea5
5a0357767a4ee03
4092a8799540109
5d85330a06101ff
8cf1a2f94a41e8f
4b652deb61bfbc8
8870ec79f2ed6ce
0d712c903fdc988
19d4d5c93ab4a36
1ddcff54d41a64d
69cc69f0c165fd3
0f85cf3405730de
2d4388bb8c3ee4d
341a380548b5642
629a7d255b4aa2b
161d3a950625380
3023b34810acde1
3d6b7fd8ce91c9d
7fb5b8aa30ec806
3c4ab01b843aa09
537ea7476d2f536
22bf29319beaf61
461f83d422f509d
0794ddb0d350e13
48c2491861ede7a
87178520289a4c4
988e068f64f81f6
60d99c6773e6fa2
1a20b60dc6fac00
5d831b6e14c97db
956fdf2e7fb24c6
0a694ef1d077f32
310ce7d1d7b0ad3
608122d78af3085
4e25b225063e158
4446bd24c736a89
3751ce0891a7247
2b46eb107c3b503
95f16d9f403fbaf
54e7ba28cbfcc92
7278992658ed07d
0b1e9234c491084
0a71258224b0d2b
277cd8978c3cdef
4fe7b8c451f62a0
4bb3a22fc2c5884
8fd2fa277184c4c
2c568bf78341e82
4e8e4d968ea9f54
4002f39b04836c5
6454812590717b7
9918f710b300c83
86b7644c07fc8cf
66911953e847247
6a98de01e6e40b4
5ed12a0e6ec8c86
1e4b9bc9e16c3b4
786f70beee36435
165b42badcd4726
058f4836406e450
082967b4b285f09
8e699423c3a7db0
672ed3ebcf1a157
8598f143da0ea80
80ba91e378c4b45
030b29421dc0680
685651e95708fb8
09a1a851a5541f7
017987e7042f1df
077597974a75d4b
77abbb4d8acc6b0
870ffd79edcf6c9
7dcd7d84f5104c8
48c8bfbff1d7324
0ceb1d5cf5e84b3
17e80d84f39e591
6f52f43e128824f
4c63a2582681ae6
6d3a0dec5ce5d11
609ea61ec398993
83eadb9a1f8029b
3bb73a0acd9f17f
1ef7d91acade573
48248b133799ada
26fb9e632beac37
830c78074d49b1f
91ef8d3fe75f203
3303b5e424d559f
2f5754ce1b7f5dd
3943833a6674ad2
4fc26da49daa001
1b9d7ed3d004570
1f52dd3815c0c04
4b815673742ab5a
6b24ca55ab52117
6b96f9018858a39
13c57ef6e8626e2
528a4803d5a9a8e
0dc10d11c6e3477
720f87a4c565030
628d32dfe1953ff
4d4a0c895320fb7
72404abcd3ab9f6
883c39c31a5ab9a
071775caf697462
64dddd2161a7a0b
142ef3343973396
9acd285cb29f673
4e0564f9f1f4612
8e35b8011158bc4
712523a1571bf7e
009dabadf8fdfcc
45228c779f88613
5ee141c42777a0c
9b16e7fe4c76c12
0fda0c491d2b046
83c93ae61d20de0
1e762d9bfe7cdd7
8bddc1b809d8884
06c859a13cb9eec
7f1e99a962369c6
83580b0ddfb9b22
51b406dd364a806
24afad72160cbd5
52c44eb8a8b14bf
227cdaf30e525ee
139ae5a6f623dfa
713d70257841ecf
3a856b492b73225
770b14eeab1e0ed
365f299c4bc9fcf
10726ce1a1dce95
462cc6d87d18ca9
1c207c78434c084
7553b94c0d225e5
2198f9780a50e69
5d76e9b48437276
2452ac700c4b6fc
35901e6609a4907
8b9efc7ba39c668
468777ec48a837a
9162ce013ceb1e3
4419c298d22c5f5
0cf4822620a1a43
55919eace29d6f4
452618014fdac25
9b6919e2069f977
94638f6d9a2411f
8decca16f27d0f6
5bb25bd6788f448
2d646bf1061b3b2
09fced284df4fc1
0e085305e2a45bd
17930babe406838
8799ddeefc4ada5
38abcd530bb43d0
4c806557abef234
819ae609e64540a
6cb3ec18540a753
870fd868c1fc513
152d078370b66f9
41198e3a59eb3df
62c0f95238149d4
91ca28262103173
1f99247f21a7397
65539100a3c567a
1cc281fdfb99952
5d51bc0db200023
015b8829463a099
867ec5492252768
22449e9a64e7715
19744bcc399ef98
60b48c80f10b7ce
20903521fadb136
32f24f3eb72945d
160ba59e6dac845
89d26ddee99baaf
547bc873ef6d424
608f5bcbe3efca3
1d21f2b07d61b32
6bb14773e78bee9
97585aad3e606e9
8e6bfaf4be48573
9c377e365d1f085
33a0c1f7ea8dbe6
46d49e946418bb6
7a564ae26b264ed
78ec9a0ba861510
8b73fd7c1c37b23
26c673fa1f88783
61cc9b7129c1d51
766cd18215f97a0
5db820d0f14ec37
67ffbea7408e83b
2b603fd1e091c3b
22076fb2b3e514e
8f5db75d2647237
76ffd1537125b0b
79f7006e5e8cb13
34250f3a00104bb
12d787cdcc393bc
4f3712dc2eaa083
6f4c772c3670062
4113f2b34c71e78
86ec0fbae8ff023
95537438e1acea6
73ed6e7686bbf22
21e5784db59ccdd
521ed97c4127a76
102f147598a7a45
39b5e1e303afb51
76ff56ded7900fc
4a617a8cbdfd07f
10bb3da9bc08743
8c483b4af055eab
50e2ec22fe041ea
2f1537e20b41e53
32014142479a3e4
50dd1aa9b371956
4a7cef56467b935
75d4741f4fa8aa5
69696590514ecd6
36b1e090b3721c0
8c25fe52f39cf10
72a98a5662a4ca6
3e3480623e2d68a
816c525872c2137
659d0bc4df966b5
236d5fdc5c77e37
59bdb536705c768
59d7e31165b6fa6
658ba1b5cfc9beb
9098e4e2f23aecd
9af1f719f503bfd
1836992535cde5f
3f3b9466b71a7e0
755552e652f5956
617c92673305bfa
1af305b92c67058
4f903cfb99c8568
916078456b811f9
4c6debdc205cf9d
6e8548c5046accd
7b67fac2376598f
05ae94d736bb326
37192323a2e1a93
0cdef339ff9fb64
4e419eb5edeeae4
13247d47777db35
51f98efbcbef718
7df7a42c7132eb4
65dc07cb2535880
3495b6e195dfbfc
56458f3216b1024
40d0254d4407b19
252fb704e921ed0
7b40fc69c79c541
307425f48680515
4af4f8ec48afbf3
0b3c749f1aca094
33da70cbd3a0c6c
7d18494dea94384
55e3523a9cf4535
01b6c914bcedc7f
4454420e8d5aa23
00684064341672d
17c00b2c660ea20
92da852705d4362
24734a1edc645d7
8f81839d9925402
4dcdcbbb6f7df75
08956092fbf71cf
74b3ac1fe697517
50aae79a26c6889
1fdcabd2713dcd6
5ffdb9b69206291
0a7e665c671744c
1c1d25c62175e2a
09d435d2555761b
6fd45dbe3dfc30b
281a66aff56965f
98a71d4203fd6a1
62eb7bff4578c72
0553f5cbd9e47f5
93cb470b6853006
1554c15718e7570
4274dd100991647
6ac9e0f19a84b22
69dd8bcae5df51b
7f405da47a85678
1b8d994a271a27a
1ec62f6433d7585
68325e3f02219f2
2b2abd39c836f41
6d2aeacb29fc581
034c9b402f3e9d8
7ec5ff33ce1320e
7b3625dba212d65
1a0bf1a9a91671b
7d97cbb123f860e
49c038637957b05
2658b2944f844e4
51de1051469fb8f
90865b9ef72d6f2
695a3bf96c2c878
84ae64125ce6d57
955d0086314cbb3
4c56313967045fc
115198bc124ec67
30b658ff5d6b7ac
686639d3aba89f7
782f66a5840793a
83fc54c92e3fb7b
8f64db97008fbd0
437529564e282e8
022ca704b42d06e
6b6e7953ac957ed
8ea8408c4803060
307753cd73ec909
52bf35c8597deb5
735abe69f3f1b43
30124f8201dfda5
7c492d51f42e307
6a48ed207a14033
81be5c630a45ab9
68091522bba27dc
95de5fe7403ce5e
280ecc6cdf9387b
9c08ad8b98f9e7a
92bcc341b6efc1b
97388321cfd4cdf
6ef5b6d3ea726b1
75483c78438df31
8c34fa3096b65d4
0f8aa68eca6fd5b
0c4b1bafdad3269
0c1b2b979ce6bfa
802113c03460b97
6c68f80c53b401d
41533913ced2dca
72e798716293612
5a7426ccbe639f7
4bf1f882e3a135e
1af3a81f7e4d831
84c1124cef4495e
46f39cfd4b361c8
025806232126d8f
3871f1bef18f469
2efc459442519ba
7284b6552e5215a
2cb0ed068dac786
95210c4968e0750
021b16c22abf8e2
2c32b754425fdb9
74e7dcaa9671519
4250a64b25ca057
450f093badc1465
8e3a70ea9c6024d
8fc63ff921c3e44
6f541d61c16a476
97509502285fdbd
412dc4ec1c7d34c
13a4ab24ee4fe58
5709a26a3ad54d9
1bfd474d0c76dd7
90fc2956d93afc9
4f5496c76309e94
2281694266aea61
395dcca58c577cc
9206eff0dd62523
47624339285718c
5758b220222290b
4b46d121b453401
7b10b4b213a049e
7eec3d9b592b8ba
133184027509eca
2324297bbd2640f
98909e8738088a7
1682528e0a5d98e
95e068173794417
98a52b3c77fc993
4c65feeba7a329d
81e0bee7de85aff
85b03edd042ab86
618d7a9fbd19301
603a1b5b9f43a4c
334bac46d13904d
8e9c6a36a354dff
048197c570baa15
52ac6c009f0c142
4826f73c710fd81
7c395d05281e6fb
456bd695c1e307c
544e30f09f2adcb
2c114cdfe2a5de0
50fef2ba86130ca
5776b454ff04216
3d0ba6f9c81257e
818f60d3e7b7862
26efc26eadcfc8e
870327e01a4279f
5ac29ae0dc7da84
7c3b8d07a78589d
4aa9e307438d002
6835d411fa45235
77d1ecf17c43a8e
569f1fa93a8e918
9aab6064f3568b5
485e12ed6f8bf73
49fdb5d104a9e54
578587f6b420504
0bf4075701ded36
1bb3d01978a72ed
842e5a7bbbbe355
3d309820bcbf680
408b270000bc418
32628e30c81201d
6835e5e0d71bf2f
5818b15a271c6a9
4263f974ab30cd0
0013723853fec5d
86f9df255ddc304
45852900d3944ee
6127bd4a2125ea8
2f4bb86e808051c
26b91f6e7a46a2b
45d0f1495e151a0
177e4968d00051c
81e66eba61daa68
4e9dd4c3e948659
6b6d98458be8b06
3e138acbb0c02d3
375c13406788a0b
81e9d8f695daf99
733d183efd7f2ef
722f8c821d35508
5e1ae18e3d60e4b
4b540a6edd73d93
0c98fa20c986e76
19d55af13f3e725
41c6438e15deae8
8ea5282fe27ee25
1255f7cafebdf8a
6d4365a2511a675
9ca5447ef1dae66
651cfcdb5e27f4a
2f593f631012639
489c691128f890a
63788d1dc81d17e
6f8db9a690355c9
1421e8719e82596
0a675777d2c9bb8
37db91eb4ad3c2b
2996942e5fb7067
3824fef7f38f6c0
067d69c89e75ff7
79febab15b8d490
3e360635c2bf20a
6638f6c94085995
83d523e8e0f945f
76f25238997fd99
00d76c1b406e0e1
23620c0fd751d8c
4ae3c81abaecdbc
6c984d5bcd4410d
2e909c5c5a31234
448280544a6d8e4
2706d2164a75faa
75786cc43fda9fa
9c9eafd13199f53
3c6d9a9abea2a87
126bd1408c7b78d
4b6387a0cde96b9
7b0c3c6f498660d
1643d4cfa55e5f0
3dd775e5a6ee76b
8cb79c7ce3890a0
99897286999bdb4
4d43b855d8d5cb7
415b6c4dc439bf8
0b6e91acd832c1b
3a97757144f47f5
8b9113b8b8c57bc
1b3f5707ff44c23
96b2f2366d00855
806feb0a994442f
0e51a5d3d013742
352e4f18e44add4
84611c9fbb5b6b0
1ce8df75aeb1fe4
31b5ebd33a524c5
458fb75fc135810
54f03391b64effd
0c3db2658182b5a
54978e98716f3d5
70bdb06a6a93f10
65d070f992bcdcb
6ae799f81748f1e
6fa82ca22110704
7ad913b78256580
2fbbd9420f8c4d1
59bdea506306c2d
2bee7342567edbb
23bcd1f9f6189ea
5c419c0a505ecca
013a80d42e16383
9476b56293e3c34
0132283f1d2bda3
5ac807b9c6a9673
595f0332f06c555
094e5cab83e908d
5d847e94eb556bc
9799470cc8164b5
147a971bbacb33e
6d1bacf85de5868
84c2e31224643e7
7920b0245b5e2e8
11e0511f4371670
78383b91eea6b6a
5949d3650b5258f
2a149e1760821c6
01d44d87c7889cf
00cb1694d1ac03e
711ca7db466fb24
812583400f52bd9
4719963f0de4939
4d0e3a9dee96021
99927cc63f50ef6
1463f509f028b62
64cec5e8b3bb1fb
2010ce6c2ef59ad
8fffb3fd723b789
81f979d0c3deddb
046481cba814db6
1ffd0bce90f2d10
6429cb98d7554ee
0b6e3af72aa1f99
4c9837c688727b6
4f5daa234406298
4d0deb42b842953
3cc4ccda3edffc4
13fa51673567e4c
0bc47e70e8c68a1
01207efa15fec96
4bfd4a9c0c1b6a6
73751cba28b4637
0c13ccd247502db
4f67e6c7646539d
1028e8b1563f74d
3bfc5a7c795dfc9
52109a90f337fb6
14fbdbe6cd4f7e1
2a6cc3e481f7cea
3ab6ef8053b81c5
34343d0ea67501e
476c57414d4513a
44d6451deac9105
1a60f62918485d3
25667f68548c84b
182677f73260253
7674703b4de905c
2844e69914eee8c
960bc883109b8ca
9b40e01530f4450
8eff49010faf9fc
9a832cf914e7d97
0bbb0af11eaaf3a
9a15665053e8579
4180efd2ee5328b
4c11f1fc432886f
5bafdb60a62a4d2
977b21a058ae16b
930af7f71312edb
7f6552497dcb285
10afdf24b41b7f5
7fe059c1314a473
284a78382564139
085fffbff9b596d
2d0e52d9f39058e
417db579674d6e8
1d65f3c5d4d1e56
30f6ee04781cf4b
557db3a01fb5e93
64812e8a8c70ca7
3b58655ce68b41c
7eb694732b16933
8965cbd56143d7e
319b36faf6c484a
06ed0b63e513202
9a5cbe142903cc8
8d357bcdb03c636
021a2587537c0ea
5372b1f1eaa87fb
6e9a52d042aa8f9
6d5329c2ba9d2c8
17dd1fd4a3ef462
35392dcec108cc7
34aba9f98c5260c
579ec59b239f4f2
2070de8186cf4b2
54447656c326c63
9288ae9028d7cda
017c34d04cfcb82
8c38ca118acbd15
875e9b5e4ed1d69
389722f696c60b5
77272065353f3f9
4879a85f60f421a
3d0ff59701206bc
5ec6ae10192fb63
1ff5279ef05aed8
64caea844787358
9bf678a5fd548fb
17aacb71ab2ba04
96af66f0f9e8b79
9938e792cba8518
29f837560bdd20a
50b6e40d09ea619
8142badd8f428cc
8e3a8100d8b2d8a
78c5ca074f3bfb4
65816100bb2a496
22302c6419c41eb
0460b4b39756233
551749a72742262
6ef526716d3ed73
5166d152b429977
04e4858ebc9a916
6221553a84607d9
5282f93206036d4
36214b01e70adaa
075eeabe79a37e1
309d6f497e17203
2731d736a3fba48
4093c1489564f25
9b76d92bbc9d156
95f0e87b7008379
10d3b3877ca4a15
445972527b20e27
45b6c09bfe5005c
08eb552086fee19
6d020785cfc04f1
068bcb9ec050aa0
7ca91a952a9de77
2e6daaeeae294f5
49dbab6d20d9805
5644b8b4e2f1f62
590f5c6d3cd9a21
14600be611d0066
9a90c311dfdf328
2ac409e83a49652
84efec5a18e6be2
3c42f17c3eabd6c
9a301d05583b5a6
3e4cc0e318e0759
93553167858dfd9
98004123253ffe8
7ea164e9dd33141
736db3a865a7fd7
602a2f86352dae2
14038ab8fb33d2f
7b07d4f8e4cc386
88003ce117a0369
497aac6caf98497
803c17059143fc6
08d4b09a585643d
15ca2ec3418d647
704b36e8e6fdb09
2e0138620a27cfe
278373c35db3024
0e9f05bcbb19a64
89c1ff9a9eb73e7
7bc15b60fdde8dd
079d6c5a85c192c
3b3a446f6393abc
5b2c7188a3a5082
65f542f39d77717
1d0e58d33c095ca
13f59e2d031e4e7
2dcbe229edb8330
4c79f2b54a4a663
7fa841bc25985d0
60514366b901e85
8f73ffe33bf9fdb
97cffd0f8938f73
5455e3f0ba6ffad
506a102b96c74a8
4b57fa5a6b07011
32a83f4332ce741
670b18775f78adc
099b62ce1267b5b
1c4af06145a1931
0c3396cf7cbe8d8
9b39fe77c48fb42
2761746d5557681
6666b0158cf7add
2affc082879ee19
55386be67d199e7
76d094898f62fbe
245190ca2af2f3c
55c952a9b13b626
0ddf4cd1fc2f826
8cf86872df5bec0
3cd1b8deedfaea5
219be07d4ef1feb
5ffdef4fdbbc5a9
3f5289091abd8ae
1142b7506c7dcf7
07a0aaf7ce37b3c
345b910d8b2121b
49226e06d2d0df6
94ae8a44ec4139a
80527547129d904
38e836d19f84de8
101cb45d6afc32d
6b9b42603a97895
74b79b17f970692
2b6aaf4d4d8adaa
347b29e0c27ccf7
430dd5ff1a519e2
0c751150a3e9df3
3555b28d6543dba
2551c3d1637d8fa
3ef1f90099d52ff
9b0d171ea8db5bb
04c1401b15e0bc0
867171375411e2d
945a1f0ba207ea9
318768c690beef9
40169d5589ce5f1
913ac1fb24bfcf5
0ae10419be2116c
6be633ea1701f6b
98ca91084d7b32f
55de5598d3cfdac
6ad06bb6c07d5f3
82fa3285896d59a
6ac8cc0e1471245
22cd1a26aede83e
54f06c4a5b7e540
412d866a137ffb3
8b8939e22d3814a
0905fc07c1dcbcc
7cb411b7cb96ac4
188ebdddcd9c1b8
5183ea3b5588121
8257f22e0cb97f9
743ffdbb4222fe8
3a9091524bd2e0f
57d783efaf3030e
2309db19db57cac
0752d87360f0f6b
729895b65a9cbbc
08dd18fc87fab94
1f5987f05bee266
2fc2bfc68350979
8325102394ea15c
69038b38b1cb13d
75e1e617213dd46
8173280b2d070c1
031cd82dd7e51d3
142297c2be5ca57
38c684c2471a088
469fb78218504fc
24dcdfe4751dea9
766d1dc7ef01ba9
81b88aa06e80341
672249379bd76bf
2ddfb860055c5c9
152d2bf2925551a
0aaca15506cd103
5c49b35a3f3fcce
00a79aea6947cee
7083219c8cd0358
1142ca4cdeec896
4799aa11ac359d9
5f7ea58ff82d267
3ceb998a3d5de58
799784d4ec2fa3b
1ad06577149495a
9600c22ee19d713
71735536e7d3264
56c9623eaa61416
94f4b1b3b6a8bf0
551373cf94d6833
14bcf5d3b17e17d
8d95f39e67b0e33
71f52cf4fe425e0
761c769c5c9c8fb
33d05495cbb31aa
7db5fd179bd850f
0e4237043e7f57d
375d72fd592c571
96130799dda404a
4a5c328f06e6d4e
6508f4f1cf81844
9686d56a9788fe0
2d781aa89c2cfd0
1ba3abe39c9e394
4c5b244e9e5524e
7cceafb57ba3241
0e827e8daadfda5
81ace9f4b01324c
70c411c5d15305b
130fb4e24fa381e
99e390e32c96ecf
4e35010cf4c17ae
9a60577e97d68ed
145465aed799934
2baa39ec9d5f2bf
1e0a7d6ea376322
7c9c34c17edbffc
505ec705207ce93
2ce61ed5c2d3ee0
57a9aa98318a642
203b9e6bdd86d16
04eab3ce7895afa
75b4802368de25e
55c90826689eae8
874890a45a76535
3f38c521a7f8ff5
3bd852305e4de9f
2f9461c687fea04
3903d0cf3365988
99388bea7138fc1
60a92f987e81740
20d829de0539f97
232899739ecec28
2a22745a0d14455
178820e39185f88
56355f84e52b32c
07a97b095de2995
442a55384dd02bb
3e9ddcec078fa8f
4a232bbea3b19ef
49824918680ca40
9bdc67366a71723
82ebc089a5aab10
8831288faa8e9ec
458cb1097f6c984
23ed22cdcc5eba9
8f97641fd835199
7c3b4d10fc06a95
29b9a32fcfdd01a
338fe4772beda5e
49d7984bc7eedca
4f2b8e95f5712a0
7b18b58d28b3bd4
4fe1d7e81b6acc9
61b345f92067896
7ec6dad611925da
450e75594d8f01f
4810638655986d3
3ef63803c5063f8
319416c0d1d76c3
71f018238897f75
9c5c8449ecaea1b
3b8f236724a2c18
72ecf07efc80950
5a10a2fb6225cae
87096147da43abd
7e799512b6ec2fa
138c436b5745aeb
8d411b5eca5acf4
9922884f5d1acfa
144639b59a2f8e9
0471b3f6c1ceb4a
05c465a7b93da14
1a3124151c99eb3
5430376b7e04c93
3f8ed49bef72c1c
432f7448ee14782
8548a9cd5c65ab2
7ed09929c96e5b6
586edd10a3b3fe5
897620236a05af4
25aba3a3faba38f
0fc2c5983654656
081376a13e90559
84d9cbf4cf971e8
6ea92a476228b42
1e0c1919d039cde
391720debded73a
4eb0ce4f114c729
269299b7d7a89c2
41d7330c9434984
94a13ed366a9a5f
092a94a3afda2bd
510385d1c672de8
5bf0bf810bdd36e
7e7c121c54b26ba
5d61c134da3db2a
394cf5543e4b130
78a2a90224c0c8c
4f13d2328976f65
68dcd0542c3b245
6f7c035568424d9
05ced9b12faa89a
6fcdf158f7f7d74
33dc8ecff39fdd2
2834a58354513fe
028f16752e0726f
7943f185bcb9c48
889a6b3653b532e
777f63139eed6f4
482a4bfdd88e584
87ffe9303865aac
1e0f369aeefdc9d
3fe44e7984b39d9
12291a8b7f44b60
70f0fd740ab6099
6436b38ad02a374
932b067c39ef93e
5dcbcc97bcabb0f
2a608152f0dcbdf
2a6be670f0059f4
6af36bbae091ff2
517dbdf0abd3e89
73ba41411d7f3e2
15ac40a2c5f9285
344723b2c2cc97d
82c44138d8bd497
3a969fd075c1216
2017a2afe20fcc4
5111e2c6ea9c6e0
06a402c1bb1d381
11163576b47ef70
1c7beea01384c01
69a87d73d05e116
520bd7e10a84436
83d457cd3ee245e
7a0ebcf9dc8b02b
3861cb24fa2d2dc
5800bd0bfd0360c
59a326bf24802c9
402ed3e58b3cd55
8f5a49edbebd1e9
6d017d61fc5e900
592d5a0d26c38f2
7564349cee53eb6
00fce486cd9c84a
38277031ecd1165
75aa26d3bf40c9a
616e98effee71e6
01837feba8287a3
78f1f5e2ec867ac
91017e785c23923
8749927a4e0513e
3a14314919bd076
925418248b51afd
8b700d4ab4a91af
6a65ff86b5ab19f
70108e97ebc56e5
2f0610a5070d127
7d9a872a2338d82
556ff7b6c387ead
3e01cafc63ecaea
12c57603da4d3c6
1aec431be6e9a0c
70e47819e002be3
1acbba5a823c648
9224f2f822285fe
4bf8465ef6cffca
8fee87480594c68
0b2c2a96480df1c
85baba331a24971
70e71a532240332
2bf65109019dc79
43de3ee2c40323a
38432a173f867a4
550c587817bb356
169d1d19d04eedd
7d9038e25301e39
1a5d0bb27b40800
058af733206b95d
2e261289ce3d268
239cf3e2737e14e
7b5ca0e371e421e
2336779170faee1
078d0a9061e125f
8061577069bb5e5
19e6f84d8102ed0
304d9c4395623ba
4a86227f2a0f425
81c8aef2c154912
88f215d9099eb53
764a45834c91641
1686c78c1c4f006
3f2171427f38291
0344ead7083fb41
3f298f483d6125f
2d623f974f51ea4
395d1b9f03bf7e8
16e36ebf9dbbbba
9826126bea23e4e
3d271b02069ceeb
6ead03c43340c88
6d6622f81294ee4
24947571d3bc23b
8d8427cede4fdec
78f52f027c2cb38
11953326766c539
61d854a112e7bf7
14417b751783a55
4879e8cf598207e
76de5b249b00ead
3b63e26b00353ee
295c74529e10d0d
99d9e055331e06b
2bb334b5106b1fa
75ed02f0f467d74
96117e1a383adb3
86931b8696d781f
98d3d615ea3469f
36f53dab886b141
05223ca6e150360
03253bbffeb2d1f
5218ad4be89aeda
96a04403d37115e
82c3ee321a3c1cc
4af8c2643acbbd7
3825b96bf3cd4ba
181d32aef72ff5f
3a344bf0e441a84
939d4c0f2a5febd
89782b4f33a5723
5f5dcea63814335
93ac1106bf4f6c9
6dcb9e4d109eaf8
54c941cc56af3d2
320503682e00b3d
8f61cb5a50b40c6
2ba324ce896f3a9
4968f681822d0b4
149ddbad1da33ae
1e41e4a0250a987
2f88d52637558b4
6d6ea8310b236f0
60a6e50c63a36d2
692a55f6ad2942c
624ec24df417d0c
41cf825b36fe07d
28341675e8c8980
6a46bd4fdaab301
7d4b59dcc30dde7
79606da3e3777ae
15838c6664c280a
23465eaace1d382
63cd26365d49af6
5c371dff9efd1e5
7739373afba4a79
57b8bb3cf31bfc4
4ca228a644054e4
245c7064ca5bef1
2dcb3fec1efe6f9
2110fe6ba78b167
4ee604ac74c81ef
774aebfeea7683d
82d1b0cb911d89c
88c3b7e8bd7e8c9
5c351d99b5d4f58
5d70af7c8f58092
889020e98b2253b
497035c12d94724
61930449283315f
85219c4b816944f
9b1d1e8b05d2b33
93fafcd8f0807dd
190c2af8123a228
330c96a0a7b53d0
8112f2f5f06200e
086eda505a81733
1e4cfc915ff0236
322f6c5bb4409a2
8b7a8a70b8e5582
95be0edd96a5f19
0516f4fdc4253a4
43b915861d8206a
887573878d4ae50
10ef30146a5df7d
4b6440fb44e1042
272a0073f5221c9
80a4e179a82d5c9
5515248f98ab65e
70e7401d83bdcc9
916840e41b5dcc3
7b3f96b8cbde2ad
8b5705c19ce82f5
74fd2d00d70d1d6
0b5baa0b8cd4d5b
6fb5f39700313e3
3c779b6e50fa2bb
3d1295778c3fcc3
9a6f963025abcb1
8a261c4d23747d8
804ddb0907bb019
22f1bb56338463d
74f60da30bdd67a
7daf3e6b23d0133
814465640912303
4d5d78235564b74
14caade5f866ef6
937fe04e952ed2b
6578a3cc5ce0c0c
858759a49b8aae2
53818949ced3d3c
199e7c96edc8f1f
093f3ea100c8a87
29917179d842ab4
4dc70f7097288bd
08465464fdd69f4
53b9c4e835e204e
259a366d5c01b40
7f99e8f65c709d3
013b5fce0de28bd
79c59d2793f747e
3b27fdbc7f0f9db
57cb521f2d0cc98
09a3902a91631a6
8788e21239d4b9b
40d2903a3921ceb
515ac7a0b9eec98
88d239b342c6a7c
260309bb0fde873
5bd65cbf879ce45
62ee794a8b74a28
804d79fb977424a
16fccf0f756efb2
345291fe0782426
6452c2c1f6e2b77
86a2b68027193b1
8f4ae8e7c7c8542
62ee47576379e0b
0d9327f046cc3f3
48dc177ee37be42
0dd961b7f4ec76e
234325c0ff0d80d
6524dfca002a492
75758dae7131a52
2ffa599d4356efc
654ec83a6b8afe9
2c31dd17d78b218
98b5c553e0ba564
6ce7f6f50d4f19b
2e6be14044ba689
73612064727b8d9
21402ab1c48af2f
40acb52b3b99753
2a7a252537b8902
4b7fc85fab78c36
0fc4e8e2080e98a
85a436d57632d76
8e74e131b4a67f4
6bd8d1434f631b1
50dbd43f45c24f3
7998b372dd7d054
57a5b795fb6d76b
1e6ed62c180cb91
7dbe798116a5c3e
6711e3c2c4bd5eb
598c87e143b645f
5cf5c2f37f6419c
6b3acbe4f82afff
337c5681c703b45
4d747d850ca66f3
625bdffa59f0e18
7cfd406f3632ccf
6af31e2e6dc0d84
4bc965b49fdae1a
6e58f8df1c30190
0e7c2406b9aa1f5
0a218605e6c47a8
60785be2e0f5c52
9123577a79fa00a
76088571b988a21
36a8d70f9e08601
61db1e568fa7faa
3fbb988b329f325
2f7abf4cb00a9d8
35487ac4a970f3e
16aaac206856bc8
863c51a8197663f
211bf331117e8c0
8658739f456d743
71da8eaaf340779
80b592ccf5e3d2a
71659fc6a4d6891
15a947ed11204b9
91caec6b6e7a0e1
0c20231cfa9c1e1
309397bd0ba92f8
770769db81c2872
38dc76f0a91ca9b
353d9405d41ed37
2def30e906f3104
84158b6c47c2a21
63d2c49af4c589a
7a68ff4497ceecd
399f415ee438b36
495747bc086cb0a
062fbf5d5be0650
5cf2b762608cd9b
75e30ad9399630f
893909e67081350
9a3158e737b73f2
25f6596d291cfba
62495cdda1dcab6
75c4c19f2e9728f
2f1c148e872ff9e
669f7ffd79d2779
10aabe966ba1ee7
04e04e7f610e204
222d0b4412ad640
4ff7b2dfd3ede06
58829a174fbaa6e
707a74607574078
03053b4805df5c9
3f99fb8139e28cf
2bfe745e16e15a5
4fefdc0c9477f64
577a47290d26957
3289d137640de72
51852a441fa2d0c
08ce50bba477274
87d83da74145237
5309c99e055f70a
8e2ebddcbfc1b66
7fd62e9ef87f10f
3da184fb556798d
65f92845514bb31
783b25995b9ea6b
4055387fadf44b1
04cab76636a47af
94279d4bdcce4b0
478f456438f2e62
9594ecf0f0319f7
33433e30e4e9cb8
3b4b88a7c667c08
4f4148fc78459a5
676e304038fbfe0
8e215c89bf7af81
300340a8dc1e437
48f2367c8a0b223
0c738f8fb821eaa
1f7b4a385143961
007f6cd8f81ca31
1ea0639414e232c
7c1ca9935c7e103
203fd399e99e7d1
32a23797709dd98
74b0661fc0aa95c
3fad7849a6dfdb8
119dd1a0355638e
1bf0b4fe2416a88
2af38427acfbb4c
530f93d4711b18f
02195a47932e567
2c2480f6e25b93f
09a09cfbb77373a
54335d62640062e
0f76102eecab2dc
3765ec9db4feabb
41b22043ed40bdc
1f8ae72db514698
50b4a7b3f8b95ff
19b6587ceeb0731
7462f037f4ce767
4231a1c1f8f3277
82f3f1e13d19bfd
532108b99b9f4a6
6a22736c072413e
023f8126699d628
842429afd749be3
0505cad204b9b8a
313e1c619ee4484
9b60b05732e0072
29c9537fa13bd89
8994b3130c95418
2a5f879f3048399
9695335c12fc311
753596fbffa1e8e
72e37025a45c3ec
8b822834ea93e02
42b5056ea24c4f1
24a6249b547ce8e
0f1206a81f995d9
5f59152df04eedc
879819adfd288cf
39586adfebe979f
089509540c0a7d2
99687f92acfb2f9
6330fc253ee2cec
2fcad84a19eba55
08b64ff2df7ca44
4f3781e46f8fdab
872b45621f70eb8
29a4e5bce03ee44
26df43d4f44a3c3
71cc227aad43779
22cdcc4c04a7240
931370f3e08f2a5
2feb299815fece4
4da06d240e116ff
0e0d7932cc285b2
9a2c80a930e2d02
4ee64e5a9bb4b58
16d535fc1778863
53b8ab454a3884a
01c84a1786c48c5
121f4f7b824704c
25cdb4b1d22fc5e
09fbc4832ed18d5
5f5602dcd37facd
187728437fa198a
6b0ca4479e4bbdd
85fe08189f09f43
2b621c4f48df81b
3ddf3cfcfa4dfef
9838ef2f928f4e9
55cb9ba95ff997b
458953be70b0635
6c5ac9ef6023c33
22a1e2a845b5756
8fc0fe1b00da586
8e64812ee0e821f
729feacfd429a59
4b25cfb3a77cf9a
41e2dae4305c2d9
346ee1128f75afc
59f7045ca610bcb
3a70b6ad8116e68
05782485af2cca3
2b8fcf5ae3146c8
0047ca000deedf9
20feba108f2b5a9
2f10ed7f49c8d00
3ec1020ea23bc29
3322bf5c904436d
4cb8a77aa745103
201e248118dfff8
6388aff894eaa6d
011d52283c7a9d1
8b1075d65f2378d
4c1591cf4ac721f
46e71377e438101
43c86badd8b92f1
2557a3e59cd40b6
1109a17605009ba
0b54f1ec3e0025a
4112b38987e32cd
43d5feb7bdccb19
893355b82e05925
77014577792cb8f
57db6d6c83e02a8
4059631e5bd0ea6
8cc78fcb6067496
852df408cc3284c
3a07b6311b254d8
8d76bf35fc737ed
0d2478d1e0cfbec
36dff0acfb5ad6b
42c03e370762b85
8cc54447c42bc7e
3a5f74921ceded4
599c88a93d1edee
765170c920f73d6
7c30e3b9d82a524
76f4a18858502c2
1f122ff4d9e8768
0303fbf3cdcb2f0
3971241c5643309
889ed4207ac46aa
4200edae7e8c226
2f434e48c2c54cf
0ad31f540e9c727
8cdd02b5e30dcb2
2ab31b413cb39d9
04d3f3245821662
5e05f021d1ef124
1c8b662801cc000
35b8ca6c881eb74
1b2bab3e56bddae
5020a1b5d5233a2
0c6c912bfd66f60
699681e73a472ed
69492045e182f15
040ae230cd0123d
988214d449b0bb4
4235918f2d57abc
0fbaacfee2855e2
7f7490d720c9ca4
46030d0f8724a39
32f096d29726953
6b93feee4b447a3
12c28b3461def87
4bc4836aa51655f
722df09527bfc79
7bea49ecd5139ae
7ee8f2adbe3aef0
001723adfd5bed6
1688771bfb85814
0c750390c9a45cc
46aeadeeba4a3db
369a2d2f5ad04e1
3d7e9b6bbe8c17c
20d125ac4783a0d
8f3c626fb1319c4
37fe99e8f31eece
1542aacac40a9a2
4c7cb39ac992f36
6f08fdbfc722e0c
820837847f3dffb
30f5d70385c57a6
58583851f6ba34f
8661db153f80648
67997eb7a9e2159
8128fd66f3d3f22
875534bf8a4b18b
1647dbeb02555d9
07a0b45a323707b
1a35bcf90834d6b
7866f5fa1746431
0668968d43004b4
72d21a8c9c65ce6
70f1564a9407cd8
183a116827b713b
5133d69133b2a51
01b685ba3509a7e
0103a873cfaa177
6c3bc8f9818c930
29f1a41d7067355
83866695a79b98b
719f8ccfa2dbf22
3f4a9adb840406b
3f994c94b3873ea
09ad9f29ad6906a
2a1e0810a6ccf37
03e90125ae6bd8d
58d3321473b9672
92445c2457868c5
274baafc0971c17
4c496b136db0cf7
31242b30762e433
2649594625ee095
2125413c496141f
8ed02dba8eb6817
20b027e471b7049
45d3ad0cbf1e00e
7be28f5a0974e90
8d1f15b274551e3
82009893b97e8cb
9b5371244e9f998
91f60c70c6a8883
5e0fd4eee94fe0c
366341d35a5db3b
7ec2d2c4c7cb3d3
165307131503c4e
35cb5ddfc64d7b5
145699d67dd8ef5
4f7bc5c822c3c15
653b48b5690cd97
3596c015ccac343
2db8f38d58010b4
5ff803d6d422712
26ae5140d37de98
9ab6c9829bc63cd
076ee2d102e90fd
7b0069a90829109
3e7fdd6e2d4a0ca
4fd1d4141d6f14a
6f07e62f5e3ffd6
89849d68791f50b
3b7a450eda61d09
515302aa0e56741
05db9ce6e955c93
82c74bbe318d7bb
7fe5828429fc5e2
177ddf262f44b71
56b9093a9fb1f4a
0065f8c9944155a
6e2d8f65916bdf3
8d8c23cb3c12230
6d7bb26da528fef
25e7a681e5aaebf
21c585866ca1d60
0169bf1faa7017f
18739d68bc8c498
99a1943f5869ae7
63b750be5703e52
1743c7361c71cd4
3886d060f6da814
40451d5bed33367
6d58cadce25e8bf
31c017982647b52
6d442f3b9b5b58b
06dee3b7973fe0b
6a0118ff1410ca5
49f9c710a5d7e86
7e021c28692f546
84116b8cc34ea00
37195d0159d95e6
21d42a350fec5cd
103f20b4f780631
6299f544dd13b09
329ed7ed08a47af
3054ed1a71cf4ab
3553c0224a241a6
3ee62b509720573
0c696e90cc61a3c
2b51de74db3bc9c
43be62ad7b05f09
99a87113daf92b8
99c0db2d070b624
6e4c642342f774f
0742799c437f159
68a518c4d52b00d
4adb40cd565602b
8f1f0e7c2d9029a
673cf796803af7c
32d21d744b72c84
8893e1552d803f3
62a40cdc02dd5c1
9ae87331836eaba
549625526dfd184
4d635c8a99f5dab
4daf185887b8c10
4d868ca855f9821
079e51825b89fd4
7aa06a3db847b8a
1f80f569571929d
19e267929915098
2b8ceaf2c47cb97
95ea7bee441d53c
0162fb9c93d239c
0a1abd4d50659c4
7fed2b4d4b90928
88afeed2e2c8968
1e6b2f8b0044c8d
285a2bedab9e3a4
31b02e1e5fb136d
01299dcf7866201
6b108e6519cd0c7
74ff2f662e23b31
305d753edec864d
7e269559da784d7
1139863a584ca51
75b14d92ca80337
60524d2acf988fd
0d07c5b9dfcd5b1
57b9b1f09cb9ecc
5864987c2b6bca3
91c74ea4a030bde
556d33e7e6a178a
0e5b47ccf4fa6da
03bae00eb4e4199
38d4aa2f721238d
65f65e22cfd31b0
94d0d64e3a3c573
91dedcb93d6c287
82b7529cb2fe641
8096b683921666a
434dbbdba3178ad
41e357bf3da2389
2754088db9ace40
95fa8f47e704296
96b1c1193075773
957b90b76c1988a
4286a18d716e644
38573b86aa6f486
16ce5ff6b6ff1c3
68f467624edd274
4e0f27787d42af6
8a34dfe294196cc
4a1c0ec61c5d41c
133fec4eccd5cfd
47e3132c5e80785
0de1745fe321831
227bbcb5faf47a7
5a543c10e7ad9b0
10de11bd7cca1e4
9257c4a0e8ecfce
1958ed6c73324ec
67741e7bd27ed56
85ba9bf7fd6f168
789942bb957f9e9
0e958663f13c1b2
2e5c9d743042cc7
06364e3e95dbb16
662685fcd616d2b
47873238031f3a1
88856317ccc9939
193e570d917924c
7fdc651a7c0d4f5
2475975060fc8ed
4a71d400b02681e
19db65e7f45e51a
7fc0ea2517a20a2
1f6418274b64237
1170fb0feec3cfa
7f774a938a8460f
4b1614e08c93f7f
90156518ca94a42
34a2d6e7c370a6e
53448234288c8b0
81fed743a8f8ee7
26f4ee27d3066df
5c1c10a1ae86d01
9bfaead6d749fc1
8562ffe4431ca08
446e60f1bf7fb76
31e6bd747d60b98
04e4cbd07c582fe
42b2ba4eda7e84d
39a83357ff4d875
328c881ec4151e6
35a4c76352b0f54
1773194170ca273
74d556081dda15d
0826841113454c3
24730b773970fbe
96c0a5787a12a0d
36cce714460a2f2
1f62175b4048a2d
15385992e6f9c43
3075f357f78d80d
969f498cdc945ea
8468a317d883454
5a22f28f5c756bc
0b34a422b67f263
427821e7dcd05e0
162180437314814
03c1522400abbd0
44fbb470eaf7db4
8e9d7d2fd910d1e
2676f9339059ae4
656263ec86ff1d4
5e7ace14b6b1050
3598eda980643ee
2ae08ae3e0ac065
82438f18d2ed911
10ff3dee614fe4c
61c5702d048c8f8
73c929550cfd2c9
9102067bb7756e3
07f005224aa9517
50d36de51041c8a
06d6aced9420544
16cdca735754399
9b2674ed930eefa
01f46a6c56390bc
16c3d5d23f568d8
398608f79a50b2a
74034348f65fc29
5051ec4f147057a
6c6d3226be2cf94
904bcf8693099e8
699ac664c65fbd2
084c06da0c8fd3e
69839980dc94bfa
8f1d3e1f9caa3dd
23191154fe3b361
4d6e1b54dbf635a
0f624fca7fafd1a
5b146bdadf5b6f0
37898f509c3bff7
6765ad748575dfb
0733d1e811a9440
1c6987f8e4f1a41
35707b0257e46b7
630f0dcc3bb7d50
116d13b75adc10c
804249e5d7bdcaf
37b5c73f2beabef
8598c0f570a4668
62ba5ee136801cb
4aa2516785d12d3
1f4d24e4a37e561
1eb068f46fddc9c
88e17d284f10ce8
809b2ca89e897ac
9c5394326f056a4
2a923903090f381
4248622bd2e0f16
8af91ad2a2d8cba
2cdac5311fc12eb
14948d08341c660
04e188e1417ca17
091ed4ca0a6e493
8200e494fdf6fd1
38ec6bf87b9b1d5
921f0fe21382aca
5b3b9ef5a9cf924
0d37c0e67b9b150
86d8a73f36bcd2c
479ddd8d866bbfd
3c4aeaff1d32710
82fbf1766644cdf
6794d1fd7da6467
41ccfa6778d6580
71a2be2cceb3b2c
1af006ec56bfc56
91a7b26e37545f2
98f261093ddcd0e
8e19d7fc5e4eced
56dc50eba5ddf2c
4378c2b0cdb8b5b
1fb73e6ecb47c03
104f75dda9e79fe
2eaa310ff8c6194
555f2a7cca69cd4
61088f5eb6842d7
37f0a50a939805c
7634ffbdbcfac81
27b93783dd2bce9
8436d826442451d
44f18249526515f
840903acf828dfa
90b751a00f0eb47
9314518920f5ff3
1ede8e6b9174f7c
76d78e12f579c7c
1c35e297df5cf13
97276ff8446f9e6
0bd5d4a87bba2f1
3cebc8e6a2762fb
30f506795f15b05
6478a8f59494d5d
26cc5b7b456d67e
6ded0e753b59080
3f98b35fcfd440a
36230d328dfe3a4
2e346f5ff609457
0bbe1ef14030247
936545b64db7d04
8a1b1bfb0941041
3b28b4b35f06857
8be1044717d2984
58cf73dc82d1710
81f80cc74ca66ce
203429741674937
0c7a4a94db13a26
58c2d3ff144832e
0341d95549dc98a
9412e4bbce66cdb
73499f2402536b5
6e12eeabc51f5ab
6fc89c20f5277e9
2e403e30b10d8e2
31a384e421ee8e8
832a04d3e8c41c8
04212c5649156fa
3333958a2885f72
0e20396b2032fba
385023a39a55c3d
319c95f6a8885f7
41b4ada7702ba52
6b8f5a1dcc4360f
9727127545249da
36c3c0917b6f740
901dd0c001dfc6e
3880b227f4d3e5c
61e8f7aaf97dd9e
834541affc46736
1783dbff10b2a14
9c2248aa691d7a3
0637ccb6660cd05
52d9ed86f7904ea
35c1ad9bc8d1473
986fc1a757d0388
5a2f9d15e989860
331baa7ff7e4240
302b5a5eeb09cb2
76def333a1405c7
5db9146970805f7
7eda1c9a9bb2d23
851b9965521cd89
1a75118fe21334e
54e26e61677a4fc
87a37d959aaba91
6d918ea8885f792
624d4e70cc04783
943ef92b3380742
5bdc7b948afd42b
678e009a485e705
8c5bbcacb9871e7
2eccc5a573ef7fd
2eb556921e94ed4
9086fd42fcb4900
17f6748713b9802
755c92cbb152ae0
45bfcb24c17e7a4
51446c9da95b9cc
59b23961109f74e
631daffb88d1726
8e543d0cc256fc8
4fceb0f5724d520
0b0bdc52f19ccc7
33dceabb98b426f
8a4e2a252b226dd
912a1703011323f
3a8abb568e7eefa
115ae74dca281ff
2fa07297d435309
2d8a18bc48b1467
86430ded985a65c
1d58fda3680c318
40d61918ea17e8a
48dfbf1c455dc50
6b8bb53fcb4c714
6c81538de2d0031
887dcea3c48bd6f
6eec6c97130422b
62968fb6e9d6b51
46c5ce2e21c2b70
77c97f17a40d02c
00ae5947cb0afbc
26d860b26d7fc31
2432a107913dfe2
5f2d8df76ee36ec
2c161d14c96490a
871a949bfe66566
63cc7192952f222
03c04677c763f4e
4a8863bd070cc43
720f136eabd641e
54bc2be770d852a
8aa614206aa5adf
218b9cb32a4c045
1c969c80ecd0c54
3d389e3e465896e
3246f8c940e6093
5821b8bbf961143
65e498f0f4b080f
9c0bcd3085a32f9
5bffa6975519894
232b35a5e7f02cc
1e6ecb2b65ef508
1a73a747c179ecb
6e9743f43aa5fac
2998029440e327e
98f59b337ee64d6
56290be735b566e
88c6a964470bdc4
929656c5314d0f2
02a8f1b88a881f7
8088a4cbba6d279
77106632270f98a
1f76e3e109dd530
05b9c45d1721281
179024a7498c652
3b5a52bb42bdef2
5beef006f30a9e2
4fdd5a35a76c8fd
079c3b0413bed7f
26a5278490cb2c4
37bf0dbb911ee8a
65c81f0e2a8468d
6ac1c8e93ec5bb3
028b927019ac8f0
44b2ee6283f27c8
4a9ca604d1b37e6
24ad3969b5c49a1
3ebcddee822a22f
8a9f0cfb71f471c
7378b8d170281ef
364bf68ee02ee13
4357d6573b2cb03
6d838a24de4cf99
708af99eb134af4
3e96b5eb2ae38c9
51c546635e34234
71bff07ed986152
125b41d9edf39dc
5ea099dca149aaa
64e9c1b7f77446e
4efc434bd92defe
80be0c747859e47
95e8dc17c760bbb
7e9df626471fa66
8ce996962434e75
9502c36665dbe6b
2c4d0d24ac85b8f
8a16aadd843fdb7
056979c1976a651
1fac54a3afcd070
6b2667a5c13a7fd
40bd34c97e87d29
6efc457def0f3bc
23ee2a0cf97efa0
415a5a7d76c5786
8ddbdc033efbd61
721433b5ad66da6
4afbac88f693fa8
484b885d8a7411d
31d135fe0c186c8
0ba6a6aebeb92d9
76135a634672dd7
98384662a339291
530186b41e85504
0fc16960aef8acc
2cbcd2bd0e98133
9b3daab157f26e6
024eefe932f45dd
7ca275943432b81
6d3d9dd4b4935d7
67109ec7c829a5b
4a4335717a7504c
54f7017fc59e360
8a1c349a4f417c1
89d411ad2054776
4f0e7b751d44bfe
853d6b05f890094
8aabc73f944bed5
5e4defeb960731b
5ff40b8db436a69
196a875e08e8092
20e75e8fa5f85ea
83e56c92c14e48a
35f24e826ddfa16
4ad8e2ce1683331
2df7fad66e534b9
748ca1ef8db6e1d
777bc3ccc5b6094
7d68389253da78f
4fa5c78e25f849b
4a0e3515252d435
5403fb76ba12015
2efaa9b16b90d3b
434fe7d795f1891
97d75507e252518
96d45175afea7f6
75bdd9fa079d506
08a82acf3242eaf
11dc3c2c2e48935
17ccca13bc38262
3c9d5c7ce3157fa
49f0a548ccbd473
6ccbb31a13e49bb
58c6f748b42a316
69d13f7cc97dec6
086484f734cf2b7
85a5c94f60bded5
89ced182739f847
6dfdb04dc43f4b6
17744a7279597dc
2296a34993ffab7
2a36febf1a6124e
100e55339a8927c
985930cb08f0e4a
1e31e4b0260fd08
8e606678d42a317
1208605ad63027e
5cc2981d896e561
372936d06ea4c3b
74225f608ead563
7e596cb119d4f43
42c6104f034a7aa
0b5c00e270dfe0a
7996644e18e3092
94e70b288abd11e
6bbfc08d7ea33e6
68245382b97b235
5072c183a317d94
00d78bbccd13f16
91cafb7ac9474fd
850c0947f93da5b
9968eefad95ba88
5b3ed118af1e8ea
726357a339ce074
5829a24572db8fb
40f770d4ff710c4
09381db392b13dd
1a6cdd3ed3c2ae5
8dadf5bf1ed4088
5946e0ec8fd05fa
70cc5a914c5796c
16f239d52b144d0
3ed71b4390d491f
53a1d4e220b2c71
781603f25d78aa2
238c60a56ca6e6b
813c40c038e74b4
4bc4b3d82419dd4
19fa3ebe9b5e1a1
16ef274b15dc578
1f9a05819efe7ed
19d5c640e373b5c
76fc3ec8531d507
0bbb27621c74961
11324b8d2682b9c
35a436443c15ef2
2dab206be59a7bc
15be13a0539a214
4780f609915c286
202e6312f99f636
2e892f107bde8bb
5d05252645295ee
3d48612f6d44611
7e3634591bb2db6
2378a432f991913
9b1bc41bece4583
4aada2a96619bb4
0c78090eb093594
6880106eda4aeab
75752d1db14d08b
49e56ad772fbea7
8b587af98c7be96
3d70cb4611b605a
35c585448fcc266
03dc880cb87650c
4357072bd36e597
104ca99e22b433f
02daa761287527f
87ff1e09fda3c97
0228c3b142769e5
496e6a8294bf017
9160a62a1323ff7
3817fd7a2982c65
4ffc678a34135a0
9782be4fe720e1c
4581c206d1e37ac
3afd425ed0601e9
0466cee12e41ea2
6a7e7bfdc023ae2
00dea4ed632060e
758f8a6734f0f45
51418ea1cae3822
7b56b43fba6db04
3e553e0693ffbfb
0eef10af4663260
44c79b2481bc58a
5bb5c836c2af241
78d25b558efd694
489dad26ee4dcf7
5cff16adb017199
2d9ee09aa9bc4d5
66dd0e505fe753d
4be7c6784743e0e
530173f33c9d9e1
0ede1cfbf8933dd
972cfe6d9f63abf
52d04926233dae4
89aadbf1a6f5e2c
0122c3327a27928
91f8ea594ef3053
9563f00176d77f9
4453ce8a60ea17b
05410f6208c5378
5e7659da46db90d
8e6e31608ab9652
9c8fa4e7251e359
6d72f71535bf4ef
9ac26051354f5d4
102c0f48da92891
0671e5f94e7acdd
83f2fd9f3654ed5
9ca60ef4bcb804d
45d738e7e4f7c6a
7208dfa9677fafe
4a3d5edc4602a91
2611a7cd035a878
33e19eae76081d6
42bb19cda33d412
34a3b08969f9171
0942c2d622de566
7f40b0b0e30d81d
7e79decfd315881
06d8b81b2727848
009ecc4cae17795
3be9db16ef33c40
39c881a279cebf2
706f03919d1b255
2f708311371b7e6
01323736cb6ea4b
3c5c77ac80b4fff
6e391a7885d9403
6b46b0c1c2183c7
39bb7009bfbff8c
5ebbb0a7ee5fdab
68b44a4766045ee
5d5977249842762
6ba77dae0497986
0bfff2a4274cf11
6a382141ce1cc6d
0b43428ef5cadcc
89387a1d200672a
6e8a84791c90297
3903d534c8663d7
409a21d88b84db0
04208e09483e13d
4256a3f976c485b
360b86200253d7b
51850b99bfc278b
35d193cde4b62ab
7cb2a9ad4b47817
4133f91b297b653
6766c1281eaccee
98d61ab92569e47
8e70ff7bed3ccca
751b3eb2b775de7
5f7d3df835bb5d7
5ae240e266f04c1
0d7ba92161a2024
1d00def5e61a34a
13f387f8b498b8a
0347488420eb62f
98d22bbc3b45e3c
4ddf683167035b9
83aeae2fdc4ac0d
5680456bae95812
3c00e9421c8fc1b
0f137e17f99bf2a
13837e849dc427d
5d496c6ac260028
50ee4ae9358d8d1
6db25f62fac8f7e
258f550b2cc88c6
14d015b74c146ab
41d7209b27fb6a6
4158d4c503f5507
89a5eb9c7d1a518
448909bd5afa77d
776a22bf89414dd
2292b33b9890868
9bd881b561a5589
561c18a965e85db
88e737cfd355366
8ce0e0a509e39db
6f75746755218f6
42639d45b9a6d45
45ea54a7b39807a
86384fcfc389460
4722b0329b7ffcc
48451c6873a59a9
0c1fd89ea4a19a7
34aacfadfa4442f
848452e8e7c7f73
90b9505acef9fbf
4ae810cad6f764d
6c6c2403e42fdf1
793643cd0362825
60c94acd284afe9
50d2075e510e1d1
32923e1b7883520
828ef37fff57833
32b1f3a704ce2cb
5395360a677d549
3c02e8f3785cbe0
11d3c71ada09452
6bd41bd5b1a65e2
441bd195b572b6e
6ca4a8ccf5c4ba8
13bde7a2e221c90
0ba1e049bcae9ac
5ae0c55c4de6d49
3f0c289c8509ea7
3502f459cea2efa
25a34f021e99f0a
157eeb6046cc9f6
138dcccecd9ffa5
12d306907847d29
6fa866d41e7389c
05db437347c7448
68cd3b3747aaa29
3f122e641e4cf2a
81f37a08be46a9c
88032aa06c27f9c
804ae85cec59e24
12aa59868a1dd65
637a30ca84f16a2
465baedae92db5e
21094b303d5f818
6d184b513060a15
9981af1e9d1ec70
15ac1a6d8a50328
2c0ec8f1c1d3d77
71108bc6e1dd42a
59031170ae49f21
809a0ebbae52b2b
9088885843f8b73
8d974e6e0cc7e16
8a3d060040e1b64
293851a9e463d75
85e9f94b6b62aa5
2f22bf5af54a82c
94745220d37f025
7013e8487096f27
41a133ecf0d8412
869aec747121b0f
50d221918a30cb4
8286c1e8e64206e
5f9e3a9eede0108
2a79709ce30533c
92c27325e49b399
7e7baed9f1204f0
81d70a137ee1345
4f20ed7ec0d8f6c
6445366b59ac5c6
10cb7b0eb7c1eda
6c2cc52196f0f02
7d0edab9f09f036
68356f25aa941b3
6b5394ab5d5657b
7e20b69e352479c
1732dcbc19b2022
26f6f149245c887
0527249e4220113
378746e958dccb7
71578fa77d78367
8723b31b405f64d
1916ff5acf7cc80
03006df7231a441
20e9b3529fb01c4
6be4dc57d429d53
1e872dbcec49522
50ac0ab7e7bba82
477ed1d26fab85c
2a4ab9963d66212
6daa67786bee584
3323efc7499d4f7
20b280a008d0ba2
31e25345997ba4a
47867e1ded09cc0
85f06e5f1a057dc
7601056c3eeea7e
0e9d55fa44c5175
079bab1a9ff5b81
6b95982cff41fd6
207746493586c46
881197be7b901f6
8bd79db84cf9be2
2afda0317b5cffe
1b5f07bb2a871d6
3f95907c5bf1fe4
9b6e2bf3db0e597
6f72b53b1c252dc
692b9c4862bc7a7
34feba97f461fea
6772fc4a3b9bcb9
59d49aa902cfe5e
658b0201e565b36
14c55b85893e430
4c2c96b523e2afe
7401d93d5227a6f
01e8690d2b7c867
7d51a1a6c2b2349
0e36eb23a54a73b
5e5e3b26f08bb49
2a1f7bc6a797d84
34e0d2f76498248
3faf11efac7ab43
3501b7fe5350fa7
4238f196e64c3c2
99a4d67faad9cea
0473623ad09efac
56bc1fb592e8581
1bd5ad1b9f71ea8
689b4f065df8b46
7ad1e5d9dc2cb21
1b52224a5fc4d41
3a395cc591868dd
633f6683e9131d3
7d5d7250fe6c9d3
003cd3f1d5a3e5c
172c0683e74475e
69428f55f0999dc
63517ad58a6fe0b
6d08ba0924a87f6
086e08a288ca105
0a684b87b823a84
0ce31591cbd3e5f
11030907d0ac56b
7b712c49c683f3f
586b11b3d208775
8dafb760fe2108d
767fb7ee0f9bd27
504beba43e9d609
17e9bc1953f91d2
8f559710f041737
388188f84cbaf9d
94d194dc436026f
1ab3d95358c88ca
2c632f89e489143
8b0a546417b1cae
3a62037c02c1160
2f47e5692268ac5
70bb9da135403d2
7a4a4f5b0bef58c
79f506339968d10
8afd5c885780cb4
500354636ce870c
0916e6e8078dbf9
79d7d4e57a53696
730b743bfbefa0a
8c768098d2550a6
2ceea6cc8c43613
82b9c779c683071
75adfe933523a26
84f6589daa8bdbc
97b22d35dc2e3a4
2d9fed832dbdf73
2334d0515caec24
7be9ddfcc9692ee
66bda7c431413d2
7dfbc29b4365767
588f9b41117220e
2248903674d38c3
87234cd9d486a66
54b3ab6a93ec345
7e01391da0ad93c
45bed1505d458be
69785c83afca733
97bcb8a53fdc705
183698ad03c8db0
6fa6c5bb22d696c
72c06e47ddb501b
0d9069468c1600f
4180620f4175a23
5b424c60664cf90
4c8cd40cd2ebc91
1025c873548da24
78bffaa41e307c4
81a44213ec24044
478191fe828c833
1901fdf91bc2116
4fdaaf2f78b3a3b
49bac80a5cd7bde
335d638f7c67d1a
75fe6dba496c2e1
46bf21ff2184ac0
3e33fce323bb0bd
7835bcadf04d057
1026e5773421c4b
07872ffba8a8de4
0e61d75ee44ddbe
2e43bfee3b9af47
370b1d652a0ef06
9379bd8d661ff3b
6891d12b771a0dc
15bce538071401b
55f979c36ba2339
9546de4b2549c4e
7b5825d2ad96872
6e9a45361c651aa
21c1f3191326dc2
05ba27f2c37f3ad
28d76ab8319e987
4e23315d766b56b
192634a4a9bfefc
10761f4b99f1df9
941703b369080e3
4fdbd33c1758133
0fda16d730e6908
440a7fe04b218a7
62b9ec9ada822ab
118aa2568ad5ac0
080daf91b43566b
0058319e827a06b
816a8be4ae5ce79
6b5a79ffc493102
7863ddb09307e60
0a6447832008e26
860f2258ba91d04
82900f09f1e2143
41e5eb631cf6caa
36c3f86880d6d83
3088abb2558f8b3
96cd44a8d1aa8dc
14eddd28fd50df6
078a95b4c4f8d2a
5a385fd04cae474
1ff615d4bdddecd
8d0aaa895408f94
0b3ff81c660f87a
010cee2336d40d1
2e38a11ff4315f9
70e26ad719c12aa
450f72d3fd82ef4
1c6d959b66ed8a1
14d7bb2b6978c60
8384094bbc3690b
00189bafe831d8d
867537e5effd142
97425e956755271
2b4516b5aed04be
57796df792b5c90
5899b79a4d5dc43
2a283a8de97b25d
2e0985a38c2cf48
93cc566d29f9950
4bffd1cfa83ba18
7376d604e958e0c
68cfd2b3828ba01
304a0062bea4134
4ecc364c5907557
389c958f949e0ee
9a3bf712ce6f083
2a2cc5fc8985a10
413cbdf1bfb3a2f
45c14e8dee42507
6125b20073f6211
7201adcfab6c470
92223a88e7a278c
1790de7040ade83
5f60bf69db5d0a0
0325f49f2161b41
35022e3e814c2c1
6aa46ca43db9157
730cd9e47ff7312
7418c930cddd9e2
938243624bac316
4c2853082a3b4f6
42842334e4d25b1
8e12c32b412be22
5a6b246df296453
1fbcc21f7addc38
4559444b4e459fc
57c7a45952b528e
9a904487b344e54
5da9bf3ca896ab8
42bfe37efb1ace0
52e8732a951b9f2
0ebde0a654f9df2
662739796bf760a
809ca6ab19e4ca5
4874c7342ea39bf
0383db5d8fbc9dc
85940ab435a775b
0ec05e34ed3461f
1b4b32a2fb0cd8e
3b100a5ad8caabf
40c7c4a72f805d6
6f7c13fb0e02ffc
7452ed855bd820a
044bbc3a54bb5cf
700a4131853f433
2cc12e43d5c9de8
3b0bc16effd8b8f
4f017e5d1b8563a
897397336343074
2a7077c2b7c5900
42392db8917aa1e
33763cf21978171
82bddd771cb1858
85372be042f172d
0c3b69d87f1bd9b
4b168e81239cf5d
55574f59fbaf891
751a609614416eb
6a3473e8eef9c77
1ad5fb7770aac6b
55d81142b97e616
6041cfdf28eeb05
57dc78782c5f92b
87d3368ee5b1936
83ea9001a9cc997
4decbf4104c53d2
77ca67a5bf82ec9
9c6f12a7854b53b
8fea55dc037474f
47f7fdc85159ce8
43a91907f8a9328
7d239280eb37244
5f37ac6a18c03e4
94aac5f20ce32bc
23c3acbcaae685f
6b94fd86aff83dc
23a34a0e708d14e
693e57cfb6c2e10
2a111ec26759a0e
6f87ed2008b1fa2
62ee35c5bb10120
002b9e98db795b8
3bfacd61abf0335
03018d7a5bf6cee
6e938b393d885cd
2793dd39d505633
0d6094e4b0ac04f
442f2e704d8fea1
84b49d2281ccd75
63532debc9e424c
1a4c510f4f96090
77456b447327e7f
1784c6841e75db4
8e0eddb9d121888
19713d98cd56f5d
8d16f43e4d0ca45
3a89d47a738d9c6
3b0027b6bc29292
25c75a5673d0b51
71c0f9aa2df90c4
810b0a71e8dc616
9b8a661df02ac73
967afa12ba425d6
2f2818596813219
54fe1506fb19dc4
2c6c3e3511801e9
86871928bf48d5c
71a5011e6a57bd4
606ca56f683bbe5
5b9be5d6115775b
2b227438e77cf39
0fa030edfd5dfba
97e71905a26d509
9837a03d48c8006
178c61010fcc3ff
4a3fe4a771f5a7a
75b8532868b2ef5
35f3c1edb25569f
6554cae37e6fd7b
7740671d4f2fa3f
3f06d513d38c477
0d503faac26f8e5
7f205f91031ce9c
547248b4cbaeefe
88fca9e1ce938e8
1abb4abcfe8c997
38f9611baaf7cb2
26046e56c7a821e
9bc0f8b0a580f28
6b6de3c74ae1f41
618ca8cb0c53957
7619cab83a59ad7
38a67b03a80157e
74142d57915707e
1ec097473a2d308
7743e71a30ba4c0
567188a13605707
6cb738029de1754
3342172de97e20d
23ae9ba4965c209
75715dba7c8b253
25ec43dc7f42da0
4e5544dbbb30c3a
49706679742c4ba
317938e6392135f
17240566df5636d
58d84a9ff9d8b2d
38154087040de96
87d9dc5392673a5
76d672373688ba0
7869bd2af5931ac
678f1cfde785a12
35cbc8a4d4f8bc5
80217bdec3e0d80
4c4b0aa467a95d7
7b959eb5f5cec2c
9718a9f93dfb7d5
71d8913c00aa5ba
02638233a4a439e
3bb4f33d2542941
27f61f43a50bdd8
33f623910bdafc6
5f4022d98575ecc
54656ed32682bc3
57c7082fb30ebb9
0fd52cd00dfaf73
81388d415984ab3
3423338e643c629
08f6058543f0076
5a0098f133a4d6a
900026cc11a7b33
10001c87d431166
5c7bda679ca7038
262446b45b5b94b
82738f43cf9db33
81013799c01b48b
0ac9bf0a78a0c26
4412287d687f13b
740ea74c8b75a72
14c55f255a0d894
33d960849b163a7
43ad9c417d37b66
9c63f6a320140ad
9b30f3b1f22aead
42e2f83ae4f743e
1d2d5ac3b6e7baa
0ce948d98f86720
99a98e485c6b2ff
9c638ce131a09d5
94641962df3b6ef
25aa0157ed443ae
490bf7028e3b50b
727c9d494e7584e
2616400180f97fc
738c2403009fe0d
7fb11dc420373b8
0541b95b23b65f0
6071068c7ded156
4d5a99d3b49c7f0
1da846f3a26dffa
8bb145344989326
2a03b1ad2cb21a8
6318c355806b8b5
4ab99e006896266
7c4659f65e4d1c9
9c4ce26aac7a7ca
5d7449a532db7e1
1f09639776de5c2
6cdc6b3e20626bc
755a198ca3b28ee
58a3f232f943fb3
39060cdab0b6325
9b5ddedea134642
2af22cd6d4db189
64418b23eec26ec
2d950eb5968311c
1f276045124826b
4f9a29ef213bcc0
8686f6b1a2a7349
8736c4980084cf5
72b434a6c62f37d
4293800354f8cc9
6f03dd7f5e1d5fa
7f0839ed50947a2
669b4ed00c2188d
2ed1452f6e9caa7
22f6d8ac99f11cf
6f5215e8fde956c
43c0911d4bc4c98
217962e151dc5c1
594a6f36453fafa
368a8f79ae62ed4
17e6f9de2d64160
0b4c430be3573dc
2f8b6e675707d05
0ab859bb1516327
824687a78d08398
7c5a75357cc2c35
355325652bde860
32037e1eb2948fe
961162afcf074d0
089179fd1ef0ec5
660bc43bd25e44f
938127f3b5c6ba5
525ca2398bbc849
8fda216f9a61767
02f877996834254
3675a8da2745eef
3b3303a601acbcd
7d47fe47ce2a0d8
08037265d812e87
711600e338bb6fd
703962726bc6e15
4472399867f319b
67538a16128ed8a
0454ef67f124d3b
150cbee8a29ad53
73dbaa7d00121d7
39db6806ee5e894
512cf9c6573b19a
031f25705b63bcc
3a7c5ab6b8d0b24
498f58810c3049d
8a6cab35fe3d502
2de159bcb49b6ed
17497cd10fa1e07
32c22c662e7e231
5dd7b0ad47ecb16
1a0a76847934084
89a379ea2ffb2bd
24ca0af6dcea473
4469e8b33aff107
1196e3c820d0070
2337a3b691ac4fc
6a14fae657e3add
5c9fae3b968da17
19bbf35c69a7628
813d9b390bf76c3
3824e01f0933450
3849df0f63f9d24
134711488038c38
71e38e70db5a4f9
12a79bb8f721cf3
6ba70f40bffcf38
05c3b9e53dc753b
77a2e4ba8fa95c8
4d48e7db828125f
11c89bebf7dfc78
8bca4381f307711
80ebe0d1fd5520b
69512be1ecdf1b4
25dfebc5b949402
8b44fbc47003d9c
044c523ee785a8e
6d02e6cc431ce56
2501bc84c56018e
6dd65ee5ae44ae2
3244af5697d04a4
8665d83a2d0f816
8ecdafa7f902ec1
6f363ffd5169360
4f8c88490a92af1
138881b48b5bc48
1c41f8656181131
7ef1cd3766262ef
6e7a3e32b1c4feb
03891dfe00c6e40
9bf78f011c65e3d
85a486ff8124250
448117e6537970b
1a4a22f81bdb3e6
92e6b398ba4ed09
9bfc4deb6500ca0
59af71cc5ef17d0
2df5177a80e87da
002db0101ec8dc0
924c98c0a951a71
786180bafdd06ec
2dd991ece36aef5
059bb1decd73fa9
421bdee403cdc78
0925fce16c746b6
0e68d6f134e9506
4a30a66bb1a7359
170c5ad9d2fdbc3
7d36bbf28e22556
941e214f484e9a3
726ceae9994a623
565e019da780163
38d175d7a9b1a57
0ea8f863b8b161b
1bc177e4fda65a9
97e85217e8ff551
2e1644451dd16a2
502ba3a8a849990
5e4b20501528a88
5e377d9735a91e5
06ba4f26ad9d006
1040a47a06456bc
62190b2443470ff
8fd7b432b9e77cd
80bafa8a1bc19db
95f9045b955bee3
431efc84c3a7ef5
17d787e2352d263
9c69c74c9b8b7ab
178d261ad91f6f2
2a606a9259f1e9f
529614ac63f53a0
4e3dc646146a3a5
3c413820f58d438
10a78537cac4604
7b7b9f51c0cb46a
1a9206365d70c7c
5133140c409a1db
1f943d4854c0288
2f77042c85f823b
0e94142a0ed0d01
50aa97c47e57ae9
627d742d7b8494d
31b063e6dd4d8aa
391529a02850a8c
941f3c12a17cba9
6d8595c1ce20bb6
26dd56c6a3e4bed
56374589f4a4293
6919787ff478c3a
7fd54dcb8f11768
213bd549e946e24
52746e7f6656ec3
8cff814b1980b5d
842e0497144b2c7
50f2cd21377e7d3
3aae82deb02fc4c
6281f840ad9cd36
2037e97dffc802c
66aa62788841976
943a2e19f6d0cc5
90bb3b0fff81c47
51ab36711c1ae8f
14dfc39fbf5b289
6dd0d8f98bd7064
8612ae76cfba589
2c5da6f053bd318
38607d06ebe23b3
3ced3892f99ecfd
5f4c0638e666c65
428809489f7a215
0d0c9474a8494d7
63007b5d527e6b0
366b11ebf54ec9e
486b7030e951085
21194fc90614cc8
75b5d36476c0ad7
445dc4ce73c8d59
12b037b4c2aeb97
033b77a3dd9d4eb
87b03737bcaac15
45cccbd2ab593dc
4f8ec3544df3126
262b5139b192704
0f0af1e9dae5340
73077956d886bd5
52cb7da87aaf536
0ede9ae38d79b0d
4f930b001050ac3
08644272cba2b68
69386287c343ddb
2f2e7181f138126
77d3dacc3725b2b
44d680090fcdb3b
6c5be9c465f14a9
76e142263b170ea
3b94eb23fbe29c7
244c145e7bbd634
398e01ebf253528
8162b50ec8f079a
5bb3b77593f74dc
1ecc75bdf14420f
329636ac77109a1
8ea0ac744cfb139
88674dfe36ff8ea
232dbc5ead49aca
119a6179163bdff
5f6cd7f554dfb12
20c93eb54c40558
7f14c74bc1d2124
322ed137b71357b
91b17c5e344c99c
0734d3b39836434
8c330e4d6252c7d
5859992171da8fc
026e41a87f9a634
1f43255f0820087
56798b362892e5b
9c8b3f211729920
7e5fdc602c18871
3980132c4d22de6
195ef20a672aab5
8b92ae968c88087
4649593df7582d6
2deac134cd0eb8b
72cc499b94f9463
195c0c936518603
92ba6136fead499
40fff37f7eb01f4
0bf3d19e3f5092f
66bb0eb34127a14
6c05bb1c48ffc50
244babee2a431cb
027c488484ff2e3
856d1da7cb40ebe
928829dbee7d6bd
948174ef8c94049
4974dda611bf846
795e6cfa4ff48de
611ef36643960d3
9263587739bb483
475cbdbc8e60fd4
0577ecaeea7c599
5e865be3f149785
1ce416cb3b741c5
1507a6ec266dbc5
5400209c495390a
74137613a8f81b3
85575b68aeb9164
581639820d832a8
8d211ce3861e18c
7bb04d366a11029
7c7cd63201e6755
971f240ba9c8693
9bdbf4b48853ebc
25ee91c7fb821b2
6779fa5490baa21
101aa0652964a56
288235c1173dbbb
0a16ba8e6b1362f
0ab4826a309d7f4
7d45062108dfc67
6f8dd66e76ac397
17bfd460a6e8538
5c0575909d56651
36738c06b971b75
72e2a8e55843a37
6fac9bff94387c9
136cb36ab461884
26515d5777a76ef
3fe8c7838b8ec7f
7796455d87a4800
83be300c95d269d
82305eacc3876d9
0c38679c7a3b0b6
6174de0dfcb9630
6b34a2f85d04d5e
650382725476ae6
85b4975fb7ac79e
3847d97f1153892
599e05f0b44a20c
9840abe09ff4699
8f41a8d502e32e4
54bae8b54899943
9a9f6a2301f9a7d
035fe281f9b9d88
379314f4a8dbd12
696f0809602a3be
72eeeb7d396146c
25f9423f1addab7
6967217cefe572e
69852ab95f2832e
6209cee2952693d
2a6c2d26c5162af
4a1ceb5fddc5ecc
946a36a5cd4967f
584a04e6f722a37
4404112d78ddaaa
4f98443580875fd
351e7e83e387cec
18cbf79d8d5fe24
8dd73048a329801
9ba9d3683c62691
581016ce2e0ea7c
29cb8649c178761
8488722ccbd21bb
83310d0a3ff5197
863dd60db03bfc5
4faa20e3fc75382
8aeffb5b1be48fb
5589bd4631c171b
67871082a95e27a
1d2283a9e383d2f
4455c1fe085ff60
539ffe8c7ead25e
9626b605de8ccb7
88d78eed56bd5f2
2cf9de97ef59cbd
04117377d6a4e62
1f73d875ac50865
5e859ee246ca5b2
028d602923b0edc
3f515c60084d624
0c89d21da997312
8baa8b17a6fab32
7095d86d1787e9c
97d69045b244b71
8b64e4d88c00474
7ebcbc9ca63fe45
6e5aa6f6f84988c
644666aaeff2000
4f24ef5f6bfd4f0
1ade80ca2522836
7a0a547dbd17ed7
713185b5d859de2
78653d8607b5d6e
69c8723c31f271e
5999059f3b2db4c
9a97544e8270827
099111de1c85dec
9b035f17ee853a5
499f5fa4258f217
5b72c02c50e2f61
3ec7fb39aa99f7a
201a6e1b463d4ee
34773591a4798a7
38d3a589cd49609
983fe0c9708e2c3
0ac5abcec557de7
3f8c9a543a6876c
2c536a54e58fc17
6aae22ede8220bf
935b60476c0fc53
1dd259c2ad7a10a
37e4a31cbac8a97
390bd498e3a6082
412022bb1445132
173bf003670d340
594eb97d3976cff
8e9c5b83b6bcade
23014e14ae3f573
4e70a0d9bd0cfc8
0e18ff415ca672d
1f5f463322a8b72
012716a2c865cea
2df30220d98100c
9c5f689bb38d6ce
0db92ef2c557436
90c1f19b028c76b
4658141ed2c3962
23720c6bdcdb07e
2bc8cfae1c91d96
88821342b34b1c8
370c2cb1f92f808
1ac5ed6d3900e8e
30f62bd6010fd54
3c3d08805668d82
8eda3bec1cd6200
796628d842aa8c8
6f5d0cada7c97e7
2743bfe3afd8ed0
9811e5a336741f3
85941ea9dd2c617
303204b9d71eb8d
4489af913639f3d
394afb8eb65d4e6
35014147bdf37b1
2c59045d268c7b1
31adc389b2d19e0
0ee20a8cdf59b58
88f3e212dd85896
919cff074bc4289
2505a7ce6136d0c
2aaee08842bf624
84524352d2812bc
22df46e10ac1339
9c1b58ae095922e
1c0e2e08a19afe8
318e6b3636dedd9
1c5dea4739ff7d4
5981484d4c2b645
102045343c7baf5
59ed4a63b65d441
1ef23e11c376dc5
740189b8b1b43fa
314510886b5e18a
97ba5c8adf10e5c
146c8a2e5aa67eb
659bc00c67bdbd0
5b99b131d1a4c29
565d5cfc821674f
64e6fea2890a852
02ffe2ac0b13279
7954d4212702b60
4ce4a8a837c3d9b
0a4915126ffc799
6ff59783bb8ff52
95c0fa8145673c2
31557611f5679fd
02962ca82e1ccd2
2f6117eab1f50b7
13d7e9382c2b0dd
6f4bc3e06713664
68ecef8c32e3281
9864eceeda75fa2
523753ef617666e
22873c8dca9e195
05401a3cdecdf2f
518812431fb9228
6e218cb4cb57507
7cbdd6e0f985b78
03933a62cae5cb3
8811fef674ba3b5
70d9d704b5faaf6
0bd169bccb988f3
5bfed4d51a03cb9
79032fad03e41a3
4d7e524d5d2dbff
5da6553350050f1
1023bb616c6ab49
24a426485f84a4a
13037c799c5bafd
3d385d0f42eaa5c
0d558f8a2cddd37
6aef259f8359d19
18352eece46d411
6d2a0d95e20a705
1ac8597b5dc2db3
12d5f6c336f420e
791fe944ab1f7d7
6eb731a585cb169
1c541e8e6397468
65367d2eb767fc7
68fc81dddc10dbf
4f8aaf3774dde2b
853f98631eedf14
0fbdbd659516b22
8a6af61ba862a86
1f17c7fa8ec1a6e
3b6eb8ee363273f
34d5db34c23352e
5c302db8605a6a3
5ea8d3890e789b7
618314d8102eb44
38d761124d895d8
77e21e134127470
61c62b93e7887a5
83f3f2a874cefa9
30eeb04053bcc94
7dd5b5c4f1bac6a
8316b59f1d0a1e4
1059bf6eb548482
17360a28f8a5426
24ea2dc239b8cee
826847a607f5ade
767de244e612dbc
4faa8e43abb0887
7ebc5bf663db8bb
5f8d3b0473ec734
3376df782ae0f2d
3ba11551658dff4
02860dca034d59d
2ac33a6543b9041
24643e19eadd030
8ecba6970f57cd3
29378fe94913cfa
4bf84ed11e4b926
62e9337deb82bae
29880f044d36580
6edf59fd07dc48a
21cc8921bb9cf2e
03c4d6916cc6c71
53fc30a4468bebb
8ffc32d5f8f366b
3b337af54a6392a
5f2f01eda83b54f
00ca60aa388a884
7997717660a1e06
1fe87d34241cf2f
741d4e6f7503310
68a5a5e45b3e6dd
118fb217fccdecc
6c2a36c85192a51
7497cc436d79a80
6a2e649c7ada4ef
72b88740adc691b
0d50d641b2f5f7e
1420f1f782fba69
1111a31dad0df33
391e13a87cd2d70
08d1a9d62c19738
8316c50a3503683
4626a7ad5bdad02
73b8cfa526edae7
4c4f5bec684ebab
6cd5aff44df3436
64b0697aebda9c0
1e9068d5f66ed69
4032359fe61df46
688e09f0ff839b7
540fdb923d50ae5
96d57c412dc5d93
405f11432e49b77
80aa923239c818b
1e1f872f5240c47
4472c1c47e2d14c
84dca12c4c00e19
9b6de013944a45c
80acbb60264c111
83c6524105ea9dc
5692bd3254d846c
974aa65d6aa5875
31b67e241c7f8bf
6b50702fc2563eb
6c6ca0f5d87971d
2e08f2d868bf953
903693695ed5005
8d1abcfd5ececc8
77cb80238632835
5aec57751dc71ee
24d47a2287cf572
91ecc506291b614
5ca02669dff3cc1
63ca157170731d1
989c11ec24201f4
99b0eff8aef414f
0c743680f7f6a8e
4eaf431833c7ac6
37ee0500d5372c7
7baff6194fb38d6
65be3666c1f4b39
7ac28b1a3a42cc3
23635f60a418c59
0ac2a45d16f652a
5755e95c29e29dd
710bf5a1fc9a1ae
41b9b067da86b40
22b5b6248a09119
35f82d2a490f813
7c86f38dc4f0e45
5f383e7c791153f
1d93f78f85cc3dc
0b4e58d572f33fd
54ba1cfd6c4320d
13f7345251f1089
82096e515afdf69
672b0bf36c2826a
91084f39c0d4f0a
55f2aaea0d67bb2
0be6aaf6f7e6149
56700f0fc1e348c
7aa433087de2266
415dd4db715bf02
8dbc383edcd1f40
0127ed4967c1589
82a595f97c3a6af
438624b9c84aeee
7223ceecd2f2cfd
7dc78653c624f6e
798581f0e12b9ba
0eee3e3c1942673
078cf6a891c1236
5f9549a6cd22d98
1278917cdbcf3b6
8483e401f1a5069
055daa8ff38abb3
73b31e916d0a409
2b3099e210ae320
7983fa307767c43
1139bf3194cf050
8229792c12b1ad2
2634ef680234e3a
7e7f8b3f32e0ea4
9692fde2f6f95bb
634dede395026ef
2aefe77a766f980
45a6878a3e6e0b5
5618fb225c6606c
9504c0c9874e8c0
5dd7da9bdb518bd
2f706f8fa0acd29
4c239c9bf77ece4
2a6c0ff623187d6
0af7545ef264574
4d08ca10099bf95
27352c50fe23d80
5ae64d37ad0c8d9
7f04a99abfc00f1
9205ef46ecdbd48
333632c17131fcb
00d14a5f60076f1
3d047952daab699
81232fc156fcc9b
87e3fcb2b9f29ff
3e3976ef7f6f65a
8ca836228217769
653226cea491070
2d4aa3d5cab716a
84b051347e9c9b5
6aca59ab0c53905
87228fad506719c
429a14ce39fedc1
7b543bfd19e2097
3a2dd1876d20eb3
3b89aae24cec29e
82f9852fe116dde
7137ca086b707b2
544773d4c27c118
4968442801af747
383699c54bed4f7
345156b46d79a8e
3ff0eee7c789c50
5f95454a27d5bf2
013ab87b3c0d962
15cf52540de3d3f
840df54c9ac0b0b
1d2b0604f6ef402
2ddab4883826cda
6a57d67b624e700
54270cf91bb5ffb
5379293b826c4df
536cf6b9dca9f79
77bd8cbba192551
97f15ff32c40e15
9bfe49e14417770
8f9d7935d6fe164
62a8d2d9d914259
2c75aef141e49de
179eab93bb15a3c
9049f001b9be5c0
2a7e4f003140335
8ba6c1e0d34e11b
2b8d33499659eee
2b03655cb44d79a
2d5c9d004119a32
22fbb51af9247e9
4892c55b1e5e5bf
10136fd88906238
70ad320fbce8e4c
2dfa6d3a1572089
6c63154e851d566
341b15887472890
2e12f4db1290db7
7ac903197cb51ae
5f54e2e5315be32
0ac02fd5bbfade4
66ed542fd65ed7a
117c31ee2926221
0e43e5161aad344
7322ac3dec630e4
0fb51852328e335
95485616951f05a
07c434c7fc32661
6a1d3d4a61d5036
42e00dbe63f653d
4b24f766f532795
35c30583ac3997a
1784d890415e221
2c70180841c4b52
65ccaa774db5a2e
3e6c586a083e049
681ef609df95c1b
9a73167c9d8adb8
6abddea88f79bf5
71b9b5d4058d0dc
4c9b309271529f6
2dc2d10522ea2ad
1889a539191cfd3
30e9535f6dba329
3bb9cd71d617010
811f3e4e4f8d3fc
8f125098a7404a9
2e6025a439bbc79
67ce40b44453b10
5da5341dfec228a
5ba3d8d2a78e08b
5c69a6980859a5e
0347d81fe97d3b6
96f0f2a07b4d89d
42974f9be44755a
7c7654f86ea9398
3b400c35c08ee47
5dc649aafd18eaa
734a6db0aae2a28
7b439e617746830
44777da255b4ac7
74c4d374487bea0
456772950c34e3a
7c2040ec1849145
57119aec63b30fe
15fa808ecccac2d
5936b265f6f9423
8af13c2cf589521
1084595ffd01753
8f165db4afac39f
3440a23abcaa129
86496cdcdee9b49
2a8a832c9fcb19d
3d72688cd880159
723448ffa27729d
2fce0bb0a48a78f
967a0ca0995b2b3
65a7bcbd8fc3b38
80b6f7572ec7afc
2b9315dfc43132d
420bc9f06d81978
5a2f08e6e88f17e
2a8659a11730b38
012baa90c3e8170
21483ac2e5a5e6e
3a0320bb6227505
5ea1752621710d0
7c4b047e091d8c5
305c7cec2fa4a30
91a59024b0f102e
25c6d890dc2f4c7
891ef5da874a4c9
891f2dea1e17db1
1bd3c7de4065570
9ae05b604bc5b0e
86c80ed9d9a86a6
037e381338650b8
0b446a16b7e24b8
09719af8a848502
239d0a17bac8136
25b31191f4f19de
78ae35cf0944724
1a76f2b82378f23
0a4bee3bf1de154
2b5ce629d509afd
6e3e8d3a3d521c2
1feba7121971a2b
957531c6d04e61f
9841992aa2b6e03
258ec33bf20bdd3
8c4a3d86980d895
4e8ca660277a998
6c8a250a8f201dc
17e5583583dee8f
631079d5c6cfde5
54c41bb50cc9d0d
794a90caf97e51f
7a2ade9e48f9842
7f2aea852d00006
84825ac5fcfa454
23319f700a04731
1c1708d6307aa1b
2e0f5d7e3a107fe
1c6072b01e39ccc
2e2eaf91312e11b
7b3f4223ba877ae
85d3ebc8fdea70d
6e9f4188a5f8075
715d90fca2633c3
6f7c5c6ac408528
6fcfcae445703b9
59830c00505bd3c
1b266812cbb0e67
4ba8693b76f2a0c
5e6364e067663fa
556435ec55b609b
551b45b32a35288
63b350e8bacf528
61141dcfa2d3bdf
9b74e52797c7aec
1afc633f56bb294
49b3fae848ba387
5d26dd2091a0b73
929090cd277f421
332f6d944c3eb48
1caa00e88bacfb7
2417fe55ed5e39f
6305350c15c643e
9a9abe0f65f7d89
3a850eedcb01520
1a347da3a1f1341
50a6dc89bc4baa1
78b2404abe1e522
627f21a7a89fda6
6f768254af22f7e
150889f857ae88f
876de5797f89fb4
951f508a0c9fe46
04fd6624973c9dc
89c21eba753468c
31b8d65fe4bb879
5d689ffee7d804b
907cb4cdb5c65c3
7da8502618dd9be
13e991290668163
4f6104baea71350
0201e288e95227d
7f56408c5d3193e
32106c30a2e6330
3e25d6278292a6b
1055bdcb0927ffc
55b08e7791f3cf1
30d5492b4cd88b8
1322fc268fcef71
1f5163d0c349391
7e28286550739e7
32fb8e1c75caa80
21504172f70f736
75e8d14fab033fb
87a76bcf1f2eeb8
4b8332460c2fbca
59ccd169dc4e00c
27d5e70797a89e5
614dea4f1c522b3
8aff5fa5b8f5d09
34e5d49e49268ed
42c84e6e25d2e6b
78134de819bbcd4
02177dc4502b2d6
1ad23d3a09a2829
2704b8cb1ed567f
23633d5e3437a5d
60451b6fc611e5b
82e9d6a5e18d52c
70d95ccdc440fd4
6a1ded140b11864
446d5e218fd2b39
0677c9e55890d91
3bce994d2d6415b
144e5bf380025d9
999618cd4a5b715
254f7205865b4a4
6f5aeeb6d48a0b8
212aaa6292e65c4
4df4a460d871a08
863bd5c4dfc9fdd
8599e6c58f7c47c
353f86a6f7e07d2
38e867f08369253
0c86c0e2990a1b2
2bcf68c8f9eab82
4b5fc4facab5595
098e3dafd457763
04e0c81dcb4d406
67480be4f802c8a
63bef72cc932911
31f0167c9bc5c1e
6aca47d80ee074b
659d0b8f157a620
58d07910f5f6b4d
40ea142f2b35231
5f8341469d4a1d9
25ec007b8ae0e55
63d67d39b06fcd3
8ebbca911ee8781
87e422c66944c3f
4661fadd4c5c847
28e103071782bd6
486bc8eb6dd3112
3207f21155b9ccb
3c8bbe80b971315
80359dfa98ffcb4
77e6ea7656ea06e
6fc2c1b52d37eef
24cb970a4bf83d6
90e7a2ea5b53c0c
4a2ae87125e6a1e
0759200a26656c4
64c13bf3b1725c9
609947121013cf5
34841f7749a52a6
0164d8905ce1fd0
3fcffc9e14f18a6
1dcbe11529b4cb2
12a640c85281dd2
3b34b6e505c3eae
58b35e94193539e
5f2ee03e8e04f00
4e06060a17e4d80
83ccb2db5b48e37
9288cad1777842e
7df91fe72a02e5f
315abe5a3c01dfe
1ec6e1c026cfa6b
9a467b61ade6f21
330fd2b666adc78
92bedc31b695ee1
50349c2541a7c7b
3510fd79cacf250
49afe0580c4a9c7
76d68887a478f04
66e90bdfd169605
641a5e9574df1fe
9b146399313bb02
3136aedb41bcc70
7944f8fd4c861fe
406dec01b95aedc
468eb97bb021605
8147e450c84af42
77b23bbbd0ee0a4
4dc3caf9d4840dc
1e4f02d24775a34
5bc312d7886fed5
17dda4924cc15da
347a500f8572264
6e6141160193e0b
0cc5765af061fa4
4e9917b1ae11199
9877e100cc203fd
2ed74ab33cf097a
1b7ac0687f50abe
0b9d4be1da05036
59ab57e3501f020
7be7442e1db43e0
4c377d931aacb0f
7cc0e476f1852cd
6f154630dfa7fc2
62487296a617eff
07c6840c3c31fdb
1b6f117146ffa44
171cc88d22f44a1
178cafc5212f6d4
72a27366eddc1df
4c6846605e1b3e7
29f19da54c442d1
25d119b94db3e64
04dc43d61b94f9d
8dd1063ee652510
77be5e809382f09
29e53c9ee52d003
64300a44fe3410b
13c27e8a679dc27
0f57aff8586683b
65afc45f8e40c4a
91858ac5e3b9e8b
5482921addd1194
13b80dc982175c9
55defe0b3be3515
94dfd049df653ed
7491e67c6e247f9
48eb283ef0208f7
38f7d748c11fa34
13b6580a9fe0a67
90fb5c99b47900a
3f35d93a761b495
668b523d9b76894
057abdfa857a19e
040a9425691b954
6c1234c20b3c605
1f35cbd67f1b2ce
55768b4a666dcee
904acacc830662d
930568eeff90ae1
5071922a666f5d2
245efc8583c5c30
00a258f7aa24d06
7c33c653719cb56
8d40064ba6a1505
480baf698f5f98c
40ae8f69b0635be
523a3dab9df6ef5
83e7992affa4a3b
47e65b12a084419
1adf6f28919c5b6
193c0b91333af48
87d2c03b5756029
12c8534d59b06cb
13324b25bcc6e2b
2cbe0ad1e898eaa
8330b9febfea8c3
1c1058746e43ee8
1097b80d81291ae
93d7a0c12cc39b6
4ec0fdc570e4d1b
2fa2ec3947cc9fc
693ef10796fc520
4fcdd42b93b6b2c
563d689c82b548b
417d9fef26a5a90
18f7a48a69de07a
8e4187c89f0702f
34328f5a431586d
278273954095ca0
535d6fa93b2e89c
583da4fb672bccb
9722f1701b4eef5
16ee17a9756990b
40ecca23ba4e852
0565bcc5de18b38
597a5402120d9d1
4f096302f883a9a
507c57b50766404
4d96f8c42ccfb00
06c7003e21cdeab
605315cd2efdaed
6fa289e8fbc3da0
34d8dfce6249c90
60b2a982a5e5b5c
8f3394a1b102576
6a746afc037f800
78b142b0e838b74
00a02648731bc93
917f7c65f6b2979
269ce4f328f48fc
03ffcec348ef5a3
4314ca31738d980
9c551e62c90e4f4
181e0a213351edc
505dd763fa9c034
4a1fa918c80a814
6e4cade46341f73
27c21c04c9dcdc1
1e0fc2dc24e9a15
7d0ad4e67f66b0a
2675a96539910c8
75631cb97633eb4
205ecd3ef273688
0bd35447714f65a
31cd95f9db93a82
37f2bb2708fabf3
3770330ea0a7d18
3bb11d55e6b86d4
0434d2701ed5f6e
8be4f4117bb8ece
6d858d15e2eb9bb
4803a7ed94e2666
8fe812c5c5342be
3a889693b7f6667
7ca7c26d81292d5
607bad2d32f591b
7ff9227ea95ec01
07c9cca710971b7
3ccdc44f6ff087c
1378b7bff4f7224
81fd68823998cb5
4e8e0d8b46248c8
3697d78d2d5d8f4
242f9b5bbd5cb3e
32740b48054f44b
990be0888625b8a
181de9291e0c571
564fe459829603c
58df50ff213e241
066eaa136afea27
612532cba277c5a
204c79d96c68392
60f8b018a259ed8
1edfd000cd1b9dc
5a601d21cb71354
1be2cdf58f1562c
0a9c1b6de91fb24
1f738217e11cce7
0a45e51e758930e
59149af3213996a
8d3236428f3fd89
43d87f26703139e
2b6628638f64688
4cd641565fab890
6592107a5374199
361102e6b3ef386
4bcd9fbd7cad512
5f421f0b79d2393
4732f52a5b5b519
248cc50819df51b
330610b1ea8389f
0c9d106789d0138
532104d9f02e382
912e3daca2526cf
1a0b4eb5d308271
3623813f16cabe2
86e7a62ce7f1d68
3bb1918c4fe4276
181c860bb065358
7ec00dcb497c711
666cee80f0f4560
66050fa38670e27
1f8276c3ad367ca
371a26323899621
763fbc53c6989d2
6f32e6679786e0c
46b418f9c892146
7655808a71b4df9
0ece5a0cdbe98b2
0a98456217e1ff5
45a041882a09a72
8d3a9af63114ab3
6b2f6b37d1c3649
547327a9e959bbc
7cbcbad3a55160e
917617e3096e681
509b0067a0ef04e
851caff0720d348
08d311b47050e12
8435dd4ed7e2abc
07a7cb7bb4032ff
4dbd873e1e1faf6
278778f2e563e01
56685f55a28b934
5000fedb6b35e6d
9bc6d9903b4ba41
8349ad895763367
88e7a655508d90d
6f17629c2a7edbd
2c9393450d984d6
5d729ba55e09cec
8fb27aa07dba7a9
36554c8d3fbf19d
24c4b2067f19c42
19ce56f122b676e
7e4664ec729eb67
4be1db5dedb6631
5eb0d2567d89a7f
2fa22a2691bf75b
2f8452e4a0356ab
8f56bf7853afcc8
1f427a5e4aef094
1a2853d7e5305d6
31300a3527e33dd
3f520767ced159f
409243a53854067
0d7e4a7258bf042
392996ea257e830
0be383f489695bc
279c29118f1c5bb
15667473f1405ed
5d977480f606d41
9a727d09bba50ef
400003251242487
42ee092bd8a192e
70ec42cb79650bb
43f081f42f4e1c1
4ffab494447feba
933cd34356f5227
4d9eded7c897b2a
1c7e46ac758a2e3
718f28029d8589d
480f2c2cc877053
7e7ca8d9500f7a2
04fc005f69cb676
2b42afe85e90ccf
55edf531f37cc6a
751484ac26e0404
6331c02c5459dc8
7ddb0fc9a6a7fad
1d78026b36dccf1
2bfcf9580bee4e3
9c7193d20343140
9230801c20c12de
7b78bec333c5b97
6a5bb609028be72
67cbede0d0cbd1f
6d3da9a14c526ba
19a2308287190af
845b73c2a8f375e
3e60918f7bbd5e4
43286148fa08a2b
52ca6518c12eed9
373bfa7cfac2985
5278b603cc585d7
7549c5d00f307f2
6402c8db927b0cf
7cb5f6b687a8165
08946ef51ed04e8
93740b6cefcaebc
9ca5d98a9ad7d86
11b041e56f87817
679f339d3aaca65
780bbf52968e239
60e90f69413b2e4
40b5d030e04a082
14872a4e5e13be6
9bff5a9f8c6c4b1
6257c6b9ba17b61
493944d30b60d0d
38914ea7f51508e
93e26ad531c2acf
5ad99c16900a8a1
6ad39b324d6332a
6163275bc9bd5eb
3f6200ed2431494
271d5c36d8b1c62
52dbd9c60f68a28
262965e441fecce
44b5e0d8fe9f553
165d889cf1f133c
71c614cfe8afd63
6c53455e20a77ef
639131a450f446d
5d3d266fa94a630
4937b51b1dc3360
842f41ae1853303
2a0793f0d617df4
2e02df1533643b8
14f668d682c41df
101a882dc5aeca3
570140455f92bb9
1e4c4cf8adbf3f4
608872d6e47d10e
7c75cac3c92181f
0b7291a233e15b6
6b5b17555c9c08d
134ae38583d944d
69ec50e93148714
0b2eba999a4cc79
0b0a5a7c4caf1a8
43ac7d0ff9d2779
348628cb3b320f3
0e9c9484611b88a
6ce93dd487cbb34
911c7b9a0f88dbe
92783d5f7b9ac97
7138f9f975a888c
97eff076243590c
156bcee548c616f
70326c42ed2e970
1bb4c9fdf5896d8
6bd3ac012fa9491
9872ecafbdb2612
67a7dfde1ef2f49
3e3aa9498a54238
6a3ba5f399038a8
11aa73300ba20f7
7c8c21c55234ca6
22faf7596a5f142
3f07e31e7763ab0
2a8666c719158ea
31d68cd65933057
3edb6bef5927970
7ee66f58d504f0a
834039cd5a6e39c
5c248890217b00b
6a82e945d507c63
7c76bcfba779fb1
44feebf1da54a85
452c5f87e9c6c99
8c41921aa46b257
6f80a542487bd24
5e9dc42f418a024
6d467845208c9a9
714bd7a7139779e
850e1cbbc540ef7
5d65afea08fee19
53d3c35b18ccaef
059ba3452e3b01b
2ebb38ba0dd73b5
2c014afab499b5f
33cab578c7663cc
459769d7a89f3fd
3882684b824a488
8a77054e53e61af
6a89fe100c227f8
18f30ffac58d819
20db56887f0b613
71d1b8e55b45383
32fd7fbf29897bf
2f155d5abd5867a
1438ef2a8f03343
6913e02e7cf5f52
2bae8e89755aa38
2d724c410a446af
615747d3b89ff21
185783c11af1d8b
095e3336233ca5c
61f86f076f68b22
667acd470123f22
38a45cb1e7fe84b
3cd2e69f9eaca74
0f85751f0a09a4d
3d89fc139742728
62ae114f14f506a
10530c693ad6bef
870d3042d132682
8f9994adad40817
8000212382c14a8
9348d76f07a2e36
11c494d9cc2e57c
5da538b7f6e394e
4900125f64a46ac
69cc2a57b2ff73e
4c1d63fae9132eb
7b476db33e77d99
118f54538a35f5f
01dbac89b8f0295
3f167e2fa907bb5
37a31bcf83c0744
90e1fb417726b92
748ebdf6516a8b1
8f72a5e9e0ddc63
96f1984e647be11
95d3bdc3ece36fd
4616585c489dbd8
0776d2df5a34120
924482e546feb98
24caddc222b6bcb
7bd9986406e4628
935a1b1370ff314
4b8236bcae16001
4c0f0b12fc2069c
986f2d049b503ea
178a32c97caabe2
6784462fd2a5014
305d8e2055fd9c5
8faecaa04aca688
816ae37d3f378fc
0cc0ef4a98a4eb3
47b9bc4d8544eed
82817959fc7686a
7f307219c6649d4
5c1d13e160e39a7
8f8cdd17283f4f7
10b60b99848a1cd
1dd136db3c3dcb6
3f59cdc5b6b1747
199b2ab57dc21fc
93618d14cab2484
12cda4c321ffb7a
8d999dfebc4fb87
57ed3bf6bc33aaf
7f63143c6a62706
762737807e0f345
241c4c3bb0de12f
07b4f5534d7ad0a
7f5a0f036cb2483
30a1893d264923d
1dd494758713723
962883ec8c6ed06
03e4c629dacbef7
7470eff103a3601
6697669ab0e5eb9
70e79720fcc65d6
2a525d5686d6091
06c9592598c8c32
0eb111c2f3b9bdd
8897cd02f47f343
60bd7cba1d01128
6d6bed9f2367be0
8a2716a18ca760e
345970f9b00f3c4
7d6d9833328e62a
05b5a522cccb7ed
70598ee62a388f2
5d505cc27cd3e39
333d96a4fb393f7
3c6312ffebf825f
4be3ce67dd29c33
56429cb8cabab09
1cae0096aa766d7
32b09e4176733eb
6a70ccab6873fd5
76e67fce5ee135a
43b9009b3089cdd
751bd1427dbde43
03fa903245f021d
5e5f52cd733c94e
5435cda07d5da3b
7b6205f793d2aa9
2402ad3277fc0e2
7ec81e71bbdc533
86fdd5cf2309a31
93e95c0c0e9fe79
72c0a3f15587d75
31a0c774ed41743
4ca22b0ef2ce00d
2bafed94a804294
1fb895064adafa2
36c564c8bbd0440
2c7a274ddfa84ca
13f97ae8a9f6028
0fa6157bdd20233
5d653a9b13bd96e
385eef9e4f6cde8
858a5a276604383
8fb20f8e187d284
6282eac6c47e94c
10a143ad714d1bf
0b5132d716b6b74
6ba60625fd83c33
19b5de1ed25a7ab
882c36f2ba87801
2b05505babf7591
7b5af69d1b00060
75e88df0027bfb5
6d6c412c4e2e819
420c53846be9351
897c9cf908a9140
87c6a00fa098e0c
77668357197703e
3829ab923f21370
4526f1e62d7b7dd
4dac8e975b57a65
24300c5275824c5
31d74bed5a8d86b
2795582d8300f3b
6f0937d81a48a50
7fbb341cb0c04d3
14b6214b7e5171a
857610b7a531333
03d31629b5f1911
27368e99abd5d0b
6d968292875c5a9
2c97b698e06a670
26eefe2860ffe9e
8a816b59a2f0bf7
4c9550e146a30c2
99df90ce0622b04
507aed7b64a901f
9c01c6296b34f7c
89ece5d63246eed
71e3587900e9167
3f47bc0d8bf0636
91ab28916613efb
38ae141be233dda
5ee94fde472ce1d
0b93c660446b435
836a95779f96913
2d6952813cc7f47
97405ab52e35308
086ccdd31fe570c
34cb4f3ac13d4fa
78310d3a6d16ce0
50e9b2876f78459
0e822f31e3a7e52
29170fb7d1e99d2
2762b8661dc87ba
844c2d506770db9
1e518ad1f7d7fed
3c357b277ef2ab0
62cc93cd75f3fe1
61da421e8276fb6
6fe1c3099be0105
12c7bf0f6867491
36af5c13b5f880e
3832670165ec708
23acfbd99ee742b
4dfd275e4885b7c
44d0b8f1a6fee99
926dfb508256c39
68244ecae470d3a
7313e13fb65f576
1b5b1b7e891d71e
46d8a864814054d
6afcd85a6e2109e
4c25b07edb64178
2cd8de7d7f9de24
876f93c49bff186
1853b4016c581dc
0c4da8ee1264fe2
139e4eb62958082
4d8f4ae3be39547
3f1cb3809ef419b
12834bc0791b852
48d8b9ae5c9135a
3e999b7a3d25129
720940d76aabae0
09bc2fa5b40b941
582ff61b980b7c0
5574ba70765676c
684794193c2c2f3
2fb73d2dfb3f324
5b007396af20dc9
4427f7717e0a099
0019e2d79c91b1b
06e2aa7e9ffdae5
0eae3fa4096a065
0f2125b0dc2e2a6
9872ba2dfd71c83
163572b3844e281
215f68065583fd2
2e5b9b48ebb7238
103abfb72ec764c
4863d72688a80ba
9306763343ce201
2bb16d634260eee
6233c47da90aec2
51ea3c08d02fff1
00091e7057810b3
51b00ba0cef8b61
512c531b7f4bea0
62f13d70a67b8e0
676d31f7ca2d9aa
4dad182f59a1ebe
0e6dbec62cbf586
1bc6e50331165fa
747bdd9c103a773
930e45c6d51fbc0
7282d1fae6eef3b
6b828ecba77b9eb
1da70354700b9be
96c7a826bbb3887
84f0e23e09308cc
5b7b126d04aa2ef
0e1a755abc9b270
0371b5f64d861ba
407f258cfe25ecc
731598be53e5586
0d1c26bdfdfdc25
72991bded14d595
73c06688e56abab
837290227eebaae
1eef0bd34e57b6a
23f5485ab51da34
4c81c708a42bc76
31d2cef299e6d36
612f87102530943
791399b4a2aa977
90db3a27fd0eaf2
1b72a1024c4b064
5e117e0187d9ccd
7e414ca0c8338aa
77cbd0a6ba03dfa
16025f81f29cf54
47674588feb8169
65dbb9763709a76
02993cc4cd813a9
232404469ed516a
4a8e78506e94c77
6a2b4bdea56be92
25e3e58190a570a
65a2bb510ca615e
75a491819e00261
3d07429f1e583ac
4ed3511daa8dba5
22b004dab31ccae
40e3b078a60e22c
8dd0a7f9061b88d
0b251a62e1bb69f
30fc90a2d01df43
6d8a41a55349601
1bf029c2df603a2
7cd44fc3640d769
6382b20c3cd02ec
27c2a7e3e975859
8e4d8f7d915ec55
2212a900b922938
52f8c0ce5fb4b69
522b0e94dd22797
25f70dd4a5b9096
4350ac35d94b398
82e8293f09e31cb
1aaa6877802a776
74fc3750d6388dc
862ef8b0c854fd0
611b0654597b13e
2da62864a8cedb5
2c597e07e40a540
61f6596fb8274ee
1787ec251de979c
202c8dbc93c5af9
10452cfaaed58a1
3faa323ca3ac154
01e0e3b8fd10876
4461a7c12f3bcc5
0dd8e8561690ff9
5e0749741e9a96e
80fd1237da3c96f
9970b6271682f79
2b28bfcd30bb426
1622f94a17f50d5
652ef88443267e6
21f4d9041476299
116be2fd0ba06e3
86c5d153989c465
55eb2e41c335902
707378000d2f667
6502abeb9f111bb
28d0a264ff45b96
97554966aa95d26
26512e4f4d4a19b
07878333a1a5178
37a2c6a83e1d132
18d49f313a3a151
5add19ad56d28c7
5789414f404c479
932a4ea84873e03
0b2ae46d9503306
8b1056179581d2e
090d102d1fcd763
2df9eb9fcd9159e
7d6e79f8389c7da
3f4c8ff0decc6ab
54b9ba5c3786032
7001f272fc013a8
7fcb6c94134500d
3759328950ab367
41b65a2fb77fb83
5b2ca8922b505d8
13eabacf94da1f0
85bddcdad8a72fb
3cd66f5455d2bc7
4533334fa22fb9f
7333ae7443dd70f
973fc2c0ec9af18
641ee5318f4484b
6aeabcd672af21f
4ea28a2b2c86ef4
29f66150f105615
33f442969176a48
1a81039047c9609
532d14ef9903a8e
3a972def1b49791
0f7e097c0c316f8
4548cfbc2ebb2fe
4775209292352a5
4341ba3a941db21
7c26bb979417f62
3a220fa7f4d3765
27daf49f1ded551
69e5b2de5067d31
5e504d9e46c973c
38954e953f66b63
6ea3ce42e13da3e
09f84c6260f0f7e
85b66bbf13d5c5c
51b4837b9eee9b8
00a5b8447ad8428
5d5b9c9dc95d8b8
36034c411a57f04
72ad9893624c1e3
2068995ed3fac12
8d8b0c3af759fc4
4148b9fba01028f
642fc77baa4b9a4
734be4f30224766
769c6335f8ec529
24317bb3872c2c8
19cb3764f4a487d
8cb9010a445cff5
2c0e8144f518f29
52dbb06c205bbf5
9c3b43fb109e4ca
432d898be8c9626
002375db58fb69b
38e159ca658d642
493fbd4c7c6c7a6
2beb11a1c381e8b
97d7e26ed85980f
056d5b1e9c5b040
21ee8d2fb36f3cf
45693e90d14d509
972264e04b8fe48
822fe3246783fc8
255f75a2ef20da0
8bcff3c3f2aad50
58d7409ea734c3f
1d60b62e8bc3425
2cfc7d489dd7b6e
65d777b0f0cda14
39e4c9459b88d2e
92827a7f4898b94
912f817b6cc19e1
2e7017dd66b3c1b
6b551f745136a0a
3cfc58e5985cac1
640a05a2b3d1b6a
8029d1ac766e6b3
6b6a391f4cba4e5
1a72cd79f3ee8e5
7e299fc62af003a
70d5a7f760d0892
10e1e1b690751f5
7404693e271550a
249f62b9e6edf0e
4fc7e360523960a
772b20427b14dcc
16732b69f8b6b1c
683fda58399d042
1be96d64eef42ca
926ae38324a381c
94f3b5527fa571b
637f6773aa8470c
74344c1f8409ad2
04f9804c27e80b1
4a30732650291cd
4cf316adcc9a4ae
6378a21d7a2d8b3
2fa033b1013ec3e
96deda1adc1619d
5792e42ef1e8bd5
650a8d031539d7b
98c4dc73aebaa9b
630eefb01a95d46
92578b3585f11e3
07c2aef8c9c97a2
5c281e8e36df669
8bc90ed114ea5c0
7307ed86944f4f4
482dca7e11865f6
26b6d4909b1ac13
13fe0e7a65c0073
568225962520770
8c453e2060ac7ed
865f4078b0c9831
8b858be091ad014
48a908f9f2a87cb
544d72cf8ec6385
3bcd3c7b5844801
5dbd62b45ac27dd
6b90fd598d97aa4
0d93432350aaa0c
8c26b97b97bdb69
8b99cb48bc293ea
386baaabbee3b63
19b902906ea4598
200fee615e8268a
9949d0c8b289209
60f44062c474bc5
080e7e3433c7c7e
824d96f501c5b96
6028dc75dc00b66
2771ce7d0653930
3cd7188ceace6f7
33e395cc96576d1
8944ad550c6998c
244b317b1cb8bae
4416202cc771406
86cbf4edf0e764b
56f6ad372484205
2eedef5dba07594
12f09d91e543042
665a681d11bc923
6a7b13d6befab6c
903d20f4d0a1565
97806499c7161fa
424c421cb889562
90d245cb3c37c26
91155974223b932
2a4c1982e19a544
3fac964a6e3e37c
3360d846984c1e9
8cb39d5cfda1e51
047732061739340
663440e751ce351
90e24603689d84f
980cf1b79ecfdd1
755503b0a233720
3c14e1daac3cd82
66eb307b29c8084
0eed83ef54088b7
0424177ae09dfd2
41fa9fa912213d8
994be579ea29d83
9187d58a6664391
1934b70796abb72
268d6833b420734
242eeb04a47c7b4
572d4007f5f1b0b
2302d6108991e57
5d4d0e815603bff
4848f8f7a7f6c77
68fe530802b0bd4
0271a0a6e0a7457
377ab60e50bb372
5448e58df28204a
14e2e0eb89ab5d7
4952ba989c4be34
4f75218572c9590
09a46d101357000
19e72971581e056
394770f61739c86
7d9822bb9172410
3bc817cf40d6228
9b878ab58815f17
1a3b2cbd5c1aa40
49d937915c59c70
3d3dcce36269416
812bd93cf6dc0a4
8f4344bfedb2ab8
141ad25a03cca7c
3d27c1a5e56c2a7
6869fb04fe17558
1ae431b59d50923
05a817b55c222f3
53f675c30301875
71fe04eaac52201
23db3a93b615ac5
3fc51619a882311
05debdd6cff7d9f
94287c89fa8b491
2639e824ab99217
5c3e7f18009c5b2
24b412b59f21dfa
53e6fea16bd4959
30a29621d0dd92d
6f98afe133a2797
3243d6f8beb9f72
7695e10b50a03e9
0bedd7fe71e689d
746ce9b23505398
8120ae0c5b7b006
2cb9bb5d585ecc4
7a7871938278254
152e5074c68990e
30ee3626a0154ff
165a698411fad45
552af332f968772
98c0effd2ad4189
11d3d7193343157
13fadc2c0d7fdec
41fb82c1b68b700
352d2da7f758f0c
800e9b104980914
0daa2f96232e80d
0b53971d49b60b6
6d8d205658efd2c
37f3ccc3b5da549
238e147cfa983da
1a6382bc8c25aa4
17d5bad03f2953f
01d5b445745db49
2eeb5f05570f68d
65d2a22ef57cbf3
2f484d74816ebbb
07e94f1430b1970
1bf8560682ae5a6
3dc45cb3e7c2f7b
4972f97923288ef
7b4b658f874fefe
10ceb91731f4ef5
00599efc051147e
3421c32a5a37ab8
51a49f571a5e402
9723c83ce58667c
7229781886927d3
840deb745c1ad28
47a7267cfeed1ee
2b0df8c34c59027
5be2fa50c893421
503aa6d3a6948ab
0b16a60eea55346
5feaec44067a92c
23d9fc274665505
2cb1a9040aaf790
7703dd681896b84
75a56c8eb79a679
754b574bcd6e28d
004a23c06a9ed10
228d3d3270e361b
4a7d51a3435c080
1e7e7aabd67956e
45c52c1063d5518
342e3872f36fdc2
02421759fabe961
94d450803c6e402
61ba182059665cd
8dcc5e9de44bc8f
6404f4df420a022
47b61b9a141f06f
4818369c98c5764
011be1de1530b67
1ee9a2a069e2d3f
0eede9e664892cc
64ef9eb38776526
7a4b952939748cd
965871b34418503
52d32089dc8d4e3
0e1905ada94db04
943a1d340a278f4
46e056aa0fbdf37
9790958057431bb
8079543b988fbd4
13513a6c7e45047
453709a181ea851
71b8e973b6e8f65
890081bfb86f8b9
0493788b15b4ff4
4a16751dbbca52f
561efbceddb3206
7df17dd2dd1e7f5
7fae516b96baa7c
16ffd4a6c306edd
6b6c443e0ec05cf
710ee51c0293b44
080c499aacd109b
7b3e1925f6b3d6c
441521c237ae224
4effb55cfbbd668
353b7140e65f07e
588ad01907e25a7
0b1e5445695769f
2e591dec022c868
29a77f085278f44
053925929c80618
6822c2eb508058a
32b800c2a3b9abc
121cfe5f44fddbc
5eec31b40c91a74
4d9dd00c3bbaae1
1614deff4226c74
58f244af6c916b4
547134efa4be701
63d4416d98b8c2b
46cad1019a20a31
1f06379be7bc2ae
15d9455638ce118
48e20eba054003e
3a3921c8ec5033f
921c1a8ded5dbca
89a28c88b9abc75
7dc0ddcd211a57c
3b59d5b8e10a1f4
706e3ce6fc62da4
65a779bb1cec796
21fd32c74c7550d
4854d7f43e57b65
6a485a74eccda5c
25db159c592b6e6
34802f309a9bbed
06910265d4f9e47
2a473a7390d7af8
1c9381c3c3b44a5
4809556fe03b0da
04587fe4c86b69d
4ee2dde4d73ccb0
8b88e254317d8fa
8b3566397c669c0
24e792c0ca0a022
739f2bb6693bd0f
9a1937f59038db7
4f833eab22be8ca
66a31b3801556af
1f522363049e3d4
86988093f71edb4
42d124286d54b11
5c9c3d5568c5103
46ea15aefaefb73
365a97b03386ceb
0021b6d88f94e8f
3a3d29dc3d4d8b8
87183a5ac56df20
2bb96ecef84eed5
952913b9587b648
0fed7b3567ec1c5
1a93f5f3ea3d9bd
7b3fd5592da7812
33b44a22ffc320a
9377d7ae0c2f75f
1b216ec06703713
5f20fb3eda8854b
10081118974a303
1e942ef5b7fa351
3f98ea0775396b2
76378dd25e4392d
079aeb70df1a899
8a23cca2dbee659
027163aa4a8e86e
1acea42d8f9588c
0ba267bf52de8e8
144917d2c6a009c
78a6348c4ff735c
878c8ac63c44a70
8ba69b7f2e3af7a
2fbb4783f2eb32f
20e62d0984b3869
08c833824f80f27
279b2a125fb0748
1696363912dacbe
0db4e58d6689e63
09643d011bc7798
266b92b4ef44476
5932395b28faabb
37402143f390f49
5372eae78441734
3e19e1226e71797
3029249d5b53068
6fa5e180c235dc0
949400679711337
034f9f6c0c58ed4
595189cbdcb3328
40cab217b991a3c
80815aa2ada98c4
0238064a4b883f8
4124e790411b028
71724e820dee0c9
86daa293ba62f2d
7a621e50bf2044d
278f7ce72dab558
3b90c078cdfd314
1e29654cb16480d
72ef2eed53bdad7
24b0a7bffa8a7a4
4138d261bce1844
291081ee8e574ee
7b54339fe2509d3
6b46e3bafac9667
5c1bc22b32ced88
07633adae81e703
1449f11036a7eff
4c8ec4ec12f4a9b
971ce871b927a2c
2de0be276f9b00f
8cd02f33086692f
35b12018a00ecb2
8bf2c218ca72c85
3fc39c18298244c
588ae344f4343cb
13c63b7a1e5ac4e
96351b1ef6eb72c
97b1ade584b1432
3c2dedc189a58d8
69b9f041b3758e5
75e8cb01f0e635f
1f94fb6fa7dae16
75450726cebbe45
286c192bc96b805
64a75aef9273f17
8b382c673705962
3d4d82ce592ef64
35543a5f1e011f2
61da77099b19def
2d2dae64bb6a459
431f7ff9665b192
3bf0ae0c967c950
8b5f7ff9f29458d
328ac54b2c9f571
4ec6efca4dc5ef0
12af0242f6a450c
415f30c24f6f065
833e11d9a6a64e6
1860060989bad5d
20543e92b4255a5
4d49dc39fd63071
94200a1293ebd42
92bb950f53a13e6
18bf29cc956f5d2
3a00a7128b4d1f5
8734b093b3305b3
7388b8b32d57b76
80af8d916e8e9ed
1fd140529ce8dd0
04c6bd7a329d02d
5bf8c2a15a2c486
4c79da26c466c4d
005a5dae0345042
11c88a6026f7d83
1a6b8e87b20fcc6
8fca8be022947ed
466cc950ee01a85
16e7c2936ff2358
1663005549dbc45
4b1bc16a90ff1da
0beb7dbf41ec5c4
034a06a7d1ec088
8c529fc26ebfe64
6d86d9663269b4c
6d4cfb49a76c8ce
25b8b25f3077ca2
694aa7d4f55a20c
1575f277557c241
7f076a308321a62
621d66ca73825d0
8b34177f23cc68e
7a54a27f670ce1d
80617cdaaeac643
23e1c4480124d77
36efdc9cae4fd65
7f233bab25ae6bf
97d8ff3dda83839
152fa3b9c533c6e
0232b137e1d6ede
66e356aa7112bd0
42792632cc1c512
8224979248fc99c
2621c83e5c39ce3
8638d93a02e4686
90efdb162812a4b
6e25924f109ce45
553ee7a200c6d93
1a90221a3d19f0a
2611b80694c319e
30bd1589a71799d
58c7d98a04f1962
2a53871542f91b5
78cf8de9068763d
9370363e79b64e4
0ff34e81e3c26d4
30ea766058df5d0
65a5cc5be8620a3
6c25eb147c5505c
0bc39e996340200
7aeb388ecd2f9d9
7da4dc66d8049f8
69ee5c7a4e008a5
7a1de704adab9a1
08cb3f255a6045e
96e6c547a84f9ca
1ddd382b3c9de48
5f375b8e8c4f1ac
57050b5cbed146d
3a603bb6a730598
1cd9b810b23c5b2
8268af76014b17b
904005e44abb8ee
6f343831be4c899
3dc293da64508e0
1dc19eafa5e8af6
13b68f7f8450822
2ee524eb367dff1
96971399d6eb4aa
83559b6dedd0da8
56d4b38a399c441
53ad20e38803205
5f612cb61550286
62ab05560ae837a
0a5055a0b26b395
7f8460329726a4a
0f2072a2d406d1d
84dd0dc9ae46da3
041d880e58a918f
9095dbbf4540ea6
95539ea070c181f
87284b71b12cdc9
5d2c5f07466d8bd
9b6dc2ab5e7a992
75945ee33b920c8
4ba78c48740142d
6ad8d791e36aa78
951d49fc61fbabf
8d66a903b45d7c6
16b007bc80be1ed
8aae22574afee80
0984de05a2dbdca
54d914e81b7a3c7
1641be77045ffaa
2c01dbf6cad097f
534bf51a86c6bf5
6ccbc6ace789ed1
3aa97c62d9f29a9
67feed3a57bd263
88c45bb5c031659
2b56cd8950c5a0b
9b4b88060a8e711
37d48d0a2416946
5e1f9c9fe183b7d
54922ad8e884e05
8cc664f780694e2
91a5a460d527b1e
3beabe2b92e1746
8d2281873b55c15
64e55c868904d96
8dd30ff026c2374
1e8def3a88ffccf
7b84f55b95db209
654f0179cbcb090
7638d2a252cfd1c
89478878d7b22e6
835dbcb7ab83783
8e9bf555da42980
9784eb3d4bb93cd
173e24ab051c2be
8ab2fb7e5b38d7f
22f5f184c5addff
5af1bfd459cff99
6165ba1364efb00
59f33d170d82ccd
9471e2767754e38
7cfcd7072c02251
92f5191108b1c20
049396a88290c1e
6cddb7a0770ba58
6d53ae821c49a5e
868a3b794ec5ef5
6afa9e28ba51a78
2e33ef4cda25fe0
109c4b1d092f6c4
07c1080c7aa8296
5acb0db437f357f
333ac0fee29a3b4
980b209cc90709d
4416ea3e70e7e12
4871da66c4dc3fe
1fc32cfabd7413a
25cb6532b5bf96d
0200e7dce12a4d1
22fcb194ed8154a
1d56b0ed96cb400
08575b34d38764c
494928531995a96
91f84d609c929c0
2a4fd999a557ee0
4049584ac61f088
857437265a59f5e
7861f798f5f9156
091df10c9bb886f
79d3f69804d20d7
85219243b704a06
5de58fde39834e3
2c411d297061f4d
1f673a84e387901
179dfbd6a5a0873
89bcf42098ac956
9a7883c536b93cd
1132bcdc01470c6
1fd344a717a5cbf
8ed643afb63697e
7d2123a92bb90ba
96cc58700b6a134
400758588d7ccbb
526591e1624c556
19575e559edfaf6
67b69b053ed76e7
53fff32293cd392
5084059490c35ec
0cf2b014af2163a
7e587061a3bc7e7
96c75edce03c2fd
60ac30f7cc9ee3c
43e5ad3624dfa7f
7d0739a52c4740c
5b375f0d6aa136a
4d1d126887450b1
7779d8ace4ae99e
3a71c4e117fac19
6f46075d3e51f9c
011bd2f4793ec0f
8938b58c00cc600
20b4195a8279947
5e3b03d7cbc3bad
32fec272b938571
7c58e75e4610e9d
90a4dac03b6aea4
2a24a4eeb6f8ba4
243bfe8b350f286
649f3fc91e39d3b
6b6fd797f94336a
78b0aaa4a2eac65
62f94b1301dc1fb
121c5b708a7fa6d
44411045fddee57
4cae9adbc6f8acf
28905a167d11c03
22e9ffb0480b41c
5674a9c075e1d47
8d9e7a7223accf3
40179b8618475a8
964ecd86abbd722
5c2008670a34a14
0301443a521d668
2d2e544f408398d
3ecaaa219da0f05
98c251771214e75
8fdbd8a08c93536
41085f0634062a4
02a9080056b77bf
2172f8a6c1e1bd2
9166a0b1f481752
0e95e8290f7f6f9
181c6988ff05b94
3bea5366aedea34
0204e4339155f60
97441c608b28c18
56dfed78edcbdf4
0f52474651f7964
78d3d25e8dc20c0
49a865a0f7247ef
92fbd11d00f7b89
4f6f6fbc69eb1b1
9c1a32b5179c023
112dd9297d796f7
42ed41d81f694f2
0f5621ebf19fc9b
75eb1a79f825284
168b7e33ec0a3cc
094ee5406fe8e27
862895cf49206fb
4d41e9d217d56fb
0ed1963ed1fefe3
565b052b11a27de
062b9cb56d2afd9
536fee5b6e9f917
0a27b56a0547df8
03aabc15dacd300
810a5ed28aaef6e
505f21479f1f879
13702c15b659824
2f6c11ca8bbffbc
015d546e6cde848
55141f3349a91b9
13c728073ce1b00
549b9235443d74b
6896aa3d03d8354
8173c00582f64a1
87dc411703c4184
3ae84bca89b354e
69a8d18b010b313
00bc643cf1bc14c
4235e0316d3cad2
2f7c0e4e5c21e86
761a9e97f9613fb
601e5a5130b2a08
31cbb5ad5d3765f
7976a4c14fd2eb9
52d0a737acbc0c4
4f8c97128b3bab6
2c4a2e11e873757
3389bd7174ee501
592fe81a1105b0b
71b1e387b68b0d3
1373324471f3a50
2f58d46fd1d0cf7
5f291c086b22227
260f1b136738f7b
5dac6aaf088b3c3
51e1ec64dbf273e
7ed2272eb3f2193
3c873613eb72366
4dd2d692a141d7c
415ffe874c477bf
99a5990f0c60921
7809731fd6cf936
9a63821bd60bcd5
9b4db00818a9498
3a096ef64587b9b
18e5ffe822fc285
36c71450d334d19
30ff2345156e391
013348252c0c9cb
2ec2c0f5da6ee41
51e3199d8b91326
481ea882fe06676
55876a4d5dd9aee
5928d2c4e9322fc
8188a1129981a43
3872f3f92cb5b1a
79c6cdc1c610ccc
7c25566f8bb734e
5c1563dc2990596
13e79b115357d5d
94dbdfd1029e873
3759b00d2b5f757
0b263203649dc5f
406778b92a66219
6af85b3546720c6
8bc6cd2e30b703c
47e491e603449dc
14fc1b614d64ffb
2dfe80a8eccd034
19f26545e6e7b42
203a0a077aed552
08d44aa8dfc310a
4fe1bd43cd21ab7
68ff5f7a69dfe3f
873e4d790c326f9
597bd7439431ce4
3e91eb9ea08a73b
159e895c37d1cb5
05dbde21306d5ec
887d6f42d2eb980
27557fcc04fa7a0
75ff2bd3b710065
758538c4d6499b7
1c39c275ad2f6cb
6f57cc0e0758728
935795fd1108ea1
7b6656abde67104
2c6f4ffe2354224
3bb42b490c7e63d
5b77b929808b4a1
8974382efbcdb06
7f8ed16b54659f8
3082d5af45a1d52
32028490e594c18
135552ecce4af25
393cba460b0a748
943200d5b97150f
102c44f4e96a7da
04d99d94bade77a
47b60e4db1c8e8d
3d2d22106e82b34
7fa3b24a91ec7eb
8ac598097d46ca3
569cb39530609c1
61b6951062195a0
072ec24d92909ca
6cde7a8fb16439e
39abf3223b7dc4d
1dfbed2f8086a07
0eff42156da50b3
76172156cbec8ee
131d6d7533d9a17
9aa96430c4073c6
957bf924d0fb965
1cd1b3d4a2f4ca3
4d0df0cc8d5ffa4
0ac1b649988ab35
9587df92ae6161f
77a03c6e6e5fbb9
4bb5bf78b91b460
5a9cb2d9a0a8c88
0d66ce5617be783
1bef0e50594ea02
5c26e7e9001c873
9c812dce29b2021
3026780d34e6d67
093df2411ccc372
46e2ea9358fe1dd
758b1e14d9b8d8b
53ac0e827bc5f7e
85c222a3c5b48ab
209e51bafa6fb09
324d7638d0dcf8d
7ba8f3e6c01356f
283979a3a96aa80
54f0b14d3fa0579
8bdff9925cac986
75139db4da72a21
2421ac7c8f3d6ea
3b38829a53bdadf
6192d7913b239f1
59f3ded35a3f961
775e968197d4dec
56470d0e5b1b92a
32393b2b36c3c8f
4203af17956398b
68520a23d0435f6
9978ffe4e086dec
81c559d5c2e8be8
17057276e94bf97
38218c72ab6dbe0
6b0242bda56229b
4651a62316d1744
7cd6becf5b17eee
5dca33d0d44f521
292d683ba9f559a
93023159ab576e7
086af99fe29cb4e
2ae85a00ab2a6ac
15f43a35c6d2a2b
22aa0cb81f91ad8
291308078b2cf4a
4bd6867fb4b33a4
1351e5a6cb1ca06
4c498e27b4e4b0b
159a0fc7316949e
29e602bf50acd0c
136295173983edd
1240cf8b5a2e798
09ebc00435db53d
3e7bc4a61711b8c
497f958035745c8
6bb5f943d8d485c
9c4ea3813c578c4
324b815f0477c4e
7a9c41bb8b30fc2
342848a5f44a670
0dddc12d9f8f235
715118b34d68191
35d3ff41d6c7576
4d89d4811f44d44
8f09e41e0bf1a29
0a482cf6625fbb7
958fa6c7290ced5
986e7249ffdcec5
815be83a118cffc
7416ead47ecd558
20e163936f05c97
714da1fb880ff66
321d37df4d8722e
18cbb63ea6e5860
7cd739f83849a2b
5f70e897cfe061b
801dcce1c69562c
2ceffc79d0497d9
561d85901fef736
2d3492090027ab8
91b0a04afb0588a
52a5eb4b77107a7
6c76984cf369b01
24d85798d0d8d9c
3cd74433400deec
9bc6c5e6954c220
3557e7bd356898d
66d5d71fb216c31
87be79ef8e85252
86af05dba51e0d9
1bc91796f0d2add
5c0a955d37b25df
6ee513f0cb21582
9c5d89b70af69d5
9c76673ca703097
5f241e402210640
894a1b39bfb049a
2bb678584bc4383
948f767e90b7c31
90b7ffd29c82b75
98e069a6b0fbae1
5b91305131887d7
5fdc85e80f94a91
9896748a2149c31
6fedf172e122f41
45152d3977a4ecd
5f68dab90a8047c
0c5a2f0c5e3071a
27f6df35e14cb06
4ae64283755a540
53139aba6ad6d7f
4c25a4048b85b15
49c492733ceaa57
439d692efce2638
682096e88294906
919003f173c71ca
54b3634b1ac2b84
2861c28947927b2
390684a2782ce70
0c5bb84d0223472
5bc42960f5dc5af
7ff1838e0b1f2b3
70a366754dc29a4
36f8387d76915e7
66dfa65099f6aae
48f950a64888dbf
35b2e3b5bddb805
5fcb003306a7400
7dc4b41fc7844c7
40526a52283fc63
93951287f08cbcf
375e5bce96fb655
1b092e0071212d4
2d5acbc36c41da0
8d788ca116cef9f
3df10465c73df35
26605b954a7f42f
72633ad7486832f
8cd116f386ce187
36df1be9782d2d5
0e91f32ef4f7231
3fcfef004697f2d
43a51489ad7782c
83f0ae86936a3af
23d319057269c46
3a47ec8434f3231
0b8f2bc1d83eee2
3d352eb7fa6f1fc
3ff5a1f33227226
68be7efbb0970d0
688fa95049a3ca0
1ce2c959ac3b071
1829557335c0130
6319b926b585f05
6325577edbaa343
1b8ebe076188093
67d8339298a0c7b
1c248d258a5fe36
85ad5abe9beb3b2
8b8b582de359baa
408ad13ce6519a5
9a667dd1f5fcec4
7a677f3350f6908
373b1c8d099e3b3
7917f23e0b069db
894af668e476117
5c866b666ea117c
6e38b7d72cc3869
2c17f2d860d96d5
7329a582f6f89c0
475893e11292682
920e60d661ef35e
7c95d8aca7f9eb3
3fb2d76df27a2bd
1a01d8ec55ba0aa
2e7a90b001fd333
0a11148b7078543
274df3fac652015
8d952982fb50aef
0de513a63b72f46
78ed86bdc3030d1
42ce86393163f2f
5a9cacbf6a8dec2
7625c28974a8b8a
38adb8c96203675
396e175348ed0a6
3e2a7f64684ac6a
4a76d45ab94b340
81a67cfdc9873fd
79d1accd69c3747
59575d7ffdcfdda
94d495f33b2e239
40f85d2678d0e59
27ad06ca98d8b08
3e8ed8b737df7b9
72479bc6302beb8
9508a80c52b7f9f
4df000b9c006e64
1298b1f81b0f090
6cbc1a0665d0932
748897f3f169191
37419302292eada
1d6c09003eb9691
0f362654ae386f0
75ca7f160abc8f8
07edaa58839f6ba
779d81df4423fcf
88cb80cac639f8b
2b7c606c5939c73
189982371950525
5fd4afa52dbf43a
310abd06ec247b2
36481ea0fb94027
725486e621b73d0
88ccc0fe96b795b
644047a1dde8aff
35f84296539ce46
04e60e3015559d7
79cf3bec8121b6a
7bc8a52f11e1b14
2bfba9e7eeb81a0
5015872ce21f365
477025b87c88fdf
5fc7d1f1c43cc93
06634379adfe9f5
2a6594f8ba6c003
43cb758a95253a5
6fb1dea157bb0d9
8b8a0bf378cab28
48efa6f05545f93
608f6dcfe2103a8
068dcb9a319fc9a
6e1a33706ec762e
5add1307e477e30
97f463244cc33e0
57a3b42621f15b7
5a496a2ba910712
4154c3161640a6f
951d1ac41f6866e
2f29d6ef51c2a0a
4e9eb12b790433f
97d95639635ee13
0c99689de82c8ec
6a6d29a512b2ab8
76ffe528dd06eb6
3ce2049b85b09a7
04d9412c67f436a
5606a3fccebf062
36108796bf87a90
08fd3a985bf2cfe
371f4775f5aea3c
95f3c4f5e3823f2
237a0fa428fb899
465597ab4228f69
2e36ff440e7fd95
8931c3331460761
222e166d3414622
62b2806d0d75ac3
14bf6867b430162
0c6fcfdbe19857e
6e35f8ac58cffa1
7c699ba8124163e
4f459b4cc1821f7
4beaf886d68f9f7
51dbf79e3309a85
742ee5fc7cd0991
3cd416c616fa7be
1087868fffe64e9
28372b621cdc773
6ac7ab9a387a64b
822b2356be2eb27
34fc848411155f4
7774ece78d7e1bc
6b8c8fe2bb2c35e
16c831b09fcf4c7
7bacbd03adc5de1
576c514e2595fa0
592613aa26f45f7
3d422aa3fcfdee3
7b289c7afaaca1f
7ba7ecf35465c8b
2807a4f078886b2
7f332bf0414e449
21cafd408038637
91eadd61e25a59a
309fa8ea5aea0b1
6eca53d60706572
6717cff168e250d
297f7e8a2c3f9b7
3acd58c725ac14b
66227448ff61e44
6d4a4ef5332cc02
81782da35ad78f7
5c36a72551ba1ae
085be2860d0151a
29ed8dd861fb728
27ccdb70c17ce3e
85543e56a65f5f6
5a0e1ec787c6b70
1b4c16320762091
11e604e6cdfdf2d
24fe91ae68deb67
790737fb5b4510f
3ecf978724d42c8
7a1dd4be0262ac5
76c73c1bdec7f6e
816d66cebf14f71
57f69b78e1b2ae9
5effac3489e236f
3e737c4db0f9c65
50185ea877cac5e
79ba54ea29b2457
5122a7008c3eaea
4f58fa6db1bb55c
653a81b63ff6dd2
2fb17b53b74a73d
96b6c5663852ceb
4ba96ce35b5e838
7699a4aa208a6a3
7e505486a4f0991
3a97397188f8876
8802172d0e311fc
10521ad21ab1f2a
7f84e4c70367511
70d86fb58dbc3f0
680192db3cd227f
5367aa2fe989e62
95e56cb052d07b8
453597cf90eb913
35182d4f7adf9d0
7e44f32c2651e58
78074b20c470c9a
3e8171a27a7334c
41e3cc50b3d4359
97b990fc8f56e0a
72413518bb00f91
85b721d3c66884a
48410ad67997a7a
177be06a1c58827
16655d3de3f285e
42d51cc2dfa6091
140292f06fa3026
99814fb48a0f638
0af08f44953463c
687ba804e699d80
0fa4fda8fa0d61e
9286f87f68c1bc9
16f08e79e82e2e3
75f7b613bf1b92a
2c565246f31cf67
06b23222d60bd79
93d040e6f28ba4b
036d03b94f832d5
3a2cb5d2430fcc0
4bc2645d6a7ccc7
6dcb07179c73e67
6899ecf52c2d409
91969c583698892
634d568fa2faf77
757add3a0b9cf9d
14f6b426f8466d5
5f18a6b20754e2b
78456eb066bff1f
79993fae8cf093f
2c16246d232e407
4bcbc81ff4d2818
31a27dbdc1bc003
4de1555e50d1ac4
4d74ae23d1ba206
57571b0fd7c9a08
62e648b43eb7e2d
6bacd4f0263917a
5dc8fe686d9cf01
5178c27a21fe23e
33cfc0b0d672cd0
7343721f4db963b
1ef2d1614102b35
0cd7868a4c35037
27a54d7fcfc4497
197595a1a734cd9
4717b7462d30cc3
651c3a11ffdbfc5
87d6a4341b08763
925813d2209c56b
0b364b51bb165ca
219769fb81eed52
738f74dc2063a1f
2604b2a1600543c
03780c5248124c3
3abd5c29b0b905e
88d6a0ab2595130
42535cbcdc3e5b0
39606772a05cc1a
2bdd88879325559
25d713d638affcf
19c8efb70b7c4f0
45d8f7e8755f24c
325cd8180fd8ede
92898b746bd119f
24b05ef80949d7b
6ad9e16cb045fb6
4e3fcb67e41363d
9068b8655f467f5
027a18c0dd8ecb8
6f7d6e044272500
75fe03afa66f0af
2c6df7e90e1f4c6
680305ad0566be2
52974152f624991
1e1ce9b8aad9493
5630189a918d410
7356a6151eca5d0
5de1a9626d0f42d
0bdc9d82ce981b1
94796e64c457540
6c1924f39905bca
4c6d582fb5929b0
3137c74f79e5eb4
776788e33a1aaef
6f4681e59e55d16
50796c4ea15dc36
32a78394ee2584f
8b94fc98bb8bc31
8a81579ac03e705
639df4de906f77b
9634bb023ed9dc6
6164837a0c0d9f0
427ee73b5d2dd45
0fe982f2e5a2db8
3c60d81ed555f46
16b1840666d41e2
771e00f52e6a36d
804a5e45f90068d
9aa3f8d8f4ba4e5
7d3fc37aec72aae
8b71e4b27c259b9
24c142aadfcccc1
5c2b3200666752f
9188688586df12f
282756806c2bc31
89dd5e30136cc33
698251b4174c247
92613c04d02bab1
6294aa6acba9248
57dad9d4a775611
733e6f290c9a818
321f51249698b0d
49e9b961bd5eaa6
1e07c8ad2e6fd52
4cdda8960fb1070
2d202603a83f2aa
163382f61180723
2dd948889b724b6
8c59e74cecbd1dd
2e22cdd4a4c9cbc
2ae8ce173e084f4
73b427314c72999
5d072748c36e28b
0705b6ad014c43f
07f5c7ad3c1912b
9070cd00c55e0af
775bfb815c56ce4
2fa5da9cb2df30a
4b540056e0a15ac
61a0f145e1baf81
07a10b955726a61
73c7033d2f399ab
0dec18247517638
65a06ed37b3b346
167adc3537c50ae
7ebd5ce2e89891a
5bb679e03d35e70
8576275b0273b1c
85bcb98bcd4e7e4
3a3bdb2fd971ef9
698453238e6a2b4
368e74b080e6fd4
9197df65887766b
406a2848733f651
139c1225318463a
34046422d1c4c94
119c0c6c61b0dcb
65f9f73547479c5
5d10aa03f142b78
369257c69e22bf4
637d0ef93de961c
639211be6f1c8b7
4bbcace50e253e7
92fc8c462d62ce1
0efd0c0d826757c
198cbcb2e6e96a9
9a1c86134b3ccaa
455800070cec8e8
5133d93fb24bbb3
39cb76cd4e09fe6
7442e459435d94c
890c7a3cea37675
48f076be009c282
973218748865c4e
2e7e830208c585a
084a5475055b839
048498d65178926
6316d17305c6f01
7cc7cb1c591a7be
661005a07292962
48e5062bf641ff3
09a1ffe0337f347
815f618dae05c37
01e592468aeb507
1fdde8047fe5c0d
9c0f57cf84e8b09
8d4c3d74b85a6b4
7715c0eb1cb59d8
3975402b74c1691
61e6bae395d7dd6
317c4379526a9b6
8b37709fec3bfc5
56c34eb457052ca
30199751226aef6
7a6948bd7fc9639
13b7aec570da4de
1605fb6f677bc04
36ca5783aba8d45
529656e32565491
677db76b0852cfc
2b20d66ad19a287
1850e374449100d
0f5d88be353b0cc
23b84c95748e379
3f733d03f1da2c5
3b8fc7e9cffa721
2ed960cab4fa9ca
9b230554caf865a
1b457dad9f67be8
0c91863d3e31aee
7952c173763a26a
4b7e08201bf24fa
2acc2f98d929586
75c6dfb767f9d07
388de14b9808110
700e48096044dd0
705f2a72a370d12
700478fa2ef4f2d
4123ef9d3b2c3e3
4f283d326aff79a
688cfbb36ae0dc0
14d24f533a5e288
474f67971914008
1e9924b9a0a9c05
2cf2e60595a560f
1c62f1cd83f9a23
607efed4fbae691
1b8e0e344739087
6cf56164e855cc8
3f41c8449bf498a
569c5668fc67d8c
0b31f1877cc662a
9c27daebb5a5248
45492aae74c91d8
719065f880bad8a
3540dce6b03e06a
12a2aae88b21e8a
37dc6af13189a2d
4ff6fb11ea82047
4822b7af5e5e6a8
2d44297aa7e7740
00fa8ff9e7cae98
2f3d3291bc20ecd
24b8648008bbd2f
4171fb8e75965f9
6b14204b2cd4f93
5bb1af2c2063259
00ce3403a5fbee2
4e7e3b9c801e6e6
17e6fda2508b199
6c701cf7637d3e5
7ebf6db68e792f3
3205a30f350d1f9
4e6449c389833c5
14f4df1d3dbceb4
586a222299d8d4b
92f7b166b0da264
717b05e1ce3c01a
1ee8d43eee77431
0f66715d9b2de6b
2d66c9c5cc1c9cb
5b070c427f8ca34
44bd5f6a8c395c1
1f6dececc2341c8
8d1ad53e3d4363f
7b23032dbd05dbc
0c9b8a61f6d77d1
7a597c241eda51d
51fab18a3623d63
69f4a6bda931e42
3b6194f8542b866
0dea8f49c6e5cd5
2a7ccd10a947990
8f37db90aa218ef
2e146623ab485e7
67849eef897efd1
3b3665431f595b6
8b33c41121ea99b
61069426244d0ab
4281d3fd9e73ca8
839a10cd1432477
26dab8ac1bbac28
456ffaa16e1cbdc
006bc18050e38a3
7e84bc1be30c428
25439245093bace
72a8dd8c3461e04
9b46eb7968a2058
39f1d0c90e2f51f
5c2eb192c4c7ee4
220e05adc126d52
8947b7e6344834f
6035c9ed818d207
1604d1da5ede06b
06367fe02e20a93
4ba3fcc012c49f1
2d98d6434475a4b
62039cccf0719fe
3980349a4064b13
64edfeea3279e71
1bcc911caa6162c
1ee71749f8887b6
0d3c71f171fcd5e
8b9cc0b64fa1b8a
88938f355a619f8
1c69056dc3deaaa
69aab3509bfda1e
447b0c25c384b08
17a0d8525754b5c
5e54b8d1db5658d
6cc86662f56b1ef
2a9a358e7ff9de1
17cb6a8756e65da
176f576ea2f4983
0a02515bf2eb6c9
3a810bbbff86b05
7f3898d7cca8caa
80b94f2f01a4190
961c2731df83b73
04f837545475e74
2dbf01cd6d431e1
0a0cd0cf07a24bf
6750444db5cbc2f
09aa27bc278198e
876845e2e4f0572
4b46e07ac0dd63f
9575cee913e02ec
4fe81f07778aed5
5d7fb6d75db3300
02cd438f6ac8b56
3fb53f70b1333bf
4c840b7d27b8b50
73f251d0ab15184
7eb8f08a220f176
0d59b247f18e40e
754cab87a8d71fb
219939838900350
74de24380ca7a2a
814f3dbf0af7683
82fe0f8c664f989
6f6387cf42088d6
3cf655d68c72a9f
582c5b7d28fd1d7
8195a07ddbcabcb
72a03bc326cba42
360f5c81a444ee9
5e9765bf1382dc8
9abe1101e7ef782
21215cde78f4763
307ed77c1b48e22
003f9f6341a528a
27de70371eca947
83f06b2eb132dad
078ec2153e18a44
7c2833f8911f5de
1e0570a98e984a8
49712532d708794
392e653cc9e1068
0a4843f94255c8e
90f3ca596db5706
6ee514da540fd85
3f8c56d2fe6378e
07a094bb49ec094
4849636ff8086bd
680bef9d546f71d
6d1c7fd74e5a053
77ad87131b963fb
11ad52ffd062518
9b875699290cf4b
7575f8cef41c9c7
778a322713ef5b6
940bb00ab0c00c7
35e7e3695b0b83d
4be7aedc24c5b9a
8f7304ed67741e0
5a8ff5005b77c96
7fbb36f04b866d9
2d41ad45c8237f3
80cd4d05e55ca69
9bf530758f31de8
638af49bbdb18a0
5b1c10b10f6608c
5d78b7d722ec982
9412383c30dae77
853e86f5d812371
42ab31e73160e48
14bc46d4b22ac3f
630aa5cee94d4a9
0d98cd582cf4432
6d510693e168626
1469b36ecfbb411
2a330233e569d0b
7198a0505be0d72
3f79b851710496a
190e12b14cf95ac
3de712aa6ced881
429a4ac4ec97c23
8786fc40c1208a3
262b1018d9e9f24
22f98eb278b9af9
35580cc90cd9775
174896191dc1fc7
42b2250c2f1f975
460394e9ca24424
2e94400a00a127d
2bd8b9e53d3b06d
95cdd411b91f7bc
0c28f8ebe0301ce
2a87958a7f9ceb4
762ce755a0ef86a
112e593f1e89db5
6b733657c975512
74cbfb159c7d8a2
93f19c1b34a79a6
84508e528a535c6
80f43ff2de09cb1
4021bfcd739e960
6796628a1ba6bef
72d7de0eb7a8be1
28ccb3af9ed4c08
47b29886bf68019
998306843413357
3d9279997f70e47
0869185576233cd
279ed2546d44f9b
16990c66820e8b0
29beac54905be9d
05b63c2cea545d3
779f02915555cad
5b8f319d9bab878
62957232c3ec3d7
11534acfa3975ce
2583e95810e6002
82562781944390b
105be2cf196fca7
4ad1e0a076f4b9f
4036b659458cef1
3273c61fe49ac3e
79dcafa7f6dc274
83fc7cd66a5fe8c
9c3da4cb788447c
6616008f8066285
1fac8111d640f77
165bda7126b2239
6bcee6876c8a4ad
2022bdb5385a187
01658b7e677525f
64dce859e2826dc
6b5b547e02bf901
8b77e75d69246b0
9b833c859f81676
23d42ea28f551c0
073395a32bad618
5302dcb56c28c49
4934b806daf30d1
483e0eda11cff68
42f53b047e04e2f
9238bd0470e0398
21def22102695d9
6073b0943c5169b
3c61a7a7d38bd20
3cc4b79da55b79e
096523e060f0ff3
398cc28dc87ab53
6416b716242d78b
0f0b7d5a1d106bb
2fbb0b13aaff74d
69348f5d191b32b
4e4541bb00addf3
8a9ffe681dbb5a5
1fdc67286b28830
8b990cd29990c03
5300425be76fb2a
3c6414f61692916
5c0a7840dc636f7
8c707b23ffd063c
25e1a0e1230c0e3
892cb224f6fb9e8
3e70d0203196e70
776131d65634f98
1f67ef265a422d8
6ca2226321703e6
254da93b7e04fb3
843dc19789405b2
6186ce07920c0b0
0999c6196677235
34dcc30cc7bf5cb
72cacc1458bfdc9
4b9a79bdefaa08f
78fc6a729562ecb
3e62b1b5d7e8e84
9b9c483cb235540
86ad80dffb5363d
210e36d36a56374
37bac09a294374a
49f6f6a06de18dc
2ff859beadf432c
6222ba85a58fda7
624b096fc86a3a7
953d99ee2b45e23
97ad8da16b9ee40
1f37881bf3092bf
6a35bc9355ddf0c
18e74b97f497bf4
6a1360ee9e2d993
3532528c83e5116
452b1371a9c7ba8
3932113d665fef4
84b7a05cea9cc26
811517b86e999a6
0eeee79afa7082e
596b4a3325a4bdd
19b38b95d1998e1
828a54838ae9522
7f2b5a5d12d0e3c
0bbdf5a947544c0
6774affb2509b35
7894bcf3020739f
84265a19065179b
7611c4813a35453
42bf67af51d6b96
46984f5139dd648
1ebe81a37b6ade6
7d5dc28c567e412
78012265da96adb
7f6cf92ba8bde2b
2719940977d382c
06c37c085c15d7e
68b6fe5c6207046
21a639487e21e68
04303be072045f1
483cea8dda5f88e
8a09580ce4a8c35
7c6224ddccf9a2e
016df6500da5605
4c714e7a841c07f
0dc116c1dd7e046
8745b4bd0f2ca53
3a8385699e297c6
752ce443072a4ee
70060c2c585d004
46989dbbf096d55
38392ac7d95eefc
12d4ffb1079dc4e
7becdcf6e5e6bbc
3e2573a75523274
1d5b010dc8e2505
761a50fe97f982a
992fdf80956790d
7ba049482facac8
43fd5ee6ca44d3d
8ba525ba461cc31
18730e662223ed9
8f2222137e0977b
58eda21d8d053f3
6930cf26514f50a
605bb9a98cc371b
18875bb20929c9d
1c574065f1f7d72
8e72048d0a6700d
2c1a647614cb4d9
10c5ffade85a52d
2061e6e77585026
2850d768367d188
484f4c4cdc936d9
5ec9d757375785b
0d16b131df0f7fb
81c9c30ffdea7cd
38cd749d9af3187
48c23b8db170049
43b73b3c0a95ee6
4caf8778b7ba96b
8c7aab110df4ec8
69f697e95a5e9d6
6113ec91d454170
56d4eaa7eb7a4ee
05d7638290f8d2c
7652591bb3bc534
91725e9c6fa5df2
602204eccb46562
7b28a60083cdd98
12b6812f78b6ea2
0396c7cb773fcbb
67ebca4a490abac
749952e36494d99
3d492f4ddbd82db
93a9a1da11b1511
416ad826bb2a084
2d218b66dbf2cba
86632fd32fc1484
3454580c0c13a55
6387dc63d0f17bf
5520e353e2f5681
88b741b3c37819f
73a5a4989d8b128
49d9a5a9b773d45
64865040ae4c3c7
83d965cf35f22a6
7b3aa99dadb310b
67c92ce9db0e84f
3ca15a4de63a748
58eecf02b3314a1
90b745dbe23984a
04501d258186622
3a6e29b7afce8cc
0df3f3ac09826f8
17e8ffa6510ec61
529f11639c18337
6089efe7c0c8efd
1e406bf8bfb1ad7
349a957a1510eec
657e7915c57fd95
7cf3d91c848e798
4020c0c9dbcd527
201c065776d8a72
16f9c3329257b66
51a6a4f42995d95
0b573a6350c9610
1d022dc94deebd7
92999000cf19b90
4addb5066c03315
583eac2e5a3a194
68554789d80e612
95f1059970020e5
80d798264cf118f
74b05786efaa0ca
66650320d5fa5c6
16b97b170d6affd
7e1c4125e700cf5
947345f99b942df
903f9aae33b7712
96f41ff4ed7a48e
01b4987f6553fba
3be926dc6704938
83668122e8f05ad
323f8be2b84a526
4d43674c3cf9726
9a038ef871a4c98
39489a5d7ec37b8
1dc99f3c35f66a6
543f2e1a14d58c8
4208584d17efe1f
79775a99905c04d
2c2b281bafbc71a
7ea38efede23b9f
12ee89d888bd742
37d47e21623c964
2dee39a86c24b99
7764b2a90d7a599
137fa284a0d209c
111c4a10ce66d63
88813a8ba27f9f3
88d041804a2f7d7
4d41fdcd28f1cac
5412cd080855eda
468fcdee04c3228
821a6971b96a30a
3ddac9c7d75196d
37a95c306300eab
76231a3a880cea1
4783fce046b3593
124b4be9d2050aa
105a06b737e427e
783faba9fec91a8
9566901f5488c83
0dd82b427255694
73a99bf3e918bb3
5273129ba19f3af
6287a7c67511415
8a6543ca55629c7
3c4994bc4b5a457
9657b6065a0dcd2
928e0fc837ff55d
99c74520cd8be72
32c3cf26ca1ca35
3a5eb0a03c8cf8a
5a9844c297f2de7
5a773e4b533cc96
922da3cf6996172
1510c890f43a374
43cc80f3ac99e23
6cc3bcea9698aba
4cfecc40bab4f1d
2ef5853335ae1eb
2a7260218013149
7d1328cef9b8bf7
4150e39c2a0def5
7d9d1070846896f
2452aadbcb2a638
1078b78b3f8602a
5be8855ac278f09
7379b2c24a2106f
48b684c27a75b25
210e977d809b32f
65ed48d86a87827
1f8481e731649db
160d8029e856177
6b93598433efeae
4b48174df579c3e
8ce8cb4cc036562
1aed0974d63a684
912de26af8d950e
0b3104025ee37cb
85e04a7cc63a96b
2b897aee15c6491
0679a5fc6e60780
0d88f3e0427dd45
5a52211c69201a0
0224bceea40755e
1b4e85baf8e0f19
7631e37888bd2e6
8f685cb440acbdf
25ac475ba625320
7180255488b7ef7
67784195f5e69ae
7fedbdaed61eb60
9bee541b88b7bf3
22e1b01e6f303e4
0ce9b42a3d7ba83
2cbf5c1ca83bd2b
99b69ed8594ee5c
09316265dd685ae
52811fe7e7d705f
46b57ebbd16eb7f
2be239ceace4019
85dd13e223d2d05
2dca4593c26deff
84a0af4dd150cf4
4632a3078f0bfae
6d701abbbdb6b4f
2d587d43e508b79
0f0565ccf529eb4
6593ccbd38a711d
54918b9a8362250
38fa4ebe2507398
2faed19ed33355b
5aa18ba3a891f12
9b1df53f02bbeae
7b19cc297e4a422
0b7922195fe97ff
921ff933abbd22e
62512d47b3ac570
1e9b355f7b1b30e
487c883370b4e2d
2eb2257432710c4
73d6d5069cc5cba
5eb5428ba5e1803
58f620dc6c872b8
78074ce30ef2d60
415e81de01fa19b
44bff8b7bdf09b0
32903994e7c97a9
712d91ab9c4454f
201ffb2763f291e
69a29657b6b8835
6ff8e5bbae60587
3ca40febd3fc1b3
9c1d7eb0a8925d2
3bd84dac7165f27
23d406b7b4e9139
92eb3fb405b7697
1591152653fea50
6a4a9352e5bee81
49bfb110fc73e27
23c2cfc2e17ae2a
2154eedc362792a
9bb629a2455ee3a
95c6e8da9db9ffe
47aa4f836185d18
76915b8074f5462
69d8ddc647e74fd
13bba9c55ad7ec1
663b1b3a213f79b
0dcc8bc9ae47b45
868090f5dd526e2
7da1d81fb876f74
6c7bdd989043e2c
7af6678a3ff6a0a
14f3bdf57dbb141
1c410b7531d54c6
3b81d906673688d
649db7eb2e02350
2791e30eb55fc0c
35641a5a07fda51
6064f8d2a44022f
0fa0b98ca9ba05a
1a344d6ffd4bea2
528b4b9812c914e
695f5f65251971b
9be4bc2960ea490
4481a105864053f
8aff38b5a946fe7
3473f5674043bab
657e7bc2aa6f83a
13e9196e6b9ab06
9a137aa2a6f21db
01fe1fd73cf87d2
6453d4c90de29d6
7fd041d7804b8a8
2fada4ffbdaef4a
26608e3afa0b34e
210d778eb1532e9
5278bce2b502240
5d7761eb184406e
96082aaf2425ea6
18c66c7864481f1
3dde30c7db98bc3
095a92b3f97677a
0245a74e66e69db
61d2e92c3079f23
506601a62a0c8fc
0619a1a3a77f4d8
73433ad85b04651
9be3fa8a843c2d3
43dbb1eadf5f7c3
77ed71d8c01b1e7
6ecb9a67be44afe
82c281c6e5e335c
5f36b6d456f181c
2200754cda9743d
2befb6ada9d1644
792b2a06066e2ea
4def334517fe1c9
3424c7b6523ea68
7b26c0ac051083c
8602df9bc46b6b8
45b3b39f72fafcc
1edfd1520639980
390b1e169b237cb
5051117c68c99fd
4dbafa9fe6cb57b
1a200e27f7a84ef
099bae23072e3cf
0c1ee98f9950328
819a509b1295ad6
40705d324113267
278d91166a7f6d7
508f06caebb105c
1dd95eb9af0fdf7
278aee7daa5e95f
80f9cdb1786f4e6
889cbb7b1d9a7a6
056afe02bee3eca
661c0ab1d8d36de
23fefc758d1cd28
3d714eae5c80516
31728e1983cd6cf
9178419aeb0974a
2067a2bb3d21511
2c45382010ced2e
0429ca15da5eba2
40aca47603ea4d6
0a9093342501adf
8d514480475c662
6e09da4ffee0115
21ddeaaceabe132
302af5b63d45bac
023995a3254bd74
612661270e14b09
92a9af9435bca2a
4009218dd779578
49fe4d04ef51e11
1cf053cb2e75718
47b53e294303853
8323628d2c836c8
68c42f554635227
00935479f4b854d
2e9a95ad38baf63
704ac24474e0b52
3b3b2cbc73f4249
08798f897c31e76
4b28e9f4f712f21
88e6890885353b4
574f008d7a7731a
6a234d3bdf7e717
095079b9413f2e7
38d24699e8858b4
6f22bf35ccd5c49
35f38cd78a7331f
606e32288b630fb
9357585b68004ca
03c1b3d0e2d0333
084d4dd96d4d7da
8e25d9248e60108
1406f2ab7fc5acd
5ce472bd4e16659
1c3cef9d155b117
0fa910d0ff088e4
90208f7bed99d66
175c6b872f0fd6a
58fa8b30d6441d8
2a5919e79c98db8
2af65a0f1e537cd
668d523c6ca3d64
56362660f1d16f4
16a4c05e76ed974
521c201c87e1895
983058a7949e2c0
593ef174f3e08ff
4097b2b1bf6ab81
2b04fa13621cd89
732cf87bcf5f58f
65fdf86325231ad
0dfd3c697348d1c
0ff610ad696280b
56505a5be21370b
7e1c3d8367a8ef3
8adfff09f390b1b
39c8d7f084277bf
5590dc255b95597
559860826bcd8d0
22d60221d6e7325
462996c1f487179
12a79cc18810163
3a2065273fbd0c7
7c7beafcc9e4d50
7b4d85c86e37655
43c98cafb4c0ccf
817f1374cf97d74
773ee78f2028d9e
84cff449f2b12f4
86e0c7440d31271
2c15bc3853aa25f
8f23dc6e260f266
574bee0aec1cddb
48b02f387a1c4f4
216ba2c38369783
83814aa8d73a98d
5ab3f0055f7a525
95619be510b5591
8342d7ae5bf7c81
6a26f5954bce722
4c0b1361ec9a3d5
199b848d845ba04
709df5d7feabe8a
8776d47791110ea
3fd59c062bd752c
62b196ec6211c7e
4bc76024c589fc0
08998c65f92b721
75865c9956387d1
5d32c9ac7599169
9639cebe79a8cb4
97b06de9f288507
7e4f3fa3c7a510f
720adc4f3f2d434
70c719daffe8a22
6b2298fb66620a2
1be3511e88f14b6
5ceb57565f06832
4dc2880426ccb43
160fcae4e758350
22a24a1dbe0cd48
7993d81181a09dd
61c9f52499b2654
722fe5f526d6788
83c2b2af0626442
8faed0bf7518384
6e24ec41f5b463d
7b7035b114d97ef
7afc210e3e53a87
28df6b008a7953a
1e30ba122816ed2
9b859de55e2f45d
85e09876d929144
425f9a7f4e5eba4
36ec7f008f15b54
3d06d78059a9968
238c81a68dc1065
5ae00953158d5c3
1153aeb5dbbdf45
8d273d13f311eae
576ea4ea70a134b
174a2b3892e8ec1
31f8c0a8d666585
8f54ac37ae96af7
68f6c87acbfbf7c
52f7e684bc4b289
34f73a28eff04c5
04d236b6b0914f8
5238396a06d0d96
39080de2d64a2fa
549b6549879b8bb
3ff8a08a5ac9326
11a28d44da75049
29b3018353763ac
59e62e1fa7f3214
8e49df40a2f6bbe
093796746e72729
8f549b319b70660
37bcc1c58089f2d
683d3c6be40197f
0b53f435241c259
0359be692de6280
94145236f8e89e8
92f97bdb33fd13c
268d1922da4cf7f
095452d3bfaeee0
4d6201cf2e8eb78
56b4274ef36e683
28f91cee7998db9
1fccba0edfb6329
595c9e6c5e5cd84
48604987b8707c1
8f81bed1e47d60f
62183a69d34f1e1
2ec5b0c9480b54e
64feae26a4fc581
229e10c595c5b1c
643af36c1b8f83b
401f7327f076915
77c015f23727105
80b9ecd0a73b6a3
5567f0fae046057
51ea05b6f6d298a
15913d34b034ef5
7330b8597010c3f
5cb709c25eb5755
65ffdf44e22631f
0ea7beea7fcb55e
0a89f0a3a36ae8c
8e3e39b0764bc36
3c1656f8ca9b83d
0e265d087df4d99
2a0a50d1cd9e497
9c869f4a1a49838
444461864ee2827
4a6cc5cd9c7a94d
54cc0889a00b2d7
4282e969a509959
56a0b7e381d9aa3
82abc974f33a583
7095020958c9821
7d47bdfd919dcbd
538fbbde8bc33a6
55518be06c46a79
296f7383b79fb94
8ae72c53e6645df
0e7bd042dd22eeb
55ec697883d2044
10d58d0b0a81f02
0838af54dec6b5c
3d06b121a54f57f
369cb9c25f01354
6e6f444822c57d7
945f08a18c083ff
3dfc220d60cdfe0
2b1f81d519cbb37
78552f95ba52b36
9475eb967a4f716
7d24fb3b730aa2d
86b3e2402ceb0f5
6fd195db86baa66
77cfc8cb312e185
2c948774d49ff51
2311892992905b2
74c0bf3852a5780
29e5180ce646004
71e1f72c5de8ff6
7080d3065979a7c
009c2cba9f95e8b
08e861539ef78c1
6e3e0280e324ad6
1969dd18c1f4dbe
4fc004de7a04c79
0db91ee351764ec
6839ab84f67a132
3b09965f32c7f5c
8758027a106d194
1a2df83d9caf011
4c8f3585afd3347
870e766e36ae67a
0cb00c23f4d3b9a
382bb7f2ae2400a
5ab587e93fd4727
4c41b475f4f619f
653650053596af5
5608f85b2814baf
2d8045141fb5897
175b61620465164
1ae398135f6687d
7a5653f5b0feff1
6455e17d20c5a44
0f3c895616f0429
7ed1540b1a8a744
17e9a4d07a9cf4e
6a79b54fa816ea1
08e67b88fac2956
457107cd2fa6d8a
42f543ed2868570
06efc716a5c1f40
581faa1dc146e1d
4d4e9a6a66cc09a
207ddd9dd62a4a4
3cfcb3d9c7fb2ae
99b29a60f4d99a6
8a2b2543d781183
52c7c5c7e3a673e
9966a5987150574
00261677b3484e0
3dd19ba9629cea6
5147f566fbde1df
449d199d777adba
4c9b61bfaf590d9
74a1ae5adbe607d
3e674f8e8ff6114
5ef72cc7b6e81bd
15f37c4f6744b7f
116334a59a89330
1453009a97249d3
96834eb34b27dba
7e0f2c51fe8a8b7
089f6fa49562a57
513fa62df65e7c6
01736fffcdac6be
1fd0f7754defc1a
585c5da45e4f7fd
607d8f3b6442794
068927139865d02
2fa19b78a7027ba
4911f5f41675d65
2d37bf0cefd8f25
64ec06b0f87380d
4f17a1e76541316
2d8a9ac41ee9858
5ff76c0ddb10c6d
72fe668e059718d
50ae18a871164c9
12ffe22baae143a
6a754e5baed7c69
9227c27567fa36e
964f51d7076d4fd
5a914d14e56cfac
780fea49c5b933f
0e132a3b4658d2a
0ae776a65171bf6
4196561a541761f
55123a7be2fbc24
59f006f787fc24d
09f37b43d777fad
85ff628b65e1d88
932a3942a2a005e
663494c2553c795
63c12b9b61e4144
75f9ca6a00505ba
63227b46d7c41d5
40727acb6a7cf8f
61eca61eba56b26
598c6a7134e37f8
6b5b4c57fabccb4
0d1dbdd521c0179
5832a401e768c2a
21d0b8afbfcff62
17b31ab6a8360ec
59baf3638ffd34c
3518616d8c14794
9863bb8b93a02af
4f980db39f9ebc1
19844311162099c
99a021cb3549c08
2a9a4157a26b206
7074a3816016e6f
6da8f17de30f2b5
59d856def37ba12
09c393e150391e5
944fbbe631ad269
76d1f06383ba737
0ca766a339de5a4
37409537b61e9a9
50f4e7e1f566fb9
8fc5c1f98c3fb49
5f68baa2d0975ce
1f2083b24f166c3
50f30a238e3321d
62b036595ad0b06
4d33ba6d66ad3c4
6691f098e09db0b
655dc0d10c15ef6
93beb7fcdfd2e6c
2149d3c5f56daca
932b166c3c0275d
45a0bca513f8008
55ac7a0dbbc7e65
050106c361e32c1
99372b10123c1cf
8364bcf8cb3e550
8be4c70d73fff47
39679855ff3df73
32411d2cb13ce56
801a072c1141986
26c550bae33ed58
0a36c3802c1fd21
1690f28ca0dddcb
0db766a2a1d1526
82032a49e9c7118
1326a55b5198f28
8249a075bf7cf12
35f7e2d04b1b328
061c85045763dcd
73ee4e2d1234271
4fc8203bf961314
77b5305a2d65c98
5cacda5725cbe38
0dc11049321e3b3
02158c756405666
632a9aa040d4df0
097e52e38b8ec0f
6c346dc24e5976f
37567ff1524fc2b
38bcc385ffb1cc3
5275a4040273137
002b2dce03dd9e1
33cb4cd7a928a92
087d589330a7ccd
116cd0a11faa741
46f2fbe4788b5a2
7d2c8ab235d730c
8794751166bb6f1
763b6e6fa2d5c0d
12cad66c0ebd32d
41e5d6bb5eb6cd4
1a85657d98b820c
5cbe9f28eaa669b
3f5b02469024792
7a768145b32ccc9
929a3cd8573fda1
0d739ca11d5267e
8e02820fe1ccfbc
4b50f4118070898
99fc6ee8e05bd12
3d1b988e65a8e81
