000000000000001
a58019ff83392b8
198620e23a5cbd8
00df70cea812041
20d724861ac4439
4f654f4f1728d29
65508aa9ae1cb3a
8891e80743436c7
80cf1a822a2280e
899efa80fd0dd5b
29fb4324ecbd028
993caf76abc3fec
8d8ae7c63b78b63
8e55476496c9986
610c89e6d0ef422
40f4c6ec423f4e2
82b231f30bc5c7f
654195d31ae2fbb
51fd7440af332ab
a62ac8e1377ac21
3ee0ee71d3ae37a
9089595b19d7e99
232a549f6e71457
0961a1e02ceb833
6504fb1ebdbad71
87df012aa83f04c
70ad8bc9899070f
058c4995a9e9c34
323faddd2de6707
29a88823315d2f2
a997a408c8cc81e
8b26b527c126915
8266cf2966ab86d
7d6a20dfab661c0
0fd87e44a324c0b
21e307c8796232c
2e09095812e8e3f
5397a83430039cc
a6915ac7af992eb
7e67360fd012f65
a9d7759d33d4b33
9012f2e2526ae88
5782f0ea3381c69
a054e8f8a4702f4
3f692a3c924b64c
8169c25ae5debdd
89099e2f020f8f3
a80f3fdefce9954
a8c54d317b7bc86
32e53d460b7d86e
31a1a537fa405de
0a21de992964d73
944277f6fef4b94
021288b934d5dee
1e00174374dac62
671d1659a555179
602add4a8d2f89e
7490767aa701d92
0fe1fcd86c89f2c
730fbc8c7437352
79d61e99bab7b29
50410a7de164706
2f93679496c81ff
1dd2c08ac19b1bc
0a04d75a93751fa
47fac812b9bfe7c
6a1ffae1580e354
87055d658007671
3071e8c37bdc875
62913689bc5b080
05eac203536784e
40eff1266dffece
9d45f10878e33e5
50673159bf9e8d5
514a6e0e22953e7
16eaab6b87d3dbd
9458e84f6c40513
a5cda4a2f6c6876
7f1c72cdfc7b2cf
8f4fe12737a543a
7952a11b0253428
6ee8f929a0797ec
409c96ef170743a
38d34d36c81811a
2cd98ee9c8241db
64f62a487e607fe
00cf035cc617fa4
09b0c88a5b119c8
17fa583c3ab38f3
965d1f02a955e8c
4d485b13916ec11
012a2507ec60217
27bbbc1dd90bd3b
a0591a324b7d05a
57606f3448bc1ff
2de443be7fd6b4c
3fadf231664ccd5
09b9fa1b9fa6de9
3d4e1449494624a
7de73f1b468e401
7ba2878af0be96c
3c1162a288ad354
4e44234b7d9ef2a
122892a39b040a7
9f9871fe7aefe00
4afb283ae6f9127
14e3731231c71fd
53141b9f5dd3381
2545cb7f97e031a
98cfcf02b55facc
0a2856237bbda05
a62c3c09e512023
136dde45e67c8bf
2d3b9dc0adcfa9c
29fddb5a6ad28a4
47e534d346eb17f
3763521b05e5865
428e7e0a0b7a49c
a47973a753be712
41444857ce4bb9e
549a43c6d8c5df0
60126d72332c24e
5c8350ef344a1e7
a9dc9623ff019ac
0e1ca56ee26e099
ab5a91b382c50a7
23cedc7b0c49f86
138e3dfce70da95
1b927897a3ec197
407f731877ad255
7816ff14ec04d4c
8e1d6707abc0330
5881f49a302c8ed
18aa8a14b131eab
91ab307dc7aa864
7864b780e2b244e
589a134dea0ee92
a7427ec4b02a6a7
92e893f36d48fcd
64c279b4b6eae63
1a6877c7865ac59
2950d3d90f2f222
26f00fdde4d7c54
7745ebcffcd935d
54bc58a4f866086
16a638283806c6f
5ee17d5c2e4da71
09721ce0883ba91
43c7d679d2aaafd
40118d43643f5fc
912a70f0649df9f
8f165968d2e28ba
3bcb9f0372d4e11
8cc095094fc22ce
9b13137f2e3b28c
5b212caff263f0d
a3ddb5c6fb1afe9
6bd1b868a5ad8e8
1e8844a6bae4572
0e80f6859d58299
155f181c7cb56f8
74fc91313a63623
5c3b71802ad69b0
3b7b76a77add387
514255fcede4391
0ebfa24cb648677
74c5f2ea272b009
67f5c951998ec8e
5f50d41bed4df73
619f81df5c078ab
1964177483af339
3682f79e6a578f9
912b3e13290e61b
0f1d8d3e18e85f2
3dfcf2e8834f52f
191d05a1df9e6d9
90d2ddc59d17cee
1d70b1987d63601
2e6e643871f8a35
33f7d37676d0e57
2ffeb5522fcc900
868923207f18ce4
8226ccc8c3c2dfe
0af36f239e46c61
78c2f6dd8f93c14
1e228a2140cf309
6bfb39fca1092e1
0fafb0292e2b2e6
81e099fcb4fd842
6dd15dc13b4cee1
3b2bb3d5ceeb222
0e2f58861d668f2
56b1d84e419e962
4a2d0daf425e7b2
9c359b1533d532e
838e137d2402265
23407036c2c58d9
480d70633ce67ec
2f33c054af33dfc
41191226cf506ec
611551eefdb6f73
8b4af0a32e9a2c1
2b5f31b21c9bfea
3c47aa96a7d3780
919f0289eccc134
864cae186e05a4e
419e3b1832e6fa0
75417013411d3eb
7c1b74648137b54
96fc9c63a499b5b
3c421444ad6499d
868e05843c67289
6f8256deda0d0e3
a724d13c6e12e59
641ee50ccf4da1a
4ac3faea78104d6
33bc1cf54ebe1ae
4f62fdbfa78e88a
6e76be8c999ddb4
a84ed7389522f05
870a35aa799a955
545b0e68e361a6a
59e60ce7828b0ea
24fd97ca36c1319
741f150d2a560a3
aa3bc6d6dfd993f
0c39102063b82c4
7373df0bc9941cc
440b34cb80c3993
1717701861c7819
a41ae65acbb6e05
5a20a3e9abea80e
2a28f86e396796c
a83f5f86001338a
a4e30c8dff87633
82f654aac1a1804
5d721aa6834beef
650d60a26c1b943
300a04529ac65a2
2d4f968f7a5b775
0ea17d9d54757ce
508cb32b5956760
490bec287fe9c05
65246b86f6831fa
0e4d30374479c58
28e4e1d0ead0ba0
5914b9683e088a2
7da5c04196d6a18
686814d4b56b048
18109173c35cddf
48d204452bfa1e2
0b7fcbd72189a4d
286dde7442a04a6
0d2349b4b842127
79a64699d61ae17
4882f03e364e4a2
9dc9ca0c1b83486
8de3ff04a31714c
36fac1f1d2c473e
616978575564b6c
84ac5f2eca93a7e
6409bc51efcd9f6
a9edb3fba380451
3bcb5e1dfdf983c
333f5cae3a0f4a6
770401a423f8ca4
4aee96cd4793e93
948ddb74c614749
8c7c899c8a69c03
2d23a520f9fa208
018f05c997f6cac
96114d78a4d495b
20efb13f64663b9
9f2606e98609bef
42d0e81717e7dd6
90e8c8cc82850e0
120272d7dc31f46
9398d21c588bcca
877b9bbfb7f9a9f
752fc6eb7398455
3e99ccfb545fee8
40fe1cfc0dee483
5a32c469d74f8b9
5bb4eda207463bc
0569c459d127eb5
62f27c4ab50253a
5a8388656b3a9e8
325290983aaf684
60009a38fdb2d27
aa1de1851fa426b
6c3f9cba29b4e88
6966c8754da641b
6bf4c3b4b42e0cc
7706c57cb9bb053
895f2eca01825cc
9e5b6a09cc5f94a
90af113cf6a1a19
439b073766d87da
7148791de2d02d3
6907bd16d62d0a6
46cc1dc245b3413
55cf135531fbabb
97201837711def4
33682ea3552678d
3fb150fc6c50cd6
257ffced9e48a23
07e090809801489
7bf8b3c96fbf1c6
551efa0e5243e47
122aceb50847375
12e84109698a1c9
44e7b43fd8cd36e
8854767d877938b
4a05f87c8d774e0
30255ce2b61441c
2385e669af9b079
94bfe066467e7cc
2c38c8bcabeae27
21cc651e971837a
9155e53c6ebfecb
27d186553d27765
878db8554643f43
0ddda00c12ff7c4
7d4c81dcca40ad7
6b5f1bc35841ec1
7cf76b69fe9877d
217d571934198d0
2e5013f93e6cd50
5d8a1f51b9db482
9019efab2cb4024
1eb6b67c250206b
03d39f8ae1574dc
9f6ac8b7c6c08d1
71cd857381e569e
3ff7e402c7dce0b
38cfab4ebc2c774
0203b9299486ef8
07fad75e30c1983
779cc65fe15d917
2b328af1a931888
53c6f5309084d6b
20d583ce7a08e39
8664f8c3b778440
126842f461cb652
947f13cd3c4e1d4
1a707b271c7928d
545d8b30b1bc4b9
6eefad70a43d4c5
3923f499b89bc3b
057638281d7948c
051c4a7388daeab
2cf702f6cba1073
3164110b956b026
1cffb2d4c7cc88b
0e8cdc45bcd9357
59b6486fbf79863
3ac8ed950175e17
87831635d97256e
619e1577113a185
1635945cdc6fba3
70fd7c9f9c60a93
41fd0b7158a4704
92a4cbeca0507c9
41d812b392d2cb5
21f74b97cd0dac9
93151ef84bc9306
56a9e0fec9cdb86
0406c49bcf577eb
71a33554db0f2b8
1b30a304f6bcbc4
786f829cbf9f160
61e90d63a557445
6171d04f1420983
87b717c23a697e6
0534ebe858755bd
a83a48d92e61f2e
0e726dfe92de082
79236b7a2ae2aa2
a69bfdc61d8646d
532ae02892d7f6d
4262e14225ffe1d
a1d51ab5b928cdd
775ebe7a27f40fd
0d462f159910ae0
22209213df919cd
3f56532956c526f
505140fcee6f209
4d16b66f7f3505e
8dfd7aa65282e7c
503bfeba02dfc39
98d403a4db014e6
841d2fad9cd7ce8
6ca0ec4434f32ac
5a10e232d30e348
5c33451e5d59848
29d8c9bb97588b7
5c5cbebfd4f3a18
5a7aabefd47ecdf
8b6d465bec64276
6578308652d3e36
763ab68bbf38112
0c0127f7b173952
9b6a586ce849fa1
566db74cb9732c4
aa227618a596ceb
30e0ee8fb0caa81
0b6de99da146aed
2aa53b43e306dc8
0a9ebc7cb9dd556
56809a549ee534f
84491a7f154469b
75bcd7502fb0daf
94b58d51e061aca
3f9369402b693f2
34ee5f9400721fa
4c6094eae5be99d
07af316b3ed41ac
7aa98da4a316fcb
364ef8ba0e3bfd5
9c6df2fa4f374f7
698360716fe17cf
91899dff861c646
291b0d64127febb
14557aef8c42e01
58eadda75753174
9ef73677a022e87
068be31c06e1ada
9cc1b3b8a6101b8
81945dd3912b441
4740634a48b3a09
7a17c49c01c3eed
130c6e52da4c841
5d2aa4e7baf3d99
6e7180d1a63058a
893a99350da9cbe
3c6203923c23890
a0b5775ddd60679
9754713254c2cd6
5a6aa2b83d69b9f
78c4ad36a510dec
4bc003d3fc689dd
2220b514727339b
68d929798aff578
0c6348b71dfb5a8
914fcd9cc893a66
002c4a3a4f9fdb3
9f848d018e8cdca
4a725e940b3c246
0898c7527c50429
89d16097b615c2e
17c7a913cac8d12
10390999123869e
45f9ca4d98f6719
3c6f349faa8ba1f
396c4a3e0f8a232
6c47695adb3c55b
63492b73e86f82f
5437484f5353521
877945fcb764275
85d5f9e4ac6e432
2601e4b8f7a3ca2
657a74d9fe6d7ae
26524943d18360b
997fb428b6e3598
0f362882778595e
843589225a1a61f
77fd200979879f9
5f58332f737bcc2
5b9c8b685a56b6d
875fdbbcaa0028d
365237b70910b8f
80b5c16e9c5c446
9fdd689714ef057
359d88279b2a2d3
39bce90c5903129
6909a00304d82ea
7d2fc974fe8736b
4d94e9fce53a188
9818811896cc6a8
2cf1feed0801ee0
62c46abc4231a67
546547bb0272959
412c08479c5edc9
33d43da8585dcb3
14f70f8175c2a18
68e19ca398014c1
5797c63803125ec
3b88e62e5c69fdc
8c209a285ffcaee
16932ab43ce7951
3453d982cb32d69
03608796ace849d
030a00719a08bad
163ae103522b956
46fccd0296ca2f3
8003c1923ecd37f
0e5a4bcd5988a5f
9bc79702c4e158c
a1c10fdb011d5f9
78e8256e071b9e9
5508b1c07cfa42e
9564c17b1e504fb
7779abfa31bd4a8
444b86a5625ae2f
945ebb6fb017d10
1e9e12779873ed8
342529d67cd3974
576f435de1f5812
7cadf52c4a2769f
7688c0dc01f7f1d
640b77c6510a111
00d5900144b06d1
646c4a5b37d5ba3
579c85c425b2049
8379dadb62658e9
350bc8fa962282a
8fdbe97c735f903
3aa5d24d6472f9d
63c9bed761f2139
63862e3f4718623
3bb404d0c6cee4c
14c813fb2469331
9da2c6e41ffb622
8d9ed897e014763
a27a07988ff202a
5d82f5e17d98618
2b3f8fc5992c204
6f6de62039b0ae8
6336d548320433b
ab2a7c9beab0918
026d8ca8a665840
496a8f2f5512cb0
6c55114d75be9a8
1ca4fc45992ae97
5c06019b2670500
5c1a8bf8d60f8c0
7cc734df6f1d8a8
4e1aee491e90dca
5f3f5c954510dc5
9f62dd505e03925
872fcd448fee98d
608921c224db0dc
19cfc4d8e5b5122
4b6d827f66fb943
4088a7d929f27fe
365e69ded693902
4efa256263af3db
63dba8123d9764f
3444ee8a993f456
833dcf20dd794b0
ab1ad2bab0a838d
89e10d9efb93276
5a634ec0219c0bc
3be0b5ea88255ad
2cbc4e496321aba
390b5df32ee46d4
8f649daec84ba6c
69158467cd879c9
5815fdde60a2fbe
75bc41396e66b2b
5c2e0fd9a168b24
93dcd94314e4e80
285ae162a5575d1
7a04102942fb911
5bbed4a1f75b124
65b223bdd437a96
5fed0746b1fb1ed
78552d1dc6bd0bb
5669505531c84a5
2d1e972285773b2
2b95ae2220fdd52
5387e9f239c015e
3b4ec529c480d9c
873ad3dcc294717
858f3c8a9f56a73
822d7c348d78095
6fec01b3939681f
2edefb5d9aec9fc
21568fe9287216f
478184433bd9151
3eaa8f494c0c34d
2497212b0375d78
3845b8d2135fd9c
2ecd9d32c2ea6e8
6ea1a312025d7a4
8526f37052bbe87
5d93898b0054e6c
48ae97e15e12a72
951b2b2a538c358
509c1cb55f9cfdf
4f4e7047d940423
0fda13b59c1f918
3d6a269d9bb71ee
2de740f1b8729fa
67c8234d6fef7ce
1832ffe08f2dc45
2470960a4b7ce0c
9a3370aced111f7
247c5b10a6dadc1
2f3bc8f11d8b43a
5037f4a82ee65f4
2b686dedcefe397
19ac69307fd7949
a86365a414cf292
205ce7aec5a442a
0784153860f5f8c
63c0d291c59e7f3
79cdf99fd6308e5
86d8cb45f3608c7
54b3b070f82e2a2
9734d933eb177c7
3f895cb49f2950c
937b60a18228805
5bf01c9c1cbd24b
80079a3ee38a148
0dd7c5b59818dc4
336ef2b2eaa7aab
4ed641909305d0c
846d329e9274aad
0a8aa04e9c2d014
0bb01107ed53ad3
5ade4e5e0c3ac27
63996c64b5834f8
5423aa8f25c89aa
9825f2c47ac2610
73b92b566a0140a
0d37ad78ed77864
9101969f94ae85f
015f630411d970f
2a2146426ddcb70
a1ac875d73253e7
531b30f3906be4a
a890abd32016485
82ef9a55d021a20
4a1660249590d37
18d91705ca54cbe
7d07e41555d6b57
a43f54001a24e19
9ca1d7cf37d9b7d
211bcc39e23eb97
5b776acb44aeee1
35885712b972921
45c5cf2d4a3117a
275634700a90a06
ab28244d8ec7e21
4bb1dc43fe2549a
9e8053f634a875e
749c12bd7312879
68073e789f40e11
00b0b221b57a5ac
66ed04375e888bd
568567b0237a0c9
5ad739511f67af8
193665f8938d724
141378fbbc62bf8
667cf79ee7812cc
6093befad32141c
7b61c71af2af2a4
5470dcc163eb5b8
3016bdb8fd4aede
12126afbd91bee1
382b1d7045de387
2ad8e340e211ff4
6db7c018e73eb49
563f5411425e5cb
8a4588c82ee942a
93d9e3866097a92
7621431719c7fec
2709ddee6344f89
72943ec75f7872d
13c3e6e10c67278
994b95c202af3fe
9e4f1ee92745d15
8bc8548d96bf805
0ff660bb6aa6708
5155c0f452eed0e
85e582f49e8861b
5eaa9a4f76ca231
473c908f9d38dd3
0c9268475553027
8215c8179a39bb1
0c533ecbf7036f0
9fc36e3b60a6056
054f03ecc01cce8
a341b798be1e58b
008c5a0c85da124
9bf7ed22db5651a
134cde5a10a3f2f
0637f58c8431e61
37b60a0e1fb4e91
7eebdfdde53bb9d
7519e8616f52c9f
9d9572688f44eb8
7ab68a28e5e3bf3
98fdab2a6f7cd6e
a13d38ae0472ecc
250a7febfc1423b
75ce32eacd80aef
9c88f2bf9aad820
15d1bc3c0ea5053
023b202580f987c
145474ff2d4aeca
419eba7e6e34628
604aa5bb5ca0f44
41438791d4d64c1
6f2c275e47079d2
906e802a0ee3713
1087ed802627e2b
3acfcbb05ce4582
5fac9ef042161c8
839b2ade74f4ffc
5fea6a194e17958
6277842e84e87ef
3581f6ac5082213
36fb4e8d79ae4cf
8c3a020bab3dd9c
91aacd03f12ff54
82fda6fe1aad3c3
35640cea8f373cb
54f09b2f2c964f2
623b278fdaf2a16
70f2e9b371065b9
53a3890b071dd68
2efd857dd9852bf
1035b0eac57c276
2f485e2ee80b497
058d446188a8fea
55b8c7d1ed07bb0
a5bd9b453afe758
086ef087b844f9a
5d69ee4280eae91
46e59299c67572b
782c30400a9acb4
8be53d7c807d88e
5e58df928b27c28
773ed6d48e0e048
77a50ab1c5387df
8a9f8eee96c6bf5
17c044911422858
2bbc30945634960
7459f263afb1768
4fff20f4b524e23
53fb545fa4fd3bc
4ef51c4ad2a618d
63470551bd61be0
aa80ec662a2e34a
098fa5ce3437f63
4b4c544d189dc98
47e1f0a5967adb0
036c02b7d01adcc
24b5b5a7a97fd33
0b04fa448112fbe
4102562c7ff4ca5
2b54a1bcc8f7e7a
0d711c69dcd4d2a
49ceb767ed3f0fa
6244dad4ebffeed
1a32a1af93c09b7
4fd1638616e1942
4662d6cb6e59700
1e008352bc54344
47e1c9c00255b7e
a4a7a93a392fb27
8821df56378f42b
3754cd4c767d82e
633b3649c04c374
487db6d537f1fbc
30dd350e0a4f3fc
2e0a746b154d66c
14a6d962119de15
9f767b41e0669fa
7f92781382cba8f
77d2cbe93099904
5dfa8e72b214ccf
03c24ec5a418441
91c8f5c387d1f58
757ea145202821b
466bbc647e5fb54
40f9dfa610bd75b
48e598ac6364cbe
90cb2cfe398b5da
2a3e5c93e83a8c7
07c2f11b4b0b498
5dcfdf995b99e38
a65f97ebc0bc698
074db732227921e
5d78254551520b6
69564424753f8be
72fafb3dd60d209
1e5f758aeb77b9f
81a20a58550f620
55036d034e036dc
9c4139801a37ff9
7ad8c9be8874308
09c1ba38bcd1f91
06e55c88a9b8b64
96d2df06a9954ff
536a130a810d067
35551d97450f486
72d13a15435ec10
3253fb56a53efdc
75463625ae15abc
4fb01958f1e816c
a65bd5486633c55
4e494a70a24e868
9e12a0913a26b2a
341216216605939
1a74220936566c7
7e2a2d6a9334317
a770fb5ce6c1f7e
9e0a22500185e8b
6b8d402cce064ee
4cc2ef88f75ca57
481182ca018199c
6398e40e7ad448a
752af7ca54cfb09
919904cad1ba5ec
77b0e57f4b30b7e
630d3e2da49b6d3
021168f2293eedd
4a24988b31a2d7f
07cbdbdd06b76c7
7edfa0b13702faf
5916100feb16708
0154d15a1af41d5
8559ca1b2e65770
523c1364feed2ab
047c0e8e24dda5d
6609d1fcc71b606
6944a38b16648fb
86b060fae2e2c3e
88740df170b4570
3acb1ea0d4c0e10
87de7f3f8b7120b
a87735963125272
5a67d296ba3c672
7aba2f1b8e4a1c5
6702d99a1388042
39628254022b1e7
a3945088742f6f2
4716e3747ac3f29
2fb82bd54b23468
18d79cc89870441
3f040b88c175af8
87d733521a39d5e
2b70bcdada38028
3398421da73e20c
59f69e8902ed2b8
8933dc2b6eeb193
5968dec47a6b298
723e7777696e6b9
a8fb5ca8e678e05
9d38d4d6d5be1e0
465f186f7c095cc
132dde681204113
96abd9beaf6bed1
4c9028a6fb6ddc7
49c06ab9f5c0a7e
73c7040ff4855d7
285b7cd2fccaa97
4b82cb70a045a22
707cd689114e46b
6e7843d34317669
56ae71674ecccae
57ba7bae1c30cb0
a9f025c5edfb973
00458e235ce547f
663278049a53de3
45f4ce68df9ffc4
72816bc0c1b580b
4942a3b3734e613
2de7c8456d6382a
433238851e62cea
52ca596bd36bfff
4165e169f4acbc5
32b9dc61b67e7ee
2a0fdc50e900d71
46f3d9acdf807a0
39ca4143734e290
231b9304babd1e4
8d868e7fbbec83b
a15ec9f5ca78ad2
6dd8acbc4b23c64
007a268aeeb2885
56ff78cc41582de
8c584f19a9563a3
2f9d9d8c8376887
31f9cc6f155851d
067a328785d88bd
84aa64e984e3189
5b50bd3e73b1696
7e76fa654455886
7661351a951ee0a
6ebbead91330d14
7f39a33ffccda7a
483927761be239c
aab9698289361be
19be03d8a5d1b44
a34a4bd5998f79f
73f713e66406f73
46ccb77d2dc8c0b
2e8a9dc2e03d936
374865130e8e438
90d9af5935df499
7e706dc41aad579
631b5fabd7333d1
7a8e74f44e1d58c
7a4aa966d05ad11
2a51b2b7d47c2f4
15a22b13a56ef67
59876cec4f54ebe
a55faf659590d24
ab5e5f192f61fc7
26787a2357f38ea
6c32cafe549a40f
81b499dd2e926aa
49f1e5a6e6fb9ee
a4a9c8e86df5447
8775773ac9f26fa
1381a5b1aa0b135
3bd46424ecbfc99
5df1a57f213535e
718c26ecade78e2
85312e8d505d96b
2eb33f842b278e5
318428ac8920623
0bb46fc31f52c85
9b6b504c61cc0b8
11eba7dbe257dc1
7e8aecdbf844660
1e35b3276e781b1
45534cce027a9a2
0cac6afca54b052
4968ac133a48eed
aafbeda611d25cc
06935e46b9a1f2c
6a65443e2737ac6
989e0309af41671
1f8a3324bc6fe64
91c899c2990a8f1
51fa5383b77ca8c
28c93c7236ef96a
2a30254a7d77eb0
6177a48633b2f26
5caa31248b63e04
694c8f7fa401b4e
5ff65c637f87f15
860956c37cdd8ac
68dbdc50b2347c4
4378b3bf629b459
8945aede33d1e85
aaebcf3c35fcf34
a774f9cf725daee
aa7158a436f7371
51fc051c6457761
61d84fa56e3c568
a6029479c639928
895325f57d7f508
1c5cda626946c0d
74f6f761cb9f60a
576c7a4b99f33db
041e26eb422fe4d
2d8be6d179056f7
201174fc3e92129
209369b03761027
5067571029ca70a
48e8572c2d10198
58cc21bf2b671ba
76e2b7991e338a3
6387a45b53127d7
41a9cf3b451111a
93f8cb4a65abd88
363e06ed33620bc
0e15ca3e8f6260d
316c15661d7a1b3
74dce5aeb472f31
21eb7506a627b9c
278666636332502
8fb790cac0a50df
2655d9bac6155bb
275981afb4b07da
839bbed6cfadb27
4ee9a335b236060
83bfeb65a59eff0
370c98d4529bc9a
590d8a2b3cb96f1
09bc9ffa4176ee2
2fe27afd6861561
7e43f923ae3f7a1
64329589d350bc8
15e5e2e5fd48167
40dd2a53851fad3
9db13dbdb20f922
49342c67488909f
751ec3fd9626721
69c460845bce11d
92dab71e95d7980
a48524799563cbf
1b446a477485491
771d98822b51f66
7874825f9eaf54b
0a0753e728cda93
4a2bf4a7e40256e
55491b1b0fd9c24
18d74679b05e641
03883385ac9a4ab
8ba0cc522279719
1f8150b78f4a1f4
9cd1ecaa7ded493
a27ec985b60d506
16553a1f2d293a2
63d38101e944367
8837d3c40ccd5e6
00658d17be8553d
a4b6f79e790fbff
242a1c2076b9b45
60a69cff04040a0
26b0a01197a870b
7e560584264341b
189e31c4eb18340
029dae0cfeccd2d
33b945e82fb0e27
3ae87e97b0c9cfd
7ae20f0cd9030e5
26308d50aee290d
49988f7892c06a2
4650471eeb936c8
23a11444f5ea907
002ab5f1367cfa4
9337f985eb28fa9
76d1189ac872d59
0b812cbf6aacde8
86a0bd750716092
98045a2a84ad53f
960cf4313ed5529
02c1e8c09efe4af
1972b9807cb2c53
3025766e9d656ff
73247fe2315da32
9da7682dbfb4f34
511ade9c7859bb4
0cff37f29dd8671
2632d1ef22fad49
2436cc40674522a
4c827b641d892a9
05b30f805ba5532
1ef65ac5f0fbef3
a4b153fffd9c54a
77a03f0be8f09ba
9cee82dd66aa357
90c33be52aa40c9
2a683b196596e1d
953fecef336425c
5c4f9f807402c18
37475f8321df2b3
20886094ed824b2
40c1fd80af6be19
3ed483a5045cb2e
111729d9516391c
90f679872412aee
a7e7479e80e4430
431481d8941460d
89f6decfc34120b
715007d0a0229e6
3ba5114f0cc98fe
352bfd1dd044306
310a6afee1bfb95
8965250a5ddcacd
6ba7535b990b0a8
0dc35c108afbb83
2df59191f3c0204
2c88da62bb7ea07
3b9809ad5f69cc5
70c082db69362ad
9911d1245404cca
59ba43471db22d7
903fa63ff232f68
15dc648240efba1
462c4e8a50154fe
20af48548aa69de
a5cc53666cd04e6
1f1c3a66510b254
53bdf7e02f0f771
a45ffcf816a6624
995b3d31ddf85e6
2323de67e423f24
ab3e5f2bc65b957
64c13b9a33a4b37
30d5ecd8922a0dc
4346911174ab90c
1afada9a046b6b7
919fe8b482a6133
87d5d6b23dfbf0b
a13db811915dd20
a07cf5845ffebc3
a74639cbe8173fd
76480bcae133ff5
a36250183c398a8
381e0c4ed4880d8
75eb922aad7d088
6318a82758da03f
0cf851c46e22fe6
9e2154a0aea740c
9364470be7ed137
58907e14e88709c
6958560150a71d3
5f765252652d594
738ff4b1f5436f5
66b5b2ac2c722cb
3be679e180bb7fc
299b3f093db710d
6c4fc1ebb1673fa
a22f0fa494a646d
628ed9d25456288
58e03087a4f2756
3807a40edadee0a
5f05ccedb00bdb6
7dfa1d01ec8d138
0f4016490a1c8ed
4de40b0bc57cc76
a47c52a0a2556d4
70012d993830848
985b34f356a305a
255047f2decb18d
6182fbcf018e0f3
a1b2e1909dd52ca
165a88e2f9f5a44
156de0c8a1dd3bd
9638f493a87f3fd
47bdc5cd0510037
1af94954cf44ffd
70dfac61a0d667e
7cd491099cf7f31
5518c21318118df
a2f6e04cee43836
7bc7b95c0190bf6
6aacc3370fd6761
05a68e5fed7f4f6
8f3e7bafbcb43cd
98d59af1d95a458
1fd0af8d2ca2695
88991912a0dac50
485ddca941f6e73
244c566151fe15b
1289b8c0d50e21c
82960e10b408ef9
7ce42f7e4a685b7
8a976107eed1a30
6d50703cb78f556
1272a83b898d428
6fd41e290459c6d
588a70d206eeb22
0d8e03503973b77
655a3846924a8eb
37ec350b4bb171c
197fa3c0a4b2f08
1feb383536ba680
282afe24c2165d2
5134dc0b71d7d7b
34a4e900ef6d95a
494976292cebd8e
5c37bbb748cd389
36876e119796a35
6cbf4433e571765
a9001bbc79f4a8f
00bd3508c5f321a
0cfeaa5718ebe87
0f7cc3a24f9deba
001f6d20756f8a1
313a235143bd736
21d92e81a997592
9cfea3d6632bdb8
0a0d1bcd1696da1
a530b98c56ecd6c
01fc9bd7dc3b75c
7fe96b9d2c00667
38cad63af128be4
08692332fd27011
3d2219d632497cd
67387ceddb61658
69125cfb70e9a55
15822504a1060d7
4fc10289a83c14e
4fef55322bff43c
9a4d5f458b850f6
91ba3b18307d6a7
a23f236eb2906e7
0638e382abbeb4b
0afeb1b1a42b238
a885bf09a033e71
163952d5a4bd412
508b67a383db381
3245cd6e118510c
1dfa1d25da08100
17e507eccd679b6
889e95e51906af2
231212db8cf711e
3829da01bfab784
34c3756545cb69c
69295f6bc7862ef
0a0785206dd9c50
a8a4d3ab414e05d
1cf2625649e5c78
4597b83f820ffd3
0f01db4ccf9bc4d
204d4d340b6164a
588f683a13f09dc
7e056f52a511c68
5818d059647d2d2
a4587fb9990b1da
108e93467353bd8
5487c4d9efa4c1d
73e0afddb2efa77
a761a2ad21febf5
2d19d4777f85596
a57a85ce894f27d
014d8557f23e7a6
4183f04054ef9bc
492c717b1b4702c
87cced03f8e1aa2
2a6d62d2d1d0316
a09ddc7bece2349
a24fbce0225ff44
8870fbe9efd38c1
6e6414226a8c643
77525c1a722c8de
a926f2c4b3f5670
075237e165f6f57
89c1bf91f1c007c
92d2cb0624a0d30
8ff6f8ed67e8963
a04c503a4d09106
23e019aaf15896c
65cbcfd162d43e1
33e4ef26140bd83
1651ae52421111c
737ae929b48b3ae
3ebce4d784ba347
5f3f156a7d5a9df
78f88f7a8f79f23
a9f3ac796fb327f
0e1dcfc32bb3feb
501dbcec42267fd
36a059501b86959
09129be829a70e5
16e90fe62ab00a1
22592bd0cf933d0
4fae9011980ff8b
7ec701525e1b161
38e6f706f39b308
a69af58586ecbf9
a720723016cf5bb
897edea5066e897
9a4310b2972623b
0cba89328f49bb8
5e72f31a43411c4
8268494454583dc
8612b736a5c13bb
5692a700960d6f8
315ad76751db6e1
51851933e766a5c
a7feafc3a1e3422
66064a1f25d4c21
7eb215a988120f8
489138384d40986
617ff1a15931f11
7955892b77419db
2b73783c6c71242
6b3106651673daf
4b3485c84e515ef
94ef11bdd41fc15
1a44b4c6c4ccf5e
8f05a25803b0b8c
731993df7eceb5d
11e99bbde2c6558
44df702cb0527a2
5298ef468b27acd
12342c13a853f92
ab6d5b9f3bbd78f
2444a16be0fc64e
4f8bb771ffbd863
95aca73d8a53141
4ed4a9a7da88b2a
92f230e3968f0ff
3018886e11e6eae
714f30ad60ad166
1a493d35ee91efa
2aab8991636cd8d
3371b32d85cb070
3cdf2be7b06f898
8f2f70535722b5c
5f26f3c44f264bd
a6193aa78ebaf80
2a212e08ae1cb18
336b718337d5817
65dfa19b7032853
04156f7dc1c89ac
696b67975209c79
2ed434fc8a61dd3
1f55c6358eac1c2
691041b4a6a36f0
1fc61eaccde72e4
6b5155978770b7e
465219657d425c9
9d3592c81b12013
768bc75365a08e5
216918d1d24906d
6ea3e4b39d477ec
0dd04812a305bf8
3c616ac96ac3959
2020a2cecd8c6f4
6ca5080f192b9a0
a441b53ccae3462
8a209ae2f7472c0
9bcf91673e5d2d7
2afb88d109f1e05
5ede470f3cd2d3d
5f8aac4ee726809
11d8a3db655d54c
6a6ca31101079f5
101e653e6823d51
981282c413a1a63
0868f9d335cee09
8b6349e10fce4af
7972091b7430cff
a7e37948c53565e
0851fad5a0214ad
a06aeb2509871d7
44b31240136117c
286319ad5a6b928
73332d879a42300
16f7519b57b8ced
5f8274108a03eee
116957a0cc509cc
21ed9759eb052d2
7da02c38c4abf11
39a1c8f7535dde1
48ecdc1a2e39110
8da92e04da197f6
7bfa0ad2a0fa68d
61a301a123ce7ce
24c8fbc8567f279
545cdd461bb4230
774917229a6af82
4c763414b345d02
2435f498d8a61c4
916c4eae3590e97
a7368262566ce95
45fb1424dd6f4ab
6af08067ccf323a
10222420a23afcc
5f4b3ea2f1c7b5a
3261817f5759e2d
76a7e995394bb51
4a8ec3990c77bed
a88d4e78c94656c
4f4c10be1709626
449434589460675
477cc1e351f024c
8b25b82f13ed974
7cbe36703a471e3
82e582bf6119572
aae578c0bab3abe
807437b2015cd9c
5129a62fd4b47ac
841ad59e4d2837f
98cf5531f72f444
979bb3bab5d9c6a
2ad9c8ca0986ac5
9c99000aade85a1
762f6b24782b900
099bd693220b5cf
558889689cb9fd5
6b55627c9b580b3
04e40309b556302
8caa4a011ccdf06
19915172a25dcac
640fc053b65665d
6be977b0685cbc1
6ada42373856c91
53322aceb64e4e8
41f635b6fd69c3f
76d30e9d248fd74
544a1799846e187
1e7c954ece58858
44dba7340480678
08659cd6350a49a
ab1041b2dd8f0a8
874517d285b9816
15ebd6f74528691
42eb564d0608098
5641c2bd37da9b7
072ff54b13a4a0a
64cec3a5595d6c9
0db12b820d28e74
1d0da405ed0472c
aa7a9354d74c69e
04d963e8222c3f2
646be7c639ecf7f
0d5c5e573d7c33c
6ce23acd3cead95
a32c536a998ba0b
33c90c8190556b4
2966427ca579ab5
8fc580750edc24e
4591deb4a98d581
4faa2eb8b8bfd40
65f9690b703b725
6341b063b93b618
2a1aa27df7b546d
3d1683adbb78771
8399aea37368999
195f153af81fcdb
2eebae8b9256b3a
59cdcb81efb0d44
a121c1d67bd959b
51ad85111cdff2c
4a05673fe062404
13ef6a237aa1fa1
68b2e7cbb887ec1
04603756eab60d1
1ee768756ecb91e
47064d9e50de852
0b7ece222216b45
9857a7e2f963f54
1ba7d1f04e1783a
486a83ccc1fe522
8e76b88265417eb
758ef6133fb1324
71392ecac5f8285
09c3ce7a5d97f96
48d7ba6b2154e18
3e1abe3c0cacc0d
9600e04f1cabeed
51117a76c8d3939
777b20864b3bd9b
213c08e2824a45d
5cefe3f105b2072
5de47ffb24315f1
4fd36072f513c75
92e8b8bec96751f
8b2fddcc3d60289
6a87984452f4214
8ab91ed55974335
0abfc88b72e4941
994e1468faa96f4
59bdf8738e5f4d9
83b7d9b9cf3f139
3846bc6587aecc6
25d7c87a9cb94dc
25b68ac7fb7cf91
48b08c37e93d743
1ab912a0dbea2e9
2ce53522e0d1b9f
1ecc46e311f618b
03db141f7971db7
8dd49c71ab46dbe
5d304d11b693507
4a05407fe3280b7
0edc3d6bfab4b81
73af3b0d591b22d
838839e34f9f87e
0e785156dd559cf
350d0dfec75f182
865185294755076
093fb72fd7d82fe
8d3e16777287216
7e3ee1b2b31731e
08a6eb8fcb9ab10
79b7c56db95f801
47e77501214ad66
68ac80b941eebb8
1cffba728e78f4b
8572367700447b7
7522c192c36f1c5
9958a0caaadbc13
5093dfb50d50bd1
8030f477db9720f
58cb0f398d34934
8b281506d4eb98a
7b7d6c2bba2dd64
286ea1c37156af7
57a8e546d5eecc3
37832828079ff91
1869cd2300976b2
1f701155685b728
6d16797e1350ef1
8f501bcc7dcab21
3869ef3cee8839b
616df435c7bb089
0f85e29a62fa03a
2b6847c4b30d87a
24b95c34031122e
6f5798ef85dee13
2e6bfcec416c75c
65a0d666e8ed822
372cd8942af29be
8c51e46a87d261c
6b2e3a20ffc0783
9418664079e477f
a61e591981bc7ff
5a428c443391899
00f3e2442689edf
4bc0d2c1678a0ac
802b945d0fd8d5a
13d745b4ae72a92
a5cb8faa1ea56ec
68217d88b4f3ffa
08508efd252adce
2808a1c99cad472
0fef2bd0f27dc55
42556a61d48a047
29f9c4dd3e3002c
4f788f7202aeda5
60bb8cdf670f0a5
85bd6083771ba42
a5ee11cf3ea54ec
5213ccec7e64693
2c4a062fe5ca425
08ed95f05ed2fb5
43d5ac51d15c9c1
5d7d61f6c482e60
23884a82a3bced4
4918f7615605aa3
50a752883670749
66f9fd8a6a67ebe
6f029d643d3df73
8eb09dd3da652bb
78b6bab3456a0de
6b57657f5666eae
732c8e99916c1a1
27fba92c38fd625
31f7e75694d0f65
6285232b5f36d81
9bfe30353f9f280
a34b21245fb638c
93a482889071ebb
69c80d44edf5885
22ef4f0646ba92c
3297d56d0d2f74e
a503010ccc951d3
81442421036cc96
6e64887649f91d8
0c4501506cb363e
3ab67fdb80c3e9b
3df1ab9c1d644c0
9de443114dcfa6c
551b750767e9011
9d736be5dc14979
7ce5258e8102ff8
215f9a2415860e3
0baa13dc40b1d8e
037bc35ea2fd387
9ec58a5a8217eb0
24167b87640ec91
79a16a76c25ed0c
8a09682c6376cf9
5770842af79baf5
3e82c992be6c1f5
3a1bc1b57bdded7
6588f258fbe490e
5cea68744e649a0
02236e5eb9e82d6
39381368af6acce
7029798528e4b78
67a4bcffdc47437
1c2a5064133c99d
8096bdc03d309b8
40b728d9c39a1b8
1f818a8f319396d
8549148f29bd71f
06631126ad18fc3
09b9af2f03a9be7
0198663bbe92915
5d3db7bcf8b3a99
24b3a76bbfacd56
9ed395c13484361
970ceb7e9bd6a3d
55ecafa68523b3f
10de511dae393a7
79e11e2a86e9495
9c6a4f1ad3c5be8
5ce9715e8bb8fc0
1137f615a8e9d86
7a0c5e47341267e
1c96ccbed24724c
6ca849b8bad6f69
4fdb7da0b24bdc4
2a1ae55ad4d7a38
9466899b0620d5d
2fcbfd7ea47c789
8418a7a4f165d9a
9831a358e642bbf
53a930c795b4b51
15fddec259390c3
5d8e10eafe53645
9ef362d27be7581
39821178b6b6389
4a9063910242f43
198673b603887a1
a7cfacdfa52c659
3acae7f066e3eb3
6b16e139395a6ec
26dc75b17ce0fdb
73fdf111f12e415
6ac2ba2e0929bf4
22c2ca1a233115f
76781f79e5c6a4a
9469d8a08986e44
5d7f7117feec25a
8b7868d42e7012c
41c41e2bf0202d5
2088316fe9e244c
7426ebaff8b2832
6629ee17c105864
30c740b854f3875
898af615a99959f
70f4721820c03da
94b2f49cc351f09
aa2eb94f4e10e47
339dbda141efd9b
4e061f71977c721
6e402c7fb51153c
55f7756f3f35fa5
7ff4e0ae4217dd6
20af969c37b6d05
313f29a87b087dd
5ac56aeb66131c3
93b28bd841bee30
182d77b4dea5604
0ec4cfa48fa0801
9e465bd3dc46605
2910781c28da6f8
17cf40714ef3fe1
16c557aa10eee8e
5e2cc21b2e42cd5
4a3da541aaeb867
08fb878ece710df
4e10514cf2770ff
11dfdab379a5c3f
4424bb0e845eb82
1b8b82edb691818
4a99f7c91b3a98c
3b249804c7427a4
85487de041c1e5e
2f6705e1f17dc22
474a2cd053e4ce3
37659868252fb67
48a057b5cbc8332
203e7d405638eca
787c8358be6133e
33741497e9ac55e
988b588339a0262
298eb92d4bad5ee
35d30166bf95484
88f4e794f018c59
275a9c1d71997fa
48a9099e5df36fe
6962836496ad09b
27e9c7cf6c5cb24
6c45fb2050c53e0
13a0220d9bb1d47
30e27a163c5fb6e
0581844e0073ba3
16344039f3366ab
413d41073047667
82d30b3aec0f225
9ae35b2cf8790d6
831f5d75534d930
7742cb5fd5ada26
76ec48e4ea967fe
72f2ca92f1ed80d
8988bdd448804c0
2068f131fee24b6
0a5817d2ef6ca5e
5fc23f954aa1e68
5fd05b6afd5a900
1aed2acbd331e4a
30866ae8f96ce16
5146096a81b8a8a
94818ba63215b93
4882e48bb70e3d4
79c81a951e4661b
4e3f4e6f36f6d53
68a7d1ee6a71bb7
0144c5f1063d465
7df71dfa9bb88b1
63204dfab45fca8
35f1e533c4e5779
34e38d2372f4886
8406c4094954140
115211c78f9a370
83a723f731a0de2
60f6d77640f7e7e
4ed8dbe7779c004
59960ccc0e33c63
6b82e4360800364
48c63fabffc982a
73995157f990d60
1c6829a44712cbc
9efa587af347346
7e04eef8211ebd4
766816d931a02d4
0a6b3acd764c9e9
4fe1a060f7c65ba
99a6148bdf45fd8
3d02e91cb86b8a6
52fcf0acbd69a95
3349a3c95f4a64a
8c441be6eeb977c
90c24b241c1a937
9e11f1dc23d8a76
599d94c13b7388e
69a4cdee650305d
394d555fc9fb4b5
637dca7bd2a28d4
84d548062fa9302
34411077e8ef9c0
18869ce88e1639e
6024a0afdbf5aa6
523f4a1c8d36f5e
184cf8a5371b278
8250208e2e635e8
5b7b550ee55534e
2b4a5574411ef58
98cabff22f96fbe
11e31023fb6b2c5
6b3b67ca3cb8e65
5ffa95d19d27cc5
874df3dd2c39a82
42f074b62508aa2
79a5696ac1f819a
721ec0018fc05e2
167085b8b148f1c
38c1f800e023254
46647618dff067d
9dd65130f8d3cee
3df384be6ab8d78
752be0c8a70ebee
51cd6c281406803
457fac084b665be
4be0937b2572251
6c2f75317401248
83c0d45a0962a6f
6fadc2baeac5afc
5cfb223b5a9f81a
279c212d4438a02
4d011c3ee295e06
382935b25bd40c1
77fdb8a1271848b
0bd1832f415844a
1123da148e73234
50d6f894f30f63f
a7f3e5931362c1c
04b663fce737e45
8cabcf9e7eeb737
293302f99f44331
63a015fd1e7e703
56424ca2ca17557
834f770cb90f3db
3f83e4ea8860844
00b047b12c53eed
952fed10683462f
1b541cc8aaef931
5353c2ce47fc6a2
a44bde2b157a30d
1aedbc91e7d1f40
373abe085e5c466
34b971c3d57135f
9d3146195ca81d5
45edcf12d30eb26
8ff107d196cf7a3
a18ec9b2ea282e5
43974344e7b3066
46f73419c89ee44
73c02a9337c814c
6e62860ea8cc0f9
66109fd178ef377
063bdcf6f65271c
aa6430e5a5471a1
371277ddb9abead
866b64c853cb6be
8e83bd574f64350
8e511159424cd2c
2b8ee143c182c8e
03924b502997f0a
9504c89503f1308
3a3eebad72d311a
7c11eb55e8cd0dc
39e42e436339883
5208618380af512
29a855b851a5f87
1913bd0a409e529
5ed00bbe76afefe
7acf82f01a7921a
3ec5ba82f106eff
5874ecb7258caa3
7efc6774a0faf50
792b5708c92a754
56dd49c487eaf9b
97a4e76eebb1477
a420833cd053f1e
8b38cf9e4ee3231
42ac68521f9547a
210a76f8cf6d546
9d12a2fed867b6e
9a93201823dce65
105180dc926e565
56354e82b49a991
1a1cc90f0010a82
4dad4fd5d604144
1cef9662ec96108
07298764c80afad
86ef802d6708963
3f36d4673d5f398
9c3876a3e09c8a1
4c6d3c4f7b38056
7d6e2cbcbda4bda
83ce28c3a11a5b3
32b03eed3b2b452
265250602f9a1a2
989b04d66a3c04d
57d681cad795537
010cb48123d001d
472fa50ad53bd7c
16d16cfe4ef98e8
7ffb2e2f86615d9
a24c991e63f791c
868a2f9d4869be4
93c647480649543
90e14dfd7859437
0e669dccc953539
54f7ee1f3f49365
858ddbeab49b9fb
6e41bff55a66989
97c5d2747c935ea
86049d57187fd42
86add2098f43a23
5ca96e6ae2783fa
142a863a046b9ef
6e165f003d2c21a
989158926745b54
3e087c454f659f1
02e3756151b06d8
7867cffb662b941
1acd877add8647b
0e9c8706a95da81
99423dc4577666e
46e0b7bb5a1a2d1
8535f2a09fc59b3
6e890127b5948d9
25dae01771b781a
5eb19a742ad2e00
2668475704287d6
7f42f9354677da5
42e5b863d5e891d
3939eb439823bf8
384787b8e64d387
3db8295e8003b4a
4d81086644710fc
33cccd933acde60
183d73e7cd2019f
9132f6f0edcbe32
a0757a2afba30e0
a6e83ec8af00665
32ca8a1c5d2b7a7
a0a4ede220abce0
967d880edfbb945
1315190c5514c1f
90873f38a7b198f
69c561c74aedb26
7bafb3dd1c65478
8b93a0964437c34
48dbfba3d452f08
9155774481cc462
99b79dcb9c429d8
15f846721a68e00
6dd4a32ef153623
a4b1aa5b3a3d1ca
8ea48bbee2efc41
64f40434546f5d0
976cf59841fa0a7
30e26d9a03b896c
0db218722ba2420
0651f58708158bf
88928f14f485c01
2f530f8128a9a8e
7fbd5752b5cdde4
a4e0b4eb22d56ff
2731315f9d97228
24f3cabff351282
394e8441b68aa0d
a86828556bda7ad
14f1e21f037bd1a
8c07f2a57b79f19
6b0df083fe9d465
5feda40ffdd5063
370c4c2c731c545
453aeadcbef47e9
4d4025ee26d972d
53ec021b661b508
2da1e45562f9d76
190f2e20f6b8915
6fd5b3d51556b82
54c2e54dcd02ffb
479d131ce68c6d7
197e854c9059cff
62d6d8518c7809f
4e3d372839ab23c
0720a4ee9406297
4e38c9782f128ee
2413e885d012038
3320e4ce71cfaca
a88a2264fdf2ceb
5f2ba94eb2b983c
9d4de794ea2fbf9
1da01ef87b98413
5bd4e1b4362e32b
9bce0f8c646b65a
5e4c2689338f942
51edf48944339bf
99d7d667960ac26
97228f4c08f1c1f
06fb3af36f9fcf6
12da9c44367c380
a69da27ca472c76
60c3a68e2425220
0583208d7e63d84
830c411eb030dd9
46a81f1585be653
916083b6e188f2c
1d6eede081facc9
255c09774b64b8e
2470b9eb6a0376a
32c071f97b8b914
1980ef556707d66
a95ba3539dc5d55
5ca13c9c8057d0c
5e5bc780ee26ac1
932a2a900ffec18
075c47ea6b01e41
8ad3228925360c7
49c63960ec585cd
337ed79238ddeef
57fa7e0a544a224
55c0ad8ae9040ee
7352dfaf515a6a2
98f73e9e5239e80
028d781953ce772
07b78c608c345e8
1c5a149489cc23b
a765bcbf86edc64
5a555ac955228e6
90e75288ea97c1c
7dd32b24f6fbf3f
48b03ef25b4fc4e
12f4f68c3ae337b
97cfaf63e4a10b8
8cdc9acc8b8e7a6
2c425ae716c1f7e
6a952272e4dfd5a
5cd1e1055007f9a
55472fd06ef13ae
78fc3e03cbb6a2f
98273a6ce2f44ba
9336a365b0c20ff
339950750b77ae6
a7e7d16c7873169
4d7f4ee535be22b
0ec807230b50268
09cac7cdc25a9c3
5eec3ddbadd43e8
1169914012beee9
27ccc01a7da888e
98b85d0c426dc09
572eb280ffeea91
177a8aa5edcbe6f
9fa08b8da0982af
8d1e2cef752ebd5
45d479b4b939877
ab18208f69cb04e
049c426c9851c4c
565fec6bd48f7aa
23d8613052a9378
586e4864b294ab8
2e822ecdea451dd
0d7d716a5eca2cf
9e072ad7ecd80af
207688571a039e6
8736dcfa016002e
1657ae0e00fdd51
72581bf92bd3294
73ba44f77a9414b
a5f45dec61dcf55
5199a22407fa436
a80c2366ab8ba4c
3619d58f4a636ba
a1ac8894abe0cd5
182c962f0f31e6a
0d2011a19969062
93d4260d636fbe4
6b02f96041e861c
a190f1baa359604
0df3b381722547c
120722179d7f7cc
13fb7bc51ad8cea
970198462ce839b
6bec6e188407c5f
9bae2e12056ce4f
a4e518f11459adf
1699000b4589b93
0241f5245d49ba5
a3880a2fefc6f6e
274fff07425c9e0
8e31fd208464ee8
2bffbd259930fe6
012edc883ba7984
88d289bfd97afb7
72548b276ce38df
39e2d20fc77366c
1fae49b5270909a
4aaa6c58af50796
1744b3d71c92487
a84d51e1cfb0e0b
2b695930dc4bc6f
40db784e080e60f
7917365947c2b5a
a197052c9bd42d1
5e873b5a455f3d5
1bd6e455decd1e6
8911453573444e9
0a9927e82ee3d31
57ef26d6d7d3cee
470a26ae8c46ac2
28e480944e658e5
145510a0845fc18
a2ea6693f76b495
a473911ee285630
71e31e207983e7b
963185c539dc19e
25ddf1dd04319db
98988ffbd128dcc
5769ba9032d135b
3eb6abf672943f0
8f9af4bfceb6320
4d589387ce462f9
8016ba2d5dc88f0
70cca6bfea95ec8
33d37b7c822f886
1d53267b94847b7
31ea5ce5ab6c97b
809489403d612f2
3946439929f7b58
29c8ccce11abf06
6bb513faf34fdba
4f936f76de86fb6
41b006baf6984cc
9dd9aa5ea030362
4cdd2dd660ebf0f
8efb33592ecc0c6
39da0219b71d13c
7792c04db3ddf72
8925e5e09a3aadc
00e95294f71952f
99c4a3b6862b866
a4fc4812e138f5a
3c4f5d489bd5848
15548f9793ecb14
674a67a8aa4d5ef
8d667919c32be3b
0b73007881c66eb
2695728ce80f5ab
9971e910ab55d8f
7407084e82adf3d
10d7803bfd3aad0
2fc8333a2c507e4
9a53cb51d710434
2f10a7331220d12
9e323939fd033ba
115806039cb8b94
4da1919f6fb884d
97b5b7a78421c83
134490a69cdec2b
461576b7f5977d2
9e04a9f0fc93155
3fcf0be8a3ad0b2
7d9d2a34e8394b5
6b782b34ec10b04
9769a3015c33818
a6fbaac58eb7b7a
4b800d382685636
4ab15dde6c1e378
3084302afd36936
2235df49c94691a
0203156ac7717f5
9bbafb9832efe0c
7c20bee3b428f92
9094ea57f3bcbef
198036fb0eeff8d
1fb45dc2885b47d
2822319c0fe0654
0e29e1a06291f2c
558267c3a0c7fc6
1defbd2de26b696
1a0ecbeef6f2791
1d24c7976498bfb
8758c3d7232cae6
a5818cd0f648070
39ff161f52c86d7
66fae2584485c9d
85720a6d696ee52
27541e672821802
9d1ef32faf25940
25d744d7129cf87
a686c7890021424
746a3d5a0eff32c
98121f377d6b3e6
5ddb233783f39c1
51a7db0a6fe4377
5a6856d6d4c288d
6cc61560bc2fe3b
64f6adafe1ff287
3d76daa70ad10b6
413dfd6f289cf46
18ccce4ee6c8452
22344a33a1cea82
533054f5fa5c33d
95ea2b8f39399a8
8a9bcef168bbb95
09bc360fecdb6cf
697ad8c85e0c35a
9322d3b07f69cef
70dc281eea78f59
03fdbd20a4ee30e
27b3caec8a032b1
36d0bd4816ec9da
71944b9089e950c
67aeb6e525d7de3
4e34575d892e30f
1a13d94a45a741d
4fd7bb97354dac4
4843194edb294bc
65c177cd9717bc8
368bf5ed62e51dd
4732892f2862eba
050629fbd978b54
5feac498ae9a3b5
a2e429b7a5d9acf
8e5017c433b9248
56ca9bedc33d80e
0ed9e0f1d93341a
968213563158f81
95fc09e2a5e9875
a11d05778d16203
aa5ba03ae1109d0
25935d90f18b315
8961e6cdb7d0123
305765111b71e8d
5e70f3f3f3a674c
89c131097c3bf53
6a286b4997e310a
7cf2c268f906fdc
262288d9f43383a
776b5428a06b360
463c381707f0351
265f0ee4ba6ee6a
21d581b6526a47c
27c161aa5c2797a
66adb7c90986657
3e6f04707a7b31e
0d3f3bfcc800131
9fedd548c39e1cd
90a89c32cf4dbcb
98aeadaa9bf1902
9c325eb70b9f495
73217259d5f9816
927f005b9f6278e
1a57bc4e5f970c8
9618f3d750fa42d
99dc7cd2806a1a6
83e62b92654a719
3a2440250172806
66a8ba14e961a2c
a7de353a1294768
87ad4b073dd4d38
44c9cd76a972b80
12c070ae1c3005a
8827a2ec67a06fc
10489ed45a435da
8823bba5d22d7b3
78ab407a4f6f55e
0f2cb6a4e497661
3f6ce1036b8ef72
a7632bd9cdcec7c
46dabfb923e7e78
1fa94328cc39d69
08a5a3adb6c436b
4de29ff526122d2
3b83fd3f2f2b2ee
1cbe297dd2b5d05
7d60590d98cf645
009568de96d18b1
2bf849a4fb0b163
6500137cf2895ed
4155f9cf1ef8232
91f28cf1dc32412
4314bb7b0e9bb2e
60263f4ba847492
1d7a671e3f64565
3af2e4f9a8368ba
568395651f822ce
a14c2d2d2b9fbea
52fcb9f6d1c4892
1d861914d770f8a
498a32a81143766
230787e9842afce
5bad90285ed4908
222ef07dcc822c5
7469491b1b0a08e
3d3822a75da8b6d
985e1f37990d26c
1b742e7e86f4f96
6151028a0b84b2e
976a13538501e6f
1658d07871bdeee
38269c4493f60a4
67b389834074841
888d01fd00f2545
7eb21c151f12478
8bb4eefb4348259
7bff991d9c57d09
8862d5d4812da8a
a5418dea5428238
511a8b076ecd15f
5b1c8b3177021c7
97670cf1a58fd69
1d3129fae1ef22b
9e54dd01220fd54
86c7b00f7fa30f2
9a7711b42d060e3
176776a6534ed88
7abb6433d3bd64f
a48c9ef27e67f77
630c92dbda00f1b
1c1800a1615ea15
0740862003d694b
9548f2cb155cdd4
45000ca27976f40
5797ff151bb1204
a59e6d362a09bc2
a570a2effa7c668
37fc871de82e5f3
a754d2707157247
163ed161352176a
5e467d773516e66
3d1f2f7c87acb80
8c0d3a5129b57a8
1e0d8668ec38ef6
53ebde2aef606af
4663e18e817cb6d
2bc3913dec8b6bb
3c7d9cef8737d5d
212f9cd3ad088f5
2b362c3a36d4bb6
9e7c5200bfd58e5
3e519c005c11c81
6ed6f16a19a5789
46d395d8571a557
58b772e8aa27416
4b934ef7381b72c
07c4cefab5b0561
8f7e961901ea9f2
027cf8dabc983c8
8bf0607e073f0de
11e277de86ea524
1f57854c7c107da
1f6216c2b3b72d8
38d111ac0ac603f
a6a88fbcd5208bd
a80d318ee5d1d3f
29bcf33b5bee34d
4278fc922490d4f
5dc685d802f543f
24d4e4f98c05298
25be5520a58be41
31ea522a806c9c1
61f61d371f3837c
91563740446b3d7
278eeb023e2cb86
78e6d9817cc5084
3fb80179fa85c88
61b2ee400763ab3
9e6fdf6b86525be
4a2d190177dbd5b
05e5e75fbb87e4e
8418a7e51d7083a
a1dc011182379ed
0c442ef1c2878d0
3e96099c78f9a87
181d94ab3cd51e4
a5d618a3bce9889
2e753d6c936e091
6bf8ce37a11565a
69d24e923757ec4
974f2901722d4f6
27d810f2a3971cc
61045222b5f7940
2b7926e3836a702
09a61b32960727f
998f49642aaba75
3bca20cde1a368d
054cf80589c8e32
8af1551f8013afc
316c6b42a30755b
a2b5acebd71b365
3bb0fc6028a3d24
9dded836d8fd4ed
59f1f6f3333392c
175fcf85915e467
5066e833eeed42e
94950561aaaeb79
6998b6eb54372a7
6c38208b09194ae
1cc5a016ef91aee
244d80b3e7e8696
43e09ca5713af6f
706cea70569882a
59202ecf0ec5fdf
40e8265797d53cd
9222c6b57fc5eb4
81ebe7996c9c223
a3cb055ca28d654
686ce7345a8a2c3
9748a7672b3b8dc
7b32f9ea3172957
3a53892aa28bf4a
2f836fab4724d29
655add14f426ae7
73d6d8a0344a180
319fcc339a754f1
2204db902daad28
2a1141395ee9e7a
940f16cc221ec22
0daeb34cd93335a
5af29234f80b3ca
6763d94d8184c3c
624e6acc5b85b3c
66107c9ed047c67
1faf2ce7498b028
7cf0a0fbf508a3d
1b141edc019b39b
0b5e15671f4962c
6fbee351eff2ba4
9327e5aa4d17821
0934d21f865c7e5
061b31322e6f4be
a18bc69163bbe8b
0cf4236b38af7e1
13ed0b3f54df77f
579ce1e19633f26
77c318d43b6f935
a2d74f464dec2c2
44f4753863931dd
1d095af79ad7a74
289d99937f30cc8
58a61469ba2fec6
7fe471d8e0ce117
3c0b60ab48ef736
01888bb541afa33
38b1d7e481980e7
5f735fd4e50cb63
8dba4faaaf33c29
5b974428737c19a
559ec358399790d
34ede0221572c0a
5a668a65b1e02a2
2fa0f9f84759eb6
653ef1a69c423a5
3fe030591767315
3543e017a29e454
7cec73c32228bbe
98438962b87f72a
32c9f9cd4159668
5c47e4b2b82b38e
9f90c65a47b64aa
65bc225ca01c8d9
27cca1c0ac55be1
75c1e8c55ef75c7
77bfd14b552eba0
6ca453656de41de
1cdfb3280b03e42
80fe9fb5c2ede04
4f75130aaab157d
76bf4a173073ba1
3c347717b0f241e
62b4ed7cc77cbc0
904fd5f228a9560
64b2d3b62ab47ed
1fa1206eaeda922
65a0455ea5de4fc
a507f3cd623a6a9
5593a80dcf0b9ba
6cc1658d988c6dc
149354ec35a7ae4
5b0d7e4d2346779
578efc78fcdc854
aa4514782a1ecc9
0eea129817843c4
a411c5f7b651744
8c4e0869c1ab4a8
995be1c415933b8
1497c9933114335
5a6672e3768fe14
992625c5196eac5
94dbd7c44558069
1b1e1a005392609
6e676eb688ae564
a0a050315c9c693
361232651818983
56e3baf0741e7c9
0ba37084942ed1e
65c7beec230e325
26a9da7e096dc5d
7077d77b68556ad
56d5fcb202fccfb
492ebcb9eb864e9
4071960e781c4a6
09442a452095d01
143093998f24f60
8d58334ff6f6357
04dff554074df62
77d85d5c5149b3c
40d57bad683314a
9fb426f20026a42
6c6a17188b99c30
40cb7378c8e9092
11ab70ec378b3a7
3f331ef481f76a7
aa2f7be4e358b93
4461513bce6cb57
97195d9553e7209
ab8a5f05de05906
34eafd1085e9931
02cf16eb592b76c
54eb5b519a5b646
2238ccff7353cfa
402268336fe1d65
8884c0c08fa70df
18c88e4a631a987
8afffbdb2850884
523dce5ad934d78
44b6d59fffd1479
8878c8760b8ad87
a2d7db2e27e8180
599dea5be845e46
555be0591d00dd7
907b412c6d0d703
7e574ad6b9d6cc7
73acd9a9e0f7242
6d329b6d8871fa4
6eb1e18530a6ef9
98f3d94a8a76360
6290114d5ae6cb1
06f2aceaf1a8295
123d1bdac6587b3
3577f2aa49f54d3
58a2bf8f54029f4
68707b86de43f21
5ea64906d380431
8f5f2af42fe86cf
6459eaa195e0883
082dcbac6d6085f
2581cb50783c80c
0b3add819afa2c6
10d864d7f4b9236
401d0687eca3974
5fb4e8c75e3061a
15085353e0b536e
7e706fcadf7ad09
704e7a8f443e187
a85c8e0a98a45ad
5c44961644c2863
6dd46b0d1f5f0cc
6d3ad14ce4126d4
80443728469609c
1f8cc5eb5ed4d45
59651f2335db2d7
429a4d96690477e
71dcbd6a84039c5
174877633f1818d
9ada3ba3dde4b8c
a4820b478fd7396
4c2a77d2b5e6729
00dc3918ac290c7
5eb8025ee19b7c2
6007f045a0598f7
778aaa4da9e0a80
5cb48a497c509b1
40eb62ef37ee89c
35ab526088cf72b
4fdc812a4e19547
8eeea800c5d0373
7f03ac48c53ae75
30421cb8585690b
88d0b7444784241
0b9c035908e06b9
a5113115f074bf6
8bc1b217ea69967
25129fe98aa7416
0666492442de100
1915d24f0294c74
7a6d02df2d3135d
0704bf4af855a92
607526ad8e7e535
22c4839f244d452
1f10dcca9053e4d
40ca46b5dfc5507
7912eb968e164ec
8cda7d2a15e6c8c
9d029b04d740c2b
13ac45a7abdea71
83de8d2be38a6cd
025e2a7c116dd6c
3b6c62d3d6edfba
089639d35ad69b1
4c75e39d7154187
9d34fe3a10e9064
859cd0d9d2c65fd
3ea1d20ec8d8c03
26170727627e368
7d68903027cdf95
6d640fcb14212a0
a7838ce09c049ab
8fe08227a72c748
31dc83dd8f0b23a
86cdf15b3515dcd
131d756f167428e
595bb4584b70b38
a16216d867ccc66
5337e8615a2d9b4
4c5075f925f812b
4b89e45be3c5a2d
3365740238ff181
939b8f1d483dec4
a98d9d0d9f06a82
38a466fad4ab572
7ce084cfbfaa39b
91d6b1f62bf4ea8
38531d1c577ae5c
2f0ca76cce3cfbe
514633c1b3dd59f
88e37e793ed60b0
3331cb37c0d7d9c
88455848799b731
528590e8ae9cade
737d2e28a8a3fbe
5cf59051fd00848
2759efa533a2fa4
50841ff60f83d10
0d9fd153019db1a
06bc58d86be5fb5
218d970defe3712
0e8e19c09fc4c6c
472c9c62a923a73
9aa1f781992ed94
2aafe7b721c9178
8df31e8dd27886a
337ae050ac95c02
7807ed184a7fa42
6852aec274918c4
200c7fd8a6e9300
6b0e30d16f29ea3
2d97a12f15e22fb
0c660ddbc5c2f3f
5f4920fbd8fe7ee
08a46cae11df211
989e43b923bf056
91e31b4936c1284
0a78e10098c7fe9
304933ddc495e4c
27cca83666d46e8
16108eb2beeadf4
1a1b2fd56a7d9d1
2f6fcd5afd816bd
78056e1d49f7b6c
7ad403585449436
436b85755b9c116
7d8480f73ae09bd
5d399f91ca98176
94696b7d40ca353
06865ae8368d442
719f164bda6deda
9369b57494afc91
6dee22d9cd3c757
8fa2ea66317ab37
10df32944416650
99c806bac84da9d
5f1c1a588aaa0b6
a50f53c92bed484
7b7c6e03750be98
4826fc400dde26e
26332e456c3bc22
85bb547bb162ef1
388378dfa419b3a
77fa0885a467bde
a1b3ef4f7cf2d4c
63f40d00d5d9dc0
90c1f2811d9e2cf
a69c4f00c037697
808a20dd4f5ac37
18d959e6582928d
6b1b26540c45901
16b0753ef35e4d1
8ac8f5e9a083b23
717c852830b4559
93bf9eb8de39ccc
630d91a56d20a9f
801058a1bae457d
0f95822229edd91
4750263801e1580
867d30af485f9c7
545bec5bc5795cc
5d026b8705cfe26
a45e7bb8ce6c569
6fa760fbcbf1aa3
93196a84a8d0d84
41afe6e6493893d
1835bb15ae49640
796ffc11ffea1fb
a19da8402c529fc
551dc9531019ba3
1b1b8ba402d0f32
8ced1bd5de6f296
9026a700183abb6
17e39bba31f9400
596194e22e53fad
95502737d8cb2bc
384af4350d4d493
03647558b355f8a
1f4fdadf77cfc76
7280d40a8a327b3
07def974e91ad70
1e9386261d3a1c0
3c8f386a21a7eb0
9576985c46809d2
40097c381a2377e
20cbbf232c227e7
17277a60be63b66
4d831afe5c2c3ff
158a087ffb925a7
66f6dc395d417af
0a60be6ed315b02
11dab0ab8fbe602
a9bf41cceb73909
6bff3a1d713769d
6209ef50fe12054
5c33316162033cb
8b5ece73775c958
6f1bc470482aab8
ab4429aaa426bf8
2603d292e7bff07
2c6a0528a6d2bdf
3b371bd101298dc
8184b1d2661b425
aa1e8e74c5d7657
518347dc7a61270
99255e4597417d5
2b7312ea3e2584a
38d36d923e489d2
5a636653ed42ad5
6901e60b0a52029
42dd5d687d186af
1b5d1b6a8ad7da7
931eab449b94e40
7029d381cc03c15
6b23a152a742d2e
06e5ce725f5de8a
57f567f69b5e50c
522f656798497ac
1f3107fa0f3d2d3
7a4459b7aac77fc
a509730ea9a46e8
0858b82ec657370
04afbf40b41e883
5cab578f2fc5e3f
135bc3cb3527e98
1765dfe3e12f460
8f3e8d7e48bb9df
6c144973e54d896
467dfe3a77fa13f
36c89363388acbe
90ca5d90fec92dc
50e35e3fac167f6
257975355e6ccfa
7d0190df06bf9b8
42f74bedd907371
588df096f938f80
95af10b03b02db5
88e35965d228434
7765b5be33abbb2
7a80daab126bfc0
2cf43bfb6d18fa8
2d36756eefdfc37
51886a5b85655fd
32df419ec4ae125
42a3b82adc7be78
1b215862195191b
8132932a502371f
16ad64daffb192a
a0c449787ae21c2
1b997ced4ec4c7e
1b1612df5d301d6
1186193cbfe9876
975a02cf12c729d
68a51f36abf1ebf
86792330c29d9ba
671a52f21d0af18
6942033372949c8
8883993acaaab60
7bf3fefdd5ab0fc
67dfb7f34e2b3e5
84a28baf0539534
1920b55b2445f3e
2009215d175590b
18474688558d074
2bab105f36e3cc9
388a0d00bdcc8af
7db884d416242db
1875890a01b8e3d
20a4a137ab168ed
405a0d7fc987986
07bf6b1b06ca3cc
634aa9e1bee2aeb
2569a297fd68f7d
85c758b8cf34a80
4655ca6618b1c9e
7210ca1f43f8f2f
2fc93570bfb832b
1b6d70fedd842b4
98a13414cefc29b
863cc80d0c73d0c
6b19ce4fb2c4718
1b06847e04bbc48
69c6db11e090b16
1949f2a951ba69a
3c9fe12dc474019
4bd4ff72a73fabd
8a56281849accba
6b5fe41ca2f034b
3b3ebdd8a1a070c
246f37180b375be
8c37de39feb043c
900abe90b851630
2e3e182c846be60
6ba87a1beeeea93
1267b852f9a9baf
03f26f49ac8ec8a
7452e408905d83b
7df6190e64b57ab
73de0e0b32fa496
a3475a7bc1fdaa7
8b2264125d7a37e
27616324b07ea61
5bd854e4982cc93
26d58b465b8ed0f
9b3b811c4a699ef
28ad1da48758524
592425415918e85
4e4718071e03370
2708d48d42dcccb
3975c9a3b5df7e5
925a36782a43583
99129b1c79ad3bf
4e7856c9b3db921
7e842694cbf8872
71c359c415bcbc1
6fedc218bd1895d
0449448c32544ab
930bef82e03ca86
884cd94a42dec1e
3776561908f364c
1a7a21b03f5ac33
002a544570d3a23
33ea93eb4effc1b
6bb22cf85b3ff29
497065596af1ba1
4267559b18708c8
093fefd004976ee
0543941773d940f
797aca829fcabc3
a5c30bcfabbb3c6
88411eae55d3c05
a12ac4dedd00a43
341e82620645f12
a38cb6c414bbb5a
1945c5ce5b3c2ad
884f1e12d249553
1c2dc05ba943e42
a3660a15f90c8e5
76a42bd7936b10c
a5ac9482fa70124
4eb4776c0d7798a
3712ac856f48ec6
563143cd44c382c
28c12595a1cb897
79f74bca80fea46
3c7721109240fb8
75dc0778ecf9928
1ea4b6eec07a197
8d26334f5e5470b
0097668aa3dff23
a3dcb9be6e043bb
201de45d5c0e386
7ab0ab9eeab128d
968850607ceacfc
1e824d3dcdf884d
4d293d2d2107e1b
4e992f84972141f
853694e890909ea
8e2d9d83ec0388a
980ddaa5cea033d
2dec59628887aa4
1196012ffe4f6b5
5a567480d5a9cce
17d4eb3c7b71ee6
2f9e852d14d4709
98afc43e480a838
8261167392b3ceb
16d9074b06ec58c
6833f8fef7e550f
11de5e9808b2794
16f431c6bc26cbc
2d4e722cd74211b
686244947374766
375fcc78410c092
0c27655d5bb5722
528cf2526645105
514d0dd5b260dc5
1e49962d6b218ff
a13d23a80f9089c
2e9b8f794913c7f
20045e14ada5d4f
3b6e3f62b94ca6f
08dafec9d3a200e
309357d356e4e98
6f5a2d5e61ca8ee
59cb9c1838af5c3
a769881926f4431
5d9dd4fe78110ce
9ea1652b20d5afd
68c8e9771a834b2
87815879bb06e98
537a7c4da24daaf
18d871cf56534c2
41ec61197921a82
74468070181d518
a578d8158945785
54342b4609c4d9f
531948ee69e24a1
532211fcd6df284
4cbb3fd381675ba
2458d4760f9c632
a4f79b238597328
562c1d700fa3ff1
067b54ab9694345
63498d18d5cbf62
3a9ee50c8399c9f
8f66b20c5784b19
4e58202d3213339
5aeb6256cee7160
9872fbf386450f7
7eeb332c3e8e3ee
6b7009fbb04ffe0
8ac1aeeb1d1e1f3
5e6d76404c75e1d
69aee2edfda2d73
7a91869f22906a1
43e8b006266318b
9a20b09c036e80a
96e22310840d7f7
2ab791cb82fe16d
00a3ceb68ecd7f3
902ecbb456ebf96
72a37ae1e749f0b
0609798b570d99c
0b9337a36c93f6e
99d33de136bfee9
9676e38d9f3a1d2
944fcbd735c3dd0
2e6a17990e01922
0597bf504deea1a
331a4f02add68dc
3124a7714b7968a
4cc71f983319fcd
2344a86c0f98cf4
4ddc4890d443e5c
980ff003711de5a
0babcda2f0aa478
557e1f406cf82a5
1dc341c369c132a
347ced44c9a1036
5097dcc13df8551
91d1d03d76a9fa1
255138a7a86d701
a196a2b917795bb
803e576f126550d
9d71766420190e7
51a384bd1331cf3
50168903378b3aa
3e61476cbbdeaba
7a6e9883b545704
8faebd3783576e0
4b34ac1e4043564
6f0870be980c877
aa023f25222b9f0
25f74b5aff03fd1
7d9916014976d94
6a8dfdb032c4df4
345ad2956318628
3616b6c90ada44e
aaeff3ce98191fb
750ec23ee4d6312
9a0a7ddd9fbcfe1
8d75a2993ab1ba4
07b75e23f4c5231
022ae1d3e50b68a
6e10e11d5005044
47c8a470f67416d
8b12d9d6fbe46b0
0a76fe26f435b6e
480988abe2ff936
578cd3de0144842
0e083cfc78d4195
4c40a1b73fb8ad6
30690f223ffed8b
a2352716a758d59
261baa2f14575e5
45afea3f49891fc
5ccc98597ed32ec
09cfa345749a28e
6985c35da400f82
0189f3d5fb62689
448fb282b68d34d
9e77bb779e617fb
9b45a1b8610e57a
5d71b32b1356362
13589f85fcce8a3
0f16807593ea119
4375b91af93f126
ab359e3740ed5d0
2bb03aeb395e620
1b2325f4a557321
4195b0f286c475a
00893a9e6f560b7
9a09dc5fed5aa27
008198f612fe763
5bfa6e5f572e96e
2323450d32fea37
3399084ff32bcbf
14b3c3b52dd462f
a6fe62d8c8c23d8
6cfbdf76c16edfc
2b144c861c17748
315a13ebbc8fa69
642a85339506651
2b05322e6034a05
518c7afe15f8f17
50d3d463c326288
02ac834a7060996
89156a78b1796ae
4d2219016c4ead8
9316f4628f47f00
8b23da2becc8b1a
6cfb4127dd8ca44
9799315a920bb26
4c6e98e99a9c4ee
5fb1303b05f0481
2b8b29acfa210e7
7c43e31273447ff
a3635067a7f15a4
60551a455789fc5
90ed8595030d5e1
27553cf3373b5a2
20856a6d47deb6f
a6e47b6d11e5c8f
172aa0409594555
94d337b3e06c3bf
66b77b5500505e2
93d4455b9c90e5e
6c2ab21a552fa3d
7ee68117567aa5d
31f0ac99e4ab3bf
7a7b07caac8c918
9632eaeecfb6205
52891eea091498d
28b8aea798d20bb
6dcd2c2cdf6b1e3
1dd9fc66f43ae42
77f8f345de843b7
a7657e2d29304a6
8984502a499a04a
7f69a807eae4e79
1f2037ff125e34a
04341817351b0e2
aaa2d7e0e980742
626d22247fb463a
7630df8ee66e7e5
207c4d526fd2de9
09a482ba4e4d852
80349294e291b86
12743f4d32e8d70
0416caae618cd55
2cd1138542374de
38781b0d0d7d457
53de0006f40b750
24113b8da26fde3
2f8cf5191dd3f9b
8be6acdb2dda2a9
4d7d16ffeb889c2
782dc364b6d5f99
97b6fa2569b85c5
9c0fe4d4e3875ad
4816713def039e9
7afb29b72448297
57097c4fd33bebb
5d8580e618a63f0
4b10326bc305564
62985f4287c2d5a
6016c453660cbda
3a3c2ca870517a7
2ed492f3ad36e51
4045f7941f57f7a
553cae665cbae0f
7f9fb60d380bfbf
7b8f11b59f025e7
168370a8e24dfdf
35eeec770264ea6
195c025c0872e5c
24bc4efefe5fbd6
5063f3589ec696e
3fd161ff272cfdd
a884d57b7c2ed04
4fc6429c70cc11b
58fe40b4be9da79
a9d1637a9fd8ed4
8b1e395b371c55d
530ed4e6f96ad6e
115504604ade494
48cd24ae5cc459e
1dc66d7c1a3f636
a16f1903583f42e
4ca1838c586aa5e
459863233d5e1b6
2d1b0413f1f2415
03f185b2ed95b10
208b54a3e5b8710
2dd205b113d4072
60d331432507f78
01024c5be98bc36
858eb2e1ca7cd5f
1313577b26f8014
4c3db15b72f3c25
8a69c83b10168e8
0d3c2142a4fca94
80b56323b52a70b
9ef325ef9405cc3
6ff7374d895c37b
69602ffd508e833
2a0c16c2ff0af99
26e403e2b3ce194
13210dae275b6a7
9c35559d46a90a0
9fdff7c32712286
8d34a891b77191d
5987c66055e3801
3484c5f6a4129cb
272a9c7b2510c72
9424564f41dc9dc
54bd3860d801f9d
5ec44cde526192b
460fdc9bc209c8d
7d17b80c742a928
06852b2362a9647
3bbd3fd1f4de779
7da0de5293e6a3a
51072a3f3982695
7407bdad4d65981
36a544c4fcb98b8
11cdb15da9f00b2
37958b0d05aea74
5ec8aa3cfc0d679
79c3d5914154186
3c4261a370defbb
4984e8eec36cce9
0e35b4e42a8696e
70443ea586de70e
36083e0b11d914f
a17d5aaf4c4b48f
528e76102eacafb
82fe144a2aa9bce
53afe7cc6f6714b
43245564bb7b504
2310f42d84ac40e
58c419e2ffc0af4
09aea08e90dff85
51fa1bf269e9492
5bb4b440019b982
755f4c917c182d7
828480ff888ff81
6754e49f8d9ec1e
664c63e5e6e71bb
4ec5b5d18ec5f6b
a5ae6ab37ee03bf
9dcaba843d8b5d7
6cd1c41922a8456
4a1cd4cd063c98a
7bc2a9f6b04e1e0
86c4b1383ed7d92
294abcca10ae5ef
155e90aa5885bd3
ab76ab9f9136865
3e60f2ca62c17da
6b7dd32eb464e4f
9f5e7af1bd81167
4b5a8bf61c9902d
2368635fd197881
2fea73e28a6888f
06839f037771581
7b565d962b7aca8
82dfb49760495a7
7e7f3a2dc40c538
a1dca9ec3cd3252
8070950cdc06b04
5c0da4c6714296f
91f6fbb0c08036e
92baad1196a5dea
48633a721397633
5f044eed44f10cf
8e67fe1fb9b8b13
71c629b8ed7f74e
11dd2d6c050d32b
18e5677b035a23d
3c8937c55b91919
7ee0e1209d43ff3
026afe191dcaf9c
105d0b359d60b96
7b95d780ce4d52e
a656b2e2a2cf6f8
35435b969b156f3
837ddbc3cf0fd07
8337c90b2f9c7fe
896bfeebb9bfe62
5deec85f63cb568
245311d24094215
98a9869d0a3d161
929c553cf889788
26a5d1adbc96af6
3a2713dc02cc430
4078ecebb53ab39
0a52162e241406b
77127cd71eda54f
471ccca43dc7388
1f604753e9fe542
375f22e26ad8dc9
9a922cfeb92ab11
03739dcf4769aa8
1d5a840a0c2df6e
1518f82ff613017
35b47f4ba8b5153
03b87d0e000f8ca
8d954ab5a4e00e1
885cc2b9073633e
590832c9b670ae9
50952121ab44ab1
709ab94947e210c
453da50e2318741
831b32ec582204b
8bd1c6587d2cddb
233cd2effcaf8c1
047ecc302681ee2
46e82fc12908c55
595d20a9302fa65
50a9d2b25ade63f
5cc0b7b6c404075
225fdc6c4438a9f
6d0bea0fd12129a
087d91ae234c6b0
a24224124dc49a1
2436c6e30e646b1
839ee35e5a0929b
9f361114585d315
4c2da62c3b8d26c
297ac8371481149
5eee1b250614258
238779b544d1277
067e424b0ff5ca1
497da9e9536f0a9
00cbeeeeaac50a4
9d9ff15a842d2f7
1bccb80a62dd9b2
7eec5c8be1a2358
1d8859725bbf5e7
1886318e223b074
34109ab5c2d6870
30bc62f52a045a9
21748b4e31d6a62
aad7a1c8ecf8d73
680beadc7f642e7
aae49892e72c41f
9d93f38d1e4616d
8de52e32030b658
30e64a9932eea1a
0a9be3046f11e3d
175b4c49e272b1e
78e5062742007ee
6a6b542cec6836c
41702dc76a4b460
2f00d8e29e0adca
6139409fc960336
0b0b25347d4c343
0b8933ae226251e
19d417dac15694e
52f50f79cf2b3ac
a11f64c2ec0d217
80936b049e61439
72c3fec9c3e6c8d
517c3b2c3f500c6
5137087919a4c37
904618a1c5d96fb
57192da7635289b
24cf920ccbb0b86
2fdcd914ffa32b2
59a33b808374b56
7282df6d8828d98
2c46a4af3a563a6
a5fee1d3ab6705d
ab3b3a8924bcb47
08838a3f39d2c98
16cf2da4bdf697e
6af3ee0efc6fde2
38dbe412962affb
82d09e8cc0f78c2
98834d5059db346
01262673cc4aab7
43f2d9d13c200ba
73034b0b5d51447
197236cef8096e8
10b5f622a32ace6
5504a0614dcacad
2c533fa854d10cc
35adb6875dceb92
95094c726ac2586
6643fbaf2d364b7
8f885d7f6f18954
69ed8c7c8e882f4
2fdd8b2a2b9356c
9817fbc70627c2f
73450695479a830
18e23508571443c
52d953723627676
3d4708654a8c63e
6c14c420823c81c
16af82e0bc108e3
8a1f067c0109f33
1efb29df73e01ae
a10d892cca52307
352ddbea2126fbc
6a5a9400c094741
9b9960184ff0716
6c3b9e4021f8614
591a3c1bf322d01
4375a49ff2a6452
86adee1dd99210c
55a054473bfe947
9d131743c86839a
6657fd07c60cca5
6bbda4a6b0f26fe
a59a2cecba218b4
2bc63f31af766fe
194a89bf6ac5b31
3e511f7c4714cd2
8f45016e1a43948
1bd169cacfffa40
05fb4865c582d70
1db394e0611af3e
39dcd622d4f4943
548ebdf61884e0c
3295417582aeb96
6017c003bffaacb
33e8938f84b0e20
31294a4f39fe07e
547194f55976c6d
9a52b5d9a2f0188
2ecbcd8d4c59f14
1c2428609e0c4a4
8c5aa472d5ca347
29c0b8b82fa08cc
2445882b87c2155
098639a0d5411da
8daa29f012c2616
8d39ca4d3e28244
7b39ba557f09f88
50dab25e22fb238
32814b79400a8f5
976511bf06494af
887a57e8d13b746
17c44277eba86b6
56cf37f4b00b104
518327621ab5106
5671e13f91681f3
1ff5b5215400230
7565c262bfcb00a
13230602858f02d
469e295831879aa
a8ef017bea78e90
5152c4e838857f4
6c4321f157e2187
35301b026cc4df7
78370cfab93e0a3
90775805221cb41
87ce869db0028ae
13aab2ae2f914eb
2dfc6e5fe0c540f
6ff29c60fffc165
9ea5a47a3507d1e
066607f2e348476
0d589c83c25a326
8fca542d272585e
8af64eeca618623
049880c393cb6a9
9dab58f4c4ab05a
5d5389509f87b5d
6766081b3e525af
4af59a8a2c2eda8
4af75094cbd1c15
aabf498c03e35e8
663e3063e293107
45266baf62b32c9
99fe129f9779c6f
6f4c8c37b84fb4e
74c6e70bad36bd3
4259871d14f4275
7c1af7def654674
3f502c939f39180
1ad1ba05ea08ab7
8f3890f0ac07bb7
1e9f210328e22e4
3e4b230354ecc6d
07362f562734616
9daeb66530745b4
0db5b235e3d4a0b
0c531722a78b3fb
7970b4b55297914
7b9cdd72339661f
816f85af6da47f4
9d817c1ef8a9116
003c6f9c21cd565
1846f7a05e432a4
9556823330bfacf
9d4dd4b3142c813
7a5c34e5da9fab6
7bde88b5aed03d5
2c75845f6671dc0
a542ef5218d1910
8b5989ad2706bf5
95f3abec8472d9a
4331605553ca50e
497aa584bfb51c7
77dfb5a0d57345b
aa4833c0d67c621
137fec6e7d1681c
69c3e1fc00a5c84
2d7a005f29f817f
9178ceb4cd166ab
84c848b2e50dff1
84c91235187652c
66dbc0f82797c1d
150026d062ed70e
903fe9a604b0c7e
68dbb13df795714
4fc87caf864381b
62c05d9db4b4211
460e65c88ecc848
6ab8d35919cd458
42fc12badfdbf79
529a3055b802770
2708e547259fef8
60fcc6490363461
717ff2484fd1ea0
6ad9167be198881
243b2468675cfdb
0de2b5f37ddfad3
357460e792aa606
0a5b5e4858b2955
11ae77c4a3dc20b
3b62103c690f0e7
46dcb2ab6760cb8
a746c0b2d130a93
14328196d291c7e
08948f074635b95
86db5b6f08fc408
37c5b40ac15a9c1
3bd4f4c6550396a
1145ec8c6c6ce35
257766f0d617f4e
465fc15278ccbd1
6b8b6d341c152f5
236a87f9635ad6c
3576bfb36af78e1
2906c6c1591f344
3ff15eb4128a92b
144c4a553b77ff4
3aa535ed3df0fac
3687503575909c0
71bb1880f73093b
758b636da4ea556
025b7fbeb6e0a50
8df19378a72924e
83c087856d1ffdd
7c39c49d2c8e07a
26bf7fbc49c6e61
8efcda6c0267ad6
25291c6dd5393cc
8494dc66716d8f7
42be58c9258417e
53f31258e96cb24
42a21025acde8ee
72e734472a3607e
8b767e02c536192
3bf380417fc9977
5ca9f796d602ca1
0b3ed7a60c08496
0509cae4fdd9acc
a2fcc0fc2135310
2f2bf82e968a5d7
52ac16913c9061b
5401467c5cacc6a
659f160f34958c5
17f49c1be2171fc
710464d2b0bd40d
890477030709837
54e70a8141f9edf
54b39edf18df132
1ddd9b77b63666b
06cf5050ea2ff6d
50bf6e6704fee14
1929331525cd03e
a1f383619ff16b1
443a6cb266f1993
7bc3b397ceaf63d
53efc05fc0121b7
09a697f1528380b
2f3a95f52e9402f
91be82a6161dde7
38e20c3772bdab2
3ecfa5c678552f1
41aba826deaa789
4ed8f3f71214e70
75abc66a2645e65
0d67e1b73ad25f7
326d3549cd7e012
a61ac483e76cb1c
8d0d1540fe3a849
7c8cb16ee56af1f
4a77f71260d0005
0b7cfbc4abf4c22
667ba08d462f2bf
6f786cd88ed13a5
502a852e543a3bf
1b518f3c841e76a
099c77ddad8412e
41a4683b3dbf9e0
5a0ceeca7a42303
01a7f4df6ee38f8
9f7e2c967b55ebd
44e24b06ffb311c
593ff123a320395
6c8b5a30b059fba
9abfe617632eea4
8e7ae641b9f66dc
47fa2ad0ea975dc
1ae9bfc39cdb5d4
8e24c7b362d75e0
a56b975b4bdfbdf
0533eea8ec13795
078764d6fde26df
4c9441f6d2a6899
8bb5fd2086cb0b8
9c6ea85f8f8d650
909ee5f89e06cbf
573d329a24de6b7
61874155dbf8859
6488fa5b72716bc
40fa6f5d25dc9f8
3a5feaaf6075be0
a414ce0bd4be48b
748c38fd1d6f319
54ae6fbc136cb43
a9c5605aec4f6f5
7c2a3172d644126
5caf619421ecacc
9aad65d785bea27
56508e17154a25e
7e0ac6103fa8019
a6c79f8cf791f75
17966b1b0f2a915
8f6d2f4c74b449d
2b79ec91fa9c3d2
2cee44d9c530aca
72e2f406387aa2f
1ab3d6be94581b0
73ad70939fde858
8d1715faced8ad5
692e567f935e498
269adc360de3439
519e3dc07c9e7f0
74b1172e3449d36
a1fab0cde704ac9
78badf9ac76e0d9
97ed573df6f29ad
7562c9d2bdee97c
867477981e68c29
7dc31457ca56563
4942aaaed964efa
6a3cff99e53f0a5
76e94a044409c27
82eb468949a17c6
7b1af3a5669e1a5
42869630799dc8d
78fe6d0861beee9
81270370557535a
a0ee3ea09828537
3e403d27764dd18
1228e44785b202a
2caf0f4e95cd8ee
69df09070c5f9e0
77b6676bf2d10f8
84e9d097778b125
6500eddeb69d62d
6360629f5fc1e0f
47ba9863d818d32
8e52e034b45d26b
639a8ba1f509989
81fbd55ad5412c0
9bbc6712a2805f6
9ac40bc21fc1c56
10438be78c1c7af
445b7b258099307
2c33f50f36a47e0
79416359285afbc
7d82b57ec7472ee
1990809f9f05cd1
48106b88a3aa00b
0bd6b972ee3b991
23a03679f0a405c
7c7c60b365be6a6
8a468037cab46d0
43c809a0223b57c
9906c2121aa5fb5
1a69b437c178a21
9eb6e54ca4a4d9c
9c4a0772c37b261
384c90ea98c5178
276731a1a4c37ab
2e7f794c7296d08
879b2aea3a8c9d4
a84339594965b91
4cc899a88f78dbe
6f1b015aa1bbb6a
7d8ef7eb190040a
8c872bae8b02a29
1f63c71091b88ec
a59407846b1b4de
215e15831dcf962
2d0e5efbcdf0784
a840bc6e015457e
80aef66c3ae6c4a
2bbc55cc894c38c
8e17d0b2b2cd5bd
707fa8dddb30c5b
287b93eba782d5c
9be2a270992ea8c
9bbd7fc8c3afef3
753f447513807c5
0f912aa46447075
40863f5342257c6
2d5a7b3150730d9
a60edf3df48b832
7627ac4f9f67b5d
700903303be4871
27753bbb8f18a46
567883788ae6849
8088f310b1feda3
0f9b6ebab3fca79
725deca09917087
4c7341e86a760d5
aa8e0091232fca2
5b9799d384a61bf
a7abca34fbda3ea
0e5df21e6a7774d
46c6547b8004234
0652d2aacf915ce
7f17bb2dcb32b6b
312b41fe8a97276
191e83d8c32ae7a
975b5ce4c8632e2
3295429d6cd616e
40b836d589ef967
4bec7229d58dab3
a7313144f7ca0e0
1b0de65b3fc4ef2
76f9b25f8cc5595
027bb23d1bfab4c
5292bebf7719c20
71a36132cd9ccb8
6f11d4772dd052e
9abb505ec9e7c33
114411c13209484
1c0d4e02656ca23
593b3cb9c7b05c5
6c1a11fc60fcb67
703391da007870c
867a96f9c4cb62f
347a075f9d6a6d1
46660124a1485e3
6168fdb433bfceb
527478249dcdf52
22404d50975c216
535bc2f42d44c94
0ae89b8fd11d866
5dca0a4e5d1d55d
0aaec36ffcfd13e
0491ff1eef46ca4
8d05f0acd71a6bd
762e9f90f352208
9391cbd6bf06d44
46b89e98f7679db
090725cff67b749
7c77e8a24648336
8123efe96b3a190
775ca78ff43753d
5185374f9ea92fe
2d5f67a42bddc8f
83c4e4854ff76e2
3bd7e1a6457c6e0
920d852fd78451b
5414b259499337a
1f91b3610f1fef8
1545e7cd9b47a8f
3b879bbe848b45a
a920b76edd6c2c3
5b6f488a7f40837
5e4a3e8db8e300f
873900dd876db37
04c5af9767350f7
94c5f246632bea7
5cdc58e82bb78f8
28b7d1bc5928258
24efa2be321dc37
0b197106682e95b
6940b0271d7aab1
84ac0e44dcc1a0e
7a68bca91d681bf
5ea1cb6207d795c
0b3a1bf5b988244
410ad14b1e490b9
48257fdbc4c6381
71431a6a3f512a5
59ed2e010c97d92
4bca248d4a79e97
444a139e4d7e753
2e3f8777f2c6771
152930f84fbc5df
5e9a0195a767df1
0394f3601053285
93c92b3bf6b74b0
1e4df727a6930d6
8672c93cfbaf915
2a220de9bdcf767
9179e896c163785
a863b7845b52cb9
4b1a0f646c29fee
26e640a02acdd20
527d3497a400ae4
09ea07f27b150f6
3b65a8094cbda3b
700fe9229d6b648
1662a6348914581
84341209af3282b
0b11c0e6959d3bd
4bd2e28e8d958a0
5d4e9afb39dc7c9
462fb6e9d1683b7
216b0674d1dc406
19f76113c21bbd7
9c28d3638599122
a15a4d399284748
38785e879950043
0b405fd08396af1
9b7a8ab1de66aa3
64dfae905d363a4
5280a0e56dd9db6
6254fa0d44905c0
4ac4126f3d92a4a
7e9a4d47e003727
51a7ea9781bf3e9
02385c3c2ac5c65
8008aa4dc988c65
3700b69f936280b
4876c0b4210e3a4
042362916f925a8
747ef7ed1b2598d
36b4dee11c3fe45
a59ee8c7f130522
77f5797e078cb79
944233ea51bbf1f
2630916e5e41a0f
99ecf78b46ed474
a9f20413cc6b103
0ef367eff5fcefb
80d8ba92a0a0a2c
aa5ee932de0f08b
9d5c39db9ae5054
9517a30471c1d90
0fec06c8a9be982
5ceb062ae9a05a6
22f52d1404a0697
7b66331cd462a8c
7f2445a8062da1a
86d9745ee22b82c
50f9f398acc9c61
6880dc032f441e0
3519eb493c6a48f
57aaf634f5b13e3
834a7c702299d18
96f93a893b85c9c
00b211823504c94
6eedfd999194a14
64d9a89090bbad3
562bb3c3eef6a4e
7cd8797f19b59bd
3b76e08cfb9ccce
217d25a35162262
a40af284787c47c
5e2ca52fb9f3986
585ed71b14677df
970c26cc55c9d4c
28fe3291dc66ef9
a852f4d3d934c61
4f093db42e021f7
33fd5a6e78e2811
72141f9c256626a
0765c2babf96451
a6dfb0946575b04
545fb8304cbf849
5cc7888618b93ad
a97b20c070979fa
8015265c5478477
61bcfb05538ee6c
5fd32bd30300268
47ec7438b34838e
8d7b6599edd6202
4c26f517560efae
5461e4c24cc33e0
73fd885f274d591
15a9b5456af3b59
88bd18f2cec68c6
9facfcc17c968b1
9289bbfe6094da7
1809e84ae199dd6
5164dcadfe7cf35
1dd2f4b935a1972
01e582fa0e7a011
8d4b18db0d8636e
5ee66caa3cac6b5
6e603c52de34d05
2f7c0de0e3e98fa
28e90e41123a115
3932097f5cbf23e
725ba32ed8438ee
0e0c71391e016e1
443ba4dd94576ec
8b8bf751a4f054a
757bed0fa0dc4f2
42bf239779549d1
905395639571d5d
768ffe2f676be20
9e721b97287fbae
aaa6bd87141437c
0718001dbd820b9
78ecafbf06a837e
3cc45df5eac5841
138cdbe5f0ad0d1
0576cd086288e75
4a1049b2f12d334
0e14a510b502495
842cf6541cd4a9a
1114a92c1484a24
221c32c1f72d72a
30afbcc4d43fa5f
929eee887370292
273504c39278eed
1093e0b6937643a
47c4b2dfa60c40a
387933c9307575d
774443578df89a6
73ea8ad179ed3fc
113853972da8d35
2fc4670b3c9f3c4
624212a6a64b642
6c569fda96c4ed6
831aba62088ad65
73a52178f3bf30a
1acad5de04a341a
7a7684157ddb594
71911a878443f7f
2f3947a4665925d
4cd05dabd74a681
3ec29003d1cee4d
299e65963b2f84a
70a638e27bf4d62
4b55ec0d53d1a17
4daf4af20cb75c8
4bbac125b25c1c4
14e0d1cb9d370ee
9831bede1af41d5
0a6fef2402ebcc9
8eed03b2b89cf6b
3eb08fedd52a380
93865d443e379b7
84597dec94a76ed
0d9dbe093a5648b
a4fb2502672045f
593fff4adc897ac
240aec24cdd330c
a0429908e63fd30
55232b8419ab7ed
6cc3519a2fa6154
930b8448752d77f
31d66f6731ac3e8
16ae195803245f0
a6b83ed36f31bef
61b43681db392ea
6375ba9cd61e06f
6a48e77d0a08fb7
3b1dd716800ba2f
4600c1efcf67a9e
694ca56cfd49fd6
306b7a361792197
8b28c150f401644
0b02ce9601bf2c6
2418f691c7e9e67
872f79c205f9589
38f97ad46b7a6d3
7183ecc80440c67
89a1da4334b06e4
5ee19c16d61793b
736d3692b855218
69c3a6ac471df78
14b8ccc2d8f299a
101432e30525cd9
75097f59e203afc
643d786e9398129
2feaf08d57bebbf
71d693e10d872ee
16ff67db06295ea
564dfacf61bbdfd
9278052795b6f88
a641257753c3043
1cbc97d6fc08007
1f672e9ad3ede8f
57e2f546b3e8e58
a960310b0ba6185
7569dd419f09ec7
00d51ff89806050
2c823364d8ac2e0
046aaf02d9c3875
4bd2aaa05465c0e
68b0efb86ee83cb
71b39e5b497ee44
a301868cb62d846
15a510f49b6332e
40cdc2713f87c85
38aa7a0345aaec1
68245ebdbc393cd
2f623b53a542f3e
5e0d8831331872e
72ce107e3b6373e
a1e41c899863774
203bf81e9b8fd49
7f561c0593aae5d
9f0812b9fefaf12
a5fa0e8406248a8
66bbad1f503475f
9ae9ab4a46ff205
1d5d7e57b5fe566
87953ee4eaf4428
8767dfc7e790dd1
13f34ffda315a94
001978bff68481d
1124c4dc66a96ec
8b5ec6953272350
40e9c4d450af82a
3d3bda04124bb18
92aabfeecc690f1
81d7eed27286673
7ad57131496f09c
775209f4660784e
9af39ce92e406b5
8dd25e00c7fd7e1
43ba8a61e409bd9
090111f553cfa16
29fbac5dbc30e4f
834235d87902c3f
9640a1a147fa9c1
9320c0931e9018a
7042f9b630867f6
00436f8e1a0fd75
15a07af262d4f15
57c991dd7a662e4
ab65952e80bcffb
88fba6a88644076
0f4b3b14bcf6a9e
118e5bad1b1ac45
36d6c2706b6a650
1b9d6bd131c127d
289e6465ff99692
4e5efbcd6938edc
571f7c50c92400f
297ab6834744d75
30b5e22512bc5d8
3d8cd6a1e21ae18
59015e94e748830
4aa9588f878aabe
640763b13ff3d90
80f14f64a161b9e
34e5efd3cf108d8
6603f33b8444828
467623ab6c13e43
102a4ac3ac74e32
887aab4eae0f777
23a2af0deb51c62
3ca85ed35c3b413
a442318b3b839e9
3834a8b18dbf21b
4c37e883845ad23
4125e39ea53f88b
83dc4f77f7b711e
127b32f4a6861a0
3c03366a09fad2c
a8d0262c87273ee
934b4eec972c758
3d2f5a3dbd0f9c4
7d90df6c7c74ded
3c40c80b1e863b6
a65f67fded2d449
4f357f2c0c85eac
96c7a4629e1b8b2
223637c3715d725
0615cc38aaa1167
1d5c7ca8c90dd8d
1fec918efa77829
7db45450aa1b514
6d353635e3becca
63e5aaec8cd31a8
8b94d981fef8635
30c9c4a8d3904fd
6d21639f9fcce5f
71ae3628f7d9609
3b69a2fcf713a0e
1b3eabe11d2d4d1
2ff2356ae82d1c9
342b48070be3e9e
2a8f38bea6a34c2
35f46c3ae71b9f0
05c4caa4cfec284
a7680cf97c4baee
0eaa1536319b217
7528f676c6c85fc
a3f67cafc1f7ce0
9fbe9a49140d1e8
267b243b0589cbc
41f84efe9a42003
6f93d083e657cbb
4c28b22cc9f95b1
55cdf7a6c7b757a
1dae8be4ca09a95
91e095e955b0388
1b7bf7255893b55
98bd23f53acea6d
68c3f8081ae46c8
554423487088947
a377c2f239f8ba8
1d872df9a2663c4
07eb53ff852947d
077da46eed67754
1b2131c3a039ad4
1346696f1bed589
0e237363385da65
566e0833843aa13
aac2cf42237e345
1cc2e182154f8e7
22e59a3479bd4d9
47578ffddba67e0
0d99d8b7d3f7b43
9e465ec68d9fc2a
9e6f6cb8fb2720e
977b72cc6c6945c
34984165d7caff3
4d7fdb143bac80b
17929a7a4069172
50117cf434cff99
8e8594cc4d603b8
2b21fea3fd36f1c
7d985fe186b8901
5e4ce9bcfd14770
2cfad228adcc932
668d75fb75169e7
3529892ad86a156
3d6af033ab80793
28b2bb4d16afc51
020150d6dcd2621
a575ea65a578bef
0145fbf0f6e31c1
760bf09182e3b78
1f78e52bfe19c7d
831a1ebaac61fc1
5a5cb4a52a64484
23e06f423343403
1bb22f50c9b74ae
48f1205034abe7d
69960ba1d9d0bd6
7d8211b23cb9531
97a7f6606686312
472aac5c6cb9c9a
2a76f1e7a1a06e1
a4841e3f37a1fd5
029ca7f9a81fb6d
85e6b5b571ad8ee
a49697f85bd6deb
57e694881163815
3dfbb6791565310
87d97810d980ab1
13fa638910e41e5
51e1e3d4b00ff4c
223639dd51b75e1
a46a689e07e1a00
09c457f257a566f
5f786ad3db4c212
12ecffbbdfa1fd5
8e1b9792f41ed61
25bd5bef6260244
78296b595d26357
a81612387b2a83b
566ee5490e90dce
5d641a5a7bdc7f8
9bfc48586d88dd9
2f7374a2a56b05b
2e98b3ae62f9598
9c59ad45b1dd665
9645a452cc5b726
3372a82093989f4
3c41eeb6cd47e78
1fd86d715079ea4
95664e4640e4783
27f7b2be150a79d
82ea95738e832ea
05de9a2dee038dc
a7c6b32cd0044f7
951347c77e519e4
8c64e6744f920bb
4efd630100db863
741e217d30d489c
a3a43aa465ed92b
040e4a50f80ffa6
46df54eb659e620
14a4c698e846fd5
4b137cd6c7bbb4f
408798755e98035
6e4b285578d9357
281963445b583cd
446e37200ab5ed2
28b0242816ff616
75f0b6c8313966c
95a6325dbfc839d
23949b7dbdd9066
691ae3869035024
4cf43dac4059abc
307a6861711b62a
9cc658feee7bfdd
09293d7063e01ac
1d9ea93a2f6f4a7
63abd138b5af24e
83b1b28355bbd8a
65afb583d59b058
435634c019cc59f
4be33e13bd670e0
35fb148e8d5b379
23bdeb631994103
2e4a6720821beac
9ed9befc0c1cd93
5b7700d0def55cd
77d11a5608e7e17
6e2d7d3d5c69d1e
61b9651f0a69d8c
7f6fa8125592285
5d8325c1b771301
5beee92c1e800ce
0a056dc7d371de0
3e406c9fc7ca69d
6dfaa2b2640196c
4e63da3502b4496
6d72e81f84c072c
1422c29a27a0560
2d5025e551b7eee
501b7fbadf9500f
40c2203677e6156
01e5443820bba18
22dc6832f6b23f9
0522ac0af43e960
a1ef5b46aa84426
a08766d0fc62f66
1d994d6b0f2afc0
83840ace5796266
4c790d257a2944a
627f6ca8b605aa0
7acbf59d5152216
a02bcd27c7d7c78
15bad9402c89f6b
3424b6fa01b5ed5
2f8305cd5ab0225
9a5fdb79b36c57a
050382ef759c9cb
2dd7c5aca37d34f
8e0a44006c646fd
2e87a8b060ce1b6
200b91375b6fc76
a1d821bd676e61c
a658960d544eafb
588e3363eaa8327
2824dae91257d7e
9a9af3ab983572f
36bd13aea9e0a3a
982abcb65a6b154
9b019c6337a23d5
516a78cc80d747a
3cfebbefa5084f8
70772056baa4f58
949b1d3beca1115
02812c4c4ad1075
2e272897654bcdb
1ed18e5fb132129
8fe26adcacf770c
7fc07d44aee322b
871a3ff8151d0bb
aa77cccf9219522
2b899aff6a1d853
708856d91baa484
29d29231e3f23db
4b3b4d4c390f691
3fba829f8409bb9
27bae7650482bfb
3821961ad2f6ed8
026d16ec46662bb
6ecfaaf6cfc96ea
155f2ffd16e376f
4667e4a6824060a
35098925950b39b
883085e6a802c46
54ee942892a1377
91f3f7d3c884325
6f6283af2d6f8c7
14b704c2cdf0e4c
6e01ee5e84744c3
aa9c54fefa8cc5e
52079275743aa2c
54603f059f39bd9
48f4bdf575c60dc
4e499224a07d3ea
202f32449435aec
2706b1e0604c6a0
59447d76afce5eb
6a4cd52dc1f833c
61bfd4c172931ca
63ca26195091e8a
4f99b1d4d9fb104
3e2c4e23a127038
6427ff2ace355a0
8dfcc7bbae9ac79
a1730b836b1a479
2bd70d45bcd0111
71daa8ad29dfe72
1e59f6dbc648eb3
1abd388a8750c78
46e37dcf9ac04cd
6b31a5dd78c8b23
0b5f6d51e7be2d3
128d416ed848ca3
a4d705d54d7280c
802dcba1889dcb6
837119357852fdc
85ed7ae454a1eaa
0bb9e57e9f9dd72
a513275702bcf7b
9e332881444188f
516b42d056bffa4
7c2a988305bf1e2
39c490404ab84d1
6097d3e5f6d93a4
31d5c8c1a54e926
9efa1eace823d49
5752d63c98d957c
3d156fb7bcf8c45
719ebab62200229
48996a57f2d6462
788755d261fb246
28c97268cea6da4
7f946292e55ccc2
815e72a882699a7
722ec9d5e7847a4
5229dde6fe72fc5
00ba96f5b340c2c
891c05425a16e98
24f4bb18184a027
61b87da8db76c5b
8257fe19cfd8a4b
28f31854665d993
1b6d663b12a35ac
7c1043ded312953
70cd301fcd861bc
467ede8246d4865
2a75682569a602c
556e11302d6d3b8
582bbfe911cfc24
3c096fa19090e00
773cbcfc9d7cad4
0b404909ed88735
37d1eb2e416ddc0
88045b76c12788a
496665a32d55f78
21df53fa91124a5
91a0e13eb7dc6ec
0e2634c02bec158
527c03bf3c351be
63010e7f58ca2fb
39b29242ffd2250
8ea90c5425375c0
52a7e045715ca72
354394f9f16df25
7fb0f25f57ccec8
89e978eea5bdb13
4c2226305dc0eb9
6a88436ef46aa94
a5aabb8f0508afc
5e073bdbaa5ee0c
9b84f2eac6095a4
5bf5b16c92ac81a
69e272b2eae9370
2cb04b0add81aac
9b916c5c9bde69e
03c41e2a0b14bb5
54fcf390b9f1775
55085fbd171806b
30e1d7060a9fd14
507b5ce8d25a898
a287ff8f347e307
4aa0646d2846e42
73111cd0246ef57
7d95f9186013f98
8d97ccd73719d61
1aeb32e20daa4c2
10a0161648e12f5
1c53b6437e4827e
060d4591db8548b
77298b8077bd21c
3251a79272c7664
5c3ddc900f2f31f
7a8faafa92a9be6
4895f7c6de3e0b1
7fa19213f56e3e4
197c1ef5c545ddf
2e753700022ab7d
2af73485daf1d70
5329182fee1054d
05581599d1585d6
9782a7c9ba386d4
861a4f4c88e1c70
6f3d85d4b0af7a5
2d44184cb06081b
2ca2548d0f0e33e
94ed1e4d8ed54e9
4a36c35eebe950d
1120ddd31e1ba05
6d73a0a8b5d4e27
023671632a11562
8eedd58b9d8ee1c
04fa51c75793ca7
771df4c3a9a04c9
3cb70cee774e081
49ffef03136983c
0dabf5ab5933423
2fce1fbbbf9df86
695c3432aacf95a
3bd8603bbf5a3b0
74724f5b574fb12
7e981914d5585f7
937058cf1ff40f8
7e70c23650ae682
08a1be2f5790935
7ece2d4279b27c3
548ea5e6ba526f8
884c583584119fa
4a67e7551326a02
a7f37ef78ee343f
389ba2888df2057
675ff61ce7d952d
70c128f977dc7d6
4e06c354dcaaad3
1c0cdb4d9f4ce93
29716561e9c808f
5cbf103dabb1e36
4df97c0947b258d
5f8fa3c849fa47d
9c8a1c124b4ff77
86280d373b7c632
a1213776e1bfd0a
75dc134c1975c29
43c914fe917ed88
1392a57b1aa9727
50676364c75394d
4c0061b5bc1e0e3
a990cfec399a541
8c4297bd84a27c9
6d8d77508e74ea3
689e50cb1891b2c
7f0f9dd28a966a8
2aaf14bba8828dd
7984447549fe474
1a8ba3ddf09e9e5
857c3400d4ca7ef
4436030e328d3fd
a244615fcd2b71d
4dc848fbb6c7f19
91a0fd33707295a
2367a4104f54bb7
8b5c60699f6fe1c
39abf26962e2365
7d33e4117d8c07f
0d5f2be0ba62aef
7e4ce0d1f3d9639
3f023b0486bd3c0
7190dca56a20984
6947456d9e3448a
3b680989d79b22d
5ec462fa9fd2f83
52fcc12dd9870c9
a54c26fcea76ab1
9ceaf7b4f1fa261
0f63702976b54de
00cd94310b16d4c
1660979b86f5169
a2ba413b7ec3229
775751962fa93e0
5b15bba9fc4140f
5972d09a095798b
63ce29ecca867cb
1af82c3ca0f7239
aa350c7417a45b6
14377454d2967bf
3002139fae3bc90
0153945f398accf
6959a423c5e01f6
50e984ecbe93c66
35df5015a81c6c7
7ccbac3f5f6a92c
2de40d069983dad
3c0512fc945039f
507dc51338e7f3a
8f18546cabf0cb9
97907cd6490e506
45885642c3257bd
3621fc07f2490c8
33e179877130d3d
38f43e279fa12e5
77df75058e51736
698ee71f13bec98
26e3aa1bcfc97eb
050bf8f869d8979
2b8c9362d8ccf56
0498ba0fbe05636
4a0f0797a238782
53e2ce0668dc8ad
0b866b1f502978f
a274f0e389c43b3
53fb627b54a527c
9c02158ba848189
7f055a7e1a73611
33e6c289ae17239
7c000f7800797fc
aa29aa7fc43afe9
8e743ea0d68bacd
8ec950e042bc66a
8d13abd7225a90a
aaf0450e14cdc2b
794b258fe02f35e
84a444beba8bee0
8daeeb2c04dca72
390210232adb86b
8eb5c348c3087d1
7d1eb915193c8b3
5c18002e22d993a
970ec7f177f8647
3ffa74d7f1cf16d
429f32169fa0322
45770c90a332c0e
52f4b9f3a948400
19e979826063c87
21dca8e1596ee19
589db699d812d7a
109e6f117caba82
5bd21fe582cec59
528ba980b64e733
94a12b68cbf9064
144fac1b41adcca
a7e7a1c16fe1932
810731622623b19
2435d259d965112
77ec5a166695abf
29895e110507834
68aa84247f8c910
14f928d8b5e0c90
2f949ac9e4f2c5f
2b629696709463d
514bfdf4ef95ce4
27ad364815da7a6
7a55270bd0249e5
2f7a5877cc0d8e4
1cefcc7fd256241
6b4499a6b6baa00
0e4bf0cf0a4b37b
2f323f8369a8e7c
3dc816dbbd4f613
5db35610618fa69
757f5dec63d585f
60241185080dcff
8e6faf7859d8fbf
07594912a365b9a
0631ff1716f253d
8bb1e46353fd1dd
02e726ac692fb8a
aac1aa64b4741ac
7ec88e4158302b9
0bee3ff059e63b1
2f39e249fc52c92
9afcc31831e86c6
627f04a4f97ab2c
075ff522b91118e
161c7faf43d4347
9ec9c8d03f17b26
294aa011fc839da
6478f94a6b4e555
71bd11d19ec6712
a8b89e8581e05c4
9bb2421051c462b
0c755f6d142a622
71dcced000a0148
25b19c40f21eddc
5b58aa8480902a1
5683d2452991f1c
9d00487dbe51ac9
8dba53a90805c2e
39ddde37f2a863e
6fbd6ad006d050e
063eb1c2d3aae71
a1f18779d4489ce
157f3f8736990d4
a691aea02918cf4
6b306cb160bbb5b
71459dc6e0df04d
614b91f2def77d5
1afe43908f32f17
30807f34667bffa
4d705bbb375cc9b
77fb9be62eee0db
295d18fce43d819
a64645ce8499985
86b683cc3ccfe3c
1d0fdc26c33b0cd
9922c198802ab62
6b5c444256d4140
751af0fe9975ac0
17716fcfcc0d382
0865044d6893093
36bc229366de8a5
0ce009affda1e48
6b8dd0973823a22
3e6fd757fd5d53d
9a054a3f4939d49
a2d1cf2812f30cb
84f94dc7db152e1
0f9dcb0fad3f7b3
19dee9e59372f23
1dee532d8aad884
46bfce7b6e100d2
2f5d19a9284a084
2d6b7522805e3f1
1659e8c02ae87eb
7c1faecfddfb1a3
ab7aab06da86a8c
20e41ac796f2a0e
884671e473836cc
6239694434ee9b6
4a9352c049ce8e8
5c0138a6cc3f82a
2c0196e05e9dfef
092ac541037f48a
4545116557630d8
41c12f1f47df7ff
8a24de6ca0f4294
260b98e1a2935b4
a76ba09258a5468
9da2b35122020b1
a444cea2f821639
69112f936dc3b3f
ab00a8b6734c1c0
59512525612f5fc
8f2194bd80c7712
9eb4e9b948b3e43
70723b56e326c30
6f40f96d0a71938
0f858fb5f41f69b
287a15caf18fe21
67f6f6d3e2abfed
1dee55dfd080a5b
9b697e3bebc1e46
823ecc4d5aacefb
3544b8089a3e5de
75f828d1a3916b8
8d986578d4ee2f3
45b62b41381c28e
52c875649d6811e
2d190b12c616816
6f468d9f7245187
340a2cb4133d27d
0b8314e48b7587d
8f34119b7b71fa2
62347e278f48fe7
0dcc4d7581569b6
4fba4bcc4d78e1f
a459790abef2d98
a774d522351ecf1
451826d529635e9
999ae0cac7596a9
070d83985ba08c6
652403b5164ec25
375089872722af3
42dfef52c0dacd1
257badfa346591b
06359f0e68fdc48
698828c96cfbf11
8f90be0f41439cb
7dfd87470c97083
5ce2e35b215fc4a
461db0ca68f7f67
45a72fbd50c0679
36d1dcc154e8edd
7d3e3dac9086ea0
3906f34d44370d7
4b97a02eff9959e
a49e532af02bfcb
7c254b6760c2102
442c179a651400c
04a7ed0aab3eb8f
36969f9f81526f9
a026fcd8857bfab
9bac19f389d19bd
45a54ddd937491f
3b32138db9a61c9
82d5558f6f09025
6b820e270a6089e
9e277efe68a9791
a168105f12f40a2
4a1f25011269c16
7f8886258b3340b
168cd2f895c927a
2cb3c6f11aec05a
6378314585ebc0b
7b8cf25a267bcc6
09bbd1d442a63d0
4bd334aaeee64be
0fdd17f60e54e94
876b1ebce46bcee
1d6c92c661566af
a765d7e325bd512
8536623382f845f
6a0919b621e975f
a1e944303b58379
45f9548971b036f
4bb08806ceaaafb
38a06ab28ffed3c
3cac31a617da8df
04546bbef3df4d7
845b6755c306544
804638806d82498
4574b50a607aa95
3bf6ee54d793b74
998be7cf5c30d82
98f91c9c7c7b6c7
364eee1abdd9b91
11956f7424e1ca3
6de2fa81b74d531
2c2abb1ff225785
0f51ae9718e14ce
9fb5aab480ea37a
31588ecb56ebe3d
8345531f758010c
89b4044053e3b8f
23b050e813bd1d0
58056a1a25a7d6b
5965ff96b9106c3
83b3a1a990a8401
71f8508ad87d4d0
01303d4a1f90974
7e9348c2c63da84
ab793b2a9141e58
80dc31c8a36f628
368bcce1f70bb5c
76e2941cc4bd82e
2d2d08637a6fc7d
3e485b95923f7ed
604f4bba48e73a3
9bcfeb8e9b03b48
65b66e3d18ab204
a6c32070dd8ed77
9f98fce814e84c0
96e4683fb7027a0
92172abf0b4eae2
659e185933784bc
439f3322e2e6a16
045af006c135d0d
5fcf6cb6446296e
a644ceb0c73eef8
201ba11080d8271
558023b4790a292
348201f158e4139
a475f3508d9ef8a
53075f74e92fd6b
097e09bbcf6ef56
89502f9781ffce9
6c86a7a451caec7
4187ef61ffc6040
110220d460a0526
00b78b1e4d6c943
396beee59dce301
3a60eee4818577a
7cd6b990e1e348e
9f4120c3b6734b0
43e125d6d5dff84
456444374cf0a8c
26102bdcedcacf7
611696b46ce6362
39755621634b17c
6ad68ff6945109a
668074b0f479c48
7157cb4576098bd
0c8c712569d971c
26b889c23dbfd4f
5b450155beebfdf
64bd64f3b697bd1
8fda76c8b3da1b1
41ff5d917b19bd7
709b820801de16c
9bd05c6cd711c1e
8b29bedbeaad1fd
5fb4abe3d9a6827
2ba09d9e6badfbf
67c309ff20d18af
553d3047b29a8e8
756da4b5692de26
00e6600b6b49479
7d640230e2c363b
08beef73d380c34
35ba1f948a0fbe7
3895e4183573569
673689309494c37
0c107f58bc3aa49
0a2bcdd2fa55bbe
94188765915abe7
3b6a3439ca8ee55
1b058254c59bb6a
34d106916fe5b04
010c4d4b4b484d5
3fe238761c0226d
71e1983dc1ccdc4
9dffab39994f235
1e5b50c5834863e
666c24e6921ad2e
0c7cbeaf927f76c
5ef766fc3a2e250
03ca054a63134e2
7896b0e6d13c36a
6fd3209aa2afc87
49940b536b8d918
a955453d378d695
42b105175ee3901
59f83ae6b62144a
a8482bb8888a447
70cfe41a84dfaf4
9495c0e16367833
04b47fb11c96cc4
00b5a1ad43bf671
8612dfd1a6d7db4
412e55ca762f6fa
a853f0303732c22
a1ae85c0136b163
28ba12803efc6b8
a1f0bbf2eee7801
a1cb6ba8e0f11ca
5935291a96b6a55
36505e7556f2a08
73b08bbb07c91c2
6d3d83bf7b4dcaf
0563ec50bf775f8
583a3b820fc586c
780ed97d9292863
550691444e99e24
5386ccff9a223dc
464b23adcf8c4a7
66cea2253f0da14
4e5308a8449aaea
26c57063a0b7bc6
859a86f2aa27b61
4d779059950fd4d
67b32521ef4ad6a
4f2a23d3f162300
76c5c53ffcec020
45d7f3b216ac737
958060c16383ee3
790396a7d324714
5e5712b55de3087
7a2f3c3b0398a14
1b95f60d85804de
98ee25117aa3ce6
8dd168406e7c272
4879ccc7d7fa928
6cf563b7b382287
063cd74a4502731
8d1f976418710c5
5abff41d45acf5d
227fcdd9dbea14e
2799149691582f1
699113119d6dcbd
20e1444fb8b31f9
065b5a9fe0e9050
8dd8a8994645fc6
2e26c1df0904d2b
3cbf7ccd07d417e
a55fec0bc07cb5c
830a087d395e92f
67521e5feca2f99
2b0e4b5f9f6419a
a0b1e68a14acd5b
939d8053cc72e37
0ec03655be68d0b
0c9f7bad5889e4d
0adb03bc839cb2f
67d595a954e522c
8bfd69d35603bb3
37622c892a98439
0a9a829f9c48e81
6dfd72e88643c2d
ab05b2002235cce
15da737f7f41de0
3107efb5400bf4d
663d1d32f151d55
aab6d77cc7f48d1
5fcc4dc739c29d1
7ecc7512306fec8
159e44205bd6228
19441d629d6d640
42ed6f02db905e4
199f6052e4a0415
796a99ddc39d5ac
21ba48c243d3a9f
870dbcc1e81cb09
8c465c7064774e5
6c448f95a2273b9
6e033ae7c06b977
204cf05c3725a0d
2fb76322e9f14c0
3f041ae6ba4dd1a
9b5926fb9e4025a
22852ba6b3c41a5
8fe7a198cee9bdb
7edf7692d544c40
a0d76ec99dd60c8
115af7d97aa4085
62020a1118f73f1
7fc8f0ca4eb763a
3d47e05ed867353
00a13248e9d0424
22fa89023602629
4b28199200fc538
8c20a566ca4eb58
4189db5dd4f1e68
11b2976916c9104
866e4097b1f5df1
3a2cb12277505aa
513f32bc9404497
600dd9d2681a992
3a2818bcb116af9
6ab26b0fad08b16
2adf2bc7ae8a462
927453c967d1773
6ccfb9a339c9ca9
705a3422ce7fb9c
a9f3b519c8e74a6
620fe66bfeb5bd7
914ecb237bc7e7c
9a333b5a40da180
60a5c14c781893f
2b41bbe19eaf600
052d01ffb975dc0
2fecec3c366dc29
a939458f50e1595
54fdc9cc75d3af2
29e62b9f9f3f269
a1e1f4ed9add069
267ae4410694d73
56f8bf5fe56753f
47d15cbf5738a45
85fc871d34d8bcd
4e16bb9b81dd894
3c4140a05f3002f
9b66ba2a54b2e09
35f32e1ceed5bf0
a001754c07abbf5
71140b4ea97f7c0
87b25ef88efd844
49b3024d34f8635
1cadc2c766df377
8b8c9e9828bd2d1
5a6c5a4f345aab2
3070edcf07b186c
214316841033fc9
a5318e9b29b1d1b
70fb47c1ee148be
a6ba3d0cc85867f
95ad80f80f2fa0b
890d36885e69a52
7eedd17fd8cd911
0d57585eb47f52f
388a53ca20c42fe
8b038d28b74187c
84b8b8c61bc6864
3975af38d410775
2e17bc0cca79373
75989f8c12ebdda
4aed834b22697b9
4ae0cfbde166f13
57d230c121b9ec6
25a9ef0074b44e0
5167e57f2f8256e
81e2d5095f48b6d
11f51a0ac835385
57f5e38318d76cd
36f47589bee1089
2e317fcec2664b7
92106fde4125948
78d9adb75b1eb0d
941011568294f8a
24b56521bf3ed07
84d00aa1e9e5391
98bd824458d2cdb
6accaf109ee2c96
35bc0e6646999d9
1bbbcd5fd74e65c
2800bca3a033a86
a66cb4990c356af
5a43e6cf8175a35
239c165066dc6cf
9e993e807fea615
80d61b80273bca3
8b24b5237e72b05
0c997683aff6dc8
221c3b4c689c16b
1bb23c0b572bf2b
3bb926887c43f88
125cca8a33e218d
4697880a93ead24
4d25211b44f6122
3ef4103d0a797e6
5093d67b768e648
3465d33c61a704e
072461274dd6d6e
7a40a8d677240a1
2c82c0d4ba5ab05
7fd52ba4dabf864
a3e2b7826381fd2
44ba02c0755bbd7
a44cb8275cffd5d
54130cbf122184a
663e528f10575b8
31e961ffb5df9b0
485c75a33197f97
1b54a41939d1ef1
7b857e9d9cc0997
1134fdfd9b59494
0e9257a69a37ec4
413679f6dd675bd
a3d2d919bffc7c2
85b3e3075fa9ead
83cc2dab5208329
a38a846786a6b4b
7cbed7e92a48a96
493dbd8d75698e7
42daa4617c3f766
3c936f7463365fd
6d64cda09240717
408cc9f1a5a8ae9
a652f5ab1f48e8d
8f6fe53da56e6c2
705268b5a60f72c
7c623ccabefe275
526c4c5b30d94c4
05351fbfc912489
8b36970e5ef8c72
6ec6b2643395d9a
5d5285b4f5b17bd
5e36f92caa56dd3
1989e13d0f0cdf1
7e2dd392dac65b4
07751ee3f7b69b2
798775d74c1ecfc
7e10e397c88723f
4486a2b4f66509f
78938568126ffe4
a136b7bde8b61a4
554548c50352ea3
0d8740167c9a68c
798c22045c64938
5cd5fda1fca6276
313a52880b04717
88877155394424f
1ce46ca0bd5dcc6
9254eda57aa3c38
1dfc291b6fad021
16cae8a01a0ab80
8973b95006b9bbd
23a99b6d323a2d3
8ff768b8b36073c
748f34548982d3d
a58593ab36326f8
56398d71c6d8d6a
526b91359f095fb
5d836685f880047
00debbb5a1220a3
856188d066db39b
4081d9be6d1f876
5cb94ff36208847
734a0a98ce9b535
3db22c31ab49086
41711d6bfd9a9ba
7ff29fe6048f1e3
20c65843a9369c3
a4abb53bbccadd8
43f3cf6616b15c4
354e2e844702906
5919e45ede978ba
5dd4b6b9b74f03e
735de73f3b3d507
2cf918a910ef813
a1245c5d4093920
9aca7ec01412bb7
57280e2859685e1
a540d4b1d3e5b63
8d55ecd2b26f4f1
a61fdfb968b058f
0b0e8ecbdc09cbe
7985abc4743ad92
278d25e36ce1301
a81156f56b37e85
1640eed0bf24a61
40a3f1141c07e25
4400a1527d6fa51
05a4fb30ae711e1
28e28c41e64b0f7
470003569b2dbd1
8693a8251025f81
9774fa2cf8a3bcc
9d1f489fcbe68bb
002757dbe50640a
589038d1464d385
51bb6eb0b6e59de
943729dc0bb78ad
4c360e847e21fe6
3cf9a32934c885d
6edd56a3f879e05
99964646dbd369d
44047db6b6f10b9
35c9a79eae7bbd7
559b0ffd00aa7f8
29530bec17d1eee
22bb9d586aa4cbb
49850e045c9a539
4256293c4117108
4ff270827502c28
775a14739f77ca0
3008daa6c799f7b
32c1a2069a574a5
8b72d3b81afc0ac
81dab9f9b13eccb
14ef996af7f2000
2d6b92541b1e104
844b7b82922cc22
2e3964d688840aa
709c0cfbcf8175c
428bc32875caf6c
7d0e15b2795248e
51effc321156677
47e5e6118f41567
a708cfad5ea6467
9495231b3dbba32
aa23ce911553bea
3f8bb77af733cce
17982e20034a606
5a562e83f6361d7
58cfef938e00834
09ed8b4fbbc0c66
6c8527544a6b5df
7b4a9ab4832117a
16feca7659690b5
865f92bab1e6bd1
597d8bae2657621
a74f037073f45d9
9a59c5d46b2c025
0a6ab5d87dc0414
91dd070fdb1d326
26b502c64cdbb94
1044cba48cffe1c
068dd0d5744542b
58f8b3895c2adcf
940a78620a90229
8d752c09e805914
2108b73d337bff0
4a0486881e1bd70
2b2dcc2435f8542
67b987c66b7f723
966a72605eb1f4e
999c40e4c76303c
7d4a594adc0c8f0
8c82dde5fa169da
448c4abac84c06f
882dffb3966d359
1ae4e1016dbccb1
1d005c604399d31
2fc58b5fdb53ea0
1baa6e10b867457
765f9277218868d
763830be5f5bd65
7b578965bba4cd2
0fd5f94a2b5532e
7feb78751291124
45277e85bc73ffe
201ec8dab25b6ec
765dff45ffb27f2
955fc163bf67e33
0062267d6553352
81e93cc8bdf67d4
4008a905fe5e7c1
532833c913499af
42b17fdf40577a5
6b26a02f568787b
81ce97b3c3d688d
6c87eb68ec3f36e
3989ba33313ae77
7b494abd965b51a
3f8f80cd017375c
43a43973485872a
46b92db7af1c71c
8f5a533b4105d5a
4af24b3013abba8
565f0be3a4ddbf5
6856e90b3506de5
69f377e59609270
665dfa271ed4b2a
0278ea09425a6ef
67caee8dda00d2c
141a477c8796127
640c67efaf38c9d
254444d62e3e00d
917b4e186011a1a
4c36d2fd9092e63
301f569ec59cca8
9bb39e793f33029
838af7b584d9152
0e1af28e25cb1fe
9a6b9db7a2b94c3
4b474957eb56421
76ab35b42b048ec
9f4f7e77edbcdc2
1e5db10e0660a72
6d3ae18985434de
57e6c41996573a9
293eb37c9ccc649
16da29750ffcfaa
529c127328f0e11
a8f9af556265d90
1b6d5280538ab5b
5a990924d7d6a82
551b0d4c8536767
46896d403246702
70837c2f075d4a6
32a1a8c4acfc95a
42335151fee5145
8268c5c61269422
65938186326e4f7
03dfaa9d94cc8d6
41e54495eea0a7b
a9d09a22bf2f64a
4b597e22174e3e0
971293c7c82c2bb
6dae709a65a2727
14c88323848579c
5bbf2b43e371c7e
8789d2af6944af7
23838da27816f0b
57ef8500b20365a
3c93a1228cba84d
3db6bd527d4f50c
24ec18722da86ca
12c4f36c2c9b5ca
3b9a1eb5daa5104
9639e7c0e81e97d
3096cf61f0ef257
7199836ebb12197
8b30a3da8135b75
1fdce566a559a60
5beedd054de9781
74629b40d16544d
0c94ddf9daf2226
0c57414f5b9cd91
6da97bd21a9497f
4f8ba6638cdc04e
56cdadb987cb519
67090dfdd7c8b95
721d02798e622cc
30fa8b3ed75a1c2
34717421f646927
3913236ad8c5389
5bf31fcf47ace70
1c71749171628b7
763153ea5ac03f3
9f6e539d3a75309
2fa6f59f1b3481d
50cce7fd785d033
0950b8aff304779
3ebfeda8d8bc1d4
0ede26e6f2b7699
665ae9e83faa4a8
845bb1598844e80
89dad630e8ab6ce
5cce9865c0f6d63
33ba6af41b67296
3ada366b184105c
a27802ae01a0f8e
a580a818e39c642
5207178d9e05189
3545338e65fc2ee
26892337d7955fc
7056465b34c4cc5
3b3dfa9f21bc1f8
99dbb02132bce86
0ca8047241f17c2
22dd6c5710f3f2f
8d00d15c0c688de
334039bcf1339fa
93bd63ef6418564
702769d17307a67
7742e4cbe8153c0
4ac64ec45ba6e44
202e2429b5fa167
6dfeff3b4ef62d2
1248edb4cf61df0
8e9371bc373582c
a30128836ee2423
21ddafc3365fda1
34d51cc3afdd83a
7460f8e7f058794
665cff3329a8a79
5fa9fc31adf0924
381ff61ea131c06
25b3dfc0b2d5d85
0e0851f522265d3
95a151512315ecd
7cb801ab714d459
8131d969779d4eb
68d72e9d75eb2e9
556ce94cc4a005c
9f760adf361dbf0
a4a3536bc58b81c
43324020e038cf1
118233de78aed70
56c809eb1a3d703
34d2a39526f365c
ab7ed2fe2829b1c
297dffdecfe0804
6fa2100e41cd5d7
1ccf43e71371909
92479c8c467b596
a00d7c336b913cf
0381e20d3357c40
6f9dca6e2e11d0e
aa2afc832cf5bad
1968b79c7a3208f
411ff5fa56b6402
38c0b853be61f39
85183b68067b24c
2a4f6cc35ba4f2c
102460b2ee750a3
035158157b2f200
6bcbc1ccf6ba8d6
018f92b2052a2a4
0c4f7cf6428b647
46f234167e40ed0
4a509c6c46d0c71
45c0e87cbf40aac
05d4f295cea3923
56f25dcbc168728
0bf70e6c52c7382
3da7ea320fab232
3dd43e852595722
8cb3831302f7060
78cb74efef702d3
5521b6d9e7a1676
7ab4c52d660e36e
a4ba249566a7c02
34e62ebfc5e244e
29ef519df17d8b6
36759e050f82665
a7474de0eac9c0d
0cd735b635ec3ed
032b1d979354da2
755d44579f46821
048d6253c502d10
3861672789f9161
713f7b417dbdc94
35f151d2d38c0c0
9706e0a89302009
292b1a552511be4
0abfa4c57f005da
4c33259db32520b
94dff12f4632b5e
1a64965de0685b5
24ff6bf6a400dc2
77734821422bb3d
980dce37f4e9136
822043c2568b24c
1aba9ad5dd5acf8
1dcbb370cd7efbf
96c8a55df5d693c
44bbe97a197bc70
37c352173ad5c6b
1e0712f913e7b4b
9ffde0aabd7a203
57735b7bce4a7e6
120a17342762216
37493231f8b7ba6
6c61c5f6c6d9e9e
89e3eb6f1e485ef
96d79c6d3d55916
867e9c2d5ff6050
551a7e1284f928e
174c4ba684ab138
591e1de5488c9f0
718ae262ba1312d
0fc1e733930f723
7303cc1b3ae0c93
8604c4d58885802
a3eead374594366
293a7f4b9395635
345f4205ba0e234
364340de1bb8b0e
3aa4e4878e1f901
71ee86a00f0550b
371421572ac4674
8eb5dc8633206ed
9542721e1f9c50a
59ba8c9615c306d
0a1ca75e60e69a2
3aca2e77ad4f9f7
1b3737e910a291b
581ffa389666c6b
640f135240c5702
09c2beb187df85e
3c97c02ad9cc874
6df78f833af6412
5739d12bfa2f84a
874658e907337b7
739ffea32e9c6a1
68821480355abb4
75b719e30f0e810
49b56c820babd7c
1ca3f5a2481550e
981802cdf6b70a7
2e3c29d9a7c462b
06698af010f262c
38541b11866061f
489e990fc6a4e57
ab2a23c8e1d2fd4
3e2582c97e03f18
90f0de15deab480
9bd77300ccc1c56
32b8fede809e10d
56c86f3d6dd6b2c
33237a06af72a90
484f60aa5889df5
30ff4f2e8bbf772
0ffc468414d7c6d
6879063f44de052
12bdd3d1c83441a
8074f0258afbb57
1d554c9190f7b62
39817e64a774a5d
1816a7b87a1ccc5
387d13b4f972f4f
122c634fc470446
8a8fc5efd683a2d
529e8eeb881233a
6c43f86b022b69e
3f55a4af9dee19f
577827591b36a0e
14da75674ea5a68
a56f3758e10c859
4fe545c0cedfa95
16346207f986d70
3245555325825f6
4da6717ed639f45
9df4116c2a265fc
80303c121270dcf
23e0c13867ea618
6e3c28439886552
02d3efc7b2b5a09
08c377cd2380467
80b16e8c8e6516e
9d6e200de195b8f
0f9c43cd2868171
5af712e3d9aa41b
14f0b1914df90df
ab068ecf25744d7
8fe5b48979156a3
066bed1da0a1903
294a0c9ee5207af
773d0658e33df75
3e81d5bc292735a
89f0295ca6def24
70131a38426de47
3bcea345d78eecb
9be271680fb0cad
9c3ee50ddd70973
02c98a3923c9fc2
2b712b2a084e974
08ed397ac3db9aa
547ea15d64939bf
544d37c27dee61b
25a489d195ba9e2
81cdbb0ac263d9d
80d4283fb3798ae
6adbfd5d2fdca48
57cf9f4a4abbd8a
9a20e19532bfa1b
2309b8243c99c53
62ff6964648c173
0fdfeee3df612dd
02a6a2f6ae6fc8e
04659d104e342ca
8c84fa19b48cd0a
86a31c088d3df2d
a3266fad9b381a4
375a1905887627f
0bc1172e7e0e6c8
a26b5bcc77dd5af
25a0e89a1258a4c
a96d8ff8b47b203
13dd1d404b8cd14
39e779d4880546d
1bfad6060170a11
7c57e79e8ebb261
5f34da3119f0163
0cd305ba2990576
46a2272c4eac66f
348102930ae0608
a7e2935454fbb16
841ad6c70316acf
949dabcd85d1fad
2732ddc1ac766d5
1ee5852c7e39ecd
0c034938353514a
58e3493b80410e5
6e071b90764bbf2
aa55e459bc8e2d6
17470eb006614ca
aa6e18e2d2c00b8
135024308080371
09e2448fe4cec83
176b434f6e58c7c
a401351cd7f1ca2
12d88f665752ea6
04ab51103e70de4
15641954bff0b94
52388ceef71270c
2d38c1e1206b229
353befeda04b7d6
572df83d7940374
93876d69ac11b56
11995aa35287883
3c3b9be6a50d79c
4cfc12da6af53b5
225703966c0c137
33440ffefdd8163
063a0f5204fbe7e
9de12aff1d7234b
91af6079f10e618
7ded8ae3e22c4aa
702dfef3936bcad
9ddd615403b3f26
5a2dca917b5f7a3
3410a9b98f1058c
126c0a3e589bb29
8ab5297a6ab9f93
a569e073356a7ad
427676c1c8249ab
97f111d426be080
9d29d2ba8bf3d2b
8c3d76c5cbfac09
a57efa451514e86
61912243e899f00
210b1eefcd272b9
9e8599bd6b43b9b
24bb3caa4eb2dd6
a58b56568aacbf4
9cc48af04cae3d3
a63de680d0c46fb
9c38ed9ca9ae2e4
4b0564a7ef1bd9d
16f2d9376fd7611
8ee64229ad6c481
4dd3b4f8342e7ed
68b49f403e90994
6ec43355264fb8e
8ac8f3ab7256e95
5bbb25b08b6ed0f
2b7041c67e777fc
7b9875971226c1a
7c6ba1499fd1040
8316d2a93ff3aab
7d990c157a50343
0be099dad3e2390
1984f6f5f0f740b
42418992eb9e2bd
48616ba4f944061
3c9b7b08d0fe1bd
4eda4a398db7d20
90e8401ebc550ec
49051a6aa5d4207
7fad79e1ef64db3
0fa4178bba5bfaf
198e09b932518d6
72bf6cb845d22d5
7440fc3e31e99e0
2198de4e7ee556d
0846ff5317bc42c
67cf8d4eaa3b741
057c976922ab15c
a3da708f1755fd0
595a8075faed0de
6e703d19bcd9859
77335cb76ba7f53
231df25927d597c
955d0c068dc81dc
a7311195ba6e5fc
7ad36692511fd0d
092064b1bebfa6c
4765d6381f4a038
940fe9596aff077
999b81104f1f2aa
5df8fec588f8c5f
695306379f2b081
68e13847188efdf
a9285987bb45810
7c9bfa7281d92ce
057757e0090c103
9e86efd31974c30
636effcd4340676
18a74d33dae7d17
1980ba732b4ed83
577b9ee1edbb76b
1e65c8e0165c452
235d3dc26a17523
34fd64b934eeecc
8da4c5abd01ef6f
7f8ecf637bebac7
30657ee5b0fe758
09881edb27810b9
4c00f8af92412f2
4cdd5853bbf9a10
951eeee9c771708
4569b6df9ab3095
4df32ed1f0c96e5
860bb5fcaeaa8f4
7a49c067c6dd9f4
50472ecab1dc8cf
0905971e2e9f0e8
89f763a7d91afe8
0c5e20cba268134
16db50fd770fcad
01cea852c7a19d0
52ad8e8042cdbed
2d7c7ccb2a298e8
78758cf9e3f6f42
2e1eea247c89b38
a29452ee45bf34d
15fe80cafafa2f1
9bea13c690566d9
6e9665be97e37cb
7afb6b8d01b0278
8c9d90bce056ab6
29dcc8d4c803a49
7efa21942b651fb
9ec9da56fbf9689
8d4e2806f89ee66
48b73368a7b499f
45fe87cd31e4a00
ab5466912548740
9d99953122be64a
842e77c5fd982ff
17f82313467b21a
26c1a91902f9a52
25559c71c6abfe7
18c03b111e95c2d
731eebae4ea5b12
8c51579d8fd1555
425802ba84733d6
17113b5614a1942
161807d025433fd
0d1f44d1b91f0dc
59eb9f7c7bdbf58
4ae5ad2279b1263
505e32ab5804bfe
660392dd1d4e71e
95f7f069f3fc08f
2ebc111a70cfef4
2cd96453bfa5778
2edf5f0ce807521
5be009c3c6a0dca
392ec12f4b9aaa0
43d36c017a15869
aaf7e6fb82efeb0
4f609183b37069f
2b1fcc6ba5ea5a8
ab69565208f954d
4c8a8f8ce51b81d
26c2cd7e65c959b
106f0d65730b47c
9ff237c23d4e082
3f10fbdfde7e213
0d3887813f555ca
a80cf5531db6a88
63bab0fcc5c5c83
1195a99f1fbf6dd
5403b72d8e5738b
1aa375bb0df68e3
9aa09934a6a6ae1
21a2fc0629dc5c6
937dbda14d26448
328abc5c85e3017
057540412ae58b4
653a7b7bb070f04
48e7911da7538af
7468c5b5bdb9dc5
413882982e13c11
01a4b2f847260b1
1a2f7ce19d61e56
1dd884cc04f5177
4c274ef27c72809
8e28ea2accb5537
484a1ad54bc14c5
92e57ca93b19f50
8528c292b9673ac
1b67b051f5bff38
a4d6b0b428d4608
3c525b6d122e0a5
13cf10f1bed8dba
17839448a883dbf
661a8647d9595e1
8816f6ccb148690
7515692e1954d72
41e15526aa299f6
84c25db23a57bd9
262ea141c36a4c8
32b29da6a27e671
81320c77d7e19bf
6f39b3193f29002
13920554c6e2bfa
a1f0551f99bea1b
a5a0a921c2410f9
55d778a2ba85e67
23aa687f83834c9
3d2eb9abf64ba53
34a5fde681e7b7f
5e8ba90fbcbd72e
48ec03cc18b5e12
507205e138b4f73
65884a552746b51
97d54412376435a
a6282f00157f7fa
665bf5690f13845
27d4977e0f4fbca
13e430e1e036b37
971e2e283c1cb89
4b98c527231f546
282c9193ffc647e
7605715162b7f7d
41fb70b2a5a36f5
4a3e62999f28c3a
6d5eaa72293556b
6a3a2825f2e831f
7c1a1f17145104f
3c56415ded224da
6bba940c89f6857
81a18f20a7db1c4
504b7dd6dd57107
22cda244b347011
4b28d16f7b5c699
25ae1047ecdb7c9
76987fa6c9dd7ce
75f61fdb23599a9
aa34ac4a23f023a
a01ad80720072f9
19b670b985611bb
07d5706f2023aab
1a91422c5c48c96
1a05b9a75a828fd
63d151643e93fdf
4bddc46a14dc181
8da63df71c1c1be
44f7b883423f350
a3dc9a593c0aaf4
2db3f8feb2b916d
9c1681cb36c9172
9d675d5bfc8eaa1
538ee99aba7282b
6c8a091e7e7dfe5
572ecfed38235d4
372afddf0c42df4
7ec393c9d0de1a6
729144d0b29c3ff
04b1a52e4c0bd83
79d127fb0e09322
316ec60c8a3fe65
7f0c4d3aae273ba
9bb2b7f0d259e0e
25bfb5686b878b5
72255101ecbc70d
5af5e8cd6aa9cc6
2f8f939f620128e
87da655f94968df
0b59eca31742eb4
6926a711a66a2e6
68b37285e092abc
818184e30b1b3d1
520b9ac8290d2f3
86b3bba58011a75
29f0040e11342db
a3fb52e190f32e0
765f05868d46277
0d405cb703fc9ea
1d7d1b8f1b80606
53577efca082d36
767767a4ce1f227
7dd82de4bd522e7
8cb3e2028fb1c85
100edb12adbde27
4f3031d2aa3bcfc
257e479c3a43d4a
534e1b4756ea48f
7689798e410e3bd
9814113607e7264
7b6bdd429d48f94
7c7c958b47cd67b
149ea2499d4a8e9
aa906c8dd1364a4
37390240f5914b6
47914d9efb0e5de
1ce785c81ffdb76
2e6ee9b79040842
22fa0e7fb22ad05
8b701d4ce9ff072
1601b19cd0f3dd5
133db9d2f000b17
91cfa1127cf2b16
9246746b0a61b6d
1ad2c36eaa6af54
2ea4bb4b35c9517
267dc9d6f8d153a
446fb1431e36ebe
6dbc39411fc206f
250fb272ac3cb3d
9fc721837dab035
8c93ade189ba060
1ff6e28e136c09e
3e43c59a848ea49
0c2dff45bb89ec7
306888370dd867f
06add338feb675c
a2c6f1a0a6ef1e7
1b21cf6b0e5d971
80a95fa15d36e3b
3d0e85bda9bbc32
814685790ae5fb8
84cf76d94bceb6d
4bd04980c0e7f4a
19ecd1c4141c964
7fe08725c59e34b
169e1419bf98962
41bccc93c3ee5f4
2f954204be72cbd
55e27065caa58c0
7bbc7cf5cdbef22
5ded8f8db21aced
185f6be89a187bc
119cf05e4cb90c2
1c5f80456d6903c
394758333a42641
1c36506fd8513be
a6a147149a465f0
091d3faf65bc3a6
3874c5e912ae173
7c37335abb4376c
15d1aa4990ea25c
71eb04ff1464655
6c1bbeb9101a126
10b6373e87877d7
85a0b6c9bbe3d6b
9ce47cebdb1876c
7a37a7812869c32
8554eacd1bb40a2
a9d44be2c3c2b4b
3b41570a67eafee
94436550d92cc87
79eee818dd7569a
7720330c478d5c7
30bd7e9e8433ab0
a3195209c875b7b
24ce548af64eacb
455aff902a1db64
9e3a4aabec33258
9f4e69d5e1e1665
4994b496050611c
8bff4ad2dcdf718
0a17af5940b8838
8815729c45aa4bc
3404cd21c655081
08001c03c651e64
a7d71667b039717
70a7d96a908e70c
a5636e828b4d160
149d93e9521f12a
7e62269c3fed34c
828d6c9ad80b351
1950068c219cdc1
2a401504a0cf63a
6e8619bda6e5b4e
24b2021df53a7c0
8e7c092617d8c3a
07b6a26e39f04e0
a3a097331316b0b
27189779e93c8e1
2e5e6fef9297898
1fee9ca845b05b8
877a244d5f8766d
71859b2cd0a7eac
4d050b86d778aa4
8026505463e9807
6ef1ee0aaaac51e
08d8c4cd5e6ae68
46e71227a50cdf0
2cb4b3eaede4fff
a82624bc6659cd0
63b662a5427e52e
20d4366c5dc011c
8110f76273c3055
5f361a4ddaed111
2b34f7054c4222f
226ccea09bb0b37
23cea0919da5229
549ef236f9953dd
027e7e61db56327
9c88bcfb95e37b3
759fa32619e454f
2a75182d4f09daa
99cb830b9779ab2
991685fedd8fa92
06a61d8a3c5beab
a3e739612ab619a
894f93a22f34b7d
6646bef2a843c1f
75ffad9c4136ccd
168b8eeeb64121c
a1f0ac5deeadda7
9edabb8c7d85314
669248348cb0448
6fbf7f8d51b45e6
73d8ecc0b1b5459
75aba4e85bbebae
2845f94c3caed5a
128fa7a00b6babd
33f7ca6ce422a20
0bba2af9fe03fd5
2d1fdf967f7d0db
7bf98dccbed56f6
18bb04369d13ddc
5fc04ecb66080dc
1186ee4ed76dc22
223a11e547cd48c
3a1eb0fc2cad43a
5d3e50624092a05
0d7c98c6d0b3ee9
1007bf03ccaed99
2a99205d4dd32c3
1286f5a96fad9f6
1537e0f10f45097
6972a0bad5dd931
1a6e16cfa51cfdc
96174c6ff9a79f8
4c640578171ada3
15477b96202f44d
3779a4946658897
24969fbd6d92445
a46cb7e99506e5f
22d04ca17a37c14
8c605564ec796ab
99378d0bde06811
05692dad1f18684
5c5a9a15004af2f
6eb948821c9fa3b
66174a6c15bc81e
9de6bb98e108eb3
2e06a57372fcfff
6fd8478cbb6122f
2535d7eadf0853c
352a68879000808
22eb30c0ad8f5f5
85e93b726e3b8dc
2af8c24ab2fbbf5
70197dabafb0054
170f3fdd2a25a53
95b8bd1156bc639
2e3e10bc03c4281
306b6d76b1277cb
a317083d23219ee
0311fc53cd99607
20b4a5d33104c16
6f2fc57ff2414eb
687fbf38a2efdce
132575dad819180
86c6158f830992e
7504721614c9298
a506f2c03af876c
42af1fad1f32974
72233e543aec026
7c1ab75c9fdc1bf
25b3fb6cf37184b
938582352833045
7795b51044cfe74
5aca216da802b4c
65893514fd6a979
63e6e000621783a
a8b3a9502659be2
5b0efca57ee0a85
3574526ec76f16f
88fe937a638511b
2a2494787b53870
7cc6ed46eaec66c
59422ac7e4359b9
16cab391c391e2d
0fd7e70a7d67c6e
7161f5760da4f89
3b16cd4df0b0d77
6473cd755cb2830
231e46cc8eab785
997b852bc143332
165b65e17749961
3470143653624d8
8af7aa9323eb82c
136dd62313fc75a
29780adce25bc33
6abb10ae9106381
62e724cce1c84da
911880559075628
757909b4de09b08
7a1a0bf5c327037
6d98465f10e1581
21c0f3c35737a3c
5fce944dcc462c7
4a40fdb1b844237
827283838af61a6
4b7050911cbdbb1
62069c3cbe78435
6b39cd59dd9007c
367d2916038f08c
00027c69392c4b6
0cb3910a525fd23
89978ae8a1e98f7
8e1f90c1eeeb631
5fc48b426818083
788562e5309d7c0
602a6b38569e5c4
227177afce6ed0b
4233622ab8aef49
0e4d4c45f2dc570
15f154999b8a370
0a342527adae7fa
2be94c46aa845bf
87879fbb3b8ddc9
a7286fa16b2b638
301c206b120f2aa
1dad1a04acdd6e2
03e75ccf9502381
4817f2453084e9a
79295b9450f2567
8dbdbb0b2a3ce57
781be4791998402
37797897297942b
4b1167580464ce7
0aa172f30424700
0dc518e57dae004
5a88e4e9ab0696b
78817f0a57a020f
2a92dcf00385455
8a11ac96f1c36e9
3c70a1562c717c9
517e7e43c1d2895
0614d88ee5f944a
20115dc4d0ced21
4aa11734bc8c643
0d4ceb2e0f39743
3c27634d4c6d225
72bf5bc0e89acae
117d29b26b68ee3
1ab97c2731617a3
25fbe65ab23ec7d
5efebf8510e8c39
302e86f9a898122
1410c208aa4b96c
269afad58b119df
a6f2a7286b4bcda
87b25146cce186f
73cf8a01dda5e3a
73a2dac1ca60f91
1b5190eade6935a
3ed38b4d7be0ae8
9c9d4e2683f9a89
1c4e196f6711910
41c92c0e218648b
21d71260439be52
2b1a49c0cfcca31
4b1680548ec8fa5
84ba51889515d4f
983c8793845d91d
2113ca4836f8484
6e28762ea2678fa
6b44d9c549fec3a
81b528c2aae493b
327518b02aa7e24
49163053d432b2e
20c5ab5eea7b883
70f4b26e3152381
9dd13f679ae5eaa
45419679d7e003b
9c403713aa886cd
4a53a85b2278b63
9d1ca125112199d
02b8218a3ac837f
0e1d2981709b5a5
322b1147e435ed2
a2cc09adec6868e
75bce3750d2fed1
18aec53b5ed5fb2
34b39a42c56e4a9
7713ab3177fff7f
8a16fa246940a40
8e5a811d9c6c151
76e8e74bd8f518f
3cd59040234c7d1
49c811523341f36
40764f12c9fb02e
78f1f913aabad2f
23fe3a87ed7cb0a
6bc0ce66a6887ed
2abdcbb62746c65
96a25a1338dd15d
0bf32b1629de59c
1c77035e2c59aba
02a6e83d6f91c7b
421125bf39f9b84
66b324c8916232a
3ec430bcdf448e6
8da4f74b7b3518f
21f01fecbdbf5f4
446e69cbbdc7018
a12c9dafa82db66
55a950c25eaa148
6776fff7a5860a5
154be2cd7ce3211
9f49d228f4be66b
a9c15b418cbc514
a619ef570bd53cf
573e6da04d6231c
a2113af93b8c1d1
92323d886f50f65
9758229176ccd7a
205d09d54e2273a
a716596c0c22ea5
64a79d447f9b188
5a998cb66e52e85
403988856bfb3d0
23524e6ac8dae16
a5c5636e41caef2
68d6718377bf2d1
a688c43cb6c449c
393ce2565bb38e5
0f3952b938d6593
15d04ec07dc290a
65d3ff151c1ea18
25a98025b62db7f
a4494bc67c8bcb0
3634ca7ec3676ce
92cedf34411d222
85c177085108e3d
287ff4981491410
42389b6066fa027
2b5159b97382db5
67d0335289dc99c
79d2f42a110d38b
2b5836a6333cb6b
7ec5b98d2de26c9
5974eaca500a5b3
894df335fbb9d9b
984cc9f0036e897
7b2dca331743b28
78e23845f91587b
2f0cb354df2cf66
6773f9776c8282e
2c95901adbe724e
a6ce9b578ba4b0b
108330a114a675f
243e1f37c955442
99b3cc85c056d57
3a9a7811a39654d
7271cb46020d5d6
67ec0d93137bafe
8968018c6d44cc6
7e7f2a252b4a683
1ec06fdb116bddd
2371115a9e83357
2592007e9501366
9395d3d6545edad
382d32b7093ceec
435ba8bb9ba251b
52d5ac63df56730
21867d72737fed8
50662f3c74462f3
9d6f9c34ec70706
871bf603982d844
2efb91a05044246
a3f8cee367453bd
1be80633e9180fd
6b2557c598bb7a4
1d4284ea31e9bf1
2576634f2e878dc
aad9f5e8720caf0
67b9e527422ffb4
6df42e61b2d0555
12c500d9e12fd46
54ae2d08ddfb4a6
5fbe6198c8f20f7
07929beba01dc58
51a77d16586644c
049ee87ce4c546b
4cc262916a75c03
a93f367469d46fb
78c3d680c513d77
15852eec852bd08
79b37b329eb3414
92467c1d8d32240
0b8b435487a75f7
5d58e337b284a73
40d894b0661c880
4f9929c2438f0dc
73f1ba640168c6a
016280498f3b389
3f81ee14e0b3a8d
4ca7985bdffb0e6
0f75b650a488912
890d2df20ff6d12
a50685e94f11bae
53d7e6e427a521d
1cc7265e247a68a
24574ce62b5d18a
09a9fbf77dc925f
70649dc85539463
4fc16d1b11b3d6b
85c1692c7433a25
8aa8e373c67e1c3
53242f011f157dd
1574b863630d2f3
902dba3de1aa00d
6bfcf132460ec92
a7ffabd3f2d35a6
aa20fd8570b9592
0f3e916648eea3a
414414513cd5737
0d3146efc6e2325
005e66bd2bdec40
11ea0fd67b0f5d5
388a9ac370bc31f
2a62ba733a91bfd
19cd4bbb869ca4e
a0f42c8c7537d6c
6c8de35b03f9514
9b423a4b63595b7
317d0111fbebef3
6258af6b72936c2
554787622407b75
746a6b2cf91d028
63061a03cdaf5b5
64f129ec08500f9
0f0c5eb74411567
84e27aaefd23079
8c7b64da39264eb
4343820a6cb6ecb
37bbe5b06da66bb
29d1d0063644401
a74c62f5aca5ee1
10acfebe3bf6f77
1077d7ece4a42f3
42c31010e9eb72b
1fdb8a9d708e6b0
741e46ea1c431a5
7c0ca8a1af526cd
351bb185b7b43cb
061beb1ea94379e
961679c181073d7
8fb9710a3afbc90
38aaea35e795e50
a1e77d68293c2f2
578bdb3c382c6da
7ba7b4bcfa0fe4e
966c3d87747f689
a136e69f231865c
9cb332d3164294f
19e62d66a9b2fbe
68e9f01ae5d3496
795789e5aba8081
992ddff3439df4f
9cf6fea802f6a5d
5d19821f00d13aa
9dd68db87a23da2
5470984bc5341a7
3da6035ef1540af
52d5104bcc4a895
34392089f516f31
0c97c9f4e6ab95b
4697937a25b30ea
7c71b8d37e9f264
39a647b1d065714
1de9ef5e93f71f2
8fee3af4e403eb5
1b61b963cfa6381
6748b21118be865
82f02a3b7d07331
3f6cfc7ea712417
68512d21f03b3b1
3b9095de033575b
6ab237610693b62
77bd83df224b98f
285033cf4070a72
1735994a21b2e02
a4697acb3c77a98
3da1a4d2211e547
993975b43fc08fe
6994375affb4a4f
644269e445a791c
2354885bc480e03
552e28ee44bee4b
3076f69e45af6b1
7248f67c99b9ce7
9fa6c0561bff507
0ee1c81fb6444b5
3186cacc6cf6242
2ee600d5b1f45d7
7886e1b731373d1
7977dbc74418bde
3ec80d46fc7e01d
9237cae9c8cef69
4eeed786e354bc0
a37b3fab9b313b7
3bdb657c51f138a
281cb011dc9d96e
4fe20554cfde81a
34dc811c291a7a9
45ac241af7bf499
328f15e9be65a30
21d20087668331e
9d2536772d4b446
5259da461b8671c
7d1716e07268af9
5a30c5af46bff52
6576afea7c0b8d8
8eae1443d5591c5
6c8f8bb1c2e4af9
07eb8b7c4c29284
568dd1df924eaf9
a57af14fd646d23
81cf52d0ff30c79
aae9d71045d69fc
5b219805e42bfff
8ce119c9e45a30b
92cafafa2b37186
412462bc212eecd
36ef339f5049cf7
7fbbdbbcd379039
1ca6e69bf9e5f28
062ae5631146a99
057ea306b81f455
03b2107b6218099
701ed2e341cec5e
79219eee60c8d60
7e18cbe13ee8eac
2a03e240df8dad0
3eae9fcecab7a06
1df2d51919abfe6
1a10793aa63bcef
a70c0be2a4036a7
0c3f502ec3b8454
2a72d373fa5ff81
87a7fcddd8c5010
6ee3a101689909e
9e1271cf061824e
99aacc2171c6e37
4db0240ca6a3286
9dc647d2963243b
7afb1d5d86bccbd
6f7270174355306
8fce684eaece96d
aa3e5df4510167b
4aa1ec320ac404f
053cf2bc921cc60
4e4f3305d87fb9f
3b27609ed417fc8
67dba3aa659b1cb
0e9c86670d60119
645fcc9af245464
35f681faf2b68a1
a523ac404651a0b
598b4d224f55eff
1fb08efd855135b
29dc0230ba90888
3e88e3c0efd8c52
4216790a01fa0c1
778ef5cdee08382
2414e7985f30921
1bd146084571352
78972acb8bad718
0f826bf34a1d2f1
1a6c5e19de0b24f
630360e269d7e82
810a0e4c6a77966
898ef5fa4a4358e
91340a0e9787f20
0c1c0c238786730
05fef0edea3157e
38909d1fc0b6583
1792b1434f9ce52
07a77b8bd66597a
799dd73d48e30bf
443d62aa00a43fa
70eece2687aa826
ab0f67c31712951
7cc22af343a330f
97abe5b46ffcfbb
5633b5ad985fa56
50f46fd9a0520f3
0783b298642eb1e
1932c8305cf9fd4
5fd45a17b5711ce
3eb9e620bdd6e3a
40021cf6966ccf4
a5e8e2cf42069d3
0bf691014a1f02f
3187f453ccd45f6
8473ee054bd8f60
9333f0330be8ab8
a78d8da67350b60
14a722e123032c5
1fd0428938cb21a
9f12da91e855f9c
6c37f046b103147
4a5561321790778
459ffee487d13b1
77515503043aa75
582ae33f03f6a77
1aab2f563779770
779d7efaa97019f
3b3f787ef1e2165
66e99127a026198
7d0b7ea5c0e0b0d
6d63d3d060246f3
8582f181e728ace
411208addca1111
2c9b030fefee57c
3a2ffb33d8f92bb
90cefa58032a141
82139c342174fde
23d301fda901bae
662c5648beffce5
4fffda0e146e924
25d20875abbbf13
4013a4cf9034684
2a2373562a737b1
527aab0bfd33606
47094b27750a009
53b10f933f59a91
434968a7cad7485
87604b0ea76b25e
623938d5afa48a7
541909ae4105def
a7b50670f8a29be
973e37c84da818c
5fd769914b27fee
71ac11cdc555e66
7fc4faa41081dcb
7fcadd1614661c1
a7914f73c347fea
27375cd07d0cd13
50cb9b041340a0f
a872c64de718fd3
239e95ec8242e49
438dbf70619c5e4
511023f668f70e3
990bd620161bb7d
806ec7d5ff6aea1
45d752b93c1bd5c
7f483c33ea452a2
6730ae2af657b40
0245cb8a477eecb
393656bdb2045fd
98332504d21a6d2
8056738f24f18c9
76e5df98a9727c7
6662c6879ed5edb
320f3fb179eeb1f
44f5449ea121356
2762d9877742153
99c069d66f62252
87511e006448a33
2c97615717045b6
4007eb5556bc263
1df1b00fccecff8
47e9247e445a7ac
400746891c1ad86
5bd9cdc31b7c0a7
394327c6ce6c23a
7f571428a84520f
3b349137f1b547f
36916e669555030
4e8795a4972b8eb
908547b5e30ac7e
8cfbc1794ea6d80
271d49bab38a6fc
75656a91f918488
0ff8c9f73dacc9b
9f3449c160cdcca
a96f8bdd15d2ff0
2c053b4087d9650
1efbbf072499603
1acb84837f8dd05
94c9095cca854f0
957afa84e7cf469
48a50afb67e1e13
1334004d0c8391e
1f82355656dfde8
8d4ab529606d3d4
0756ecb901b00a7
2e1f5cc4b9badf6
74a42df49371d8b
a3fb13658f553fb
1c86d80b4a75c78
43d7cc52dc6f10f
147621b1ed43415
3575558599d1320
5f29b4af3a739d8
8fa80ac96670186
8e6e915932f9023
5abc6d13d22fe40
26e9feb74c2bb60
98e6d1aded57839
4a3325e576175cd
89bb9d1cbad55d1
a7963ac580196f8
584c1a6ce2f76f3
4db7bbf30a6c1fa
5cf1767895752e2
58dfed5804a7600
6f2e3032d347e89
a579d761ab90e0b
82b976c0c530f86
67cab90e5b7a16c
220f5fe30ed6d73
8c64ec79e3b5bd0
7bf2f4644e545a9
2e89677f7310f75
39328cd2ee7e7e8
97b99f538527851
95d31dc132f675b
5599d4576baca3c
ab7e20f0c3aba28
763c1e66afe8ad8
8a8e5c2eab2bed4
5217e15b92a0b3a
1cb74c3388c5240
6a5f9e9b510b6fa
0830c8405cc4b06
65c19f40e2c5bb7
a214216c69a97f4
683621fdd65815e
1ad32880e4dbf09
4b7d4c75e0262c3
09b56fe10cc8774
5e5f7cf5b51c0e0
a00fb75877a343b
78c7800e0c9e764
59e80f3f54cc723
52c8907d746581a
3bce79b54bdee0d
2f8afdcf2fc91dd
2a57c0af6586216
297f9006bdfdada
24eb52c9e789a1f
4a53688d1a0984b
1cf1e1a9106c162
ab0d8b9df453a2f
4ae835903054f5a
0cd216501bd46b8
6ba496c920d63aa
6d494c5dfafb3e7
632fddb5e5a20cf
5999bc928ecb905
758ea2078bb4c55
18e54ae949c8443
9e2aa657ada0c48
5d69462a103e0cb
a2ed1a0a897e20e
2fad431692620bc
2d733e1ea3327dd
1bbbae6920e40ce
8f4ea0a56ca2929
03b265b7bd75b93
75d046e7aa36961
6687ea1b90378db
855c25213db1751
768721d3a5b3be5
32bf96d065cad0c
9a0d3172bf44c67
34cdd4d98d36c0c
69de51b910b84ff
0310fa80a84a822
73415d71fba5d3a
4e853ba4bd6902b
23b090a090edb62
8860081cc4a2a02
05c7e4fd5bad98b
17b832c026715b4
25df7bc6c51cf9e
a640ac34a77653b
7b7204ba305c26d
a95a2d376962196
45ab124f3c953dd
55b2c92ae03d114
1b0c316f157fc3d
7d8375281f42076
45dbf1574e7ba3e
762263e74d52c55
75d34f6364b1987
4b8071f3aa944f3
4f6f6872967f91b
206bf9b22915dc8
28fb7d791813654
71dc445d8ecde8f
152af10a618e058
5b35667d7de217a
09b64369bfd4126
4dc417c33a3ae69
1d3098ab1deecb9
9f56f9ebbf8c65b
4e550d4c0e57b43
95810ae3a3fa529
02f89707a9ee6c6
8a4d15b8b4a2fcf
1403483e949a08f
1691ed5e9b58b1c
641d80b2db76719
35ddafc25b6fdfd
0884d911be9bb27
0e1166eef436d4d
1894345cf4f132b
4fd196631077445
aa391643404a61b
1ebc90e0d3a1f43
84094d1ed0b8ba4
22a0d93fd613c6b
718aded602da4e4
64e34e04c44f58b
7e542ed6ec68bdd
2491393eaf94860
58e384d5a4399ff
0fe39bf416c069a
2441f1783eaec16
4384c0cd491a5cc
4c80c5d5e7d3029
8f0c8561256ac92
0106114c386f0c9
0064376ba4d064c
26e593773259a5f
9a936d439b494a7
86539b99c1f15d2
a9ba2a4d290c580
5a37909b89d7ddc
4368b01fd94f1ec
59cebf7670e0708
5f0e2a6210720af
ab9552164d5b598
9541fe1afdbca99
a6184d3c656509a
5ef4f00d2c548cd
6e04989f880379c
5eda27d9038b708
0c0da35094012dc
839e0e500de5710
27110a5b69f998b
a1e89ea06a571df
139963bd02a34d7
0431ec9154311e5
76c7bf9aee58e2f
1d2fb672c08642e
5be9317f1d4c3c6
2d55cd8d4db0b41
57fa05e06bed41f
aa1cf3d89be074d
60140d00156525f
984531cc4083f2b
76d3ba0aa202a02
5ef7981a6a00695
445830453188450
77c5808f631a05e
a2289bb73fce805
6e2e867b61c01cc
778e184028d8ef5
9b74907684decfa
7b9e445d4ef37ad
2f471cc5c11f2a9
8450c0897663b5b
21da188fa04b39a
82ead8e9e39c21c
7bfe2a204e0b4cb
8fd95524ab237cf
7fd2cf42ff7f365
6a4b1a3e0a89149
81f85a27e1f2a9c
98112cadcd06e4c
4ab19fd90370ef7
3362a9fae3e4c41
736b00d978230f1
9e97edff2a16f2c
81e9e6a84befef1
834f0cbc77c21dc
9435d822c0439ee
6d25435b8c281b7
5e6fe86ec90b131
408a4ea98374da0
1207d3b04768e23
2e5af8615b4e5b0
1bf88d2eb4e4937
2309b5b544a7f02
58153e98b77473c
3ef5dc1d8a2d3f9
458576f7af66337
0f48e4a80cf831b
7f2c6d725d6af7a
722972ad72d3131
464f299742bdf31
3e9b97d51535b38
7a7cf7f2d06a09c
123547b98d1af8a
596eff6d4eafdb1
863491a33e83be8
909e55c00f82766
349c9ec63a52911
a6a5ce4f7ee6508
8370cc00da7b33e
a1a4a72691e9763
5ccdf2eff3ba09c
4757340f37d47d7
1a1dd89ee0e3513
32393da168d4404
964f968c361601d
2c2805d8144f33a
25262efe64a2373
a7f1802b6593ab0
63f8f61d2924058
28240ce9a23b526
1b04ea6d49df9db
815e173bec169ab
622dc03830f7e59
247984ca90b2005
60cb45dd99659c2
a37a301eb4e1570
942185db0441124
5062e59c0f6f40f
a8934c24c1c067d
640547af0a14e73
6b7b3357bdceb1b
6eb0fca3bbc84f5
8d73c9c908daf56
5337bf1d6a7a111
90b78e7b19c0122
3beff09bf2c3fab
28a2c9e980a6aca
068ea18d58d64c2
1fc90b4a37b6760
8c1322d330209e4
40a0f99d3511bac
92501d86a63ae1f
4a8c19b92885072
8a01f0ac5df2968
3b5a8b12376d1d3
3973b55a55db915
9afbc9e084727e1
5d31081fdae92e5
4b5d1d6223f1bb7
3c8ed7f40d4147b
3209519b1c6936d
835b26b8cd8417a
a598c00d5e8946a
96db0792e8523a8
80b25175af65e45
69964c06470d466
8d4c88fae3cebae
6f3017ba8669b79
3165d7b40c922f4
0ac0ef89c614e0a
7acb2f9afd955fa
59e1edf7df43068
3c5b01da4187f21
1f333791a60ea73
aa32f7a5e47732e
3915c48a4f276c8
58e010ec18d5e1b
54c13cb5ec7b331
37e0153815fd850
4fb4c25096bbd65
4a28d99668af240
914c1eee2bc3a05
6ddabb07059ccd5
06369f5a58ac43e
1a0c4d0d673a1bf
60ca9f14a27c6d3
015d8a1cf85da44
501b55523579894
6a9da98a7449e56
307fab7235fcb63
36d3c18a5807495
39f14f9f6c94a4a
7c7232b9d335f8b
7772ab4fe478675
17750d622251754
3ea91823db8dd58
929d5e3359725cb
6cca3f3cf0b689f
3118f715a90c69e
059d4f7336348f0
a10e6ca959c78d2
a4f6bd26486bfe1
4698d6d7a21370d
9176d67190cd9df
3f2eeb46da23f2a
8315e40604b7c01
28fef53976cc5c6
2e96a95755b05fd
565c72a2c88647d
74c6bd075503be9
336a9c989dec904
5ae6cf6ce267405
23fdabae224513b
4173977825acbd4
4aa4c8545071064
2659232136515a7
077f14b2b1420de
83104612187b7c9
7a1f0ae20cda933
898b6bd13df2b1d
4d34bbf6a5d90e6
243c2944aa8ca71
a2d87f02433c2a1
94471e1fdc438f5
83f31f36aeabcbb
6bd91cc882af796
8453da9dab2f258
4d82939d1e036eb
6d19ebacf055c20
5529ed0b612f95d
39c39c1ce1c65c2
08c45d314f62dff
45b1a46fdf645ff
815fc78b7aa8ecb
2b80cfb6cafb8cd
1fc3920d996b144
3f490ab6a847228
775fc3d661c9011
5a3c935855e8545
85ca434737c5312
75717e63ff0379d
ab5e7c003f45d77
a111c00dc5e0289
7a4944857b626d7
3c28051e361963c
11b774d577a739a
34378a10bf0eb19
1a4be6b753ffb6a
8190dce4b8c4aad
3862b50aa1a5b98
66d0ec4d658501c
846a9c394e40ded
4e9d0e3416d4841
5cf36107de40cca
71e4640298a3eec
8458b453f748e12
0ff93fdf964bb58
13d2d4ab78fe8c3
00a1901089a3d57
1ddf2d3b76467ba
895c42db46057b5
64640c808bc29a1
5a088bf3d433b4a
514fe638f1454e3
0c49ce67ff92077
2e5b7ae69474350
0d1b1fded2c1320
84177a6f59b1afd
0ca4d82af88cb42
160d88bf21c36d0
31a997b6be531c4
752f373f21ec59e
3f6e9382969e29b
6fb278269fd04e2
4590a9773bc748d
a5019ad5d3ea96e
197416c611b25fd
1e13fccbd2d1326
31c62a548bf8abb
4b553f607bfb897
a58894338bd42f2
145939957260015
6dbfe7290714dee
3f3b4e0b6499b65
442df6d01c7966c
543532e6b8e29aa
37c7baa9c34b8aa
7723508999b0fa4
337fcfee2fdd40f
3d07e1c7e8aae18
47d84e0e9634995
42990d3fa4756ad
691fb9a3b9be34c
11b335843b5f275
17fb184f4032996
8f7381ba91b6449
4ef1edcd589144b
7fd4e05da2e9ecb
0ae762d8e246d37
99ef793e4cdb7f5
0866e3b5b518da5
44501e19340fb1c
235811213c07b24
71fd96f1ba11c90
8737e8f5002e457
722763aaf7c69cb
714173a4c945993
33b4b7d253bf050
5601702fd99649d
aa3b2cbf28fd157
1f0aa59f040dadf
1c931a266fe08fc
63cbabddb392f21
252da02b47f3c90
506199f2d89ac84
98a6ee67a481b2a
a61ac3266b65cfe
3965f30d7b4b035
7f531e7ad69a38c
73233d116cb10ae
06b7e026c0eaad9
7392b13b988ee50
5f29a1f4dc7953e
1d6f03ed3af3928
36054840b211228
6c9fc5ec7699405
8829c0b7427b13b
7389fe4d6a3613c
9dd4d48593d4aa8
0060a76daff2517
6b1d57014d370b1
033904df6536b39
5424280ade9face
9da6aadedf440a8
6ac52cfc82e33da
851ac32c27be705
68692f29e1c153e
20e0f992f2a3be9
067118a62d60ffc
8f0135a2e680ce0
a4f97b6f1fa3a50
0055534eb850d1b
14b52525178d532
5c8a11ac99e4e60
8fe87eaed76ade6
5953217f5cb41a0
15b8f9ec750e06a
00e5ad8b3712397
41ef29138ae8c40
6d7b00919b6fc91
2474a7642c94fa2
582a765b2d37b74
00b869c37d9d0d9
7428c900117b4c6
24bc2839c6d7ef2
28b3f28433e0e2e
73513c84c4875ef
3ba07c3bb419a56
55db79eabefa4a0
a2671d3827de4b0
31db7290250e57e
4e9879ed980d5e8
335659b825268e4
03bf8d5dced2c97
396135c29f7a18e
670e5f52faaffe2
a1186f5415d2be6
1425fd5767fb655
49c747691c08b51
486a280192c5815
83c7690cafc5e70
060048be1c24ab3
90acba6d9a2a87d
2efdfbd727dca32
77d2fabe6865f21
8c2853f36d774a5
83d1cf6f4f469e3
8d25b4388ed9e03
196ae39da3c5368
63735427d715e67
6bb6fe543a10794
8509ee114c09e65
5b658b779edf2d0
42ec1345afb86bc
95653d3815c1265
78cf95b6c19fc82
1008dad136b0ce5
9f04dca0e333976
0088f4b728b4609
a7434196d181ad2
41a9fd2f0302d50
39cedaa6933ee79
6e4194abae8a370
73b2127d48bba92
983d23a3073deb0
47e8858629b2cdb
62150f9db622674
0acbfff108bd7c9
2e7a48c54160f2a
71be1ce325d7cf7
33f0ae25d27446a
351d6ec6ba90274
585e1d6d0cd2fdc
a1ee8bf7819a8ef
5155100865840c8
5ee0e64a2d6288f
2e73c3f5367789c
1811626ed18d79f
07243dcaf535720
5fdd3684c411d31
2e2163a572dec37
8240a2f97245221
38f5f901b7d3375
39c990a2b9f840b
99fcd9f906d38ab
a8702180ff9d3be
a2e89dc68b937fb
386366b8ea989c0
55e94555ed54ae0
217abff4b6f8c59
16b1d36667312fc
73c5e2e1b2a2d10
9e98b3c08950954
1dd9139356c8525
1c4e063b5c5bf01
6cff791868d9a79
9707de004a8f222
550c5cff88edc92
9df0164b62d6d6b
526985f7e9e68cc
1bab8d2da7aeec5
5df4e0183ec5cad
334d42446091ca7
9bc44e01acd87b3
2b7931114c995ff
165b5e1d7460b41
a0386f70bddeb23
aab3734979fdeba
9f0de7434430c12
45b4f9842bf0a8b
00637ba5e943ce3
52d0c0b2f51fb62
9f8ea9813164e6b
342aa37cee06493
66479f93d947e52
25a8196f30d1830
8b65f78ec5701e9
606377b69dad751
37bbb2d85744d2c
340538ed14c66e3
4aab2d3a00eb656
9d0b535fa0d8c2c
60e06ecba493028
63b965de6d41aee
35685afda0ec73c
89e04c082693af6
500509d47619825
5c0d62c95e43f83
80075844d7a7040
80b3d128262bd92
6307806799dd0b9
9265e34a27bc65d
72e5c56675fc5d7
3998c3221e13433
94ef24a9ef7e914
8bb1a0d9d13e9fa
6ea51956ad31afa
7a25eca281be94f
76a426936f5d42e
852879335b892b0
433e1c0a53e73c4
38098b988d524cd
9b283df886e9a97
209fe086feb76c3
95f0b8cde19de68
7ad87affb1b7a7d
99959db5da2879b
75113c3b02ff092
8b4c885c9acfc69
661534244ee23c9
06dfaf4a30d0968
192858aa024854b
3b477ff461fd6cc
754e976855ef0f0
169a9c06df4d488
9d82bfac5234a52
0c89b264e8f1276
a409b7f9a5c1eaf
9b1afccd6ec04b0
5ec5cd069bda8d0
837719eca392fac
3691cfa17ea3455
9191e134bb8eaa8
0a86f1276fa5698
74d3414f9512d47
82c0bf55cf61b44
1a73bd023ce3653
1ca8b31b41d716b
177e86a4181dce5
71ad98a173a2331
03140656a0664b3
77b45834d7b806d
62cb5d22b0e1f5a
1f697adbeeda6fe
464bbc5674ef388
91d6a20a55f9fec
3b2ec0a5eba6f66
5848e613664c871
1d3f7cbac17bdd0
06714ce03d2419e
51eb3f8b72e829d
51776df83f53b5e
1a78493fc9fe748
2c334fc251e15ca
3b519b6e5d5f971
6bd2fd11064793c
0c234b76a470f7d
0de059fbb0eac0e
a2bb46485f41ba2
870742438d7bcac
9aa5b44f61693d5
a1e05fe16944199
0152f0837718a71
a89aae9808ec678
990226336cc3969
4debb7fd0dbedd9
4b4b1d00efd99a9
509eb9519b1567e
275f5b5e91edd5b
5a3a6fe4a37a521
a130f7e7a088c95
9619e9f2498f3e7
1d4a35d48031e10
15d46585817e491
5875a60a7b4fcc2
557e6bddf285066
491e390c8edd5e7
13299d5067d5536
a549141e2cb49f4
4d7d3585d151af9
518641c8eb8730d
071ef9dede7aa1e
1805b4adb4e744e
116374a1441859b
1e72462572add04
62a364231e529b0
841db277d438a03
00739c97f8c0676
a83cf3089fb8bf9
a1849be629332e7
2b76c82eb4812db
5494621bc3731be
188c639dd089d2f
104c7d66bb54b62
30372e868464320
6db6d4cbf08f7a6
72632aacfa709d5
2b805a78ae74441
0a2189ab83efbdc
6add08fe7d3c763
36a715ab0251a83
64f5aedc9dc385e
3c981cbd705170d
40eb2be91575336
7c58ccf3a7da36e
0b46a887a55edb4
89e87727e4f5c70
ab5b801830968bc
9bec47d9348b3fa
3534955d9c600b1
6d32bc735343d25
5065968bfc59f89
50f90dbaa0a4a74
3fb46d0c64129e7
0af837a782e2e51
637e64dc7ce1ee3
65e075d592c0106
7947550bfd94ebf
378c210d91496cd
7fdd72554a13e1c
a07f982d0ed8c86
a80bed2ba4e33ff
83f734c778ec132
48af9e2ac88d982
9c9c70b345ff6f6
56524fab8aaab2b
1b7e2d9d808e18c
1371e53434f05cd
58a3a7888ca4b43
355a94e266055c1
6fac0f8873baf50
752b2778e8ed625
638e3afb2de72bf
80c7f1a61005749
5ff984e3f12e3a3
394ba0bf9e2661d
8a3f0fb484a9333
749cd9169e38369
136f2e14571549f
849d99c7319bb5e
136fad804d3ac0d
6f2cead733d42d9
8e99fed5c90ea82
83af537c309ae8d
3d996abeb2ed5cf
94a4cbbe757917a
22ab8b28f5672de
a2cfce875f72f06
3c187b9199ad3fd
70e0a287c021161
8ce754ecdea8da1
91d2368415b001e
28645687abe9cbe
3af9f1b79e2cb8d
09677f02be57b0f
1fe12e04dbb7eb1
6f511eea57a2cab
9784742b619cb30
8a789e7d2006ff5
37bfd8771b05e48
23b0d37fb4cc37a
a9c28d4f9dea81a
58d1f4bfe2930cb
67e59a8b8208324
2150e85220915d1
a1ce668eb0c8177
2bfe0968fd88add
18a9d52691a79e4
3c1c8cd34cf39d6
56d62a04a61d266
200d308b09944f0
8852a890dfdd82c
0926f3df7e521d2
6849fa5b31fc6c3
06f1fae430dd626
371998def8a9bed
73819c66234bdae
8bd3447252e5d83
8a377a913797a2b
979f96daa1fa579
1ac321084617636
2b245fad7569ce3
32ce35dc746bb87
606f749fd9f1797
725bcd682b20910
8af4de0706010d6
9d695e2fc5bdd2e
8833ebfb34c988b
8dfb3c074652972
1ec4488566b18e4
5c4269924752137
63f162dd11a75ad
8b05fe050911651
573035f34a8daa9
49cdbcc7e550b67
734218db1ca67c1
730c737efdf8ef4
3226961bb371924
0efc13db18369ca
1b68a14fca939e5
08f57f1f2274eab
98fa4852bd26134
038be018710dbde
82481ef680287f5
a4096dae74253b8
a073ede922c1ecd
1b6190d59fe7e4f
92bab63ab930083
a8bef7fb6bfb99d
97a2828eca5982e
1adfa96c5282324
7908e6341ad1168
4c6155155fd4eac
9d51cd725358f9a
6c14ea7ddbff308
3783cee9850e5c5
0c50ad1573b5dc5
13d945227be437b
8ac5f622b71101b
9f2587cb0d1e3d5
6fd81ab72d76af7
79cbfe2ae94428e
1b4f7e40f41d7d3
9653dcde98054d0
75639bf0bfdc181
6c739af0d2efb60
6a70063281709dd
82763383df7db99
1dc4f69653e70b4
3f52595e7c61b54
52045215a58818a
21ef8bd44144b57
6f31290cf0bab68
707c22e56adcc9b
42a66226b93f9ef
0f11873be35f1ee
9484d1a0db44e4c
99b20155c5572ce
604d635bf6f989a
75f9faf8791ee3d
3be8f62dea6b2ab
0e8ffcbe2de29d8
05490f74a557b1f
6c5094622dca555
5cad9cfd78c4942
075d9cda4ac750a
2670a79e678dd86
29dcbb29cec4d54
2880173dd6345da
01e58cdeb86f9e5
629b0ccacc3e25b
97127b5d61d43a1
15fbcf7bcc70334
655194278f0c7ea
a0e7954c3ae2ce9
20ef34876119f07
4b879f2d8b10ca2
7b9894cf511ab5a
97642544798ae92
8b2dfef801a50d6
7dc42eb7090992f
7392fc03c53d3c2
71314e3d037b908
7685bc124d7f5ce
401e85d077e65e6
4bbd0e5053fb361
0cf0a082868acdf
73b135ddef10a5b
65ca94e852d7d9c
50acfd01ae3c25a
3a421db60acd003
7d275571640faee
0483ffea7572cda
303c5448093c348
8afaaf07bd87094
6c47fba873ec264
10063ce26e8fb1c
323b60e7b23b505
19f7f49e3a9a86e
97271f27acddc06
97eb231549a65a8
050156dc66c07f3
7ee483d3ff02626
3617cd850218d65
6998787ea8f8126
3e54465340c3794
906e8f4dcc6e8a3
8d152ce2288ae8f
26bf26229363546
712a9178cb458cd
a6626677bc57872
75ebe19fa5b2523
30cffa2a70da04c
4a2ee2c057fbf5c
72766a4f8952f24
8c6d90580c6d914
84fa95ded1de9ea
250fb854ded6802
25fb9c590444c5f
1f5c99c206aada1
369724395a8020f
0e9c2939cf87d3f
a4cb4206cb33543
4ac305a19fe6081
0bc5ec003e3f0e9
8d7e296da46fee4
2bb52ec87a830b1
25be4dbd557d1d3
2ce05a5be78fa2b
92b6260ace6956b
95217a2c1c257a5
5bb0958048ae155
0e66b046d4fbbc6
932ae7f110e8149
3fd94e81f277b79
1c482027872c058
2f6d99ab6d982b7
9ea9174ca14f759
8913cfe8225cd60
1f9ace9441bd396
409e1d6f78af122
49ef4b990489265
399baea2bc1b155
3e93e9eff195dcd
45620fd6fc155d0
8936efbe59f9731
281bbdf4769040e
8b616bc38b7de6e
0aad580c5960cf2
8c32d8412f77f31
7a89140176d5ca4
3d15e0a9b361fc8
71e7d4c17de13a8
2c3f853e2c9852d
738d0baf333125e
52cb384791feed6
1eb74fa2b942eb6
042eeea553e02c4
9d90c055c0f59a4
87950e18c19e251
0aba9d843fe2c60
319650f785d3d7c
47bd4dd324ef6ad
63b43e0b6c8243f
22d66e151890b08
62d652b29b6aeae
6fe63ffdf9e22a1
4cdc1d65fe5b992
11ba4d61ac5201e
97a73f0ac07c20c
6dbed4d41840bcb
2c6aa3eef441e5f
421d6b74069f56f
48d09cc847bee9f
9ab341457bff434
72a2ef2bd429f20
1a8c129d6e0d18e
112a0c25efe2b95
1778af5b7c4dd34
1d898f7197ac13f
175ed2389f0d910
a2e13d10d6d8fc5
7f00a159a61ff54
a89c42cc0ed8cfb
52c7210b262ff91
714d38d330378c7
3999ede4141bcba
9e2eabca6947958
41f9b6d3d67ec50
3a5666d6ae2b42f
72bae809a901287
1a8fe9eb6166e11
1744b51201e724f
1878eaf2e29f93d
723693b8c52a5c5
a530808811b663b
210f8c4f14fb674
1583e34a277650c
9396fba59e4574d
8533f2edad22ebb
925a55d45041c71
03497c3c408e86b
4d67559c046caf7
3d42e3a4c76e2c3
a204722d2f619b9
430fed6c72c5ded
139045ab6a9b33f
04de3814f3af5ea
0b6b80eb8dc2c10
7ac94f7bf593588
90884a88baa7085
2ebeacfc56f7dc6
30d424061a48613
9a25d6d59a653c7
7174e7a90aa0f21
38bff7216e14956
14810199b046925
8ce9ef0676acda4
646c157fcb5f027
52efbf5a6b113ae
302597cce36caa8
0de9c73d0475737
48f0a0c154f0140
26863615ead41d7
2e1771567c5551a
91aeff901ad24e8
7acc25f19df534d
5f682726f6cd2aa
892808978265494
3cade9be6d2c050
6efdf6f94a1469c
308f66f44e85e21
0e742242e325c47
0ce5c4424af4a7f
1d63f539ccc83ac
7fa7f866ba38be7
43ae9d9c3e2d7e0
330e72e5e3a9a85
3f207442282ddf3
63921678cfaf6f1
36af91b3fb284a1
85661559d3476c8
8ddfb72f226cab8
65991d2477932ed
4b51d389b3e2402
811fcdb8e843c41
6152e397d2c5670
55487c40da30500
0f367a0ff84b58b
75718fa2d09607b
52f6aaa3b8e7e37
a2ed683b8619a59
1a068f02ff28a71
0d201204ca13bdd
149f1b46836bd34
806d3bd5b4ed0b9
2669b3775c682c0
876a8709ab2e2bf
22303b6aa8e5ca9
7938e508cfb847e
4bf91bf3f22fefd
23f8ca0d6951ce0
09cdcb1846a5c1f
14d77a7784cf76d
ab6a080652c951f
8bff89116635e3b
62062a075eb12a7
3b073fa669f21ab
227305cc14dd69a
5e103e7d985a65f
54aba80b8a868f2
73f93e45d3f417d
633592901014d97
ab144d10217bb2e
44ff774f04e15ba
0107c1fcbd82d29
7820dd45d6b4e3a
5c3ad9a3dde90b7
a91469986756c29
044da8c21da2653
15c3e5c796398e3
7403f03aec1f1ef
422b8c46d856cdb
a59b464c3b4a156
5b9f492fc40d336
9d85e833d12dbbf
1e521bedaeaf016
2462e19475866cb
2ac23c6ef596b09
8a9d646149bd186
27d1ad683298f6c
a2d92fbbf974070
81c245371b0ba4f
8cb613778e36266
52f0ba556422ede
0cde9eed78afbe1
4f33b030f769774
56b478523961986
7a3452b4e9d8744
032a070f06ab9d6
9dd4338ea88c655
83c14f51fb67df1
9432a07235a639a
2954d0ec240807f
7e6353303d09f77
9512495ec6301ae
35dfd0b31428bee
5e4b2e1e89ed45e
5dc800502a7cc48
2e4ac2d30810a0d
2a2d0be0524f188
059768bfa876bb3
2d6e446efb36b7d
4a13c04c518a51b
6c2edbd2a0676d9
66a356a472f2a32
6f25ad326ff800c
0a23a338f3469af
208164781c54b9f
43cc12ebdd854e4
65ec5bdc2e6abde
74eb49fc454fb02
0ffdf242fe7d842
539dbe21c443d53
5db955f08464f61
31dcf50d2cb8624
74fdee2e65ac9d4
8e1e53e4ddc661e
4e3a70ed7c70600
1b45ac9ac5495eb
24797c154b9006d
3a605a917d8291c
2664da9df428e3b
85674d37e0c2edd
0c51018ac5a9e32
7ebca74bbc5b6fa
3a68b55b5ebf47e
536e51a1d611e24
6fa39a50f948200
53e876fdd7035d7
14b5c637e1c918c
9d0d5c80c8dc245
105a1f1ed4fd78b
596dc1757391b11
2078e08e56f8d46
78f51cb669a54bf
5c3c34a9591e398
279ad71d2566c8e
1704949482e4bd2
13f968371db4710
a967b6a1680a9a9
1964f15a0577e6e
535adb84cf5a68e
8675c1fc21d37bf
16c4b9a464ff926
48d8864bc9cb6a2
991cb056e5c40e4
805c22a05ab1f1b
a3bb363c71b8077
8eb6ed5b1f351b3
29c4e4c0bd281dd
5b7befc73a3b78c
0b7c210e9b855c5
9a1f1e6b81c88a3
9fe53d385b9402d
4b99e31dc56e9cc
3daea404814ff59
10546f13b65ac41
580d05bb3d11f7c
2a4a26fe4d33674
276cd2aa3f5d1c6
4d76edbdcd61f83
7e7d814cd7bdcce
47cff2843902d16
3981adb471c7a7e
17b43824b98cdd3
75291d8704a4c55
291e0a096e8ddc3
8887cdffc792105
635c2bed5c3ee55
66925ab9284f24b
29ec89fe77786b6
7472f0d2cf37e0c
6286ee245956c73
222ddcbb42e73d6
565fdad616b0604
8b2eb4e6668004d
765fb2f250cacf9
54b338c003ab0c3
6db57781dea9d7f
8ace510362a5377
5abcec272a7869f
68adaf84a61fe7c
821879df0bf01fc
113a1bc59f8e73e
2e025ca804c3d7d
64282b1671b8df9
9ded414c1d35d82
8a5a88245e0f87b
068517560dc02f1
6594c2288304d93
1e640d45e367d47
0c316fb76b58a4c
90b9ab67eba206b
0dba37a46f23418
120c853dcaeaeab
5db779e2014ae32
7129830dbc8b9a3
1a629c9ec1d9b6c
5eaac8753ba0dac
1a3bd9b5e5d2785
0e35a0a01d88185
4a869de3e0b9510
a41df93fa8de055
3369653ea087061
1c6cc8b74a17c03
8bac9178bd1a584
7c52f3b1d146822
552d53dc5395c45
64698ba12715724
2f2bb130b0684e9
776e522fb265ee8
0de57c2c9650840
3d0ec2139db7450
303819a4560a930
236ff9ff3115e55
9a068ddaac446ea
3c7a49d42ffb805
405f28a77d76d15
9cc1df5f1f75d0d
8fc587b3ac91190
28d032ecbaa8d8f
294f99b32d717bf
9d514a66177b05a
39c94f6da3d97ae
5ba004562dcd4d1
4675dd4abbdd380
69a67ee37ad074f
12907295095109d
6010743f8203458
247a8b40add6414
896fcaf8b81fe07
9df5648a489ece0
7345fe3c793a034
0abd3593af42100
a90a3280c523194
30a46514557e2fd
2e3e1321f7093f1
9bacd6ff071debd
ab40f6d486d79f3
8478c09e15b69b8
3c81cc749cb8917
3de53925b364f60
a13254186bb27e0
5082a32afad76bd
8e7f2b6665f095d
4577441a7d378c5
255229e3de44749
6c52172fee402ef
7054e2e371d9cbf
40f6e035ad49317
3a388aa80c93e21
69e65c91159164a
4912dcb1ed2cb03
66d440b9df3aebb
0eeb1bd02dfecc5
5affb4f2067bcbe
1b39bb5dab83564
15d84186efcce64
35813e2943186f6
3d6384159cb0556
42e7d91d38af01d
8941843c3d29f95
5ee400378ee15b9
62084bc8b5a9d99
8b3fc881c1dd6d1
3e6413f9cdd90b5
2a687db61e7d773
9799e0c1459d812
3491baf738457b3
36b42618fc55447
64703c3fb44587a
75e330b861401c4
26e44a28173d285
5a4c5496422f796
3bb04c047d4f7f1
463a5ef200fb01d
56cc13db41a8be2
093750dc46ede21
1a8884c7cfd3eb7
49182cfd5bb48b9
286ea771c69906e
27cf6581025d1ec
290da0dacbaab42
7da6866c6f03bf7
3faa2261fef5629
40e0274d6042850
47441e33e76913a
7e7d8d62e207e04
081d95a2fe5ffe9
44292439d80aff2
47f5b741fb9a198
1c22d8cefb531f1
a36586060112213
9af08bf6af5e029
7c58bc57de1bd6e
7516440d7f5eca1
424c0ca3dee8947
7a84e8125fc373d
4add69a26b0f696
7ff05cf0882c9f5
418365435138c0a
573d8d826c3f7b5
08812a890ff5426
7f0c5aaad9049ea
64737dc69e6705e
3340237c3bd1d16
038c3a742e4e0a8
8d2b424b2de84da
17b1b96997027c1
3b964d8ec3bf13c
4cbd7cab7a5066f
2a84d0637947daf
883ae6963398032
a82d0d9779dc4b9
2ccd3cc56d6a51c
a1eb44217917614
71540022abd589d
2c1ca0dc45fe124
397ab3418ebe7cb
9979909571a7bfd
2ce9cadb3691877
31fb495d308112f
3ecda43702a896d
39f1e8cd61eb6a5
138787944563a35
830446816d86951
29d3595e394dbec
62ef2569c71a5d6
39090bb74a2d3ac
07704f9adcf8278
13d5e164462a446
6b32194a9203dc4
4240940c6ac6a58
a92b0e8ddbc7926
18e67405f8963d4
5fb4ae7e446c06e
821e37d600b6ee8
8f8f12950c19aae
16ee7cefff4f825
1a6772a3a1ac38d
0c100bb664803dc
64903cdb435bb71
1dac93ee5851ff2
429df65b733a71e
9facecefda84fab
1559cefe11a6651
24db84a06eb6532
8705b85b4fd725c
4523d2b6e0f5ec4
0e9b850dfd603ce
035f9e67851b05e
3aba0fd234bdcb4
851c82ff4fa3267
86b4d4ce7e7cfd6
32ff704ce1c5d30
93f6c8ef0c78a84
3a6a15956c7cbed
858efac9ecdbdc9
4f55476b3cb1df2
93bdc4adc74623b
965ecc760cf6242
1137f0b6c3fdb5a
76079a79fe718db
54fed628d0e56d0
176b3ccd4517503
28a48539e4549e0
96fd21399bdcbad
611a31d39ac8e33
61b3b7dfaa2ddb7
a250a4f5b68344a
8c97150751f4207
5bf3652037ab806
442705934c16a0b
853a5ae18c54068
1add438744b3d33
1841871c0b3bb53
08cfa2d1306c020
20db8d19478f22a
0ef8ac484615db8
2912062b94330c1
8a69db1fa83a7f4
0936abf8981a345
6d1c5ebefe38e76
82f4670df278212
6d5a3af9eb8354f
8efdaf9bde70f18
18c4d2e434d4510
9e706be66c898d4
9df3acaad4056de
4dab8c5772b9bc3
9b13afb3e3a439c
0c9f51b22516224
96e339ffde2b558
93455b9a0876ea2
18ea8036e031f11
471535277e346f7
4c87e70d4d877ae
537b5721aefef17
4a6cc6484999290
52dcf92f045263f
5cb2375bfb8a7e1
911243f6e7d85dc
50fb26e2bc2895f
4536bdd7f2de950
046250b91ae1e74
9daf37ba1e1512b
71780a211ad0c66
3c2fd34f56c3f9a
61dd7923c9c4a7c
35683e8a9ec6a19
644e3b3797d01ed
652119b7fbe1879
229c84706aaa8ec
2ff7cb193cfc804
70e2b8945d5cdbf
72c32ce44c96e54
3447e80a3d3493f
68aacdd108f4f28
5cb9dbf776e0514
70b0e4cdf34e837
106f5e2440ee1a3
8ffd4ec12d78848
81767c0fb7610c0
834526b881eac99
7851727fe27d5e6
864b357f53d1e9a
0ee06f8dc26be4b
614de0b32571de1
5255a9766504157
5a1272ad757e889
2bfb9837e90db40
15f47cd32fa12c6
8646e726ed46bec
9633b267db740c0
aa9984387fa91ca
2dd0fce4c10a8a0
001a26fd855b0b4
a76eb04bba697fe
6e63991b2568281
3f0911817f00644
0c461fdeeaef370
a5326d3941fae5d
98320ddd3a8df55
06fd0c74c020e85
032088daf81cf84
16e47c4d7150d8f
59352d62b843736
3fbb817a39ef8dc
568aa44473b8aa7
a21d6b1227b4159
6767686d493e945
768110f06585568
06722d3c3b80a55
8128c3e0bf82eb4
95de9a1e5f0cbb7
80a94223c8d2b31
1483e1247d9cfd5
69154f2ec529fb4
699ede53bdb6a7f
a66da4d1540fc64
36875c0bb0b5cb6
a295921c6f8e5d0
a8b982747c892f6
5780738376b8e48
1857eb773791c79
54463665f854f9d
96ed9e5fe4343d8
2df4f2c5f49e28c
0ac0ef4c9c19753
9b63612f2584100
82800a133fde9d3
6ea1d05d35e9eb0
920270d16155d9b
31f015bbdbd27d2
4ff67100df64172
2298aad3b08293c
08ff8b9a4646d7d
4ea6d74d4348773
8d8bfc8a7048a62
11a3d9680a07d6d
0b75254acf239aa
6f1f2ba6cc60e23
98def0583e5f704
47f695ca1455f85
6ecec221d1adfb2
85e6dd03c17c7f4
1053aa4d6630b69
506df90080910ee
000f10d43f945cf
4deafc48b446fec
20d1ecee41176ca
8e5d21f207af37a
0ef6e2f5f31e351
18528e5f978aca4
4b1e48a34699348
5a8b0e57be6c966
36dd723151776ec
8e630313b20205b
248ceea2cfcc1da
0e8883aa3e584a2
8224d046252fbc6
50d1e8e5e0edd86
a3e31d8dcc25e58
9184df286217e56
a3ea957fd42d74b
47f8a9b0546e4b9
5580e1104ebea02
8629fe309311aaf
02384914abb84eb
898b8ef4c1eab4f
05d6c0f5ec963e0
4358e979b61242f
23b3114116280db
3d3447c76535c61
5d67e37f21d4acd
312a3086a5e039d
a6907d1f1cb650d
35e6c32be4ab99b
71007bc6a56d402
1caa9858dd0a492
397961412e0b999
9666ee720b67fb4
92d9496a51133a0
651281e308a00e7
8f1176bfab07ee4
a16d2478af19292
6c6b07c4eaf9635
45bd5b6a55741f7
5d9007befd1226b
50711779a28b423
58fb634c9cec03e
02e16c962efc628
88015db012c286e
259fb539947c44a
831a5b722cb0c54
6b02e905f38341b
348e8915614e9f0
21d21ba40b4eeea
0780e7f13d16acc
7ef99a25146f512
266a62d0eb072c9
5fa4e504f9a105a
89b00f83071cbf3
31e69844eece67f
39d339025d40cad
0963c2f38ca1e76
8f8ab04ce8729ae
212cb0575f566cf
0f9f4ce2429d0cb
743b3ca3804c695
957a5619b8e896f
0a7751153350688
a822d700dc66d2d
25cce5703cd458e
8c29cc1eab1b0ed
3fe398e91b9e489
91dae124f53f74b
5657305981e7018
5f3ae57356e78dc
4ea66413e62cef4
33cf9003c084d89
3c3fb41dc017b62
7037f73e9e8dcee
6bd0fe8c77f60e6
05941c8edbf82da
a172932045107d3
2043521024f1ffd
089ac62c19deb3d
09e3b436f169fe1
0d6d6a53bd4d6ca
3ca64db9c5f9cac
771b8dbd9eb8fb3
49fdf86d9f109a9
4ceef334a3ed344
066e866201e682d
43ccbfac33b64a3
35ab18264a253f9
ab0471f8718e650
36caa33aafbf3b5
691fe461638d957
a2d08068bf0ee77
1efada9f405231e
0cee9e16234facb
51f9e5bca384f01
86947d3cb63f660
35cd316b4dcb603
424c22201896166
4249b6dec56f83a
9c93001021d7048
946374a8472f893
08bd1687c4a7c56
2d18025faa004d7
0752ac0750b90e2
63f1d5172c09f28
9380b20fb63db21
365ace75bc84d4b
78bffaa5a210d61
0f8bd8b302c00bd
aafc6b42a1351fc
1be99ad12654ba1
141ace0bd48dd9e
8a30a6e340aad7e
079f34a594e28dd
7051dd6249dec94
8fa8643762c1a54
5f6e855e4c3fa4d
8bd89068e695c0b
8e0fe5036db65df
00de05b49eace9a
740d84042db2edc
16983c52b360958
a9135df7e0fa47d
82097fec4af63c4
331a667c39c7f45
a15a2a823711035
9de9a4421cbd14a
47e47e3230623d4
4b0d0b73b4bfb5a
0d050885f4b32b6
1a6f3bb8272d2ef
4dc2abdea344f42
38cb1ad6a5a459f
93817cec635c1f4
17a468d36362817
34dc8f8312ab4d7
6dadc12f2e5cff2
3b87a901dda2d83
28b99dac67332c5
8b600e772d243fe
89b8ebd582fa675
9ed85b18e50ca07
a189f7cbf03637e
76a764ce13be063
630a058926b2e29
70996743f778a96
4a023ff702c8304
3138a5fb3da31c3
1df459d5c66af6e
87d23b7bf5dbe3c
12a9547cd96657a
879e85cfac4073c
451f159f91f1c72
7ff0f070997958c
7bf55054c38508b
787de7b61c46ddb
a8fcc8371f67e71
06cd288425d24f7
71abba794b940ed
654d05f170652b2
6e081f222a6f264
6ca946f947c606a
0f252685f0fb386
37ca8ff75ffdc14
15775e0cff2811d
3cc404b3f5f18b6
39690323b9ed7fd
3d9b759facca9fa
a710f6ec65a7184
9cf6e08aaec8207
191dae6fd05148c
54b64d964fff833
7e8fdd79ba6e71e
7d203fcd78ab046
82ca95d38f622ea
29912226978091e
999bcc6716154cd
290014c45e23207
267a96175d18d63
2715334ef69007f
0a80a566d60b5a9
9152f048ea061e9
a0c7c3cd5694db6
2845eea09b51eb6
693b11b76c6684c
532f7690f3f5882
a8f7b60266dfe04
0e942bc9f399f38
0457a9c62c359a4
1b877795b65dfb7
71a7b6953cd8e69
87a4a525c448865
218dd731186379a
146673ddd5afbb5
28d14d89a117a5a
6e22baed3754d62
83c401faf0d1fbd
0c559d78d707be6
32849a04638385e
1ff028a1abc98c0
89d49fd6a37642e
460575829d5f801
3d5099ae22e3d28
00984086e70d6d6
94e02a565cff8a6
0bcf791d13ba2d1
3f4a0748d38b02d
8ad348cf8205855
57650ed273ac628
5460c2634a7241a
4f84eca25cba530
796062dba3fdf81
7a37575ced24203
69071ccf8202eed
05fdf9dad170c16
77108f82a11204e
75b0d74ef8acc81
6b68975de29c7e5
20f804844fbd657
7e1884069fcae3e
5da79fb59c6c562
34d1d72be17a8de
0777d8a383d07f9
947da94c3113788
21e4b686cc6e1e2
0e07df4e1033732
3d8712ebf2e45ce
3a9c8431744f0f6
ab72d6a19176d06
2705dcd1a778835
3f0ca77a71c770f
3a21fb72674c2d7
3510909435c4254
04795810834f97c
883ecd00c9ae03b
8608c7c42d1bca4
00eb60461ac9600
18f27f46a88e2e4
19ef06859aff7d7
245ffe5165d7d1d
75cadc2625f0fd9
22684d11be39895
43cac26e0cb88b0
51cd4ca2f20a6f6
5f30a0af9c8aa6d
3846a4ce3e0ff72
07687f486e9b214
163e84d4e798365
5d85972c8e11d30
7209854adb4129a
03d7b256b44965e
22bf47215df3c60
1b1345875a92405
4c2b12631649e5d
7e389974ed2451d
2639a06437277f3
aa9d492165f5142
a4288650792d54e
5d3ff4c6dff7012
4f715f6e6a86bac
6edddbc7654ce02
82451a49132a63a
017467bb3ecb83f
3ada2e5fea3f6ac
6e2699944cdc959
0dd341f7ceb9778
35cc9f787b3367b
72de0e6ff59cb03
1c66c8c7942f1f1
a5a10921a836fb4
618fff473d45a58
872fa4b62faed50
0b466764a0b1e86
3b9c9af193bbb7b
673928f45d6aba0
89136034b0e9b4e
1c6508cc7d0b8ae
a5690b9b8ef357e
10fa2e32d9b7109
79621ecf1caddf6
376582ce0549ff4
a3d49840fb810a0
83d6ae21fdc15e0
12f34e282ef7850
973114857703105
9c5113ac8c13e6b
9f8b824889a70bd
7df5f57467792a9
8b9839452eb01bb
2433385911c3660
7991193aee861fc
55ad91a3ef55a3f
a347226325d7697
3d5b480f712d006
2f91754e5aeec6a
1d11fb2cfea875e
7ca3d3aa8e6d8ed
6c8037c24ab64c0
4339c3386d53b33
37668984438be3a
34844b9f2700685
8c711a29af4bc32
01e61383451acfd
66bb82c1b34d23f
58fd3875b8b13a4
18692366d34c482
9d5967fbc4f1126
2e6267f1f18bf7e
a48bdc291253334
8227b67eab32dfe
0d8e5fc3e359e8f
83a453f038563c2
2f6d364b43fc4db
42ed6f6b8d101a9
3aa683ff9237bac
1c9fa724d40495d
39a0ac1b677383b
67134b46794ea69
688caf085908bdd
7553efa1127a336
5383b5efdbd72f5
4aac5fc7ecd9e56
1c5586810b08e45
51ae63329ca7cb5
0030bf76bc2a907
9973913c98d93b6
663b3a1eb2cd517
5c8ca8b2549a473
43172ff8fe395b8
405cbac83e75d7b
7d1b26d9f35889b
0d6846b77cf9d97
99db43c7dc856ea
4f29bd079bd251b
a45d9b9df2011d6
6d4301894a8f31c
3e1950a53aee6a0
962b77b76bbc2cd
38b85502c0f303f
341ca97c24be89e
69f6289de12c3b5
58d03b97007fe22
5b3aace23ddbd87
09d06106c817fd8
66bb569b9e5d422
2e73a76d0d42840
66b4ec1a309939d
7c6e9d965a77f0a
6b575030a06c98b
518d84aa96706af
855e4b9d5f07c3a
1ea3e2d8e74a290
a1a54e35d713749
22868a39634e63a
2ed017bfb009468
4ad0086edbb53fb
2c60116ce8390cf
490c8939e30fd8a
5bdeef82bfda8bc
a05cf5a68345491
