6d2e9cb04e5f152
60ac9589cb87fef
77109b3f72041f0
65138aa54ded306
686c514ab1f1cb9
a930990820d4637
46b94a54486fe1b
404b5b8fe11370c
4043e4af9072dd5
852e4862d75dadb
63fd0c350ae1132
7cd299922d31813
513ce856968b954
792918d94ca7438
85ec45fadc68837
27c124601f2a83a
a9691806454ce15
8c5e759b0289ba9
9a9d0b92d62473d
4c72dfcf051186c
5bc843e294f608e
7ee729db5e27424
739c0b2557cea38
42530699080d43e
8a6c15dd2b5d225
93dfca9387ba07a
758dce015ab5498
557be40ecf4842a
02ba68a310fbbd5
273804c0cdfe46f
88b065c977be8ca
5f6a0457a20f9e6
77dcf44b14a97a9
22f73830b02af21
7128522aa5a1584
23500bd3d1b066c
1ca0a562911970c
0908a7694e06c6c
2d90d6b54797aa1
6addf44f94f7d8c
a6f41b046d0fd30
2e837fd88706d36
1bf4099f816cdbd
5f3025187006404
26502625a8551a2
7d6de5a3a6c692e
6db4b051bff01e3
6b69dc0fc911745
7065b82d8a0a075
79295969dd55b57
3a22b66be1f3bef
8df32a176aaeb9f
019a5ccfb91e5c2
27a7e32625b2746
869eb6d5d25fe0d
5684aa7389e6e0a
a551a9cd62e5e09
16b47d33e7cc2ba
51c0575fca6be28
94932d5a025641e
89f3c2c97c907b8
8bbbb12da2fb267
1bc37cf87e76c27
5fce7c192648f06
86e26301fbe92b7
4b619e1bb709bf0
20665547dd39182
7acc0c8d7724c31
91daea4097803fa
53b054d67067785
18f282ce9d157fa
3667888bdf007dd
3615579a551b974
50e3ef6d9b413ce
9176a89e0e492db
65456a262ecbaf9
9354a31681b3625
8136d48c79af1da
40ee438cbd1e071
79e5432663bf247
a72247ecb3a7e61
5dd4282a04f30eb
2c174dfe122d54d
0f7804f5aa75144
13d3b150200d519
7c959187e4b0f46
8c338a7a16db5cf
0012f35dcbe8cbb
7e8831dca84f6e6
5ad97e26d7b6548
7ee2c6ab9e3b307
2b7e8d736041bbd
45c2b20eb15b7ef
2cf090dedabd8f7
0eecba54ebe58c7
9110c06d74e4c0c
97652d2ff2d91b2
741d1b5b2558b8c
5ea22cf3f91fcdf
0135c6d1a367107
0b08e736c9148ef
4c5df623e5e40dd
57ee5baa71f1cc4
691def476667dc4
840d1457ac0dd02
a20b7a8e9d978f4
46c33378babccf3
911845b8528cfdd
54296b304d19cda
1645d024ffa49e2
a29734bcf77cf21
8688f9a5f1191cf
49e9b8cf7224e60
259087a3fee8977
48743392da95be6
7dd46af4a37b87b
3751d303e33b358
621aa49c9e4680e
7fb36b51920929e
86120fef4944a34
1ed5d18263db6f3
7cc05ace6dd70a6
7e1aee85eeb27d4
9cb21e0c9af7916
08e619806e6547f
a92a23593125f05
8213f5e5e467d9f
0724aa27cdeb4c4
19b783507fd640a
23bf1ddab1c1b00
72752b2f8f665cf
a665d624ad61d1a
8449dc3613f8199
37f5b6b63af92d5
9a0d0b6cbc62523
6abfd311eae9909
591e92d9ecd33c4
45ab1bace3de927
3a8eb9473308d52
6207a872ab80923
4328296b1fc2994
a89ee01ee0e399a
9864058cc55c8f9
6e96955be35baba
059850117c6d0a4
66557eddbe5e098
69aba57df24939b
6e8f1d60f33b101
5c27dc6eeddf35a
39273221173b331
a62f663ac6b3a7f
4178def96a00e38
84021a217d0d8b9
a701fac1ba54371
02a08ddb9a2ba8d
6e287fa8f635829
82507fada7350a1
050bc0550644ab9
420ce595f5de5d0
4a6ebfa732a6a0e
8c3a3f724d8ccb9
20f1a8340a1f0ad
045dab2e9556230
9ea719483af6b94
36a94269055c7fd
330402a9eef7d95
03bac3353c9752f
9146f8fdcd812bd
2a51a622d70e1fb
055b964e00acbb6
839b5cdb767fb81
6c7abf56c43bb77
a3ff4333effe341
0192f8809c5081f
0278e72ec49a54f
8010410c65edd2c
a5d48f04eff30ee
75bf3330dec731f
74c6c35bfaab984
5f0ff94463d090f
099849e16017b3c
77bb6f94338e7c4
342bb36d2c36705
18c956ae94d1a63
284c6a4938d57d3
0c2f07949570269
2b839948a375be5
0e3788b30e760b0
224b419c617abde
a54ba94b9a849fd
0f2f31cee0008c4
371c5dcd292d4f5
29ae281cf7d9aee
568a45fdd2cc78d
5a84620758ca5f3
2d22582ce66f056
39a0b95df7dfb1c
185180ce85eef57
064fe0134c5e61e
3fc3c2caddfe2e6
69771182b8caed0
0fa95c161ca5068
8aeee13c541c298
96725b6ee0f0fa1
4c2833c6fbe4695
2ddcc262e29ec29
2a68ae78d24b986
27669aad175267d
a493388346ec521
210eb36cf4e4b6b
49e865c9a95ceb7
a45b2b68ca32639
7b171f9d7494acb
18fc52c8629d881
3b39e107f2919a8
98d7f2bd47d502f
386e0c46b8375cf
0c2d04bdaa48269
70494f1abcbf74f
28d076a237d74dd
2eede909c0635fd
87cd6cb1f2a9554
814f32d67d742f0
76d21180c30085a
3e0e458bfa6ffba
7ca8fd23f5de91e
0f2e426631be3c2
3e64ec271fa7087
9d21f363f58ace6
8cca6232e51eaee
42f270b8a8c5199
191d0e316344da3
41cb8b77e1b68a3
52f6ba2e17bd165
a1f1ff3b3be5a0b
3cf03706c4225c4
2491249e05d36d2
6eae9aef780e37e
16beb9870829e0e
9434ec36457e232
1f6e7a0929a4ad4
569a235e1cd8700
0b98e7013986542
848486ef16587e7
34b58c884c7bb10
7c469e40b484eaf
5ffe7b40f5b0600
0241037575a62ce
52a3d480713df3d
a0d56d9fbe40a82
28bdbd92375a3a4
0a27388e587461f
5aa5fff70d92f16
1cab1d356049b5d
9060b9b39aafd73
a3a929d44552ae1
72665d6ac46f932
97501736abacaea
31186971df2afc7
8aba215bb3bbaf6
94b2fea22ed62b9
6c2feeaddded324
888877613071522
5c24551fc349406
5475cc8dfca5797
8bdd567c2af83cf
19ee4af3e1ea44c
137b591c9d41556
2319a8239c91eff
9b49b954ce13c46
75472ce30ff783f
88a31e3bbbd2322
8db6d8131638834
0a5a23d0d2b76a4
2f3aad4e8e95cdc
0c413d4bd5b7f2c
a8529df9adb9ccc
581d5973077a518
7a4848d901475e3
463da573a9ff485
53fe00f29b3c327
6ec9f07255527a4
9115f2d8d9355da
3fd0412cd80db17
324d5419e51e20f
1444181d611f801
03121bb764738df
7abf19bf12c67ef
3a3ee2d6d574941
a893765ed7612ef
58cacbbf7be7b06
3302f70e7684f77
961446e37218d00
17101472f9b1dda
371e6fd38d3e677
84db4973b481743
04d13f08f9f7075
21dc7b8913aa37b
942e8847c77fce7
962425ecb7099c1
9fb2d9344d4092d
01e6a8ddf77cf0b
484dea51646194f
21325c7fc3fd50f
39e42bef45f0703
92153184256151a
8b336cf997c6f51
0892ac4691159b9
1b2690cb42d0e49
a4eb721340b754f
909e4d76304ac4a
2757c9da262ca78
7be1b8702ebaf65
a7653f50a84eee6
88a7c7a2b4ca153
4419560f5382958
97e91f8475951a5
19bc4f0bf9fd524
2374f69952bfd24
6f831912ca5b924
894d3eea4777fcb
7e5fc7d8b87218e
2052784dd12243e
99f40c50119feb3
53d840e640d32b0
0994c4ba69b90c1
7020874784d5f45
568c24b04ae7387
68999e964c67429
2c9c418ab2bd42c
8d5e33061280b46
26dd6a2fa9dcf5c
6155a02b05bbeb7
9ba39df64130751
1058b6fa6ad7b9b
946b27f636bd35b
90242510b4ec226
2f0d9e1476b3a55
976d58693894d80
1f22d37052f6e90
2dc0e909f6ad85b
7903695ce415a22
1682312fbb68120
01efe5e68461b92
3f6204c06f51137
842fa4ee8974083
815717036349093
192237de46236a4
5e932067a7dd53d
1661b914fa0fb1f
90901f17a2aa1e3
23516fbda388c93
3d5ae06e0f5eeef
291be5aa9875ffe
604d5032d8864cd
1f68dce1e46a889
1950b5febfd630a
9302fc7b177efee
a1e78cc3bbcb07a
1d22db1730b913d
8b37e102687e9d8
3eeda7c21961d10
0e5149f95996b66
35878686a82713b
452b0c3885ef64e
796027187d405b3
559b68cf4f63b53
a4692b70ee1e5d8
8ccd0c4ee01276e
6bf6bc55176b0fb
a98c093372bd80c
7d2d0e053ea6e67
5ef0c3b85cc0d2b
30a26dca43bde6b
a270c3a76a79a0f
8b16f8e73d4dc86
5e39160d273da8d
5d871f6d539a145
5668c2de1d5cf69
45eaf0f97a74ca6
530c940d47a77fc
3326a653b2b1b7c
9c72362b088164e
46101683853c126
51a5e283a08401d
3242752f7ae455d
966dbde25914e10
5c04d30a6c1bb81
33e4da7acd2cd0e
6988c8e106f4626
8b7c8405b160742
61afb4870dce8dd
019b56e197d4121
33d304b4be122c3
11ca1dcc9ce387d
8a24fce335e19e5
5f10c9a4d3ec659
085d491e5b6357e
15b6b119b4b8dda
0bff6f4b9223ebb
696d1aba6ac6398
3376ca2e05f5b2d
5a89f19b7dd5577
6632fb8a0a085fe
07e017c9e9712a0
36dd9164fef3fc5
8fd02615516f131
72649a4118eb751
11d53372764bb19
68bc7dc4fb022a1
07dbc984163b841
72f3e8ddc6a5284
1d3625ca5bd7b38
946004cb386fa10
6a3e4257d487eae
98b23ff9951cc62
a25229dc8bcb501
59cb92e17548397
8eda17fceacf807
9d647efd7339bc3
45528d541ca8581
3b8ccc9fe072817
74132baffa9b1d5
549515a58beb8d5
8f56b4a04e2fe99
a15580d67dde9aa
8f313724b264574
85d76e8c30b7361
5bfc05c1ff57b79
0d73a2b675602b0
755cbd774b7e6d3
8c84e41e573696e
1d2fafa8194ed17
701541a4ed2a629
508d09809d7d7bd
7f84feb74e164e4
4f030774050e569
661a4e6bc2ef5f7
2d20687e49a7e12
7961de464bef077
985dd3cda88dcde
265b5841ccb80a0
12004299dfff0b5
108f57dad3a364c
9ec70534fce7c87
9c7a9a203bd515d
656c9b258d970c5
016c06b9b559fd8
1e1c3f176dee32d
7bb4b23e4c2116c
3cdde215dc87705
187e4c7bbc018c0
3135e9b9f430b5e
159034b5713f5d1
1f9652ee672a68e
a71afa6e7ceade0
517d34d0d97f4cc
70925fe3f6b6523
4d536e1d62fbe84
2c82c61e732e2f3
8a90333e55fb9a5
070f76b4bb9bfc0
79aadbfd5cfc37a
0b810e263837ea7
4d76286c85f27fe
723b9898b0aed04
085daeee9fbcb2d
a09977526ac527f
1cbed21a78a7f19
2cb508255becd2e
2d2354a3cd0b032
0b175e0c363ad20
673569b250694d2
382cd9318b6b1e9
5b8e7c078f314b9
4c64e44a1f81ba1
2159fbeb5df3545
9713cb82578becc
6d3867bd562ccd1
890c7d3c37f1440
219a9edfac10e68
a0fb8d61747ee37
56da7cd797c78cc
a59418cfb4ec7d1
0557458f87e82d5
7b9a43c1077782a
489d9bbadd9e7b4
6ab8fd987b49b42
8cd3bc7104835ae
9a1b16b02bba042
39e8f086a596aa5
74210122ab6935e
a0da584c0c7ba1f
8f683b73acf7f89
64c148d4691cf15
68036e161efb9a9
0244f9a3481d448
3d0a0ab5a9838f2
9b0130f48b9519f
7456a8d829d6047
a9c6d87e1ced153
82bb01a08cb78a1
157bf4b178abd96
0c735db6f1aec6d
79b64205a8ac074
8225a488e8a51f2
1c39dbdf0a3a18b
4c204c53060aab4
2fb5a74e8083204
7c3cef795899a7e
1ebbdecfcfdf421
3889f4d7c48907c
4ab38fea0992b14
5dacf570eaf7fe5
52ed2cc93cf2ee6
384c3943a2e09ac
61feb8746f12b4d
0e788517ff4c385
3079c69da5a63fb
888cd03b924f4e3
8cc62f63617fa28
76b0c6b9ef1b6dc
9d083e61f07a7d2
2b084eb8bc28257
6fe3078cec5be04
5d3ac9b703598cf
17285ad0836077e
12a3e9ee537aada
043513f3bbfff37
828105e3b9acd63
86868935a26ae27
7b6825f366cf5a9
34683eff594bd2a
1f517979106d0e7
20b4b73e8914cd8
257877774224a8f
a7780cae6bf94ea
6349740b3927109
3ca2174f473953e
84e154ba06c68ed
7246abdfa334b8c
4a84d37ebb600b9
8f4e325d1734918
2a8b11305fd6d1e
37c46c23debcc3a
545c03f8c79029b
09916ab0bbeb317
2680f79e9dfa45a
6d1e57d70898896
383a6f412629da1
778607e1d14b74c
6457effab56ae48
8bba257c3f89ed1
4d17314bf09643b
6b55f50a886f2de
67202f01efcb3d1
6bbf5cae9a72ecc
4ecdcdc79e500b4
a45c75c31a0f5c0
82e3a713ba59b65
5f8f82e989b1362
424d071376aa2d1
8727b31b75facca
19f08dc697bfbd2
2a84146956c247c
860057c6213c535
70ad0eb38fac0ca
04cb07b01932a59
a90f4f4eec28d95
39e2c489690c82d
867d398f81e5cc7
73095f3e2e017bb
942e6f21909542d
64d23764121becd
6b8d24a55a6123c
2ead03fa5078367
1f604a7ed549d4e
8b5ec5c3a460111
247495c9fa5bf04
6e3395058c74389
5ce31bbdaf12048
2805ad0d81f4352
90a04b91d0db1e3
9b235e780455337
1073240422cc041
44a1904eae44472
7a6ef428930e46e
042dc0530521e1b
2c60abb864a8d40
79790bd05ad080c
6a38eac5813c653
56440f561b5f3dc
99586803c7cc3f7
1be9c6cd5c69dd6
7f2e8e21aa9044c
1c102cba6ffcb3d
6d625fe9d74b664
1bc7973ed69744d
73e39c161ef591a
1c267778070b95a
3cad74d437fa887
0930097c2dca164
8565c846c6453ac
6996410b93ca9bd
0a3d5299cb4af1d
621249a56d4b476
16b1a363bd49438
7f121e318594cca
694378deecea227
4b97f3a4a0b1940
6d29366da3b0241
0330c9cc169f168
687a767bec55723
95c21a89e660645
08ac30f89962930
5550a864e1f49a8
74ce34ab143b6d7
0065c9b08d578f5
93aa3fbdd343645
72e044f82c65e45
05f06d051222510
7709d6f906adf93
0d7f5a3b88cab0b
486fe9c16681b73
36ff9872acd79b0
989251bb07a4f97
1e381c0a1e3b9d0
0eaa1ea20905d72
71e7fef33b52ab8
464a37070b252cd
898407a24c98fcc
439243d88378148
82065fd6cdda7b6
93985c9214b1deb
780e08df74f968e
1090ec16ed47ad4
42a172c654472d0
9019cc3e7b5c123
095595eea1e2a74
0d5d6c1dfeb2565
180fac46b43553d
66e33eff243b465
655b45e9b0cde66
281ddc5ebd8b11d
85056cd824c5257
22f7c3acf24e3d1
05d342a2fda5ef6
463646a863c09e3
882904d6c648f73
698cd2edd59a7f2
4338eaa34ac3d92
320304b35cb2f29
5c148b8cec825fb
5339997cca3de2c
1c75db05b40b17d
a105b7248412288
6764fbbf2a635b5
9c04ddc9fd13f37
453ebfebff012ea
6e64871092f2602
35429d3ebd3376c
a2ac855374f5f51
0cf4e22f0a0403f
9342a55515a2caf
62bff1a0da1e426
a36ac86067bf2b7
9ccd26a6a5e8435
5db14a30e19b317
6a135c41be653fc
1c0296663ad29fe
1012b7e8acc6d5e
285c0d94a8ecc2e
345fff145b50f9f
a49b63b8fbebfa0
99dfdd9d47019a5
4d24934c8d71a09
49b6c04b1a32691
3892b986a337085
6d2100554d0784c
1b9cda5f37df452
5cb3d2d54273c61
7c0e4489b1084ca
122b356dcc670f1
84341f955975dd2
8717dd514951ebe
247e8febad8ba28
504fb55f335ee50
31c2ab4ddc8a7dc
84255ed8da45721
0de0006240dc966
551f1d90e1fec5b
9a514793a7758bf
88691f1164fa84d
2f97b44838e9fa4
9250ae668e1cf34
43369ffa6702686
84e7e28b047f501
57a6ba74d6c3165
3cb6b6a45a15118
314cb00934ccc0e
2570afa53fedb24
a97c3a58e7c3a0c
7872cd5c568f6ac
66ead2d4a16123a
6abd4bbe7ba356b
57ba4d6b30c2083
7d3b8fe3ad37c7b
3bb58bbe22cf720
0304b9ab2c27e72
07be206b5203a83
218eee406d0498d
0c5f7fb2825c0a2
454fcafa893b1f0
8f9481e4cc46b04
56bebaceff01d17
1f404a0ca286c0b
2a2f5804e7d0402
959f1d1b1dd0f56
7d070ed67535063
00684293c4c42db
77676c7f8d35299
9c498eac3e2284a
51b50e798705cbd
9c3f2c0ab171026
8f516b1b05b468f
7d2b609d2f450a9
3c95b9a38205cff
12fa07568002712
7c8bb980c7fcce8
7411c38b61f03aa
38af60c5a173d18
a90be50e58a3f7d
a888ac029cda9e4
9133a7f85a54da7
2672dcf5a1a5720
558b0d59984cc9b
0d206489a13b49e
9f20cfcbf627d24
9fc9ad4cb751a43
44e5908e7dcff00
53f1c2cd98aa7b2
03a0dcba88b0fa7
07fdc663f0aa77c
89c073b50fd087e
04fde8f5083db49
7cb971e63660d64
4a75f56588593f7
193c3e4dcb66f68
52c8f3615ecf2bc
5e084016adadd8b
4ba865a928b1f8a
55d2d0f4ae87433
97eb4ec6174f8a0
60d888af80e573d
9d58253219b120d
19102f76c8c2754
8c9ccd011c7d1eb
2568b6be9e5c21e
0e354acc9ef7613
6111f918dab6c8b
916dd7b78395941
9eb38a0e497261f
7a4fc497dd52c04
20bf65700ed3299
30402d5178c2d51
9b9f8daa0d36906
9fbcda1ebb80b55
0854f40f34b4311
044f88a479f377c
44b663ae0c8afbf
4e27f562628fae3
5048ff879235887
37a7c235880703a
2c831b61e29dd6b
a6c05ecf2e3e826
75f87a064e648c6
0dd6bdc1427f5c2
1f4a0be2a9adf0e
91acb0a48cf111c
96d933fed6fd8fc
a12e5fddbc3e872
865bed63af5d302
72768a30946329d
1dfa6fa85aa899a
a7639ac6bfe1f4e
56a20547f2d704b
2bc5620af9cf1cd
21cb5e69f575a37
3aa42a8e9738e67
238943a03682d0b
77de81533a0da9b
93e05b72e946b09
7bdcaef6f7543d4
88e1063a5accfc0
74fb813c69fc586
2a86051d13b4a38
410fb213e731f41
544432d9853317b
68845f684f10f88
4c44eaa6e9e3b3a
7525d5451c85a54
8ba1acc5984140b
41b4176b5620777
968fe11617b3ca7
6cb1bd3b89dbb9d
2ac10466dae3b16
7a047e6238d7dce
66e3936c2785bf9
3578da4379fbcdc
0b78e6c91aedbc7
8136177313bfcf5
0af7cb33b74b700
7e828dfdd28ae8f
59f9992290f2e61
41539c567e5bf69
6c05c584cfa952d
715dd5aa8ea0f8c
098a605a490520a
1d07561df3333d9
5e674b5373769a0
a82a9250090b152
60d84ae439e7f48
3ef7cf13418c0b5
692a76196d987f7
6ea5f9c212e5131
684a36cb807e324
8e0f84c19680c98
386e4a2af31fa3d
8c402228990c2d2
41c379378d815ef
21f4378c1f84159
43dc96e1fffa8b5
39307a59fc62579
2273e327d51ba1c
1d850bfa365d54b
98d934fecd78754
33ad28fef9aae42
9406f7ddcf7b920
1136238b35fadad
3179b6b9cb95a7c
4ff7dfe61993b3c
71c47fa50c5698b
4bac3b595a96698
5b16fe49c7380fd
0a49dd02393e27c
918ebb0615ba99d
2d4d07038a249cb
8da96fd4fb184d9
97d46bb64ab7003
1f03a73729ef84a
884683ca2c2f6f3
63b93ffcb2089d9
1a5e335635e0823
26944c46a8bdc99
9b1673e474732da
7fa8d4bae86c8c4
6d4c5fd66a4a11b
0ccde90eba07b1c
8bf7aa0021d6fec
3d4504927878e82
88b5eed466112a7
53e175027b53e50
0bcb8e33b36d58e
9a682c8823de9ce
56e54dbd71bc850
727f8b98d8c6063
820fa6522cef157
30c983c697bac72
6e6817913b22fe5
57278b5fe40319c
6617f31286195f3
7ca4258eb499b9e
a8ed95d60b912c4
124b16c4d4b3d79
6d661b9a6b570ef
0210aca62444650
7c55825d8d4863a
31a218681cd48f0
888818a69cbcc49
2ddca3fe098cf2f
2060936bfb91968
8b8a44bd3d50e5f
06978a0cb11a05a
a61f8aef6ff7d3e
583c9add64d493d
2b8de1f7ba5e3d7
4099b8e0222f83b
00447f4ae498655
8aebe8966ea250b
6b55c67c07e6371
6f8e6b892fc71a4
36b504ac2c0b73e
77b9ee9e9edf864
9c388b3847c46b7
9f88380f1ffdd9a
35502988a8e99bd
92090022cabb8d8
a7503b9c7a05836
8fb725a18d6717d
658746c17c1aaff
65e6eb050d3e016
8127b2b23dfc3ad
588518f59097355
1be2e3bdb7d6822
9d2bcbdb4e2079a
41d17b902fd9922
7f18fd145c7fc9d
a6430127b2d09e4
a193e4b7aebabb9
701660b20ad8268
1e3c2afe2072a42
9362a4a11950501
060447bb7280d2a
13faab4d715352c
4f50a2d5d9b164f
7d49392f8dffbbf
855193eb2c1335a
293caaedeb8a85d
387e753fcfa2672
478b9924e225f9f
85721b3980adfdd
67005e4e1c36309
35e1289e8d102a6
58ba388a60a15ec
77cd34573a2783e
833c07527ae1c6b
311849daaff27f4
a595b574a06a229
721e0a7a28b595b
3a4741a2144af14
08ddfc3c48990ee
8d43e0ef734b57d
6db02416883b462
9c944b657548397
3248753cfcaf98e
69f1400afec71c0
1398308a39dcebc
5450e8ed1be1d09
9c9f82024a42c32
2ff34c50c24fd6c
a5bf6faa75e4071
31ea88b2f8a1392
7d81c6e47207bdc
500bb8ef7e2aa4b
25e5df6b0da4c30
8141c0536c3b274
2c54cc7e5949b95
3cb0f200f45df96
66a15490dbef93d
7d9b8163a9d5ba0
97e9e68c78ef55f
05053edf6c5846e
5dd598fa654d448
450b659275804c8
3aeb41edf6081be
99fa2b1f14202ea
5f7f35768389d11
6dcaaa9f629111e
177d861297e288c
9f39f4200148bb1
5ff38486720953a
498dbb69d37e76b
7e8d9bece7d5a42
6a9a512170dd8d2
78d29af24ab80b8
0fefd929006e3b7
3ea95548335ba03
4ce3f3d2443a837
9eaf91087bd9dfc
8d255ac566364c4
7f0b5411aa9a900
95c26929335bd37
8a72558a9d58659
97e7781da9efa13
1b769732c798ce9
30d05257c539214
967bbe118f54da5
58cf08edcd06108
1edf8c26eb18ce3
a22ada1c868fe27
48b4aca43a363ad
21bf4b4c0a7cad5
80002ce1a433fc7
3fc6278face104e
4819578f3979510
492bb17bbbde027
94f28d864f4ef73
0b8c45ff029c7b8
1cb208873af845c
1f537ecaa40436c
89b730c65255985
2bda95948d4cc51
3d38acb2cbf0def
1183b5a4e40471d
2e67e6e01a344cc
4ffbe473121a4c9
7ef51bc61ef2a01
5b9e8d39ae084fa
a01d6047b687803
a6d9effcbe60f32
8394eea007733af
93b476ad49d7224
00f7197e14846c9
a15e2e5352adc66
0d47ec7d3eb49d7
53853c361e36761
3151c2816408e3a
6f1277c7a086729
7a7c7f626b20fd7
31de838ca098fa7
75373eaa4f85e22
226209df79a07c3
1b6bd78eeecd8d1
31f42ff4e1e7d55
29695f8e98359ec
2af2020ff60eb27
8cb99dc83bd07ec
9669bb146cf473e
a66b961e8194112
1d3bebadc6133d3
8e37c1f42f1f618
89daa6ef9eb5ddb
7158114e4841607
a3db3c62c6474ab
59d3e8f53682637
4845d4959a2186a
48f3d65ddbba898
605e5b18dbc901f
901752ea8aec48a
6783de99f503213
8e1da1a334a945b
048a86e721ba3c5
2ebbd62bd0d76c3
24236722408b699
24ddef35660a0a6
a61466adde648ee
7009ec82cae2acd
134e0d1cc98376c
51f29a938b6116c
95464011c1a3c04
0df580c004912e4
4fc64c40e1bfc2f
83985b775c1a90a
5bae6a71b843a86
a14d701d0e5d392
a6961d00cea39b1
8958b14df7a9df5
53b08fcf56b40c7
4b3f7bdc5591b8e
7fcb99022357273
2045ab9f14d3a9e
1835a54dd101ffd
4435e0e94910022
a4fa5b008a957c2
5d9d53c0af2204f
3e57bc6398f48b3
72680ba62f7303d
4b858e65c981cdb
a383fcb2187260b
3f8f08e3119d54b
9aabcec7eba60da
0d22e2042bbe846
0874220edc44ef9
67813710d547a3e
5eb1259fa7ff919
8540f10dc008614
7a590c11e239d0e
701000f1be80939
66da407338b5a33
5644dedf86bea13
9aa21fa8fef3bc2
56163878870e1c0
0ebe04fd5ab5815
34d8fb1521c030d
5b26560f3ca683f
724a273fd7f83e2
1ccb5784b3b6f22
21a81c61ebb8acd
66bde1e564eb1ba
0af3428ca978a98
a053da7e7389a4f
249cc408adf86c7
2dd98dc23b81dfb
1549cdabdef64a5
79d81dde12e3c04
3e6db0116fba9a5
7cbc8903bf97307
0b3073e0188c579
2c68e449dedca2a
336102952e3c362
187efa21e3db92e
0f99abcb9d00f52
6810bbba0a36e6b
66415de074dffa9
9e4d88fa32a7ba2
47c10cc6b6487d3
03717ae67afca55
17d923b173735ac
6598641d4b52014
75c8479cde94e5a
099dc12350c6441
1251cba50d0f5da
9f9ae54c746c360
08090f5fae5c3a7
880bd014bd4d920
3cc25f7a8a650c8
925c525218a1929
a94c950ce25c6aa
1d22054937dfc0f
181908bf2a78030
910fda85f30b790
6fd3c3b50a23ee6
397453fd977a467
2c37046d949f71c
5b4d71482000486
27f87d41d31ab41
598b977c28cf0eb
a8d9b8952cab82e
4d1dad4ca7e42b5
387841da8aaec0a
2eeb12c9a1501f7
29038b935214d57
01c7e14fe6fdf0a
a782e2a3d5a9d3c
4c4adabf436e327
12217f8877a4909
a52ff37bd9d48e1
0205b8c831ab5cb
50f79c28a67b8c7
91bd261d73e4288
a1abd86b15b4fdc
4239135ac7b51ea
2177f10444b7ccf
2d3e644b510eeb6
71bd11263cd7402
7cdb84d558920ef
2d7187132f48076
651ba0f01371f81
55f3baa3bfd6538
5334b732d95b580
9476317d5c78750
1fac85a160f6cea
65fbc4026fa15cd
6ea2e794d973071
9dd67934b25b713
373f711007506cb
8478c4785c92760
95b41f998cdb038
4dd98ef37eca6cc
63dca7f4d08ce72
96ccf827952921c
515c4c2c984c0a4
29e58dba904c76e
7cf807f429b13f2
0cc52b51b65c04a
707d9d367277727
510a2a2a68043c2
15e01e5c14c6081
1e040f5633018f2
a3978b6f5715a80
9d618f0f85fea1d
6deef9a359472e4
946e05c4def4eed
940fabf48e37a71
4aeef81e07ce2e4
0f6f3b3eb34022e
4956dabf317b620
3872833396d547c
00ea364dcafd04f
679d2d87c89374d
5a5397f0fd1ba86
598c14fcaf69f2d
1394efb0d98f129
663996baa808ddd
9d367e540fae790
a6fb4689dc8aea6
03404f685e72a96
938a993177002e2
88cd560550a0d3a
3f26e650ee8f627
0b16f98e6bfb873
591f6d4bdcb92fe
28b4ff932cb8f35
5976c7db21ad984
32ffb142cd9363c
22f2d46ea06ba8f
6499d0966b45892
6441d3e26200ab2
54ab859a9e87a03
84119c117e25023
223671480e7ff42
82e63465f31693c
a9e0de39bce702b
a6ca27642a26a41
9082d49c4bd02e7
0f05e7364a8bf32
46ea277f1bc6987
7ef0a0741dd7a8d
4298a2b24acc383
3810f649810c275
052184634264fd0
0a2b792dbb1a0f4
92ca51327df8002
25216bf3781ddb6
196073cd663d0de
4bcfd3163ffbec1
8f275e137a3444e
455edc836625923
771f2f69a2e2a53
65196d986271a06
6cdea5a2b867409
8c5d723ca589de6
71a30edb3ffcbda
4d8f47348d99370
1bf0030d926d94d
a7a6974665617c0
a65174ac14e7b96
10137a80dc3055b
6406c668e9910fe
4912d370dbb63b3
9f2eba10b390501
9bbb820a3217efb
57fc29267f1e5f3
10c79ee8a3ec4a8
822b769a8ca5a4d
8eb9ccf056a30f4
1b434d8107fb0c6
81f0e2bc38aa441
0dae43eb41277c0
81848f79bd4a05d
7282a3bcc3f58d4
52c896a19bf3386
3ef3538ad9b3b5c
6273cd338222197
9badf754d476baa
93cef1230481180
56b1c65e05c78fe
15cc21364dd72d8
3c837abd6207365
9198d04c9e43ef8
a1c26cd437f537b
9686df83e43ac2b
0aae3fff48905c0
923677918ede288
5a52d9b59917091
2925ab8a391aad7
96ad877e87c1c95
11809d5ab66dd89
2cb43d0bb3d5d9f
777e03b6be98ed0
1558ea8bbb8b5cc
98bfa5879045cdb
5180dbe45ce8bd3
9b3e6b35839a3ed
02190b0c467a52b
8e02cc0e3913fb9
775cbdded258926
430634d53f57ce5
541187884f0eee8
5521ab23e613c31
69d6c41e90ca0cb
a46f5ce8f2af3bc
a4c15351388df16
263744d0fcd0fc4
1f9df854fc04e88
44b58311f2d4429
73c3187629b71a8
5bc96d745773b78
027c11b4b09c6d4
021c12d66a00113
8b331b153dad53e
284858ac86d702e
8c9939a65be56ad
2f9beac22565700
2575b7ccad1fe09
0c7f6a16b2dc038
29ce86c8fe4e789
9787ef956ed25c4
64baa88dc147533
0636f0b31c9c875
a7ca34257fc36fd
107207545006ed1
3840aeae6c0a8c1
2325f856553d78b
a83ca3ae6a5ab15
38502601075239a
78ae0ccdf2f1fb7
93a517acc3968e1
881458d68446933
6ca33d6375ba5be
91f1cd8fb2fc6bc
955507e8821e024
757e73746e8e1ff
9104d397bcea4f1
85f50f961359b14
2a00305659f4c13
0bbb28eb39c9bb3
47d27467099a887
4f92761e5b8dc0a
859f8c059694331
20d7299404ad171
a353f931da11261
a5aebc827b7601d
4b33233fba59ffc
3e2740d19f52687
163de89574ebe2f
37752479306199b
7830be8e19acb14
90dc781c7810d89
3e7acaf8296c406
62cf79858386665
1e9e8450736df2b
8032480d08b0226
01d99d3b1365722
2b3bbaa83b4cf6b
56b25dfb4affeea
1e36ea67ad2c680
a7dec433ca1369f
24b978649cbc89e
a4cb2894d7df94f
593d5aa244708bc
31ca38cbab9c0d4
0ec4021b92c2974
83098e58848acaa
21af88b202bbf22
5702436e3fc8e6e
30035d51b8c2035
6e4d8d1c2fd49dc
80e6e7051b327f1
16c2ee03f0fa07f
a1384b945da9f05
3e93c02a00b184c
5625a0133479933
6ca91b7cf09520c
338e40072fdc6ed
8b29927352540a7
244e05a871d3154
6ed64e25a2cc17d
512303c7ed7185e
48f6b08a613cedd
3aacbfd8975d089
457c041dd894abd
2f5ed0a4d9e5c9a
285d2bc527619d0
0cbfdecb5cf108f
75b39974593132c
9ee1bdabe345b97
8024e70f9e213a7
3968da02448ab2f
49ee7f7a53e9415
6b4fa9b239475e6
82736264cd76469
2971e5a7eda8831
4c6a4d459b2ae9e
0c4ea8056464221
2f304ed7c844f3d
2a1472b37ec78ea
8e9ae3dba145472
0c36480579f79f2
502fa42d7756520
5e764820ab2f671
9b2c8895ae1db73
60d717e9ac7e14b
81ddecc6a2f0ad8
1027a15eafab991
38ddc94b3ab1e21
51e7cff2db7dd79
6484b61270e9bcf
0a144ed3606fa35
4abf4b8e88c7949
4e1f9b0823922a9
1487f45fd9a2414
2f6e95dbaed6fba
27f0d35d35decae
5306eb6ad8b7bbd
2ec5d4dd92b2bc5
07cd45d54dbe5fc
4ed70bf8c0cfd11
1960249194aefaa
3097e5c3ba01780
6380a589d7cbd74
a9b04aa46e85e94
14171f616f99272
12da8f6261a7292
1db49b230ad0ebd
576ebd935811796
9f280d341f1ea0f
81f293122fd796b
7633af31f55b6ee
1e4579271fcd9d8
106cd04bff550ad
21745cb7bf7b922
5f44c3a66326276
18a14c05076dd6d
4cce558e58cc794
99a309540c1068f
632d0db35a505e9
4b04a6dfbe6b2b7
027c323d3afe6c1
50c01512e904418
1fc7eda321686d7
5cb3e76eb912282
9691b4b7bbb1f2d
104b1e937a024d2
08f20edf6bc53a0
272fc0bb6f146c1
336d7a4c284c643
a6accbdad54e874
99f4a6a4fd645a7
6157c4190d312a8
6a447b78bf9c887
17908df33e45642
58648acd88b2fba
68e83dae48e97cd
a4060f2d9c6b414
7dbc526dc83e4b4
62061ebd723f539
0b2b3f33f7a0a59
0a23b0d6dea28e1
951c42944189bb5
40488b5ae101e37
501e2cee00a3fd6
85a4d85289aae6f
092b9c8ce3215a7
60c6fb1b6f5ed99
0883110e680c142
3be4fbcb96067be
035728bccd6eba4
109b62b5c2fac73
5c4d4181e68b2bc
4f41dbee1154adb
7b4a59f0de502a7
2ee3d7277edc196
2e27b1927a26138
8bdd388840d992d
2245b5dbdfac887
28c171bbb5bc61c
4b78d10cd4ed02d
406c5284c28daeb
6a9b854d3a2156f
6200604d411dd53
4ba2e21e46dd855
2c25ef25b3a718c
33c99397153b904
8fc4bae984f3fc4
78ddb09e0b3767c
18696b376a2b8c2
74653c3bbe01545
34ca9e42331ec7d
70e40251433204b
9f64c83bae9134b
a27f966c00d5223
2f63a13cacd5a28
8a42ec7e06a6314
46b743d260bf29d
53299046f79bf78
9d817e40509c7e9
70bdc5a4759f75a
3452f12e01bacd3
58a80ca4cf330a8
40a438e3ddce457
7d59fa0a0b26b9a
29c474cdfda7e63
112ec06a9de03d0
88335235a79c44f
2e23d6bbf37ab33
5e2f7ccab78c1f1
86dfe394223cc8b
4d1f03a2556f030
495ae7c0fcce7f0
1203eb3bca1e3ab
65ffcb64ead5f60
960557da023cc88
34fde609f36bd4c
3b5691241ab713f
8c7dea9c8a538e7
8f49fdc0dc83a2d
a5d3c8ff1f7579a
1cb06a3a697a2f9
8df756b36cd98f7
a6dba7c017f63ad
634ddb08192a949
91965a7c393ded1
4c073f5c604711e
2c252819794c11b
0cea540ea0bc0ac
0854e5b775dd444
10fc5dc62822026
91c0074984960e0
15e3338ae21d434
75010f1e346339a
6e4dfb007f34cac
5cdee92c8962d5c
8e15a291b260d27
330e5b635d756ea
1004a4a6a2bdb38
21cf5ac0e3ed1fa
50867844f2da746
5f508cce952e737
28cf42a76fec75c
2a3fad29807021d
75112d01c7fc076
461e17f06c7e2e9
05c66ce6f6d75ff
6b18ffead4cec4d
1b97742f5768642
a01e8f08ed4b87a
46159080979aaa2
5e94be50a921423
3e3b384e0fac362
5dfad78c2619acb
63de4905990eb22
8f23c9656d77d19
892e3b56ad6cde5
63a0c326c2128c0
24e7fc7c6f9e746
97c754df3f518ff
5539cb7f8c470de
7e13ad4432796aa
108652e2859a163
06482c1875aeab6
6bb57b842d2306d
8ef5fbb087a8882
7abed74c771d1ae
3764a4d36053bf8
9bd6792ced6aabf
7d82a462b27d2ef
3b164ea5a343633
9c71c8209e71eb0
9c717a146212359
9e2f36bcac19280
0238d689e25a6b0
3fc50a6a997160a
a6c760758ce3a70
0445b7c232acc88
6b6753692786afb
31a454d6645e4a8
33764bdb2ee20b5
8ff0f6b6f310e39
15b27ed5b0b45ee
1c3ade4e964b87a
31b2a10dd287752
99b196f778d8e34
72fca4efd718192
04397b0e264aed3
0565e3ddc9d6fee
009123719890d4a
9329b60027f8300
9fb89d6be97a28d
0a7ccb1bf9e8f5b
88bb60c0c4ee24f
1db6170dc054d54
4a3742d2d47cfc0
7aef1527ba50af0
a7c9edf432c21d1
a253cce683d04a0
0a11d89843d2f86
45cef1f0699a973
26fd79ab0bd05e2
54f21fc04c24790
792dac6b20ca291
6a945b15250e15b
679b228c728adea
87b55a26014defc
7f1b28c1e222e1d
65124e5b0482912
3333db5af9289ce
35c9b8560b6986d
2dc9c5c8872cb2d
8e5a4b5b1b8251e
0678d947c67d049
59a8832681412ac
25caa410821f42a
6c40e8fe5992e8e
0677bc6b8625f8a
3a6a9067fa78bbe
931856728ef1962
7968ddbc7e87e7d
2a6abe81aab8e9f
3303edc7b1bb059
0037258b0836401
88c63a39a710afc
483f16efb01fae5
7df3f0917fed435
7fcb2f57bc02932
4928f8beffe04c0
048905feed16db0
23c22158623f788
09a479558912eb0
7c0daa60c125c71
a8ac215ce8f0c9d
4aff73bf9f369e9
2cc55e01424ff13
6e6f6c4e5911012
233fd908ca22aa2
a6f06252c3b13c0
177e4f363df686d
603d6a07dc070d9
6cfbbc78b42de6c
0565a1db926e366
3138ea1021620c8
80c04b1ed961c3b
7c0bdfa9492daa9
073ae0528a126ba
786d0b0e892cbba
7adbe4326dd7f34
92ec54a694f013a
4b150cb21f3601f
a360b5ddff82c69
508323dc329753b
8235e40ef3e4c51
84b68b9b93cc821
511f91060182596
06b5542e9667871
0834ebc7ae31ef9
8d3fd55c5b01eba
3d9d77564c3af92
6aaf0ece5b60c7f
8a36b5f291830f3
3996b087b655203
980b4a6769795b1
1a79621ac9b280d
34e5500bedb2692
96f1cd4a750e2a3
8a1ab245ce98783
50217904251ce22
11fd2f2dd547e22
489ddbff454b646
044cad145b79ef4
989468b86650b47
62e81501a5d30d9
738a7b8aafbe37f
48f2eb5cdaedf76
5869867abdf4334
746fcf54b86f533
2565888c2a5b4f4
33655e22886392e
599b9b58322f8e7
43d7db1b3763bdd
a0c201959203a6d
189041db3311393
973c9995b889585
47f48e433f288a8
32b9797aa3cde53
1faf31532ac3419
a745c1ae6fa089d
6cbfe400d303924
9a9857c5b8a8229
5b4a4e1fc90f98a
73900c338ea4006
01225ad158ac027
4adcc330581f1f8
6b205077a76a2e1
1a0cc31501a2f0d
1b30450e0caac57
1be6630a8f454dc
6b5bce70becca04
47497df23fc7ddf
1201d7ff064072b
666985768d93343
43ebe97d6844e7e
922a8b05cbdd3a5
16b47aff9cb4e6e
553e34d0bd09a18
7cc737ec3e119f0
362ae0f85a57629
7716825f5b8ba5b
a955f7eb8530830
02819030705ce89
891be65731ffd11
45c423ca039fc73
50fdade7c1a071c
821b5b641bf5d66
49f618941ff9c5a
55350a869ad39d7
3bec68efb9e17e2
580d393a2cefb23
4d5947dbeaa8b3d
20277655664ba18
3accd7099aaa82e
14c549ad8787ecf
677c80ac92ca11b
6404f7b4d090951
0cb0ecf76939415
53fbe238cbbaab3
5ea29653293b5ad
6e3c9a35f41dfd9
9270e2715cd6bb1
34e3e144e173aa4
22b8fbea64669d8
a92270048ca39cd
71c06821c1f6c50
8c36a2aff2562d8
4d4061d7154788f
4a2c7898a754d7b
58af642af7106b5
13e8a96a7e67e00
312ba56f9891c37
49e2e4c7508ae2b
8aa12de5c7e7ad9
8fdc2367f2c9ef3
896aae60cba56a9
2bb2e3b1b499002
5c3b6ef99f66502
0e6afff1870ee05
49eecf19b52045f
7549c31f314b61c
07bd913e711a36c
3cf51aec8f94e8e
480bb8fdea4cd89
6e2b89e83efb913
273b08017e62251
7eaf8f9203d34e9
91e9a88e7b1daa7
86f516fb7c6ee61
93cc54d674ca745
8e214ad9bc0a0b0
1cc824e6d726944
054b17d69ec4658
3a7d0282417a154
07decabeb9e50a8
476763ad1c07c7c
32e69ae64e43bc4
9ed80bfd7dc265e
3f0a7c7d79f58f8
1a3add16002c9b5
97cd84cb74a6a44
11554f62ec93258
43e2e73966ccbb2
330b09733cd6298
68f86253d48f99b
7217d612a79182f
028112c5f6a4795
037a741445cbf27
7aaf527b8fccee5
53ed5df93dd55a7
53c66aacf5f00ae
57062f0a838b62f
6243fcf72d83dc5
5974851c15b5038
65ef98dfb7f0a6d
53ec4e54e953020
4effee8cfabd2f6
37bd42280504544
480383b44f26931
9258740c4222108
37d8ff2122db3da
75a8303181cc6c3
5808ad0436b21ad
4ac83756e008b82
9d11089ec8c96ab
7939abbe6b6f868
9fb9d7986f0cc9a
3c998b18520c80f
2a82a8120942c0e
69c72ba8fceecf4
4ed3bc1666e4ea1
22b56c8b5c74fe2
433ebe563e502d9
51ca221e654d76b
832d9cbbf829d50
70874b0757ea0ec
a14c683b567fad6
894e707d139ba0a
5241c5193bdfc1c
7bac0d7fbf57eec
276170649fadacb
87f4896bd0dbd4a
a0a7f2378ddeb1e
70ad29282e6a809
6c5edf43c15dfca
9ff23022ae1ba9b
a82f332cb4cc132
51ee5977f8fb3ce
865fdf09dd4bdd8
4638729e81f3b53
029bd1e20e286ee
42305e85f2f40fe
0051b199b6f312f
62a96a08ce984d8
94bd45392f4bf88
7e5118b1ebfdba2
87f93355ed6fecb
54999a0693f6d40
616b102b84059e7
53cd178ba5f8b36
2741ac4987445f8
14030f1b3b5ecc9
5164e60c8547d49
3740f1f82dd171e
1211709f0e7e76c
1edb43f456a74b2
448381e37a640dc
78fe407f78247ff
66e0cde0d100f7b
4ec406db90f1b35
84994b5f164ead1
1c120527af95e7a
7f9f5d0a0654664
8ee51440d43c7c9
13b0493a4c11c6e
2d939dedfdd9b95
77ae56ceadab3e0
45729f27e3def59
9f8f216db9d3446
776cb58ad2a7236
79dc08d2eacf07d
138ceb63afee48b
7c3ec50947b11a0
6895d0947baa238
3944f666751e0a3
30598a6f51b0582
3f22801ddce8311
695e3be35c65ff2
487af6f35c3526b
17bc3b988b1b3ec
a48693511cb1a9a
22eff20d9436ede
56933dbaa8b8210
972208743fbfd76
4e41c905784dfc4
457cd19fbf81a5c
69edf81f131bf55
5abbbc232e06d05
6a7fa8b93e0b3f9
6b241c0efddbcdf
5d698b05a452ee9
21280ad5c9d3a3a
60206bcea7b898b
72259dffe790218
6f151679f68ba8d
892493ed2644c44
25709c73e9473f1
514c288b2ecf776
7496e045e20feb1
5b911ffe572694f
6279abc38d333ad
0d00a763ed806a3
4a3366ad3e1c076
08ffe022c66ee23
7908214e40682f4
a9a79a900223d61
9ca147c6bdd6b39
6a53096e4551b8e
3b216c11b711e5a
83371d390d16e8f
972a178a5ff8648
1a5c080e294bbcb
7f25432f8372e3e
293f3bce76ebc48
694fe4dee8d3b2a
a32aaf854462dea
58f99e5f3588957
759c705704e91bf
4816a327bfce5a4
54440fbf1584164
5a0761941e1eb11
9396ac813d71e1f
1073661b49130d5
7469e0e0cd2d79c
71ddb78d9bc4b39
50941da69d2c38a
2ba07b2f78f2005
7e179d1af3f9ae6
441a21cead277ba
82d53aeb76b284e
18d4d063fe39d36
8ff221ad927de58
2d76c861df04d5c
a3a660aca771983
939900726ac051e
7a650cc390fcca2
19978c7d66f31b0
26cd925cb080baa
587058fd52f6e6e
19c8796ee6a660f
a833e622e8ad91a
4cae3e0f32628b2
1d8b63c164e2df5
71749790fc11f85
6fc1fc257d77499
5ff2d97b806efeb
06d8aa74350bf55
96f89b92989acee
5e844ceb178385d
68f83c21ffa9a72
1c7724372ac82a7
3025dc2298ab2f9
383ba833994fd5b
472750b0fb0c7b5
2559b74134a3d9b
20c9a6c944be0fc
6edff13308401b3
a0271f0d6f82a96
a298b425753bb9e
40cc729b43f55e0
8114fc375439f6e
7a715c253f840da
a1936b56df97fd9
510e1807f1652d6
9d70332a014eddf
25e0b6507b5f4b0
1e15317c452475e
3e7cd5911ce345c
64562c2bc90c0e6
8ff16088e27fea8
797cb52aec73338
3d2e9eaaf688949
96867b4a93009db
1ed35b834cd9cca
8c07f1f110ebb00
88380335842da42
1410654f6ed4c94
02d29179e0379e6
74c80ee5200c8f6
6e4ea6b9e3fdc3a
1aa2268a4cf17dc
9548d6b550cb512
32a394a0564ced9
423b7dd4572d24f
46e0a4f3987f92d
73acec4834bf5e9
7d1551416f49cba
9e1e73584c88ff7
361535c42677849
0c995442ed37368
0d7bb0707510ffb
7077903bc52f858
024f9a0faa3a6a6
13f2211565d6077
883a0556ca73990
6a34721e1fe35ee
97bfc0d13d101cf
4aa03bf41d13dd1
1c98c2ed9fb315e
a72e42ede0763b3
5953b490fca9c04
37db6807878e93d
0889064604fab17
7983eac07540266
8409005be1974ee
09a422c7f516510
2df4236db843a44
a3c4705c4e80005
6ea9a687bdf0d9d
5c5e3ccc6399aaf
6e45d3e0c06c2b3
a75e9453c33dbcc
a897e91054a9654
025589339757516
11fb0072e11c347
9b79ad55d2f0230
58380a771ea4b03
4b6b4c5bc74bd8b
469b5cea84fcf24
0ec3ac604e3800f
0b946aec50bd95c
014f473c70017be
82eff4cabe85d42
38cfd2001a58b53
a7675eb139bf1ea
64c74bf71a5bdab
4402dd265a6e8f2
2f913a84e1b1c08
419231ec2435339
024e5c6a805dbea
319a126b3759e0c
5158cc1f595b592
0768684fd74b9c7
755aea7dec050fa
999ab8463053421
59733d41ce6cff8
91e2c710e171e86
7ae9c86ec247023
942332548ac24bf
3e36849d378994e
8a02a2112d79c7e
a8992475b5303ab
654ccc88942087d
69674553555cc65
5d7262726ac588a
6ad10f6a3b4eb43
46667a120155b41
74879b82ae5738c
2e06eaaab3b4343
3c818577c8bf853
6fca9a3870fb7f5
082fe2980f32f0b
6430ca46f2bf21a
18e46330f0dd644
637258c295fb3bf
97a3adafcac7fd5
7731661621d0948
7abaf68cd349931
350e5be6b41fd20
1f860bb24e92536
09dffe74dbb27e0
203d9e049a7b61e
2686d39f663dc4c
580676054b6d5f3
56853534e680135
a75ca9f6fb57219
939b99b0e1c2dcc
632669c2601231c
83af61b9b2820ee
5c652d2f9435186
a919a968540f9cb
69338504d77a5bc
6dd98d478f62696
0f3ac77344eb5cb
96c650379b86371
4bde401704e9436
a8e42aacd4e2e96
172cb930f3fa68e
1c9b21c30474168
79a7a393297dbf0
658749de9f215d1
30ed6f792a953d4
8066a194b5d290a
a164121939d2ac0
7af4234b1ccf672
07b71b980b79ef5
00fb5f2ca6e0c31
3f16e5ae3e607d0
21b7c44f7a02c1a
3a1e65fcd577c66
8e00c82b19dd933
46c34e723f223f5
41b833ef40ab23b
88746e1547ab077
162a08d3f18f3fd
46f36c15b8fab4e
3f8a70aa3bc2626
68d0b352f1f5d7c
43e2b1eeb82612f
8095eae58b04137
004be2bfa183caf
9d51c7ad7801c28
042b60b6ff4c52c
a3fbc2a39419263
2c2d444de97374e
5ff1f0db45bd3d5
5608de992e726c3
0ffdc6ac093ae3c
5c694ca109a177f
5852564a3f9795c
2adabb5d6885779
a42c2d136919cac
920178dbd7d78e9
792cb2fe4845474
8320ed33af9e927
17dcc42e3f187bf
0e98270686e72af
1f92efd9e5336e5
3f648d9ae2a3cd0
8cac4e1a16720a5
1528b93f8546dfc
18008783fd1909b
82887ffc0188aed
4592e61e6a31156
34a77a9bc0492df
8b8281a12ca408a
39b488a1766fe44
7674bc4927b0ea6
612fc3bd0fd822b
91988e4a8f382bd
877bb01ebb768a7
20f9a2f9f45a286
389d8268487daa3
8472092c0617fac
5952a6e41189a58
694155c4fa3e261
0ec92084f40ee1f
0a2bdb01b8d6b96
4f4fd4fba728b8c
7b5fa3763781c11
3c5c24b32a46ede
9e1cd6d4498f064
7ef315ff00e147d
327f5dbdeb5bdae
117235e0a7a5540
70524c184e74050
2a48c7a0e9b450d
a450b49d25606ab
303830ed8dcae28
a5589d106ad8d20
a584e7e073a6f4e
7b120fcbfabf361
94eb9b6bfde0940
a323017e32d094d
9223387eb102309
0975818a9d1c63f
0685d9c006f1b9d
8a4ba63352c071f
0bcc212287b7ac3
8229c674dd301ab
88eb51dc5977e7b
694e4736dae98e6
88b2667d569f5a8
0570ac922b0b5b7
5b97d2c5dbafb87
34a0d65357aeb6e
873cbdf3ee838ef
6be861d1353dc6a
194f6e3ddcd950c
03ee14ba45c2cc4
52ed0e2ed5c27ea
9adbf596c7d44fc
01377ba3086a109
3c2a8d25417597c
3044513d0abd5a5
4efd5846d3169d5
33a66cfa3b22e4c
6110b05538c9c19
181579a81cf5565
83de8903fafd301
99a663a18b24ade
078c9bde314262b
06b1b99c6598c44
2039a71a649f839
7e5fb72cc62fb93
4e9b4dbf622a02d
6f0c03915d625fe
a5c7700608721e8
4c6eccf3a5274f7
78e722006436755
93c3450ab787050
0bb430ba28cc3ed
2f8eff3ffc3f27a
2850ec86fa47661
21abed26ba4464f
949fc8c608779cb
94836813bc950ba
43b829f5229f210
9b34719da9e614c
7c86b045b68c141
93736fa8dfbda88
8f5e1f17cb79bd5
8b2b9c5bf8c6104
3ef48818476a6ff
51b97b369812f40
8b1afedeb4bdbb9
2a7ea0f4b927413
5cad3328066c8c4
89c7e6c803c32ab
6ea4970eeb59cee
04585031c21fb82
0093e1972d9d3a0
18a619a99105421
1352c35ce7e39e3
98d645ebb1b82f0
9704f6f277be449
4ad5396b82773a5
2df3a12a1bc76f0
73fc05aac684b7e
6411d0407667030
a72255cea953b3f
26e48fb8ed5e8a9
98aa4b7fbd2ac05
20adf5f7cf6df10
8c1d0ecb032e431
605dd8bf4d15e89
0cda0878471720b
259ba1ad505ba0f
45d2f7b34f880de
4edd8a0f9fe345b
2cde6ec07e64b6c
5ff3beeaf330c64
701679628c34143
32d13bbd7a34077
25a4e9ecc4665f4
43230d9662b676e
a96266d41cc9d4f
32beb2df18af480
7035a7b0cf71e85
570507f60db07eb
558f67c1255aef1
7469613a53d39a1
3538f43fceaa8cf
5f25c54e328ac70
19fa74cde0cc551
0a2a42871ff15c1
2c995e7964f59db
6fc95aab192747a
9fae3046018bcde
a88c4ac85fd3ba1
174a3ee807545c1
23f84d059c3947c
8d3097da1eb60d5
244b3c1937d7ecf
5b4bd743227a159
722f6d04ea0710e
4263ab96d7cd032
7406159ce13493a
9597420b13bd7b9
87bf90c07abb402
656e5027ad3c573
0c07e54bb3c616b
43b3a9aa7ca33c9
a3f0d99eb7348f8
7e148dbcd8ba5ec
4843b3ef3780fb9
9ca4c2ceac72bf3
769ca48a31d9fae
0fe9148539b6cc2
a1d4ba48bdb1b84
545cf55ab2e4b59
321c4bea234010f
a2e178484df2df4
92edb3071bf406e
6e08f9f816da762
5d33a6773a85847
42b3d9d7c1acb25
4ebf346bdac4bc7
539a9cfa920698c
1322d6cc1499ee1
173129e33d26619
2b4a47d1c9b2c5c
9fc6b58a0593d6a
49eb9f83c59ca96
7b7743753a508e7
32e7fba5b9b0425
41918782af69ccc
78be017bc45b0e9
032c9f12b2d6394
454c14952811c64
2562eecc9b67fd4
9113f61ddf4b55d
19bdbecaf231a6e
639d5752dd8c7e8
9301bb402b7a065
10377fa425eb8b1
6c8e483d7a52d52
027e013d5e7e95f
2c37c74137c935a
85574c8ab05cd04
020e2ff06304248
38dde59f94983ba
0da01ee90287aaa
71a1cfac1951fd7
7ccf981a1a60c07
59bf208c7206770
9f951b7db39113d
334e6d51bb5c703
878f3fbb53e6e28
37470ef34ef34bd
8fa427d68ee8538
8d0937ac767a336
45e11bf92cdc3ea
77f81efac6c1c2a
761f2cf3529c858
44b5798ab415320
7e0aecc3ff753bd
6fe7508429c8797
2edd5995e7f9ae4
85d3ff44c6886ba
5a056d18d6d9dac
048d2b8865779ce
26771bcf5ce5645
95bb48ea17a2166
a0906f2432130ba
911c67a3f5caaa1
a1c09491f93d9cf
072cf4e9e8f4052
9828627bbb16b62
18a2194119e3ba9
0d2e8293648fc64
5c64572dcb2b122
721e5d908290538
0cbd6182f5717a9
7d3ebb4d9b67054
58af35b973dc441
a9cf4688f916bfe
51f6c2a41468d29
66f1d19c61da23f
2687fb0dff44f36
9ea9cdb2c746a09
11318bafcc5db7d
0428e03f6d7e522
421722bec01fc1e
72d5a927c851c64
1b39adeef2d53d2
7b6021c65511ef3
7008a7a11e91d0f
9936e70f197a9b8
2aed921c5d0512d
2e535b50e380ceb
7fe1e3d4871637c
2857419a9bd6955
12e98c8cc491d0d
8c1bfbc72051851
6ddf28fa9235311
439ac4a7418571d
3390a0e8627fce3
69c08eae3c1dd6b
2c6deebfedcf21e
9f7e7b75da5a6b2
8df0c4288b8bcfd
a819869bd476f7d
a990e8a50a43d53
5d578e87536a800
2aea7bfc3df1716
45894b982d04f19
08840dc8d6c7704
6b8cb4ca4f25115
1e1fbec87f2fff0
79906670b13091e
01de0983081709e
423641df1e5223a
172a92cb4805384
420d0803742b7aa
3bdd524e6216fbf
99e3d3933e96834
1028d704939b7d8
332f20412476d8a
5c48566c52b55b8
3bb3b4a2ab385d6
683cd8f3834fc7c
397aba0181fef8a
84eb02d2e1ed89d
a5f76902d7e3a56
a4b610a245d85cb
1ef44875c1d7501
a53c3aa32f238c1
1fd0c786418c3d8
a13202f6e2f1196
1da21a1eca010b7
3a1b20e4f9a575e
55db72002cd5fb4
66e35101a71afc1
7116900ec8ba5ee
6b197488721fa40
6f5034ec7a97cc5
06bb7d46770a169
9938c35742731fb
79d8e62789c0c15
52703ff546575b4
4ae0e4c8e8c2efc
056389bbdb3503a
2f3e6be152a1a6d
938d7c51bc7a570
7ac34bef3a5f6e8
046881fddc82b52
a887d95a22cfcbe
05e95b1f82a3393
8b28c4ff857f525
1413170904d684d
0b65c86229fa11a
a6bb8a42425d1b7
2ae1df1738c8bde
3e7753771b41537
540f6d3566a3ef3
16c2d7fd330e427
a25f0d3b5a49580
0d404cfc1a3b333
6031f29cfa1da81
1e62a9290755e63
2c5312c9fe75d98
474fc34120e50e9
a9512b1bb068b13
1d629c532ee415f
2052b47dd883d65
9b356277e54d190
6cbec246bde3fe9
24b7c585c6dfbef
09b9797dd7a6537
a672547310e3343
9f138b0ec0e7fad
1d4c9216157f3e8
2d6a92c4c0b3e76
4efb4a2263cc37f
616c23087d29592
2f2704d4532f610
9374d7c939e6f93
45ea0a19b20c508
116960659880527
2b5515c6d889003
9444db4bc8af33a
138cd13dab7d947
47e68da93de5c19
78824166717684b
85dfe2475a98fb5
3827855c1f09f28
06940b506070682
96dda3df9bd48be
1f8b72ed5890ce6
2894f2351b692fe
074451f138ca7f1
52b6021c24a101f
76ad0d7a95fbac1
69567fe5a608116
6f0bd98d122d170
042aa796013281b
4db3e98683711d0
a0b86864fb97baf
04e995bb85224fb
5f5810505532316
41302c56f7162b9
a788d048595ec91
93097dddcade59f
47941511a6cc0cb
05bc783c7daaf21
3106c2dc96a1003
2d90642808c5fa7
a12b3c56e6cc5d0
72a0babe468776e
41dc3ef5c6f2212
21a2e01702e8b01
002ebfae4628185
535b6c5ef3f160a
2c5aa81ba32b881
4b31c2419d02fa3
1ac1bb9a053cdc3
a722a15abb35e97
65df44ea87713bb
35a8df59cb31f81
a4027896f18ad81
7abc6b12a38e280
5b1776a8e990340
3083b9eaf167293
95edf38f91a92fc
6e9fb2ccb8301b2
8736abeb622a868
7b63d14c1a1aa96
8fdfb58649df739
04658a32955dc6d
28192773be94aee
581cde9af4d305e
8d14d17db48b074
81f542c0fd17b38
9493a9dd967af9d
2f2616ca86dfafc
5795f9fa4b56334
3bbd183a55e7170
24a67a399e52192
93e2976ed42d898
24b606d24ab9e45
372567192ce7ef2
0606a2bd146d756
337738a7e95dabe
247a46892b4660b
5f6fbac0fea373a
2c175d76c6b2877
175f0e39ade91d8
8e0cc386c943666
4f2aa3ee543ac8b
6365f6d2027cc6a
826b6a46dd84ed5
4752f7d1c71d9cd
44d7ca69985cc7f
163240a66b57da5
7c6d918cbbf8fd7
38acbe411f51db2
0898ee0d6aa331a
96594271c87d48d
8bea99f7679bc1b
38f40109a31f10a
7cbbcf16db788fa
a6e15cde9669fb3
9c3ff3ccc3c2fd7
86e53c85ecd3410
8701de6b25c3691
67e4a33489fc04f
61f3695bc7bc98a
85cf9dd6c6273b4
3e63de35bb52672
5844ba96d05981f
85fb7efe5300bbd
371d9dfd9dadaf7
84bbbba4b0772b2
451a55880a8e56b
8e5339a31cb27a4
a2637f00c164200
a10786980eb91fc
69a814b77e74da7
97db128e9648dac
932eeddc7532949
a429e93e6fd2a04
885e4a27512c666
3a7c07384178f2f
7c3c32bd971a5f8
4e5488b638af9f4
550454cd3411094
261d55b6e679013
62db1cafb11a6c5
4072f9d987d20a9
8ae7612784ee483
4939ddbde999e42
068048c12975830
0b447893c989aef
9f771fa8821c64b
4a2fa6a149128ff
10a360678137cae
1def22ac69de2e8
411870b2039dc53
76a2a2138c4eb6b
04a7bc02c021109
0fe02b6182139aa
9195211fdd7bc30
32b3087a9e8ab08
241bf13e965b224
432277e5d718118
52492e28442c9df
8c0132f248c924d
a1f70c6e91dad95
80e5933e5f4c2e7
4526668b8a2c40e
0071c8e502cf678
554f866fd11cfa8
29fed939d5efec4
6be432f170b04d0
7888cb4942ff005
3d319f977bf5578
a195ccef281cec6
230782d2968c1e5
34c2ae307e6c31d
7e828d39ba04183
0037c521814df90
18cf849a814cfc3
97dfa253099b838
6b6e7dddd8c05af
253d132f5141c23
121dafe76be794a
17dd853e21ad3a7
5bee1350ceeb6fc
1cbe3362bc646c7
8c5b4ea41e06b46
77c4735b1cf3091
721ce2e2b7cc8e7
1a004601cdd87be
74289e7eb79c884
8bc1a10265a34a0
66fe1d49a683e1a
311a9dfe6f05ae7
7f557d7c989b05a
6d0c018caeae633
121296f6fa1ac37
2bfe71b4d4b7ee4
8f2a9df7ef33abf
939aed038a9c9e9
81d95699a1bc317
619c7f6325434db
9d4ba781eb7f40e
2ab56993b3125e8
4a6b52dfbf1d110
2423c873fc0b7d5
5e38e6eda0835be
7d1c30b21a9e677
26011ecd54146c9
07ae403902d49e0
375deeb108d57c4
964e3ca8780e9d7
a2c5c12337dab0c
5234c7d397caa23
1b5c224fd629be6
5786b95f8a9ce87
8a15e7567c2b635
9f85b6cca96ee37
1b5b2697e23284d
60b2231c951bd72
48a408669a7eed3
485e6f92f2f1a2d
7d480893ed73fdc
96e052c775b38f8
1fa3e3ea8acf7ba
79dea186f4c2b2d
a50b1297cd337aa
2f0a4e700208c44
a4f30d665d98101
a3c5159ce934499
091c0fa1cb34aa8
0b2ee9c2c165b58
779114f2e8bab5c
275ea9494d06854
9fb4f2d23a02a10
2f657f34bf02daa
70a7171c2feb80f
07f3e122bb2b7dd
a155eeb0c5b8f01
92c13c875f442b0
281c4c9804a373c
1669540dde1c14b
3c49c03823ff27b
50cf343d62ac587
625f0e2ef4234d2
696d89a3cb59b43
37c561ed28ccb5c
0342fb9b26cf007
62d37865748039a
7cb9b34014ca908
083f0cb4d12269a
70ea9143df684b7
4430e4789a2858d
1a5c2970ece4e54
8c4000cae58b963
5a9c28ee3727310
079a9c9628dfba6
7ba46f77b2e5509
208be32a2f73129
78cb5f37f261627
8e64577ff6705e7
10ffb4b518c149b
7581913555e69c0
39705369bd3b70f
15ca9e472adceb8
10dae488eb32898
85f166d3fb1c491
0422f53ade5d7b6
06cfddeecffc8b0
73bb83ce7016dbe
87ccd67fe41bbe4
9cfe15568e3ae49
8d9a484360dc961
77b984c42f9aecb
27979dcbacaf068
38ec8740a55ef30
569d32750f97534
64d64ea1579b31f
37d5602a5038461
0725ff7c5e430fe
0560e4b60ea3368
141c7565fb48ddd
691824eb5b8112d
4ffb7abc208396d
7c847e9694192cf
a0fe924f8c2a5c5
05f86a2db9b30a7
9985d10cac59b6e
109fca4f0ba4b20
13fdac7f8659a99
06ed37a15420e31
94d8c26c6cff9fd
35a419968c93db9
79ec492414f0039
459be8c52e57806
350fc2daf69dbe9
721929ed54245dd
5b1598587c9bf1f
05b2af7eb4a8c2b
235d2a2689b1b65
418c7cd2604613e
5e4fad9191300c6
6b61268ac22a8fd
466f3a0f176a523
a8351bb2b2d09c1
96121bfef68daed
894c287254ae484
3bcc9b74755188d
03a985d9fb4e753
1546607a059161f
6203e8ae4cd2e83
1e4b55e67ac936d
54cf903114cbd5b
9bad4c2e4184307
339aa00f00c4c80
939a82d083b0ee2
2034f6bd9729282
6e76d352f230c0b
36e2de79d8971c8
7d15c13b929d365
7d62321ab2b0e04
5b596a42ed3b78a
40c0804939b0894
4d4dd2dc95d20f8
95e0916168b5dd1
35f0bb99e36ed3f
408927cf45c7ebd
87db60e01664ed8
21f0a41c6fb0767
38fea45cabf70c8
7becb020fc02a0e
260b6edb732319c
616dccc24a986cb
3fe0d16a2c5c384
9d27c3b1c754d7e
5952e429da37d74
020af84e1bf7235
9332985cfc2f720
8eb5a72b5f8a048
1f8aa769325c60c
113594e23864f64
5a1620009c07868
71058a424575556
1b36e9825615746
1eab7c65cca76f7
9cbf65591ba24f3
1b2b1a6fbcdd358
5f89eebd23efa46
2ba0fe4bf93bfa1
61de3d648540266
886081c7c6c1eda
a552054cd4df9a7
4ad3130664bbd83
92517cac6320c38
2850922c78850cd
4cd834a017ff82a
5ecf25c58ba5502
1002445174436b7
3cab9998122e5af
7a1668288632af7
17c0a4d0fe8a490
245445b519a2f99
a7ad8774d6abb8e
569b3101350fca2
59c6c40701b6c3f
1ec26716037ace2
726bb7721bbe352
64b7127fe7668ed
240f6843885d77d
3226f97c8c3b3ea
2dcb799a7359ffe
2d3d5b7ee5e038c
95f4ab2dc795f8b
09097f6cf00b993
6a8c7225b5cba0f
3fb8b90ac0abbb3
1be89dfa74abea3
3e2d1991b9b4db6
417461656416827
2abb55e2ad52ab0
1a44834a7b55552
a99ddd5e793770d
06f58e11ac04f19
44d5aa9d60ec16c
24ca80b515d1420
1e2246ef74975fa
03c6453486e1027
6bc4b6d1da2dc7c
8e7527423eb6b48
020ce74a783567e
91f061a64edb2ee
a39ca708f563013
638402fb68e8ae9
a4080a46d085f66
00bf5ac611a0701
a474e53d709ff6f
79adcd6be84aeaa
5b20c7b21e06cba
8e5f29fee8adac5
28c7d5c1961febf
743a74c870643a7
73783e9f596ee6c
03f2ec03f3ec9f1
06c7a9f4285ecb1
8309eab6ab2d30e
6745944e7a7be14
a95fa525259afb5
45b287d587d2428
a63c2847fad73c8
55bdc121c4e72b7
7fa05b94877e77a
2f84ebe28438247
6ba7f3dbeab935f
820fd4cf0143297
6dbb58e754236f4
5c76d3d3cc6224d
6f69590a22ce393
6c0f9f6d07db37a
4af3aa5559ea061
3cb8c4f551250c1
7b4fb85a01aac36
4f3149763762cb7
7285ec034c8025a
54e0ee8ddbe09e1
79a0a1a4146495b
a081f1f3016a1a2
6152a94d006dadb
0cde626a1941277
5a3e00527727225
9de96c78bc9b04c
9f6e4f41d44d093
80f520645e163f4
318826684e15940
46b22f86edb9e55
4a8c4aab584ca5a
28fbb0dda0c6a7a
6dff47c85ad1f73
7ae0f27c2b9c28d
3256a6c0bf2711d
783b9c9e98a1d98
8529c1c0ba9a077
82a739fe7dbd475
3ea3274e656531e
05e6790c59265a6
80c9b5b84b96f53
0c40ddb2c10d426
2a68093a1455b89
395455cbe4fe48a
378af1f2353cf03
28c77c350971034
160e14f540b71c3
a9149baa1d21f69
1c1609287feb612
3ba2fb4c07669fb
1384703619966d3
52cd8a4ac6d4c1b
460076b24dafb69
97de70e0fdf3378
626cf88302f1853
9ca32983e88b6e6
18516d98ce8ffcb
1a3d3c07fc8047f
1acca64d897fce7
78bea47a6f6e7eb
41d0f264b2a9bd7
298ef64c0664e85
a375536f0e57083
067ee35b5067943
7df473b7770c03e
6253603e214a599
51f7cb3cfe6847e
674150f69bc7058
5361a303661a488
42f707a4417e9ef
72e9748b37410f6
95b87a20285de6c
7230bc91119d2d8
58c91a1b4f044c4
3bd9c548c1123fc
7a973737867020f
9a838244fb15a93
4f7a2398ad913e3
36fb9b53d63249d
4edc478cdbb8b03
66377fd50424984
2aba19b34390427
849aa6c9981b7ef
8d28a3769542df1
2b60e5e916d130c
5272fc657e6a038
9014e25823c8a44
7ca03f5425c1375
36db5adada72779
902dd029e1485bf
4671c04fa438c88
5c842805030af87
363b21064c43359
518280b1d737d36
54bedd7b4be424f
990252831ed4ca0
16e07ac83e80fc6
6ad3257affc2dc6
1dcb65e470000cf
6a09fde1d3f0125
5a7dfc59b3afcff
524ca63ac3101fe
0b5626c8f35284a
9b829a73ff2f47f
416d1577fcb9a2d
6fab9c52bbe2aa6
0f4b846cae6d258
7b9e92f7408c964
8839296104342f3
9c67a5f88baddbb
8837572f8481cf8
5ab1a38142c637c
3617998e86abf63
3716588fc5e39a3
4c5dc985f451a0a
45b634f07f18d89
94a42ab954822c2
1f502f4e402e71d
57892c6a5b18cd7
2f0781001a93939
7da64bc487be46a
2c17a628f7b9263
4402685952d1875
379b2d64c362563
7c5a3ff562d9e82
77ffb2bd99cfa22
911299c5242d708
53897a3f0f1c711
50a47f4ceed30d1
23aa4e9143b1ba4
2e5aea19987d757
07b432e328ee7c7
11a262f5ce67415
143c34f2b90d3c4
5d6593644207c13
768bfc4a6951ce1
402f712fa3e6f0b
3eea468f05ab6b1
0e7be45d1b469cb
794fc1d07a9cc34
012cc5db1b89e3b
6025c8780fd7b2b
6f97394b5cd46f4
53abfff6c9db7ce
a53e34302212c0d
061d1eb6d3cad12
1148b724506056e
33bbc597bb5ea66
527c4432bea8006
7343f09d1d7b5a5
689f60dedab0fad
7d9302f5e0b518c
3dca5c15bc069a8
0907d718c735e5b
1111a6614dbda67
68748be55a66465
6f8d949df8d362e
8e57fe08f01ed68
73dca7649790bf4
01796cf406b2fa0
0c5111d34df5164
57c5c14f921e2da
1b7fe8c322b2a0b
842a19a4add1237
6d60bc7ed1e4109
644b1ba9650f095
6d9b39349415737
0b5ed988869f7b9
0d8d27c93fb846f
49bf148d1507e67
9c34e1b8ab35738
091d6f5c55501ae
49bc5dfa70a85b0
94f2ce75c9a52b1
25060176555cabd
22cfc943ff5c095
47f0bf8287dbb4f
7f8013b0e60299e
50a0a5d240668be
83a0b22d8f5e2ef
002faf3e1ee2960
1477548447d7564
3f1391dd355bbcf
9596643bcb5d13d
975cbc00616e0bf
5f912f6a14ccb62
07e0ab5bc7e4b90
36038adc29e1c58
9eb4d7bcc4f43e2
4b549b29c5a561d
7f62c8345c76e2e
3273522c87ceaa9
49ebcfa924aae6f
22b2887da9b95a8
6aeec7dabf9166b
5e7b9f7cf788c9a
5910ae906983795
3852281351a85ff
48cecab906b3f2f
64d94ebee2c5fe8
371ad9a7836761b
a8b14973fc6510c
43de997d348a1e0
0b18799edbbddcb
7f8ea857139f196
60bf6c524b925d9
8300987f9a27bc3
9fdde8a9ac0af28
421597cdc409f33
274dfd5775586c4
55c64fc94169166
148228c25ef1103
51d20e42227df11
323fbc0c77c4afa
1292420c76741ce
53ecc6bd507e3bd
5b3232cc13dbc95
599908707ef45ed
18451c357ac4578
57def81627eb345
4e412e1ceb8f2af
478426f825d19e5
4358ffd1791bf26
a432c94e5781a0e
083bd5e429d49b0
01bff09f4ae3d3f
963b373de3d3bf0
1aa40a4352ad711
816fb87208f5883
390e922158886ae
86900aa17d3a00c
6a0345f41130a25
1453b021ad065f7
36a7793a509e61c
15a0c8ce2cf2127
785310cba51640e
3b874e848784672
03366a62ab9f085
a16ff2edbf71912
64042c0067c73d6
7ba0ab00c809678
8908029ad45accf
0a5e9ce14dbbb5b
54aca210136a93c
7dca9cf41d557f6
89ee1c258abcc88
4610d27642d1336
441828336698676
9eec9dcec4e3b24
5d52a535df2340a
6ba5f2811170d6b
6a3957be2766eca
5a629473c04c1b8
4c75fb5771ee1bf
3844e7bb727ab1a
12c5658aa23f379
1be8601579bc0c1
1597281a4955beb
251ec0b3bbac861
589f3cb017a5bd0
1bf3d989df57526
a77a9b436253778
2490520e17069b6
43b41dd9f160dab
9ff7a0d4ebf7100
31f2f30dcf79816
26fe69816368b92
814bc20cc7295ef
85890f282344878
6de32e8cdcd20cb
2b6e2512a177e64
a551db95697322a
0b697057270be88
71c86e7f60b48a5
6ab8683a73c58de
2f81dec8d7ccf18
82976b22c8cac3c
4373e4d37b8b8e6
60519f9f4918b04
a03150d48f64f5f
96a907ace3467e3
59a3b071bfc8fd0
40d7d9b31703fd6
90d1c2e079d7340
81006965a9cde68
3768297d52b6c13
1118bd74396238b
a73a15962aef6b2
4cbe6656aa519e0
a6f2423dec2f9a2
492c9ade96009dc
a3f2b2887bc7b21
4005afb656e8b79
9a47809ca2a3f3e
00092d8f7da6d27
0b15dc7be726fa7
8eff77d08d14d9d
8c4db348489e739
2e98fa9b6620a02
75401a7859c6127
752a84ef6148daf
2b6c0c019f67fa3
763e22912fdbd50
8295240073c6909
62d0d3a3bcc97fc
0dc921f441a2318
52e63e80010d626
25302e2d8a62a65
0dbe8e5208dec85
0b1fee71dc66cb5
96158445f42bec8
5b05e21c5b21713
4ecc9a2292e41c0
a425927fb473637
77b95cfb352e0e9
2fc3f168861055b
19dd7ce26f8261a
3defff9ba036216
20c510c54ffb8db
87d7c3b91e78de4
a6f25b748075ae3
30617626a1acba7
3277d8fa65f24b7
20e9d02210d4dd3
5631b05b66106e0
2748e86e6e0a30f
42d6774739ccfbf
7e31687dc9c95c1
6dc5908c84eb8ca
103a7f663a5ef9c
465efd1128229e5
83ec5466d1d04b7
68a3944e792770e
7838300b33dacdf
0b176610eb093ab
64e83050e24b7e4
51de81638b46b41
79d36ae7a678dfb
a5de217f8deaf24
2e215c8e10d2dc8
1bdf58b3647f540
8b34bbf7751414e
83b69be950bb53b
94cc0d33b212ec9
84d17caa42e0067
2ce7038d899ffeb
5f802e5938506ab
50d287465553594
617f6c161c4daed
326c7275ad35637
7dfe29569fa7f2b
3277afc5f04f56f
53f12c8716dd03f
2b9b3e417c54224
96744af96ae7a43
8a62aa715c385a5
8054becb8a91cf9
48a7f0570d3d386
972564c173e4f77
a942870ea515600
6e5a04b8ae5c17b
0008ef4e1fec6d1
03397f7ce37065d
02fac9b5bfd6193
6268c70596ab3ad
2dd0fe2f95a90d9
69c0d6282981bcf
6f509e69accdcbb
0963516965e4936
a7a015b31905401
60e4454008dd4a0
29e8493c87ed3a8
387625b129763be
83235707947f24f
54441a8e5da17f1
5418eecb9cabc23
64539a3bc0c8441
8d87240f2a8456d
22d76eedb6bd4c6
6ba9c49aa2d7b09
9f1c9d20fb413b2
307f72871075514
41cfb4371b65141
150a369acd08e39
a47105a1171ea59
3dd6b4c68b63a82
9e4b4476c97beaf
a2fa4e1cfcf37b9
0a0b85ce36fdfb4
06c91de65831a94
8b6b95ebb3c061b
431bb110fb2c1cb
1a5ad45220c8c5a
6f8a0d4b0133bf6
9123cf64339d879
41550d33a1a948e
375552d6379dacb
02641243f70b115
0e4a4896c2802be
1e71c5f58e4a1e3
0e332d67cffd619
73f86800d0661a2
5198d8942527afb
4e1527080dbe6c3
6a60c94ce3af24e
6c012fe82d2637d
558c665f78f99ff
9b5ba34da958bc6
49a9d2d9eb72164
5b3eec1f592f6c7
61381d3dadd0ee4
0ae218641605a9e
4ba7fa20bbe4eb2
0aa5b6c2ebeb52c
71055c01684814e
6c93300f4db9ae0
73829b4c9c40f24
7cb83615bc71d02
5f7d3471ad7e890
538211286c33390
92ae3e2b5db84ff
8911265dc775786
330d626b7054d33
765c5eb92f6ac24
856dfb4fa15758f
7cbcb4a234e693a
83b88335313bdbc
4dbb82b723865e5
30bcd56851b7819
25c05f7e814dc62
87056be87bf99ae
947d578be6dcc2c
101dd9fcbc5fed5
69c805711cb8adc
6bd833c26d19677
2184d61de0a3c0b
50d0f6f20c2cf0c
9871c52ebd850d9
09ba2ad54cf72dc
60a13f832777749
40ce13703fc74aa
9f3d4d33aacebbf
36cb8cc906560bc
36c27e963d5832a
74fe365861e8e83
06134d8fc9d7fbf
9694a1b5d78c75e
06e3633f6b4aa89
27d58caddb13d5a
19b0cc33334b1da
a131f578d8d3412
27463a4043b4d9e
849716b8130ef38
33327256a4f5c18
a7882076e2a857c
185ded64deef583
41415f7855be986
16ae6881cb72f63
5b58fe5c0d650a0
71df4741e597a56
5ab36dce5402f6c
32449e89e44754d
6560d5e264f8c04
09440f27e4aae44
9d88fb953fee686
1a6445af944f1a7
33928e54e0feb28
6eeb2b3565ab4aa
6e3967ffcffa695
36a23e05f3c3b62
744cdd4fc1b086f
190a57509ba2852
2a2818dd10e9536
114b66cafe4b4f8
722467b4423ce6a
94115d3b2437f66
962d0b5da46f960
7e494b5eec84810
2f6be733074f70a
9aa430d9453df46
82ba5999c84918a
3e9f9929056752b
8398c4aebad0eff
1e8ca61efeb298f
917f2356031c1ed
098c2a633021645
6c6c4048a396da7
823f0655ea045bc
a7795c0b99edd80
03fd62b148f11fd
5e2a87977395776
3c818fab50c6924
4022c1ef6312d02
0165b3b2240d64b
9e57d93a77de43a
415e68e6262d3dd
755a2e19f885aed
87fd7aa8bbc39e8
687f20a37c15d98
4411086a93aad47
61349e51106eddd
5290b30ba436e7f
64ec82449924085
4e0309f1e028bc8
33e3a67351e2176
9b6f88f05c3ea2b
96900d05e33103d
7cdbc50186e7721
07f9c12ea8b17dd
1bc86fab042892a
677acce2aff3cee
545b9e3128d0581
94b7ee65d7a3119
2fb5237074ee3c6
5600b3237d2676f
3f5ae86e47f69b2
1885d3c90e9706c
1b3ea6bba70d49a
9624dba6dbb932b
09c96bd43d388f9
6e7b6ce1370d1d5
7fd8d8d71ea87b1
4d529580b076ef1
318df9a91bfd60e
320f61fac41f222
63bdee20599b67d
67e5efb0fdd88e5
9203e9517edac14
81834329763362f
0659aa112d9f215
3a6d5a9ca8096e3
2a37f6e95317ca9
a363808a0463c7a
310f429e6f0d297
41d9afe9322bf00
89716e7650e6355
90e8d22f93d75d2
12764b55b659891
50ed8aecaa47a97
326fa78fe471097
3a88c87f7cb0e36
a623a13561f528a
05dc87298ef6e28
8b33f3b6a1c6d0b
20a9fb43126116d
0a71a997c3dadc1
2f4aeed1a98bd67
6477aa50f6d8fc2
51f6cea10676302
76ad845a7b0c6f3
75e12ab531085b1
4ddac9515737646
a044fe5ef229305
49faa30eae03e99
59dcc6e64e42775
5d25a5754ae06f5
0d0c5576f8b3ed7
a73785ed13cea99
8e27de19a7b06ab
18ecd739f55512e
6a96cb31aca12f7
6a25b7a95778012
4c8fa7197933728
3c6a036ff69829d
a319eb191478799
840135aa7a6e78d
10f52b56a8c6603
4d90cad52c47dc9
2b4b6f6d16f0734
72d0846afce44e0
574f5951de4423c
37c9452a5776568
52c7908b3705385
5eb4d5f2853e951
4166451536051cc
7dda52fd0387f02
179b4700bf7a3ce
0e6ce1695d442ea
955ab1c7b867422
2dd67580c0e5fca
1c9fb2334ec6ec9
504d2d7982fb15a
138f75521188edc
534494751347ff0
a82e9b810266d44
a5343777d67885d
9c6a5dc522bf9ad
9e9d86f6659c952
05fb9efbc0a5c69
0c339614ca50c22
4c9c216cc67dda4
8d6b5cbe5451d3a
91945a6086baca5
454a22aa2f0e78e
060dd1c97fb43e2
8f2640a8471fef8
6be54da7cbc40b6
90c2c7ac7937e1f
2b7c0982b1abaa4
4063cff95ce4523
79f0fc4fbdab88f
a79bd55dff41f58
a48989a89de3aab
40158c12eede1c1
64a8e88d4c288a4
8aeb9423a92a4b6
0b7143a6bd0b367
30087f595296a81
1c722271f0d1e80
4e57f55e00528f1
8e95e589a04d735
42e21ca1c706682
9affff70c7c1cf4
1042744ea618d35
869fe1fbb2e29e7
24205760d2dd790
3ee3c4b4cacb0d1
5664b887751deb9
1a5c75b83568505
7ce16929cae4664
799aff463fc6b83
6315d501ed1050e
09e411d99df98f4
1a1883d12e02814
292043f36725cb0
20ffd3b07cb68df
7c857a7c9f84d02
13df7f644de98c0
83f3b37ef098ef2
5d48e7ee4f4edb9
8506019f22d8dc8
1f8e34f524fbd9c
8842367d6fca649
2fc64074503929b
2b9e73ae1e375f3
5329d2e5aaf7482
1c92f21514f6502
21be483ae130d65
28ecc0823b4f398
08c04359f805010
4e3752edeae4667
01a91fc9e7de24f
04a33862fc2e854
34a38f239748640
3c7aa528623c647
25f0575bb8d96fb
249e0edd4728f42
0e8d407e15db1a2
943f4314ac4caaa
350409aada977b8
4e5a02d22bae5ec
0141dd3d70010e2
7a23d7b60e605ec
779705cd5886a42
6baae7c48493ac7
85f232233cbe9ec
50c50e33114e1b3
0fa766e247bf9f1
259b9cb91bc56d0
82b3ce3c4be967f
61e42651237d11b
9b0a86dce8ec5de
90fd99ed930256b
90da6437fbfcbb6
05634aaadfe184d
3edc1af3116cb11
3f19a9c34c0c2e4
92c025234644389
9dd841d6708e78a
a0468901eec601f
504a6090a6fdec6
48a527578f8eb43
8d2a6db3f6003b7
6261cc06762135a
4cc9a6723bc2f81
7c2c0282058e9a9
959abd2962fb9c9
0c0c8ea7816d60f
6207bcd9647d96a
5a6b7408341d3af
5061423a8679232
452ad790e9bce93
41a0592b050f00a
49be1b1af0070a4
a7c1f9f51195068
97a8f67da042ec0
747b6e4b0b3f7b5
61e43b20e79b414
3f5ae5afde4f33c
7b708d15f5f6552
0b0521e05de7ad3
3271082635883f1
649dd454c1ded56
a153b8a9603d5cd
7bdc69194302dc5
57370045d707f43
5e6d1c7ef5d777a
33c6d9cd1ca0eb2
095a69200e3509e
87b57fdc6348c5d
4ab099ce173b36b
6bc7d793df87e43
a69abb244fb51dd
5a5000d5c1e820c
1c5f3c96d8ce36f
8d474f11df5d706
46d08c986753d1f
7442eb34862fb1d
708966f489614eb
39f7c7c8b57aaa8
166c175f32b6677
27c21b4e0eb2813
916f45644cc5f99
8b9e68448290679
20d34329c79ec52
a3c733f4c751bc7
9c6ef161a885c5a
6070ae9db2b58a0
320cf8689581d86
73f42dd3577f747
092d3743f605967
52d80ebb58ff640
2b75a197093b09c
a5f130365506390
7fbc00d6d689569
6f42e864ea3b036
8ebc06f9c9bd110
2f6c0c12e526241
631669e0c7fbe19
1b8a0d8130a99be
095e1b03f7aa6bc
50130e296eed424
17efa4d8e62d246
723890e7ef6b1f6
5bf2fb65e8144ee
0a53f089c73e42f
48ed2a5fccbb016
42c493f4ae54e2b
8e7c7fff54953e8
50f6c75681e2616
544d458f9c47517
63e7bd25859fe5b
0dbd701d994089a
9e060b3ee21dc17
39540203c65ef1e
a75f6b05cc2c14a
6254340ab54606b
2f9933936157102
4039ff7dff9d640
135bd88e32feb64
0e1750bb3c6aaf9
06e4f64a457d201
38b6b8c724ef1f7
7e03059a07662dd
54c298fb0eb9dcb
7ec23f747f10889
7d1d108cd5760f8
5459cce502e2ec4
9fc52e2ad6b913d
8245b3910928c3f
491ffe11a89c885
1aa18c8c7e43bfc
11fbff3d6a4c79f
7da0baa0556b7c1
673e145863bd11b
81a6bd76db91271
9f863d77dff1ca5
7c09793afd5786d
4168f5d93128886
76050ddfbdae10a
6b3b2b25f931045
0ac1980e38fc9d4
4632e84d6a01da1
280c40567e69a51
023f5f3c77ce90c
455c9677a91b4a7
20058c41bb7fcbb
2134f6a17dfec2a
2dada13ca428060
6a46a7ff272beef
5196dfe19ed8746
4323f005b8fa2bf
9515670b938e62e
871ff38f4b25ae7
1f1b68d7e795b28
367bb64336bee2a
15f0c9db6ae2ea9
946bb5d42a5ce54
31fef01ec2aa89a
6cb1be91f153d99
4adee213c4ed638
8a666ae443e1590
5bdf2d541baa4e1
339a1b666db2007
0617054c60b8d75
4a4d455d7363432
274b515e7c8948d
0316f3b7b0e1dce
17b502afff9b7e1
80a4d7c3f4b0553
39ec3d7e31d39bd
4a75b132d23fdd7
3721c713efd0c20
48454adaef433b4
57e209f2583e9e4
75b5990a0d42260
828d47322c77040
630caeaf59e538c
838deace255a289
9370f1c5369f4a0
4b5692e8e105c48
83ce4a2c531c2fe
6b6db8f84a1f4fe
7a22a2c46514bbd
3988cfa40494bdd
0d0460428a3c116
8c28a3323b96065
818bce429ff9300
8d6fe32267a41b9
0220caadfc96841
284abadb37011ad
48354dc81837183
22863df00d145a7
1b74b4082025600
0b11aa49336fffa
8dfa2e1ab8dafdc
a6ef829020c5e17
6be537f5bc20dae
1d5b7969841ed3b
46a2c4f4b1a10fb
43f84d1bec518f5
4660cc6ac786dd4
40135b5e4829f84
227fd67f2a4c4ff
96aacb832f07cec
231916228ddbf41
074bffa5aefd7eb
540bf045e1b7aa3
6d467956cce23d5
1ebe7d5666c9d3c
4461faa5d9394ea
924fb4176a343e5
4aa24125ce40b52
4f786e2ba907f7d
307db8770db2670
485a184dcddb981
479f3aa08be9112
3dfceaad8313a16
8cdbcfec14d922c
41c277203088c51
701bfbb7edd82ac
96ee482676ba74c
a09a96ce885adaa
0c9796e4a5bf988
8530039476ad3ee
6e14db845d4a9d9
4f830de67bdab34
397f5626522aa68
9a0da9b898f5a33
011c2990862178e
60824aa10e05370
102a5422d221883
53a596c72acf72e
88229eb1ac6dd48
67d828d6681e62f
2c73929e956e7e4
6e113974c104207
0b762d1db6a364b
0842c5b0776519f
899cad2fe669c9e
77378bb4655a32d
9c3812a4c968057
7d505431ad97614
a7dc900276d4693
1cab45fda231382
75f63a2e05adf36
19bb942f6ab7ffa
794a8030eb77e4a
17c2d5dbdffa2de
428f18814916564
9a33d480e39b0ef
a8ddd18da3bbebb
090c4f77ecf0ac4
1a06372e63e4511
517674fb2c1958f
9d3f0749d848ca7
0f65b0e3725956e
173a9e51d4d1467
2a979b834ec61c5
642a2dece85c146
85c335cff096583
09c5d1b2585601a
48503acefa1f813
1ad2c7c742f10be
7c61af8f3a78d8b
2f3c38fb5a92306
390519afd7056fa
68456558275b515
785693509cb6ecd
66a1b30286cca08
6d2505553bb3208
5660e3b999f0747
061f083e09ddbd1
8455d041831df38
52beea002c185a0
9304ecae6f76c7c
5e011755d5b5611
05f247552ceb8f9
3e7b16b63ab4b1d
730e30298f056d7
538820003f45209
2880d9e5a412041
014d8b1132b2cca
133457a4b8caf33
06ad3f94f9dcaef
30ee554d0ea8311
22a00a83efbd207
3c4da3980539966
835887448b261fe
20b3cc4cd0f768d
991e34d040b28da
35303caf6f32cab
036a4851333c84a
7d02cdfd4d55a1b
49ae676cb2a94f9
3f015baee86f16e
969b84da69a189a
6a85246f3c151df
131e7d786cfa8f1
133fafce1ca446f
32fb3afe51386c8
460ebe66ce75ced
9111df37773a6ef
1cf3e088fbafbbb
7c267a2ec8ce1a7
a5322d2d858ecfc
2a9d7e6e5539352
1faad733bcb6e08
6e744b2e4fbede4
3a8f770b4e59727
94c0b47e26a7b6d
a698e07f5500b00
31b781a63fd49c0
97a1ac8146b43c4
71ede0f80605a78
5c08eb22b40407d
3207a5b84d474f6
885f23bd8e21369
9f1e42325067c77
267782e60bc8ffb
a657b122db46385
9a37dc2abd88232
7bdfc476c9ba77e
978e52daeaaf4cc
37013b2c04454ab
61d8545f6120876
08f19dfcd085f8a
65590e758316240
a9463aa2fd1346c
6a803737b5b195e
a7c654c7bad2b34
a4a719924b7479b
6353221a62d21cb
3348d32009f0ea7
5526ac48f44f2f1
404e483dbe94a39
2642b4d27d119fa
75018354fd44173
a2940a26391efe6
0dcb90d99851e8e
9de0db6b78bb221
15a21882e0ac2c7
6497a49a48a574a
2a9a44e3d07d034
7e2f53e6697028b
02c66d401cf272c
50d29df7baad0d8
877b35398c4cbdf
14f1a46f8434b73
290b881b097d55b
88bf378b2609652
931edee173a234d
507732c58732070
9261548e987f238
4634b452364e627
855033fada542b6
1712d48b9e6eb9c
707cd9113bf433e
41b571ed4900a1e
079ffe22d503a58
469a599645f9d76
1219a90c618421a
8ee2189f569538a
61ba1bfe0c9ee38
93b5917644d4a34
8f0bcbd124a18b0
5425cbf33a075ae
9fd35da0f291b3e
12d0352b39209bf
2a21f047da0fcbb
9956e3d5fc21837
8dda3749ac43f1f
30038587ab1d062
015a53656d2d253
93755033ab76164
796e641b22eb06f
36ba74aabea1c6c
01c15bdcf92ab53
972d06f9fd927e4
714c0aa972a87f2
7dded0ca160f0f7
324d70f83b0ddc4
7a2baf8f05c8447
003b75084f374d8
30ae172f9a5136d
2a5c9f6fc6333e1
72c87882e34946d
01568eb469c48c5
9519577442b8398
45d08b4d826259a
142106e09be35cd
65da65084d991de
7a401fb8b5f13de
1bad0940e5de1b8
086b3a056fc18d9
4a7939fe2e67769
5743242a7b76cd4
290e5ef10c11d29
3507e727a06ac00
3b9c98c7c8e976e
858db9bb782ce7b
59a5643943f648c
15deda4b3719b30
a6e849d759a6a16
5a7618921f6f1c1
842437d16e32ef6
35445bec901063f
632ad40e8b2a5a3
a9eb77289f6c1fc
932d96abd94c4cd
05bae9f4298f77a
8e4c2a2b31a51e7
1a8f45822127bec
a4c6a190aff929d
4fd844dd1743764
6a8debe19f82644
59f14ac562d7863
120c4612acaf1ff
0e6ad1ee012a736
0e8e722411ee101
12060cf3191136f
4244051c4c56204
2efdb624576852c
1de2a729aacde39
939e55902fa7d4f
824efc51bea7f54
8d315a73f1750ce
105080d0419e3b9
4b69a83ad97e200
914a4c084ca4e61
169ab19783a5c89
a48aa82f8e5cdc5
7bc023c01da911b
a4a5cc628e8b3ac
00d9486b39b6d0c
76dc3ed0944ff2c
7ce455dd1e53c41
36dfb1e1f3694a7
1c0014919b2c7d6
8317ba1c54ba7de
8c123dca60dfcf6
a65068488026b14
1a40c20bed180fa
0b5dd0bf92ac6cf
9267f50ce694e80
3435fadde2fb465
1f437adf0c32ea8
39fcb2041232bd1
341389a85ee68b0
49aca941acce726
7c54122c775a19e
5f187e71dc52b3a
22452b372964455
27d91fc06cf2ba9
973c1242f335656
855a96d447e9ee8
4bf49b065a9d60e
21af952d5a80227
a710d867bc70fae
5582d7a041624b5
215436d8f1d1562
80caccab79c1aaa
13468f1a5be79e1
1f12658e288838d
592f3b992c056e7
328cf66153f4ce2
9d98ed729e8215f
42bf7ca23ffc72f
5fec5c07025b931
1f50f98fdb0c0df
13a05be4875bb04
a2837c4887948ac
5ce7bee9487c890
181d543e631fa4d
3653e71eb75270a
73aae70ff673ee4
a21077d3fd26155
5aba670587223e2
75c99cf7fddc341
57139a229d20784
39a871d40fad83d
5604ea2808a6684
2b01eaf77c1ee87
186d9c12b6998d2
8a0151cde8b6bfc
636f4c6afed4311
83a7649556bff5d
3b68f225796dc61
59e590d3d588717
76c236a3dd95fc0
8f8e8c2f1d015b4
10b1d952ac79ada
2d7d83d8526760b
221424d41c6d2a3
1c70f899d29ab0d
6b26eb6b64342d1
6bbe016962a570e
0fb4adf06b2a6dd
3a33741302dc46f
412f452b8e19c35
9b58d5b9aebb45c
0a5e1189a8b1bc1
087d01796974877
1b39344e5e20891
76a35f0750f13a0
308ec78c4273837
63e0d0398b01826
2a17613d9624b7e
8b264e43a314fab
2e2d0e41598f13c
8cece8a404fb5dc
22abfe8ebaadca5
4b67a61e8b46067
0290fd030185073
a5c4e6f25c4fcd6
3ec54cd84429c54
9fc898820ecfea9
5e5617c18f1f480
751beadd1b0ff8b
18224afec3755f6
a920d2aa52fe807
107844fa528388c
4791c5dc19afabc
337c9a5a8f85824
32d515764e9c56f
7d53ac3de94eecd
789d46cb948707f
5973ab2efebde7c
878be2911753aa5
0e6b69d7e3270da
310264d6b925cdf
4786b29f95851eb
29f4f0952d3d6fd
55e9a4d1527b42d
600d3a9288bdc6c
a62b128f4d5ad3d
593e851fd170bd6
0127f30e76d64cd
1681c13b7507174
08ce89157c1b7c9
721ef43b8c41dcb
56735573e6325cc
1c1b0d7942ed82f
55a127b01acdbbe
56345e50e6c2894
72abc1b1b0927ec
74f0a6ceba8aa10
0b8e9da7d231ed4
a0f692d06b6a25f
42557651567e36a
a4da5ea60a2d33b
0704dba9ecd05d0
36308529bd929ff
8b6ffbe355fa6d7
4a54ac445d48ca1
3272eb6cd2741d7
5c4b46e6f027bb2
632177fd934b5cf
3549a9f21674ba6
6c05452ce5a900d
7015e60734606ed
42bb39c6d5889ff
1f6d747f9f85c15
99ab190d2a44457
6cd1a4038753353
49ad8b2ec700624
5cf487e7f66b038
a2a350d5f79f19f
49f276957ccbd3b
9cf528b06189303
a97a326cdd941e7
9c06de09816fce8
5579f7e8620327f
77ff33e3e9a661f
435afa38c952f8b
8cb7c00943dbd96
a89e9a7464f0930
36d032497a84d6e
91ab87a8a502bfe
1f186c44f21dffe
9333ba970f0ffc6
7f6ad46510b9bd7
0fe0ccc26b6bd76
853e7c704c039ba
01695e6049fe228
2db37f72222d17d
420c4884680f6cb
3b6939353a987a0
60f4b971f9bd8fc
a872d66fda77f90
7d3b77636a48f0f
626a60752461731
7d13a9c6e33e8f4
5ac63e44ec48333
929aa51315a8fc0
2f1496dbcdbb46a
5b2d030baee7be2
43b99e2e264d385
5281ce90e6dd74e
8305b49062fcddd
1a525d767a254c9
7d7f9f0bbf487dc
581bd4b649eef4d
1e3a601536f9f35
98cd4410d2ac940
a2274fdc9f4800d
89698792ccf4167
30cef2c04d1ed11
55c7762118ed8ab
0593300cbbe8d66
1cd582e71b5574b
5afd0d31c9ad72d
6cdf6ed6faa5340
67ab9faa10789b3
2e6efe02bf8d692
5c986cb5d3df7a2
49a7553c0fc9e19
84f9e42e3265d7b
6577d1913e67c6a
336351aa9348754
202187eab45fa80
5288b59df71ac4e
22f164df9a9ca88
286a1f24e072f92
785a9d63c7245fe
5bf6ec10c7790dd
a1c6f338827cb51
07dff527b572d8e
a62dae972fd5a23
5624af3a9b76a79
6cbb95a06e61221
90f9781d3234f8c
3888b74c7404946
3a00674e26e25e4
762d5e5c1b3533d
71d31d323700a9b
3e948db7f925cae
8c818063fd4d8f8
70f9ca9e75e6f6c
79afe8b08e6d070
751fda0e100a2df
86b32300824c1e3
799d9f242408bce
a67cbbfa49fc681
a27fa73a8d6d766
a77811bb0bda494
a3e53f30a0c4bd8
5b9353f4c50b77f
82bf6bc68a60f4b
315fd5e6579b20f
621307c69942c38
4fad6ed0bebcc5f
461f80bdd794368
644a17fc1f6dbd8
0053fbcf08943c3
836793e5331e38e
27ee7d94a8fd35f
4b07e85c3cb8375
6f9e58e0c19d348
5416ed6a527fe5a
7dd5f063ac7b09e
802891270dd9506
866ec73e681b0a9
4673379def8377d
7550ef221808294
9cb6cdc8ffb8e02
74cc2f37fc158ca
6f861eb7eda1e1a
9522513acaee57a
9ecaaf0aa4ebd5d
84934f9f1552265
71e69127da61bba
98deff0166145b0
a4facbdb790c22c
7c09bf589c96aca
79fc619770e1007
0d57f063af35c29
8d7c584b3a8df21
5ff291e0030329b
2106ad546812fe0
84d5abfdbdff63d
70748a4dc243414
9867d1460dc2eec
85689b65ae555f9
68cc78dda5ff188
1b60716782e9a1d
56e598a4ccb9458
8a3ccff4852c424
96ebee3875801df
77876411b8dd4db
a38f6771d78a2a2
1e646433e443d61
053f3b185ab5d67
2c0aa91417470bc
62fbddba7682a46
48ccdb2952eed2d
15fb142949d311f
2eed1da3ace9857
5c09275bc4ef14f
12098bfa82b39fd
108f0465154e21c
8713fd5c9125acd
894ee60098003c3
2bdf42509ab116d
08d6367761ed0f1
696028f720f0309
96fad48cb1602d7
9e147eeb91ef9f9
274713debd5e86e
7e037b4d7c491cb
46b3637f2b911b2
30d3e22b079dc70
9b27261a0b759c5
5710840724b1859
3ce7be9991cf657
9d7c230f19ebe97
936c59d7af6bf2b
5a1d573de2591c0
2be199425a7df47
656e501b73043b4
0139409c43f8cb6
85d3696bad169bb
76affed5c260272
148d4bfaa255af4
4d6571f87407049
844b7501080af14
41b2979137fcf57
32a6b20b2887692
389e5b0996e31cf
2df5b13ecba4696
128175a6b7806a0
6e62b9c9bc9fe80
70c942f2c36923c
2bd424a5dd836a8
20f6398c7d7ae9d
4117144e1c7da0e
37fb209ddb5aef0
97e5e6e67c2745d
9792dadfa91bdc9
28a1bd83f565541
7b124eac7d5b3dd
43e230da277caaf
6e0e3c98adeb491
5706ee951a1feef
38417529b974e04
a2535f057f043e5
36d03d9fcd7127a
817c362ba092ba6
7c83c9ada260ee3
6d251385240476c
609a21d695f83ab
1c20a4b2689f666
90568fc8f222a3e
07bd2134c664c90
80efba69473bd0c
7d64f29c77b148a
8a3f9ce405265ec
a358f13ab58e23f
5ad6b4a40aee2c9
91ba5501361f30d
3fd5f0ce1d78246
840fdede40264c4
8375fd0e7e9711e
6d0b9076ba945b7
a47ab21940a4d29
263bbffc5cc07a1
8b093e4278d1856
378147f76a80095
8197972ce0ef9f4
367331f17d844a7
85dd4213edce97b
02443dd60506d0f
94eab3c6f79a972
5ea1eac3703321a
81f2f7db7f81dd0
3d8bcc2ed97daea
43184ca7d0e7742
28f368ae0664398
75d3642e876ff35
1800cf4a975c235
a08e83c04364c50
1febb777e0bb6ef
5e010d153ca116a
04dacab9b0bb71e
34199c6695a29e2
130913d15554e60
95f60d36323661b
20b977600f931e4
82f52b57eb963a0
2ea4c174cacff5d
91b45091e2ee339
a4404dbda8c2542
a54e825ea11ffc1
5ca7e913164aac2
73a6ae738c145f0
5f2e456df2a1d29
41bd9794d6fabf1
48e6b2709c57361
3dff98f85d59578
4402ce886d19d71
0c76035eee6018b
07f4c946a1689d9
5724c0b892e5698
9141d0188a4a20e
1dd5c2a8a94ad70
2557d8011871c43
4b1e46b9d7d3b6c
5a26d6a662abdfc
65eb6cdb164fe4e
144cbc3ce81939d
7bf3ae41786c061
5046a96bd20702e
3d1ab63b1878b3d
87149875d6813c7
5634a91704961ab
79c74352529de0b
9e295bf69f42419
078ecd120476119
08dd5fefb510059
a56c288e8bf7046
7897520dbe83a40
7196a15a6aec57b
69f2280195646c2
53051958ebd6398
0b9d51d5a8d2e06
76e49ae7d541315
43bb72a186caa3d
72b285d2f1697eb
9e93d98642781ff
26b2f746b843b4c
747426fc8301e48
537b12715f1daca
42d3d007dfa1dee
a5dc84f05a198c5
37791d85339b1c2
3a1b814c17df425
3769c1246d3024c
0e4af29a8baf5d8
75a330f7e1da666
91536a77bb66f1d
9d75a2180351b26
289fbabf418696d
64cbad86e87de56
163d215d4995ca5
0e5e05606281808
a5afce0842f4639
521ee2e4a586b1a
29b94f969797893
59c65b5f9b307cd
2960c9deda784f6
8ec016a320a2b7b
6344a036e8e0f5e
058bbd343c03c9d
5222343b2ea3e16
68035f30d49a5c6
0f0f6ecda36fd97
4579829a734c13b
8f5591c12062a13
704d0d98385d20a
274bc862530e2e6
457f0690496c54f
2a50f059cdbb90a
44ac3c096b3ed45
74c17cb6b6a4425
65c9752f34b8546
39747ad75a33e42
1c95e93e31f8361
5e1af0e2ed5256d
56c4c5544d19b7a
7b10d722ea52a4a
41c65fe21c1221b
a9eb34f517c20f0
95616a04d04af20
356c31b0972e36f
a88cd6b2050c318
80242bba20692ce
48509c31c9aa52e
6466fc43dd7b931
54e91f55e6a6f1e
93193c0035d2d96
351cfeb96fd48fc
a0174159c63efe8
238aff2c5273d4b
5ff9802198348cd
98414dc9f363336
5571c8684d212f0
49e8e9436285976
591a0033c312dfe
6b52e7e24d48b9c
0766ac822d86a53
a27846318146f37
29bc07cc39082cd
643ea123d7002c2
8fb973285e9a077
a9d321a911faf4b
1d139481d31c5b9
5a4b666267a5ed8
34b5f516b073198
435c2c2e9dac55e
2b453cefef72310
3f5c061e5b30d2f
02790de933cac85
854044b95d95233
17438a9ad45f90c
2087b5bc73de8f7
0cb167c8783f0c5
39a88090b2e07bc
0fce46fd23d7212
049fedbb175ab11
62b27f866e8a72b
232e4deb6b38661
794c033ebeebed3
2b4df7b06f0b5c7
47691eceee1be36
842242e1e8fa158
530d6c201395250
6591f47dc5ca5d9
62886e1f87279e9
857276c32dd69dc
a87a0dbec9344d5
5d05177006b640c
a92faf79fa12b8d
465e5b5017cd31d
8bb873ab4f18eca
8b39b092cd2566e
27af8dd8b9d104d
96771af6a2d30d9
8c75a877b23fec4
33ad659eb77ee58
0b9a696cc88a5b3
3e8b3171442a067
12f3ce2a73f418e
83fa43d9aa8d3c0
7689c37109ca6a2
0eabf024b4a6c8a
a317f82f791beba
268bbc95338d2f2
2f33931e05082c0
26bf6d79e2093af
436ec7ab47eb7d6
763d713c673c6c7
3d1664434c588c6
5e22cf1c13c52a7
6892bb408493273
95e6e166a763b4d
16008c74c276966
869df8acd60d3d5
105603e346cb0a9
834cc6548866dbc
8bc402887b9481e
368aa7b2079d6b5
643544d163c0e4e
4176491a2534428
8d45320e067d1c6
6d77f7b5da9baea
9e77bda1980105e
7692b34e44a939a
96e8d2f7aa55e78
615875d8f8e7bcd
67a12293c02f4d6
932736265dd93e5
2ed991556d49e26
959e157abe5df52
7351d886835dfdc
180b70879adff5b
0514fcc0cb850a6
081e24b94ef3e5e
576abcf0a8f7bec
90fa1a92cd37b90
85958efc48eaad4
2b3db9fe2c97476
a89bf30e8941790
8125d5e1c6da015
3078acd4d1afc7e
6eb74f367ddaee1
6e68f5356a199b9
471e7a51f6bc923
78325acdc50aa72
7e80e45bdbf2217
364ebc91abb757f
3ad58f76042e397
8458cfe46ec2781
4eec80ff77c7da7
79fd68d0c6731ef
52e1f5a969c9776
0625a9fdd7d4788
2167f1f8de46e44
46f56beee5f0ff9
0d0f4989816c1b0
47e22ec0c5fa30a
0b0165304eae276
136790227986bd6
993d07beaa6e7c1
256f7dfa3d06be9
0f84ae4bd2991f7
97f16a6d82778e8
714a2bc55287f63
48dbee5e56077b8
412b9c1609e160b
8d2fb017ff2cba5
01676bc9223500a
3bb2edfc2d29c6a
79119b7144c9743
782b39b18588d9b
017df5942cccdd9
a38a5efdc23fd24
602b358db822537
a06b8ad10666e53
8cff56680e1ec23
685f9bc8a567ea1
60f6371132a988c
58ba9f7a0e32ad4
58fc6574392eb34
50bae64845f08e4
98ab3e50e4ae299
3ea2f9fe7117938
73067ae0dc588ba
1807ab8999dae54
9dc80d5ef186d47
76a33989042bceb
51d8e6cd7ce0368
635087a00e95650
717a0a1f6f7e9e3
35ce97217ec3373
58b67f684f71db5
432405cf0710697
8a38bc8813626bd
6ef004ff9398fd6
1320537a0a57e44
5a52efb0299523e
8910c4264285a56
79158e5ec8d4c8d
47cf28d1e6067ec
8721259d1a11842
63de84bfdb22da5
3562830e482ba01
a2291bdd380265e
21a2ac7031333f0
88d31648f64b7c4
89a70c34afa03ea
8ccae81e7bb5ce0
2474d657839a797
08388ef05d41c81
05cf1bb5d34a101
9a4f83f4b1cbcbb
653ac4a3fbcb7b2
0b8f3341489ed48
76232621510eebc
83837a38a5a0f6c
a7299b888774ed3
97796113fbff6c2
7f2fd6ec8c07880
10e4ccc9df196b7
4d833f9cfdd378b
74d0c88e071d618
a2ce55f35a74f6f
1e08bde7324756e
570147c5b8f641d
43b9406fd188bf4
87559aac85773f2
a864a371a3ce531
8bcb8cb6902ef50
09834c607e3f256
9fa2b43160d2c74
6627ece1c7dc469
359a24cb45398fc
2950e452120f29c
7b2306470fc2e8d
706c03666ee82a9
3133125db467b80
8b750d4c84d1df3
32acc93de9a56ec
493685bf3ac2eb3
4fa32b25aa9077b
6a0e16ba162527f
5e9a7da53721c49
585503cb4efdad2
4476cfa010c5d8f
19c78691dac8f1c
69f9a6a9a5e6fd0
1dce9c5987129fe
6fd9c816e46d614
5077ea066102841
5aaaaf8eb6e361b
9d5e968e1ec1498
1742dae11b99970
11a779d36645c7c
5e22aacb33a62b9
8fecec7a91e9f2c
3c14440d81b0135
2502e5fbcaa7e0d
06a4db2912ba9e3
11283b0c2d00cac
a5dd1ca6fa40826
486f60243c46b31
4156415b52f371c
a8bf975852a8e1f
6be254d3005edf2
135621bc06a7c9a
7facd056f8f7d7d
09c23b83a9a174f
5ad5e1f5ea50cbe
6b78bb7a8eb4dbd
52cf70771cbcbd1
16bd9c583aa9d67
56f4a2392dea77c
a8a8c9edcab8d01
6eaed3a05e20b04
a37ec1f4660b81b
5bb9cc7362c8c5e
5f4b38fc76c95d6
0f6605d85b644f7
4376021e2e843d9
7e86db620352c02
125e66469e052b3
1af6711b4b0ba68
680ebbb04bc7ccb
35dd71597dfdd93
3472c494144ca45
3068cc12c9347a8
2bef5c593c00e8a
350708c9f54f2c9
029a728a23fbafe
a9a6c77ede85cd2
0cbcd09d7c317bc
55a1a46aee45a5a
6c45a212610d737
40510f1cbd534cb
57180fcf647809a
a5b2eb4af5544e6
07cc9a383e9d23c
2418c88a23c86ff
59d307ac059e021
a4d0f1b044e81b9
06a0bc7d889342c
790d9ef588f7453
7197aa97a04f867
8b3fe1abcfe241d
4192ea09a0e8d60
90eed44239516fc
0f6e0af2a162eea
29b9e8e48cd09c5
20114779ac1b10b
6c3134b8465a190
a419412520b5d87
86d71b8bacb0d71
44f4b2fb442bf52
05f56d04668e01d
63bb0406d03c382
6acf3d0371328bf
1799fa64269c335
8277a93011d522f
a82420abb6fd1c6
78a3a7bffa44219
69bbab478ef8150
4c6c9e5f02460f9
2ed5c6f9d6e9e61
0c0f6632e9c911a
456939b48d9f224
52f04c542b76cfb
0cbee1b28dad4c6
14528eb9ccd9a44
6345215321e7ac0
78026dae5da1d7d
4b6e46423266e08
7c03045359807c7
161fcd823f7794c
468e43f50bdd4d3
37e7509e1f6d2d1
5981c66d5d03550
a5fc6e5fa960583
745295a8f6764c3
945ac3fcb5c1dbf
48fcb0c1aac7e49
251b9cc16a516cd
75582e06f74eb82
1c1ec388bd4cbdf
3e075b77f371b58
1d28acff7c4bede
25145476bfbac6d
6f4820632553ba3
88299ec86fe13e7
644456abd3916c4
2e7cae00d2f3f36
19cd6a0b92d95f4
890ee26c7e1262e
46c17769fb3a6c9
8a964df95681a38
8bf4df8f902b633
a326f75d34bb90d
a40d532df26425c
75306c4dbe959d1
2ebc3b84c8e9bbd
5d8f47fd13abe6c
9bcd0de84a75b12
3649cb675ade075
994293082363d40
39fcb468b87c2d1
6ad7c9aa3dc0e6a
49b915b34d992a4
1284eca891bfcd0
904155908af04d1
208578f83e76be1
06c5f62939c50ae
78031a322eb38e6
29563156917e9cb
76da062917e0f4b
108ec7c2c2f5903
8ad0a3efe5df851
15634d53c586893
6b6611785da3bf3
00c0e76cebae9a9
73cc1924398a854
84097c28d4fd4a2
69ceec386a478c2
4264f9f2b69b439
6eeb281ed4ce103
516033f55f0ce37
a8bd1cf8b8d4958
5d11e16eebad523
a68f95c3f6e914a
166fa2821293c49
4bbeea569a67514
238050018ce4f21
3c17c2b59091575
74af6d250207c9d
10ccbc7684654bb
9c5e4d9b07ca10a
5c6cdcb759feb3f
79a3d3c0e76a918
3a26ffd2c663803
147f7ad8957c56f
2468b598004c332
6a1001363e5c6c8
1d72328c7abae90
695abba1d4e7c8f
93fc00d663f808b
a1838edb396aa73
382454a1836bbaf
388f26da9471e72
9e3cb1d2f7f6d7f
18c6e2f06feabe7
6edb4b1530afbe2
8022d2d4d4e7fc6
3ff2359e527f704
760a50d1f8b59c3
7adb22d38fedd16
65dc024f91eca3b
7ad4ca03f306a83
69194e207b48769
3ba6a22cc872673
56a09e4cc1a3ffc
54b436ddd539dfd
1d9648f842d8be2
578c5b586549fed
771ac2320be0866
96f42b7390b458b
146a582e1d2177b
5d560e209bce8e7
3222380bb5cc7a3
9c410a4560862df
6cc05d55793a459
8c541d8b89e997e
10c92f3b76e0159
7477bb4cf50abfd
1ece847d2c51113
89788e99aa30f87
7990ddf58af8e8d
780693961471808
4c71ef5f2c7fa24
58ededa74274ebc
9c6da3700c77127
093e0db4629a1c5
5c601dfb0761e70
3cfd18128512921
75828ecbd0ffce3
26a43f9ee93d328
9c0d11e574bedfb
2d2510274caad68
65448edff7b4aad
418e51ff7f4bfbd
2bcc1177aec89db
162d178e52ed2af
a4ea812c8543d2b
a76281f34ed3289
76b4897dfd3649b
435230e2706aa96
2b5227a9a6d840d
956c30c948e60bd
5774dd575fa0db9
7b2a2e0e1390f3c
6bf46f76bb0b862
99a0383f8067c13
822bdc06dd96785
8cb7a15109df027
6989bfd60820272
992b33f635ae2ad
71361600b630908
5c1b314da0cf085
327216e16439843
25cdbd59663e8ca
216c2fac7d09627
526eb2b51e73098
142f63c5ce27f6f
3fe070e76712365
a42c3dfbe48972d
6512b0067d747b0
270463605bc0120
16d789daaf840c6
a8f7206e131ed89
4248b50c5158d3f
91a020818d918d3
2c6b166131ce4f2
92f831585b8b883
4b6d0bbcea5f4aa
46542f95cfc3ae9
8db013db3ce9638
17ba5401955817d
9b36b3cd998123c
36a635230fa0621
7dadcdd7e952d95
68877edbb957e5a
700ee0cbd0b8027
4bb93f0d365820e
2ccfaee0ba86159
5bfaa132000b881
828200d4598ce39
73a942df8c922b1
4edeb3d6dfdfb56
699c995d1e68c12
5b3d244f1699ade
99b251666b1cbe5
4631e62c3416192
4ec682cde224b49
07b2d77364a70f7
6c4e074a540d2d0
96e89a1f69e3c38
a808929162edffb
a55966c9cf72f0b
a6d3cdd61db10d9
3d8c283fe250923
3b62b505a9c46b5
7ae2f242f92a82a
99e02bf896c73f9
59ca506c7bb25fc
759a4627f3fc961
0010c9cf08fd8e8
5d33db9bf4a2fac
1adf00b6e155d75
3a20b453f308b8f
9dc1f332ce5328e
1abb1a534ff9b9b
3a696f84915fbd4
6bd0c7803ac601e
586d211d2ae7113
92a6f6cc38c6016
7afb1e1968324e8
9b4489a31f837d4
65744dd5b47d422
8545c30ad3ec5eb
2d942cc111a64fa
560031f8a10a689
7dcfea14dbafc61
4881ed0151b7237
22945da3ee19450
0f7ac7f2dcfc048
9d64acd16636ecf
68969777522c571
223608fc69efd3d
0a6fca2c10bd421
9f400f24cda779f
2b75148836d245d
55331f6ce182370
44f87e6f9014123
249397916936889
431a4ad4e4b3ffb
26d578feac014ea
9ed773d8dfb7e74
894f400d752b84c
69829d2e88cf06e
9d62eef8c7d0b06
83df0978a8ede70
755a2bf6ee37a77
9fd99a6157ae246
7213b035145d3f5
98993873e2a7034
964fc0e87d2a098
77539de514737f3
02a985c426fbf95
9d30eb162994741
169f79a3d9b5adf
a127ca371302cf9
0ce7b3e56b57b9a
2ec5ed50c314a35
8a709e1706ba8ed
a07b19f8ccaef3d
3fbad5bf9cc3234
6cfcbbc1eec71c0
27adc7606c6dd26
a1ac9d8302a6b53
4baa1d8318bf5dc
1f98c44dd6f7fe4
1192bc2730929b5
4c30d358c94f8d7
55b4feed64fd562
16818764a9b88a5
01cef833ab6c5aa
868e15cc9ffa627
a206df028da71cf
40205d5ba567e52
15537f983541aa0
7d9568d554df8d4
79647a2c049f6a3
4a0f174faa336f4
7dbec359a9f202b
6e889a12085c06f
4e8acad48b22d4c
8e313dbfc2f6d8e
4f4820641422737
18471f64210c21f
a1c8f9fd0c7bbf5
0e946b43727327f
3e16450f058b204
6a6b20f8ba54bee
0f8984c47e41a70
4f7eae8e188aa79
4b081596ce4df13
1bfd920597f2d76
258fee08ffac4a5
97064c046410b05
a4110cb4a12d208
784a99052652f67
02f34baa260637e
435382cdbd3033d
2099bf0103740a8
7816b772d0ef6c1
928cce7b2b5689f
435871f25372f98
4e8449d1eb58d8b
1906fb23ec58c1b
0bbcadca9cd1e09
785174f6340eaeb
291f1fea32f0d60
397d39dd97e7b80
5b72eb9153f83b0
165f923a55408cf
4161f7fd3f86cbf
8aaa3895acea1ed
a947c31f3229769
5d1ca44435b846b
5bc0c3e650927c2
6638e319544e106
755cffa23289bbe
7ad18b516a8bcc1
093061fbaa5573c
3bfae1a42d397fb
3ac0732d18d1479
4b7c587f5b4fa32
a4d8efb205b34bb
77a9d2f45be30e1
225a2bda7b99ebf
57ef2737de59995
2ba506e58038831
a09362b19c70cc0
1908701cbea5a6b
36c1d195e89c1f5
92d9b0297f376d8
23eba2443e2ba21
796e1bb9cea15da
8ed815e1878a8f9
4053e8f7b4beb58
53fbacde5b9b41a
45b269b706fe406
8dcd7d41ad5d85b
106fa52faf2643c
109f47e6f82c29d
1dfe92c679afc9f
7fab0ae763b2212
60a93f0b081885c
91df9019a98f1a8
34b95b598e05d4e
128e568b6792b9d
573e29d92353a2a
5657105d7347ee2
941b980a6fbb7f0
6cc646531f93dae
963155e70b0352b
59c0b92a04ef656
4e7112bd29034eb
1aed5a122940b7b
02611653d56429b
617d1365a7a2c4c
9afcd4ff3330454
70b8466221e6b0c
8031d387cc505ce
9f86cede67c0305
76b8cfd69a0a3f8
2d929ef5f95e755
624e3307313126e
6fbee38f48d2ce0
9cb941985086540
200e12c5ecdc0f1
90b247cbb05ba91
2bf40233bcb9450
8de73cf970e1348
358588b2ab5aab8
15a0eb28c4346d4
a4a6a992850b310
67f54452d0da51e
7b6ced99acfc194
18d26cd4263c761
814ccf0f356d46c
93c02b7b3a75c43
1f1e1ee72eb8efc
8ab334d9e706739
21d765779b43718
41b67d03c8bcf4a
55a2e094a1511ba
0034318a3af05c0
65b68d3fab7017f
9a3f8d8a3ca69e5
4b1bbf70b44edf4
388031c38623d8b
23a3dd55c5436c1
0c40174f6bfbdff
689269cf156e7d8
2de0f08709a6f26
253cea23a93d2a2
66a30cbe53ed67b
06ebfb454b1e19a
465f3fb37e56188
22b92358126f9c6
5baf1b3f3462164
954f8ece519ca56
8af3437db8df3e9
4002add32575400
54a599b77a4daef
6cbed2cff3dae3c
23ae609fe37c0dd
56fedb5e2598a2e
53513976ba0b1e7
96d6bf8bf2f6ed3
44f6a87bb84e692
4e3776db8571375
968d35b26962cbe
8dbc3db6a6a1d16
1c07caaa4e71a3a
06c9c2b48a8c49b
8947f8ea7280437
37ec2ab70036b9f
4117443f2225c49
a662abf7d2ba805
67c4195b6af12dc
58078bb963a435c
784666895196e14
87ff8bb931caedb
2a6c52afdafd38c
11153f93f692559
49477067c9d480a
6c30ded3b3919ab
1da3f9beec2c6a8
08ccf55702bae4a
7030f24e07b0aff
77c250c6d6f9a49
363d1033c5f293e
60fdb25d066d1b1
7ffaed38eff5ba2
4272735636a39a1
3df7ed5e2febed3
3f66a82cdc80585
a7e709e78dd036b
5d0a13abd6d89ac
828f2e43f2a38b0
1a81a6f65051e4a
a34a3b43a76597c
845be9a06a7d282
0d3f1fea28013b6
066bad66395ecb5
94a842869355df4
60a91ca09d471dd
52608495155a4fa
a1e7decf14f364c
6bcd834cfdcc99a
596fbeb6f667f08
6d371f1fa1f9b05
a9f2c43be29cc9a
124cdd49ce414c2
0ee43be07ffeb81
a9b673db9e12122
4d4d130509095f8
33a904cbd3c9a4b
0a09497bfa1f3f4
131ed0852ff2919
7e12ff58381afdf
9d8ee14e86c45f4
3fc72a539f1f0fb
42e6d7e37d8379c
48d7a41e9909cd1
08a12a46a2d498a
78bea35fba16eb1
7abde1cb78fcfbd
1eb9d57aacd6f21
31e4757e581d119
1032547fe292353
7b96f52781fb611
9a4f2f3007ba6b6
a7ac478f96bc320
2509ce3ffc2dde9
758a63ec993f8e2
04dff3d1075ce9a
43af37492d6e9df
4af589844a97852
8d9cfff2879127e
2018a48086bab12
a413396fffe8123
2833095e7de35c7
8a3d4c8ca20f95d
8f48c852be81c73
71e55cf6d026448
9edcd6a1fee675b
647d92dca06304a
0b174401166dff3
169f40fc459cd14
9e4f340d6cac228
389b3820d38cb77
8eb1459153462e7
9caaf8ccde8e3ac
5126355b897456a
4e0acb4500a5f58
29de0a3fcef1142
9c58282b71051ff
0156749ffaa8def
9d69d69a2052eaf
9de2c0d1765f7f3
8eb8130585ca481
665674b5d53f125
2dff95dbb964f2c
0ce730e50a6710f
6bd92b69175b4b1
831fab4a6ded070
213dab30541c3b5
6257340926c016a
884ed05a310020a
5bd3eb9340754e1
48d3dd6a3bdedf9
7c8d8de17f1dd6c
5343ff686c09fab
5b59b4f0cf8b689
57784c28495d3f3
653f67609554d8a
00abd166a060cb1
7c7afca57ef72bd
555322731b70622
00dbf064f0d70f0
11fd7ebf9a2620b
18e2a7b11d2dc53
6ca68abd81e79e8
770d6197740c852
5e9bbc26b502357
2783aeb3091d046
1cb15ef6616e26e
6b4633c77120e7a
4d821707bf4874a
32e1e2347e620aa
242b99eeff9fa2a
1248c7a42b9220d
8de7430eff2f2a2
1d20e6b60e2ef60
6bdec9dbbf7c6ba
6d99872324292b8
30de26c4c14ae01
8ca346b21c52061
9e269860b59a142
51d790edfab1da6
82620c4b824e348
33a9af5b12ca716
4556faa3f7a11b3
941875cd589a585
4f65341b5643b87
31ba8fffb03ebf9
912566db5206584
02cf1b6c8dbe927
7290b3893db3422
0a0e2a906ece07e
106b96c85245224
511ed973ed4af61
2ca08ee5ba42eb1
0283af3543f6a02
723334407882b6e
a9f4d4180a5bc9d
11e8b21a0236d6d
79ed89d4969e3c5
0bb73b898468335
04546ae2d43764c
1791c459cc3c52c
5aa2afa158ce19f
a3b5b1f53813919
865fa63919f2d9d
a6faa5f5dc4f7e6
294785064441dc3
6b03ed9f2db9b69
8f6fd027549a297
7d09f8bc2861eab
972c6ef783b294d
6c03230627718e8
0976aba972dd08a
104b2e1ff6e6b95
97d9f55389eacf7
3b0bb3a3fc78dd7
8c80b333fe532a5
9575494301e7732
49f52a21e14d875
1f365690cfe0622
9efd61b4be86df1
87c15f50005e137
758dad893392d91
50562e375984f59
3ad1cec63338e26
81dde7ed38081b6
839e9075e512916
103d3f151d8efd4
97fb619d7e4f14a
274be507f0fa795
579cbd77e34e768
a754d9f234ac4c4
9b96d9d0c5d1237
27c21a0f99b182d
5e8a12639b58315
19a3c076ec203bc
9521fa18aeee2a6
1ee2f3133a98378
1cc33154812d336
6cd8d8ec8418338
7311e46310a1035
787447d282c4b1e
31f6c32e626828e
8e334531c27dce4
a94e0e75ab1d730
2ea64dcaf4a1964
05b98a305173c15
522ccbe8ebf68bc
6152fb89011b436
5ca5663e6e1bf1e
95f9e9ff5acff58
378341a11568ac8
44a6fdf1451cedc
5bcda0339063abd
46b3b19cc7e3f40
349b2bd9633d516
6fe9b19c60f8b23
23175146f53598e
7db94a9d69cab4a
8afdd9d64b74177
629151270715b53
a3a0c17f1af69bf
8c2fd716a0883d9
6b05bdaacf01b9a
89001cae415fceb
3d6871fbbe006c6
42db2ef8b9516be
04367adbb48721a
3246fdc2b367b5b
0716dc40c12dce0
8ec8e1fc438b639
07058498c0e731c
18352d730297fb0
a294d690945622f
1bdaedbc04791a4
2b2a1ba5b049244
4f8a7e815852ff8
14e8f369f4b45a9
32fb1eb155ddd0b
2e1b34cb730a611
7589cbfd5748213
25d7792d7518830
60822cae553d7ba
0016a3401da7350
60f7ae016aab00e
1e9dab1aaf12b35
26c5f768cc62ae0
35b8aa32bea3a2b
a8e35ebb17a3913
7c0b1ba6c4dac0e
44c291f160254c1
213ccd3c6084e23
662124e3e6c5084
655f681bf0cba7c
03ad5abacb0ae77
476744d3389beb3
928455eb0ebaf46
01d4eab832212c5
892315dd13e6d85
39713275b35175e
758787b1fa841a9
1d28e9c982d1c02
266fe9bdbac0565
7863dc10dba95ac
85fe13c50d65c07
4e7f958b5377f23
9f8b7557e4d1141
69f1dbdd4ce0c09
4f1064d9b39a9fb
4248273c4e9a516
988b3f05e905ef0
1170d73ab9430e3
40e9840589f1439
61a47e159fa56c8
104b009f6ccc3cf
01395b25ee17dd5
05dc25c4b9a526a
3d3c668a5db85d6
95213558469606b
97bfabbc9c18094
0236b568f062113
78a7f904a1720b0
57182b3a513e87d
55ab7f3f25e097f
792d016a3c0ac1c
916cef547939d9e
a38e2b85eec5630
0dbd33a2741ac1f
576b7e74a6f85ab
926a9fae17588fb
6e8e1f139d26199
641620891ca45ea
10c5cc13cab1b06
9a29328f21e0b0f
81e14ac29afb932
423d9122e0b512e
7971b032eec4706
64c316268de975e
9e3e3b70cda25b2
954559c088f113a
96b9e11fcec69b8
8170d49127f127f
3a5ee377c31f376
683e38ff3352fc6
038c8a1354c34dc
2ef068f32ff3095
2015054f1e272b2
9a95dcaf7cee188
3b72eef83e27b9c
2a663f19fab3ac7
4d0b9e86a06f7b8
4974453662a951f
2aebfef6c042b24
20309bc96c54cff
4fe08ebbba1c14a
0c3262ec5b680e2
627ffcbf2d9aa82
83f8c8dbb16f937
38f74161702ce83
6f9af0b26f55a2e
01f12cc272f4f3e
92aabdab18a9cfe
529b131de9efa1f
289bf1824d4ae22
23675742b72374b
76cbb51b446c8fc
4f78bcdf876a481
1860cd9cfab27c3
167a2ceec9fc824
8aafc5c58bd34c1
7766cfc3b71180a
1dc7a89640c52e3
74b955e38ea0728
9706c1b9f4b0bf1
55c5043002d97b0
1bf57aefe995990
21ba7e5d2321836
037613351edad8f
755c04a766d5c19
0d057f452d84dbe
44816c5598424e2
124048920ddb5cd
02e766b58470622
a001387f7789399
05109696dcd8973
21f807b7ec9c3af
8d241f4a7f4e67b
369a268e931a9bd
3a7d5e891ea69fe
50014be32ab6b85
0176d0dd832c700
250262606b44e98
267ca3290a059ee
2df1af720a50737
3ea73d951289835
48d90ff8d7107c6
42fc2d5f960ed56
5c7970ced9bbcbe
1e0c34091dee66b
34da3d60afc68ba
6a5e088260c16a8
04df2ae0edf055e
98dca462aebe66a
9c21cb2220b32aa
4668baf866db78a
1292d85078608de
6b521fedfbddcbd
6582f025f146fde
04897c9e1b79e2d
3fea5ff427254c5
8c13c07d4283980
4f75213244f22b3
23f18a9275cdeae
49f980234aabdca
a6f752cd07ebaa1
5f955e92c20ed06
99f24c81d01acdb
74beab924c7d3f7
7311507ea13bfef
0e6b2673688b767
16f0e967df55aa6
2aebbd94b0749f3
1d0ed7b8a78d817
a3f4a4f76f4d0c1
96cae00da6430bf
61b07d24ef75115
4a713d9f5133102
59cc17cca5b7653
5b4896d61142faf
a4585d888c1e2a1
7658b7ce081f91b
9b2999b929c8090
4433e0fc3492c11
483f4ffaaf7473d
2cde2cdf0551d71
061c1b550d1f77c
0d333dcb5221b55
498dbbb6f15616d
6f47c1ccfdd6c0e
37af00409e8c677
9c613dab492d256
39e8249cd044956
9ff9505bde8f0ba
672eff1c3aaabbc
85345bb9a99e802
02d4bd2715f43f7
31f32b60672c9a0
6b671ec038846e5
8890ddb72ad14e1
60375eb8a259742
a25ea6a0b98d00d
75a950fcfe701a6
2323387d3f3368b
7f433ca6510eab8
217a12a2902ec31
459d183a150740d
796f04ed5e8c1da
a6904432e08bf3d
1e3404d062568e8
4200b28823864e3
1a38b5482882078
47b2ef237852179
990c3077ecf1975
049c009ce944553
8a167de89cad517
4640062acbeb8e7
7cacf4aaf7ee441
66b7eb1ba56f51d
70d94b2d3c83678
07447fcea4d159b
2184db3c4225f5c
26e7a51688187eb
90958f0de732482
59f5f52d9e9e7a8
7d6dda34e7a0759
02ad4b796d6030c
53c589a54a85cff
56f37ba5546ad5d
78c598ee6609bfe
041ae513fb6d895
17701098f689d0f
5292e8d863a2bf5
6acf13897103938
5b0bb3fbdb95503
14226e0d26c4dc3
24ed9e1509bc6b6
5c0349613d11a06
0ade0bf5e3d98e5
2faa478f6487a24
90f35c3efe29a70
14e9ab87708e97f
86592dc82bb5c4f
977646ac77f81fd
0b902759aedc47d
022bd76177ad680
a4dcc3e219641d7
4083e25518417c2
244962e2dff2a06
23c59ca1384037c
859d1a3132cb61b
0c57591fcef92ee
42a4d8d8e898097
965859e27c355f2
6cd31c4edc9cbf9
729658403578d77
94a336c78245c6a
11ea806a7c5a693
543f62af89d27a6
3b44c2c9d374f93
5adf3193e1039fe
67fab11fafe9775
6302df4f78dae9f
a7320bdb336913a
95edc69c8702d6f
0905933e4885097
99b777562ca610b
56c1372fe54e342
864f62d47ce7666
30576665f9891ea
3017a71f2f1f7fc
8ed9c100d97b356
a6d840b2b988635
500045d97b70514
2434d64df3719bc
5cd79769b8760f3
44c30d8670f69a3
6e4994489565826
2d093acdd01c832
515bcca467c7c47
9f9fdca4e211bae
410cbf2a803734c
1e278b4b138cc23
180b6d6d64dede4
7a37b454a778a70
39e329810148b25
0e397fc8f48a70f
080c59aa1b0b71c
562c1dfba1bc56f
1d1f6568275546d
688ef68652a2a63
22352be241a6b94
821e775a83ff049
0292eac4536a485
529d2aeab803547
1004b1336f1032a
9d62982b892260a
4a1c931c49bf419
942e5bd814e6ed9
825e22c527c02b8
4b235766c2c83d5
a55b94c8690ee52
6388ed5e247ed3d
951d8c3d264476d
5efdf097fb5b1ad
4a3702034bad7a8
5697180fc7930f4
027269bace5806b
0d0283c03d7d98b
6e27323ab3564bc
4def1edb7d5d2f0
a2bbcbf2c39c010
2b15e2b4c751612
25a92d392f0848c
895dfe096d5f3f9
1438cd0da9d6a2e
46c82dc2c535b8b
29fc53fd1ded935
95bb51e5bc2ac4c
25ebd8518c59c58
7db4b635f4518cf
77ef2a337db262f
72840c06387c794
a882b3e00756546
936e22512c6e448
82ffdb70ae57eed
5ba20781964d51f
9400ee9f56362a4
8f903f440a9f983
1b9432fa6d20231
4b152d113a49cb6
6c912865a20773f
029c0313b0e8838
374e06e00c0c1aa
80d6e6fb23e6a65
3d9d42e16159621
9cb9d038f4fdce4
5572660d3ce9f83
2aaaf48e098e4b7
37f6ec575949e2c
97ab539176546ff
921ee6d946663d0
363b93e030a339e
635458f07a140db
2961abbfcb10c23
156756355404d36
2fc55c352765ed8
6832858c27803c4
67f4e201e965a28
39c0310bdadab9b
4ee62f07c95e39d
42abe3ad40a8f7b
66dd91464845e82
20d3665648b93ef
17f548d617549e9
7614df48b060be2
130fdfea841d7af
957c6791317c1c6
7c058afcce4f78d
0badc98dd41d549
7911950f69751dd
1aba60b5181d437
9020d6bf1e25a5b
03bcb6419e1a4e3
a473e2a1fad2e14
8b0640997410007
451e7d9d9d2f9c2
2ad4f1385dac7ed
89b3502284a3d41
4074de7f2678d81
5db3e6d14145b92
1dd51c3d41b4fea
4b6fb4d8bae58db
00160a8564b95e3
370defbf0702660
9c4213f6775797e
4a984d5ad2e6bb0
26f3e8643e6f167
1a8e67d4353a9dd
475e7945bedfb73
683416efe061796
0913eef72564dbd
7054cb2b090f354
7cd17aa48eb345e
30b8fe3e9007053
87fb39ee9f58b0b
5a109d8e2786d0c
758571241daaa75
54517f1cc4dbbff
65a88d5c725340b
917b93a0021b5c8
766c3bf5180dee1
3f329ba33738682
6d5a8024f658550
0490ecdaeb2ee9c
6d6317edb4d0703
1d88deaa8da9a4f
3fc67c503015f1f
9c0388a29de0c92
5693bf765a6f4b6
108d4663b669e1b
8b7d36f8ba0a3bf
5dea7e367cea3c5
a8967e3b396a808
a97593ba083aeac
6dcf13c3c6448b7
0e2ad34851b7d16
252f1a4d25af687
311df91ba440827
11155b206888376
33b386524f695b0
1e1035a3d6b4dda
29dead0c452d22c
211eb8d4467a917
50616b970c9a35b
7b51d524375b999
3ebd8e923d26f94
5bd1e18df316602
5002da03a986ae3
5fa2c3f54930349
1fee053e13daa2b
899660866b075e0
052e2e830b3d853
93abc65ac68fe26
99c369f86ddaf14
74ca184b53a0534
3831b22c512ffc9
2c9843064271ed9
05e3ba99d9b577f
3e3c9b94b68e74f
8b15d8a16ffc154
74d37b544a2d473
66f285a9a00dab3
0d1f47b50bc5818
42d5ccc852d7873
1d3b15cf7a1dd86
83fd132dbc84f39
96fc508e992db9b
435a180a1a6eb78
1781a10ae8498fe
4be96fc19ff542c
a171e722be1dbaf
38bdf62f52c2faa
0161ace9ba63d3f
00aeaec1e7486f7
1dd7601e881154f
305afd5d8da71f1
18c4f8a2fb1e5a8
418602f9fbca2bf
461d89fbcbcdc67
4c716fda058814c
686af7ab580ec1d
a2d628cfc0519af
07d55bfea1b069e
780a98e256019fc
8598de63b68c1b2
33476a98835689c
309b5936dc022eb
116853f62f3ef0c
6bc0553cb7d482d
1789a76c0d98232
91c5df758636ca1
78ca5d7c106e58e
84c6e6b97f1baa7
5c4244def08c8c4
9ad110dcfe8c3d7
7c83c962b44e426
a6508e04390e039
5522f58f9646e38
4688eccdc734951
18078a4dedaea34
2a89ca42a19da4d
96d43ad232ba1fb
44f11d957d241ee
721a0dace13470a
97eca3135d7d9b6
87fc6ae9f83c915
a4753941013d572
71404ca02498386
399c93dcbae6a80
0339df7853c94c7
6f28f563c531259
8cc80ffd39f8776
312fb5f342438d9
5804f90d3c7a491
18e75c8887ab8ba
6d1a728ae06080d
834636ab6d5e90a
0ec360a9c9c8981
3247684fcfe244e
5f1823f2f6f2daa
544041a9a38596b
43c5d7a0325685f
5a7a31f9b3b246e
77bedb8bed7f959
28443352b2f49a2
24da8e789611273
96172bdaffd340f
27d8f33422607bd
a59956e5129ec82
9f21e15a535d5ae
50e3b7cf41b0863
6c3d2007218779f
1ed6a63bca9646f
47bdb2a6e6f1f25
30cb901abd2c981
079f9c6504679b4
6fe0420ca42cc9a
03b7975773e59a2
6bf7081d661f99d
4c82da98aaf10d8
5e7b257ad5107a9
65a742795833d8d
79b3cede580cb55
079dfa62eb548c9
3ba39392144c29e
9ed04304fab40db
8655b8ffedfca87
a1cdd339327c58a
971ee5c9010d113
90f874673101c16
5d794b2873d42ec
2cb0200ad4488b3
6f8c444e7c450d5
79da137ee4066a4
3d28477ac984b1c
68a2e1e03a88789
27798d14838893e
41464e3c7a21e0f
36ac9552f33fc8b
6f752d532b239fb
668173d988fcdc0
27f2635c6bd7420
84090494753f6cb
93e3b1f8d37ca0b
7b26c44c62fedbe
a07d55995a2585c
7aeb8f81db0f579
a6a90790014e6ae
85ab8d4900bc106
9294c6e52f84815
6843b6a6b49e174
6b23be72f211494
1860ecaba411d84
68f82456344b777
0b84e96ffbbcb1c
a225715dd72b55f
29c69185e16bbae
35b631db727a35a
7fadb4eee3ad539
60d67905110b8d6
2ee61dce4e96c80
3397047b26af8c0
86a560d7cad6186
9ba00e170916b66
83c61a4dc2fcee7
7fb82fe17cb7324
97557e5660b595d
9aefb1c4eab66f9
3861975b41e2843
3d6ad7f4d4a4618
83ab10a3c8b5ec7
305654d4842c133
52c0a947f604a79
50c79256d702f0e
507bd7f6af08656
91868ed9c9bd0ec
81dd94a85e496b3
6dd30f1a0f7657d
a6ab5676beb8951
23a9c9ec49e40d5
7366f4cd1ef65a5
7f735c09cc78f4e
4fb383e142e7817
a7490ed2a8a5b70
14393393d327d15
91ca0a6ecd626ff
1d07eec239fe675
5578f5ace605b16
9167692fa822af9
5f380b7d37b1c29
8dcf02e2086787d
02afb8b0d7fa8cc
305ed021647b6ee
297d78e9cc32cec
42de9be4a88b429
51913358d1e1f53
36a8fa0ec3677df
62ece9770fd1167
999658e954316f7
605f313aa1aee75
46ac564f149adb0
775cb84f5fd3615
5adb8239ddbdbaf
2f2f9e7e5308684
34f8d3a52670471
94778a100ecc2ed
97907876df7c5f0
24ea19dbd97688a
8da2b7567480f12
7d0df23265baf6d
20f01af52bc3259
33b5729634e46e2
27fd691f623640b
8ecdbc77c9a936a
82aa577d99f9d5c
46735a090272b50
7c5bc739d4f9057
556bef76a6127b6
15389abe1e24634
580d1f629d86bce
6479b8505043798
3a819beb1fdb09d
6446466cb29e3b1
76260fdb434d819
153eadc2eb90f8e
89e7eeb790be8c0
5ef8f2ca9ae26ad
870832698cbd7e0
2d70427dedb3cae
2d24e4b7a79f232
325cbec76b9ae2a
20e07fb1b21fce1
5a9c648b924edf1
a4b24b3583481e8
3cd6730659de266
88eb259f8f8a046
13f8162a6d2c856
83726438070108a
9133a7d54d4077e
843e88eacca8f0f
874aa795755e589
85ed33721c1a2f2
49f1f7e3860aaf4
a5fce9ed2822d4a
3c669cabae5e126
9a503d5126c9408
00eceb046bc6dba
8ec6df8bfd5f244
177e50bedf5a6fc
3af731e6f41313b
a8939c2b1ae69ac
42966597bfdbec0
4df8881923aa290
4ccb1a646d69427
5a56a9f516a6c55
44480abb07d2aee
84a0a26046e4307
389ec01131a1346
a68ad5be2e62895
08fb802e233d802
885686eafc16d91
47c1f42221a6e95
3ef7b12923b1281
997e872ff1fe245
7cf29d70aa2d38b
9ac5d9caa82065e
956e342ccde2ebf
156f540ee5b75ab
971dc531c3d7ae4
7654cd535ef6110
44affe147539efb
89602ea28b68600
81ad85994b116b5
7578cabc5bcbfed
620a625c99c10ac
158ec267a58b70c
42747668957d6ad
23198af432ec85e
7605aed1718b8a2
197919cfed2b9a0
17f26bcbeabf46f
13f25778c3c9348
a27404949d7bdd7
a4c5252bcee70ca
52a1a41d9bfa2ac
a17aaff87f27fb5
3b5bd3263ba5ddd
751ac127a7091af
33f9f9f6e2b17f3
8417f3eb9342dc0
54b50889c102a85
2d1f45d7cbf535f
86cbd7af30459ba
4023cf0bb09b9b1
5474f6720687cc4
1b0e32994cd3c1e
7269574054c5e2e
86319c7a6e283af
09209e7b66f5df2
8bbad2fa0cdd6dc
451b5eefd057736
21c539f2369e129
84184b1228d69b5
73952c28d3d1f31
927c6ac7533362d
8701081c2d9f0f8
40b790935e724df
4a3fcd0878b6b6c
7b00a14c8e6d243
1bcd3c9a3feab1f
109fb9f8a358749
39566947fb2ae80
8ff68d61d402e31
0bd1d483c1e034c
60a4d57099c2feb
275f574e136aad8
790f728af67da39
a4aa9ad7d547bed
606f456958c8d64
a840079db98abe7
89c1bc8e7b949dd
756d147bbd6e63e
53407d163098404
3b4aa65a876b203
4ebd532265fed57
a49ea51eadf8f9b
a76facf4530b0a9
1d56f92f517a0c2
a6bc5aa188c5f95
3efa5348cae6e2e
2eeb4451a383684
7e6348973eee4c7
9dd6cc755564103
68ffd673dedaa38
5f90a5477fc4158
44ff02391464272
9981e6a33b55695
7b667864919a1e9
39e9f7ebb3c3f6a
5b8e215857eca0e
8ceb950288c3adf
a0f13cc1786c816
36e838587cc7ea1
763610dad8eaaa4
7060fb1a358a49a
963b625113a2618
875b845220d9853
434c2cbce95031b
821f0d634dc72a0
40f4260b449c2d8
361f1287a59cfc1
7712fbb1ba9dfd5
94f01ab11ca8fe5
0ba5ae80d3aa97d
8430acce4264d05
0a3ee68f04629ec
2de1635226900db
450e1e58fa2319b
62993390a169e58
784eaff7ec37b0e
589061ec7c2b51c
910442a7bd59c49
a15a37570319528
1069abd24fbb630
3aac3c55049dc0d
942378c906b8175
9f6ecbaa0de38a1
2cb142cd89782b1
0108a4c4fc85ca7
0f71d5b362b144e
216873638cc0bac
3a19f905a3da551
2422bd6360edefa
580a2036f98a207
8cd9da6ed7c1b63
4c2e02a67877222
04348130f93b23d
1e819540a511737
3b50e97b072ca15
6d17bd195bfdf8b
04ab66e57a5e611
9379b76e336c444
73fdc5835a026fd
8923a4dbbb0870a
656e2ba049e9212
48713bca91c4ebd
87a0b164bea9b8f
817a45dbc8c690b
16de5dc0ec35922
74cd0d59797f384
10b4ae628465bcb
95ca4651704598f
209b17fdcfc4d64
87f3671d48e9fea
2004db8b2af343e
17861b8a6f3dbb0
127c01fbc93cbb6
10febfee1303b3d
2fdb1f606c9a9bf
2f53f4d2250266b
29a57bd065aaa22
55278b87be797e6
8f1071ccb93b40b
0c6f7e7342b1443
94f2d2bfc876ce5
602e7f6b17c78f4
1482a38e4214cff
3dffbe27c47406b
6a2848dc94e831d
5d8d6d947a79287
3d947cd33f3df38
64e4d661b24d388
3a4a75280e906ab
3e39d27c18159dd
4d49db2924c28ed
a68796984417984
005dd835fc6c0e6
352b8d5ae8f5127
6972a1737df69cf
3cef1b53325adff
5b585d2aa3d32a0
0467ba26555afa5
2a5eba638d8073e
3a0e7122ae2a31d
7c3e623ecc072d5
5d90309a8c5f067
68109029143ff31
489bb90c384c66b
2d9b645596083e9
335227a375ec7e7
99977697f56bf2a
2dae8d8aacacb24
6999762f21fe650
749a10dbd75d524
180aac9d548f3d9
9ccd83bedf44a5e
a30c8eb1b0673b5
0d15046fb83aca1
2a04149936f9a0f
56b396d8004604d
69c0c2371a5f87f
63641753bd3b409
8f8f45668aa1e6c
3a8ba5f28f37a42
a390951af49dceb
83d5180dd2cfc0b
2a32b32d26c3bea
6cecc7e87bc9c3c
7c3fc4c8c9319d4
9abf1815f861fb8
9e7dab35e64bdbf
4013cc06b5ff8f6
0d432d85af6b3ce
1bbffea4c5293ad
7b070e73df27fbb
2b578f1a5a3e541
110a2c0c0f833da
6337e0c51f902c5
203d30da185f604
265d5246547b2a5
013d578461a087b
5352d464de84735
49099899da63232
17381c9a3e0dd07
6efa8b8de9fe638
379f417c094514e
4215a251cb046e7
9869f42b93bd9b1
a40c9d76ea583ff
8e898441c49363f
9632c98afeedfb7
9666e46941fde95
916ddaf3b9cc7d4
0cd0c2b04e9db80
0a5a7df77603d16
477792227fd5a4e
9f12b2bfa007ca4
2c14b1689968f3a
8f402535dbc6498
254da95436ee337
9bee44a30028997
2b67364ee5128a2
96fa72fe2a32097
935d8cad2ff84e2
8ccb1b85d9fcafa
9cb9440878577c6
a2ab7ce58f42ea7
1fa3183d35e4407
113b99c2b9b9281
94fc351743ef9ae
88741a2a043dd72
a02c3dae1083e83
732ec6379e429ca
79e5b88ccdad93a
a45ae2b37d957d9
977c886248d9368
a70235c4aec0069
8816c40e573b60e
a9578265584862c
1d6c84410486738
7c5930a16d8908e
707be99cdbb7fb7
5ef1afb5dcc6f56
69bbbc26270665b
8cc4cc60c928175
36f8cbf6854c64c
2a92ec89b17adde
84b9311d0382877
9b74583d7fbe3da
919377ab4af493b
5bfc8cc8afa3312
08284ba6e137efc
9a04095a9f3a151
21c528f8c1cab09
60760f9c72b1be9
01c2e214e74a711
236351e5733aab5
5b2f482e6d01180
953de25c0c19be0
82222d9a54bf7b0
1d30d534475bd27
84aef60d1359803
8e98154a9b6f2d0
6e0e97924f483fe
9387d7e976f08af
09b44a2b4099b9f
3773206f51905c9
6ff4990dc12996e
9d027a03a97605b
92b3d8e58b2ea99
8ca26d7e302372f
73dcd0fc62c6a9d
1bb8e547a5f37c6
9a06827546032f0
2c29f43a7580de6
1b291bcfe9161d7
1825dfc922892f4
8d2e144f01ac4b7
21f7dcd3d852c6f
70b86ed40916b55
0818fe508b2e0a7
4c0b6f0802eed04
8cc2af5257e33a1
a5e1d42ee53c5de
4171127472d92e0
35b33d5281d418c
8019fd2a805ef91
3c2d6ae45c589c7
9c1292c4c583b2c
225cb96a3bc3360
20d9feaa2539810
9483a9f620f4ec6
07ab889ea54cfd9
38f9fbfce4e008e
7d196cf54895bfd
11c4d59a466ee97
7bea29b8925d11b
1b98aa5ed04bc4e
48b1cc378468aa5
47ed181ee790dbc
42ee144d43fd3c1
594d4e3bdd33421
0b452302d52aee4
7e4a28870662d2b
a72e85b8268beaa
12e5234320ffb78
4ee63c42db7e9a6
864525564de6163
420283981dc5560
7fdc542d52e8401
19a64c961a03057
448794ad08d2be7
81cc7030c17ae3e
42586b9b033879d
7c83126ffda0b27
323fcf2ba280ebe
572bb7fede14011
197a704fbb922af
2f4841de3094bca
10c253bfda398ef
0fe512a12900501
0da1f24ccec45e3
43d25e1a2b8e82c
29b0f5e88000a75
766800b7afa01bc
5859187ef9e1938
34ce460446cd996
044623dcb5ac261
4c2cd27c6cf6d13
82a6f578cb59f3d
9eb2fc3ecf0598d
1d4e451446e286e
87b5a0880d53951
6adaa1ab3586a8c
24f790c3bf8cae7
8a566c76c19cae5
a01c6f6d8e7fd5e
88be39741a59ff8
2f1dfe31c0ce989
1e6344bde80d46d
8542ffdb29c488d
712df60cd7fe496
2e382f5541d6509
1af250c4a768ab1
9e477be262083f0
2d567337234cbd5
4bbd602168f8135
6dd5bb8af252e64
68364293903f546
a1fab4abc1c5671
595968229a19513
076fbd1b0f66b7e
a6373cae4365f42
0d16544b288efbe
7e91be62a78d55d
72a92d40d5fcc35
174861c5ee9745e
39e8b6c94b97d14
2b2480e1df99aaa
99f7fd1f30ff3dd
7416c5e5b60bb7c
2f2d5875d342931
4ef991ac4e5c89c
7e54585f03e8968
6d36b0b8b046d76
684b123a945f2a5
6960d8b84966f19
4d9cf1da249ffa5
223f8f9838312c3
02bece4b9f24619
4499bd03cd1ce76
4205f7e71fcc933
268525c3a03e54a
2d2f83bbe2ba6f2
3133c3395a805ce
a9852f8780267a9
5dc99acfa129c17
1c20eb35defcad2
402611af9465fd8
7288bea7f534dd0
8b197db8fa7f72a
19d5c2d14b8416d
4ae27de33234874
2533361a95f0792
a062eddb2c62d25
a219df57bd224b3
2c866d3d4fc907a
85b8c562381a207
852dd0b15f7f885
9444e7c5d8facd7
1707fa67b7e1506
64dde7b29009b67
27d8f6aee46b605
86f33b0ffc13018
5955fed2eae8dfa
4e551af08ba6324
547a4424bfb4cf6
3d73ac3037e0d66
4b7b52ea95d7f56
4dc090bcbf696fc
1dca08d6405a3d6
99a1184bf36da4e
349f124af40cad2
a2d6751f41e7229
a777c3b98347727
352b45fda77d947
793db399763a7d3
112f5c1d05afbba
6a702d123240573
05d640b0e32c1f5
9449b360a435fa4
2e31078e10ae9d0
5a370f1e2c426f6
8f2458f52dcc790
3fa06409ccb365d
7a126685cee4429
9ea96dc788fd162
31a7f8d3276f73c
4b4c3f1f4f5eb05
85085d3adf8baeb
5fba5d73215c5bf
1e49a8381f6d8ac
11cdc366989228b
25d85977a437838
1c71e35adff9ea9
1b8586e68531c0d
71fcb3df7795eb6
9fef48a533ed7ca
41f7d50e6029378
15bce5165c32b8a
531d9eafa9b0ba6
75edd73f76b15f1
289c28bc937e369
2163a99557a7492
3548f6639fed87b
02861c5cb81c78e
02c30db441fd43e
5b138a9375ae2f2
3a70cc8127a5965
25a855fa0697eca
9b81d1e74c701d6
3ea6d0c6a2a08d8
7d00098cfa7f0e2
573225fe8758b71
76ff20eefe85fc1
991e9721a18b4c2
3310fca8fb33515
a5460062358a755
47411b0e6b3a606
0a68db1a47015e0
5a7c441f35b8107
a879043f5fbff80
a426074a4dc7a97
6cd80deddd06885
37e148869074a96
3921590bc74372f
2b4ade54d527c6c
1d6cfe3c4464471
78b7ed8e2e6c928
1bed7c221278a8c
9066df12fb1e9af
49eea18efca69f4
8578abebe8678dd
4c1d7db08762913
039d392d17be8c8
78a2ce4b2f5d152
98c7c25c545747f
168a3105ef94d69
76c388046638fbd
4f8039b6701f17c
1f0e42b99a61d28
4b8173998d499a1
3b082d10a7c1809
3c90d5eec042020
4818d22b6f16fe7
5b4528c396509ef
7748e8d1b937c66
6b0380bcc669d1a
582b9f1af349dd5
6820b2e4cf12303
5d058b8c1acb2f8
2883aa353e65235
8b67fceb813686d
4f1bf8393687b2e
1520246a56c273a
2502c64eebdc4db
06cc663a1c19caa
7b198c53ebb681d
40edc7ea1b82971
a00a6fa009cd16a
26ec90a42e256dd
33a3c219adaf89b
14fe8d28eaf0db5
3042e1409286316
670ce354c0aac00
1c6792d556d5e8e
63ac74920e6a2b9
5241c61b9e2f734
4ddaea01510587f
00a52a8fa836159
6553157f3416910
0cdae2777e638be
2e3ef5b23aaf0e1
3121a48ce47319c
2168c1dca78fb1e
921f8b18dfe5607
9f054e217ffde67
9f6fcc6b175ce9a
50622fce35be887
5caf425ae87512c
4b720be293b7afa
3ba9558ccc078a4
7711da4df92b735
793311041ee4536
3d8d977156d2c1d
2e6d28fa550e21c
4c556d26df36082
72669b795f19c88
7fe1066abf0bfab
4adb28bb67f9868
3dd23cb9f584e63
5de07d21c668c5b
084af9d64393fdb
4352288af295714
87329603b0749fa
86a0df562abcf2a
24c312db4609dab
450851b3bf4da0a
1dec58ebdca770d
6cd309ce4e8b667
10f3f14f2e1c49f
782fbed54a2254d
088111534df6d6d
39f7caf323ce622
9bbf45492ab77ad
96cd240ffcf3892
89325e8107f03cc
3c45b6500493c90
6646a3f2c28a9c2
25fd22bfab6737a
46a075671379f85
37a4ce230f261d6
38d9832142be663
126427094a919f3
9b83f32f43236bb
37adeea2510e6ed
35e97f12d392ade
56dcf094c64c014
29abb9a38829f8f
4489f1ec07f55a1
4741f23f76ec3f5
2f8160ac061775f
9a87c3d9bd69539
54bcf2bdb1671f6
5790a969af34c46
4d7f39b41530e50
1831eb679f943b7
41f96bc098a66d1
71c98da7a1c9b36
3ea064576e3be61
885c32e71dd0924
998ccde60dfca1d
6bc3f655b5ba208
40bb7b9b1939b87
1242da953b4cf9f
3aae629cd81034d
3c30b437aedfb99
a4cc220fc65bd15
6ee5c161d66aed0
7007d4bfdf02e6c
368798fe0ac4de2
7c5bbd7e9d532ad
4bcacb51da453e4
00e92e4ad3e7d77
5dfa8865c41dbd1
16a4885725770ce
300dc3f920083da
1e5a4ce1bd016ca
18e34bc2e30fbbb
1e617aff4f82782
01634fac4e1947f
1d457d2c2ee9482
5203aae43339166
0e9a7ea10f8f4c6
a2f1a99cc3a01bd
2f58212e80a81b9
1179e57ade1c25d
a4cf9100ec30ad2
6ccc95880fbc06d
a92d3182868790f
029e21b27fb31ab
162c40d96e00cd2
3934d72e2c954b1
74b445323bb70a3
69e5ba73a44b321
3103c29ebc2cf9d
a66ecdc387a60b6
157be74175d5d05
347b922bedc8705
0e4ed0491620324
8a728a83664841f
80babd39835b5dc
7fef0e86ee14c3a
964198e829fcf44
1fe7c98d61da498
8e5a3da9be7a478
64d7172a5761804
06a2c38b40f4d5e
55c4aea6f37c2bf
019cdb69a683e1b
4a76982d796b48a
423bad42cf62284
30aa749650f7a29
1be589ac58a70e2
32c9e8f5708b094
2c9feeae0a54697
717d7dbae463590
2227aa13647f657
460b2a05b97411b
5da2f841fe58bfe
2fb628b15900962
318ada91d54dcf7
1958444e92fb28f
953c829cc6ed532
4e01fb59d0e14a6
7fd2433855c64b6
315a37a4b40bb38
064450dc25d7a79
a05d9643796d9e5
a45a52aead35f72
6feed4fddaa4f80
7f26b64b0bd0917
7d311675d17b93b
909ee0abd250a65
5bcf7f86ccacda6
4dbd61dd4388302
a7ecc5d8c7483df
81446c5804c4563
60f7acfd38e8818
39cb9db3af9fecf
6f32d22acac6149
8785a899b200cec
74684415f4b7389
9dac637b183b08b
3f09a85b97e0e93
8ad738af5830818
841030f13d08c68
0f9f77aeef0100b
2590fa7980f91f0
95866d8089cfc0a
156c81b4d11f691
5adba7df2d5a317
0a7d32f7724771e
653e1e7fcfd907e
462e9324ab8f4c7
34651a157dedf07
0dd45e7a09e6ee7
12ae321da0e0c91
7de37e670bf4a3e
82a1ecb338579ab
8d1a341fd7aba56
9002a7a207fd35f
6f85535dd0749f2
512587ab30eb31a
551edbfea1a7f5f
2b8f322df99f25c
9608b262017d3bb
98df74cd4fb997c
7e5221bac8fd031
14b180eb8ade9d1
91fb84dcabc2283
1e946b409c9b08d
33e74c868fa8a2a
2a425267738a5c5
404649cb8c2f3c9
2428b757f40998e
9ddd066e84d1ed1
5d7f0330b194683
4de343ad3fb417d
367cf3a956359ad
99074a34a6705b7
187d06725c30ee9
6bcb766795bbb1d
92ed57c3746870a
63a77998f583391
603bedb65e59805
12315d772d6b602
57c83611758c497
0de02e575096607
65bb996ba07d9b8
9c2af1b41849b61
8d11af4ec67da5e
6292f878ef03857
95ff49a07581af9
575045e88bce72f
7ebd00702332944
73198038d563f0f
922d08d225e8175
5e86aba76633e3e
6d26ac62d4a2055
39377b702c7bfa6
29097e6402b6c2a
1ddd110ee1667d2
4a5c73b72589b88
2fa3b30ba91900e
633a935e5c8da9c
693613a24ab83da
521533153b99a9f
2ddaacd19cfa9fb
8f4d9335547b035
a5f0903a48afbb4
5335d9d12882da5
10134121cfd0fed
65f59321f78811b
27821fa2fb9c442
4c49ca83bf16ca6
58b0c0abf8413c2
20756d534ddf2fb
a4ebc8a2beca0ca
4b42751fbd85435
883b56e44f474d8
a1c38735e5fe703
3d213b32d309604
0a32b5fd57c7418
1205ea1eadd1884
668ebb6f036885d
5fe49d60de542f4
2c0e7be02257398
469bd2b5ee7ef2f
9aa9731be7d9ea3
3890f3114aafcc6
98f1bede2165736
274dbab16cdd509
1b14cbbc2e5dc16
322947e4aee5615
06af80c02b586c7
6b4d38c93107578
7cd0101db3fc93c
9c899136d0e14c4
38eb3b9047ba56f
4ecabc4c42fcead
2ecd0e79e80ef99
00f1d3b7b575cff
935d6aef88d1ffb
417692fc3e0ca14
049dd26085d8562
416ff796f8b691e
7116fdb44ffdf2d
64e9421f1cd1d27
5fb6edc317e8f34
a51bed1c5ac9d99
6829c9f5a789d7b
1f6f361386af0b0
a5fea0c3a13ee09
1f5eac71cb31cc6
2e8f2b38ce2076f
5379951e899f350
6314af1084a8009
95524b086796475
635409cf57e0da8
0f6fbe21b60e7e5
4a43490b8cbdc75
12ded26a1322f83
414d45367ae4e08
0d90e1912a2738d
28548d6276a89ec
7a6309ed9d8851b
139ede0bc4387d2
47ded0c96a73d39
6ace269562a8d27
2d258f3cd0a6b22
872d99e98513725
231eebc12077c78
1000d5fb643a26c
2269662471ad344
90c83702e5cb902
3356bb510bac491
92f2cfee5aa7088
152c81c830e1a27
5ddb1efc16a46e2
1f1be48d2568f7a
8ee6f607bbe2e43
1fa47435e525c0f
79b872aca965fc3
843a3d0e10a20bd
45c58e08458510f
980ba4dc753510a
95159ae395e086c
9cf4e0107eb483e
89727b5c827ae4c
7ef4f14d95be17b
5362422a31d07f6
a38ef51b624d8df
24a28599e515a1a
82385090801f8c0
556a03330a5baf8
51c516b7515a0f6
7a9c83ad10562c5
3160356b12f04e9
8446870375c5355
566565749e09c28
820d55b80ce7635
30ca1ba1ca9f465
7d626275be05b55
693d3c4ef980476
9b3c52260566e0c
72fd70098a7e6ba
73eef3f1fb3b5d1
75521abab9bc04d
7be2689144a8956
43ec3e555b577b4
9c800f3a0ed2129
9b31f107b33ad7b
2cc591b2873d1b3
3bde46b92e36b6d
518ca4e8487c656
6c565a18526cc1b
a07275a9cea83e4
4062c0ee86703ad
87a3fa383e1b473
4d142f91d4a3cf3
2db2a658b0cc53d
20ce4b77e26272a
0e9d43df6d8d15c
71baed24009b4dc
22c8e5826355636
4d011f1db80f41d
7f7ed9d2a8815bc
3d6b5e0e071cf77
8bd7522c1bacb83
91bc14a9767ffd8
0f13c3d4f3ffdfb
95777c3c0f6c9de
340aa84a62a88c4
03c2bdee924d6f7
4e993f7a0e446c0
764a1f136849679
2d52a85d9538ca8
834e397ce845c52
71973144b34af10
4d32f855cfcb4d2
2400e9da4521ced
a3bef72081e0f62
0480763709b956e
0cd84304f17bc59
792027c8ecce42b
6363c658132a492
22c51a7734bf4ac
0c015a919af98c1
06298823b508ed3
3dd028d9e0202fa
371979ee39369d0
9e07076bb919661
3732eeda73cc837
31f9c58db14ea79
46e2ce29c6f65dc
91a4e3c9cc8e6e7
007adeca221ed08
67645839f45a05a
51143e5113dad81
a1e4863aa36953c
58396c476c5cc29
52c4f8ae5491e30
34a22cc0a726f15
176091e77f34d61
39ff479fdec3feb
094dc30f354701e
2c462d8138d7713
7fcd656a4d608e4
145d04648bb848d
6683c33c18075e6
3990f9e8d07d6b2
602870c1ea84508
8354ca32bfec517
6f701f05f194887
6a07ac5d0e1da71
580c8f5a2c0924f
a77cca0d49d6e1b
05b4dd0114ab6ce
014c306ac6f493e
82bd31a89a0d2b2
40f6edcda695f8a
9096370d2d84c22
97c83d57246c73f
0027dded7dd4952
5936a48285f4c06
5a981f20b03daab
0a4859a0c6c18c5
4142655b8062832
1c1e6dc0155d573
736f43e4b0a56ac
69565f08ac4f784
99bf838824a6e03
960fcc0de37b38b
3f5932459653964
7202ded6380a391
270781654994092
3087ba2a1acafbb
339bb8d11812fe6
6ce9c472c4ee50b
067707629fe3715
16456bbbfc91af7
68e052f6a2de183
04dd0078f75caed
8a63e0dee95ac34
5a98b704c7513a0
014c04a795a5598
96af018974aa029
84a02d14a8aeead
a5641c40c95968c
1aa425d565e999f
7a5a476a11a9174
3fc0cc38219aeef
0ca3fd10a779c05
58deff307d5412e
348b742f7a839d1
21ccd725f1120fd
3ccfdc3ed9e0de1
510da0822cebfaf
1b863d57622353a
1fe104b8df796b2
3a480d1ee10a7eb
2452eb298a706d0
619b2aa68a26cf0
475ab425e4d9f10
a017293330a0522
2967ac1a22b270e
9c2fc9998ce2e3d
05daca27742f1bc
9f868d8fde8b977
3dfc16767783fb2
923ff4b5c4221b5
0ed8870ee2aec53
47e214f43901b41
36e2729cafda169
5346218a5eea6cd
23d032fec4a7da1
a52075aa66ac5b4
121e3149dbc4fbb
3071b06edd49747
878d56124bbbbfd
39d1242048c8455
2de963f50845cf6
a2aed442b80657d
9150f1ae99cc8ad
83b7c381c74aa73
371d49405f593a9
8318bbe03a40bad
49db99e7cb93626
93ffd3126b77e46
8f1f69bc839a007
7d107fb8af31152
0f03c1f0ad92201
a78845729e808cd
272ccfe10983b10
a85fed7d4b3d03d
7b2c807070522bd
4fc4823f1e513fd
67e79cb24741e73
9774f90f9b560f7
492c48a3f7a86c9
9609c7541f9e7c8
157e9459f779eac
8a7e6afedc88a16
4f34d7123a73f54
963b169e4068b58
6caa3af573d167a
30f1b56b56639d0
8e9d5210927a65e
66516e8ef2aedf0
5eecbcca8d71cb3
82431a54568b500
7f0c6c52c41ac94
427251be7473464
136ac7de9735eb9
1239a13388041b8
273d89b6d35c795
50a8dde25a3a2f6
8ff985c3cb70c15
a47fd6bb6e04e0b
6923152265b89df
837fb9687525058
0ffde23cc9c6d07
0366afc3ae184a8
2760f954ca1e20e
83abb354617f121
1912885492871fb
112dae508d22005
376e8419d98522b
3fffe0bc5a40b59
7b481edfc62fbff
29f8495327020b7
9318d7bd3abc5e4
8f150a5a072f629
3f6bfda78dbdfd3
86a74ce458e18a0
7b0a2a36c844b82
79bb2e4030ba94d
89e1dfd71ef3f1e
9e6607c89d0962d
43c9957728f0047
a3aedce3970ee2a
21dd7b2cbfe6a00
99650098ec96534
7981f6e9c17354f
3ffe0a52add0af8
16aa1b433269705
a85b452731032e4
0919a978b845d0f
6cd4c231bce8843
2363c1b656184db
26e238610e2d716
865ae1826d26493
0fe13d92b2dcbc4
6ca1982af6e9b7a
2812f3566d80f8d
90e57dcb0b32097
29ed02d53b8f852
a747601f8ae2c56
0a548673fd4f8b9
3aae3189aef1439
5d907ffd8244a14
a5e3bb145aeec5d
709a146e2d9f5fc
65c54baea63c6ef
224abfda67ed7e8
0a77d93751d3bfd
8100e97e8fe249a
63e01850156e724
8423f6d71b2c67b
6c9ce1fe71f5f97
42975a77c8fb4a7
10ea7e2fabc940d
3d20c3146b75f8a
5d79cea7381c554
a214604500721ef
9e6947ab6c326be
9becd85d94c2a05
1667e6f1238e132
4fb8231e8c87be3
51849b44e03d7ed
13a49eed5a36bfc
2e3ba371d2609c8
a90ee18722a9a15
5cd7549007d4534
91d13d6a0a5df4b
06e80d3e41ae9d3
3f83fde6567796c
582b21a047183b5
9d6b4222741a00e
a90da6f2d68b37d
54bd7a5017d278a
27f2701be398f6c
9a5d9bb79867f95
4dd3f90ac6833a1
64aba8d94726759
8182441345e52fa
81b343c68d715f7
53ac021a2bacad7
4bce9393f80c328
68b3f338f62e938
3484d0559fe1909
0f85e738d2bd366
4ca0980d8c69efd
61c46578d4002e5
8ea1c021003f17a
52e7930615c3690
46e6518dce38e0f
318318ca5708c1a
95930bc525d8beb
90f37bb5e0e6a51
9349d118a7416a8
52017bde211c83f
24b73404676d1a0
8f0c49ac8f72862
2dab9352b39c6fb
7f153f5c598be8d
3ca81fdea84b3c7
45b349381b85a05
892e9a6a799caf8
1f0d3703b809fdf
0dd6ae4d1d8022e
00c07e93d8d394d
39b36d360385745
8336e573445d946
37e74f91fdd5888
0227c1825610250
35f520ef9a3341a
5a6b49bc562c9a3
a433458f9cec96e
6e0831004279458
0e20d014d09b8e7
65e0730655e0a98
2430e37339894c9
03a58b3ebb6442e
563beb09cb08078
4532fcf5214688d
5869e4e3f83b9b0
a008c57d5e05c27
65ae386a4aa8245
82d1fbaa29bde26
393a866821c5e05
49410f5eaa7880f
872f6d2e9d0f645
7c6522babbe83f5
6fac3f14298a6a5
9a80d32f9e25f18
5517e0ff1e131a2
8f8182971617b89
10bb13ad673a5b8
50b48bada8a3c2b
72c8b87c8e592ae
507e7e2d91ccc0d
53bbceb0df6b187
86fdd61cff26c88
059832c7bdd39a2
a1f7a7d26d72874
2cd446ddf2f5543
3dd3159545fb0cb
4ff0da9201e94f4
8469118969220ae
1c9791f63f5928d
6fbb6f41131b079
7117a13f80487eb
4d476e89ce9d0bc
19739184504c288
385f417cecb62c8
403a9272eb1c240
8c5b55d5c23544d
47dc3686b1a1572
45c24180ce4292e
64c6f4b675c2909
672b2650b4ec175
548b96e5733ad03
2f093e700894e78
625a3fc5a0f2fa0
0a7edf901e90d26
08e871056f833cb
6e3277c0aba5992
42521a669f01085
37eb20916bf63ba
6c949d159d225d4
7a09494bd0c772f
7d43f6c8b5149ad
23b26e6cb0550e7
3df995993cf3d73
74880670e3d8dfa
7c3086fd8d13e5f
95336ea84728807
0244777f3601d37
4b260ad2a6bf21a
503adae1fd295e9
76d26b5f275b13d
9f720c88627c582
a5d42c1830cfbd8
739334304a3ebe3
0185c07252d25ff
0b8111a9d66e897
7b7fffa7276df79
16fefe39b932291
0eca14c5c8a9fa2
667bccf1b27b60c
a23e22a37e822bd
84b08e162470b4f
81d3bcfc60e7fef
0967d08a749857f
223785a5dc5c43e
6f08a0bcd948065
234564f3de8e03c
87f2ca0a1846ea9
0fddea1f4aeca51
a11a66cd700fb1a
01d962d9270b210
1bf88a18297d326
a03a9417a56dbe1
2498a8effa75552
9c21c9bb4533d41
4dd7ddfe9548324
99022a82601eb60
124a532b7b40022
0b50d7c53d46ce1
93a509f76b41862
19259435da8413e
8188586d0ba8c23
547ef81794f0230
60e4517aff9b146
59223789823d21c
623ec13c3b9ca46
a4e339ee30d72b4
63c32f2b1df9dda
456b53c501c91f2
33fa0a47376cdf9
711ec9467cd6fc1
0506d2d9aabbb0e
4242b95242d1d27
0a9938df70557b8
3f4447bbeb55ef9
a746a6c6ed88690
9d8ad0e00ee2a88
041ccbd947ad753
16df77c16c072c0
99344a10564d7d6
373eb727b45892d
89aee87f724ce70
828d696e8ef588f
352ad91fed08191
49e25cd0e697191
01eeb1ca4544990
07e8c3ae9d9e593
4a9f914326406e5
5a5d46a91768bd7
4583562ec210ed3
31ed462b5ecad90
39f38020ac10081
513a173613654cb
8ff815eabca0beb
47a66cd44342e18
862e39a9df01ec4
1eabe2d91e765de
1c1a9077c86be83
51fa87ed4763e74
3178fd11cfc6f50
55c8b1c000d7653
4c53cc46ab218c7
3a31bc9e73f0615
7828729694218ef
570982c7afdfe1b
9c084d8fe0e293a
09acaeeb06238be
09eb5b69df6ba27
43480cf96d827c8
8d6b6ebbd741a15
6f870fcf342a02b
a73958d60c61e2c
563993830a5a7e4
6dad725ed9bb5b6
1b8ddf9e2335953
206f32981a3acab
466947054ae82ac
a63c6f1fc6dd241
787e5a89d7c1138
4badfbe24be0ce0
90a34cac44a283b
8547a59e490dc11
873f36582c6d227
257b3c70e6b70ce
9daed9df769ffd1
78dc47dcfb7ecbd
248cd1aa05905bc
1ce1a1fccc80c7d
2c7360f357b1fbf
37303563e26f9ca
8f99a842d9c75dd
8595bf3576b879f
1e79b7401861e52
20486a0069a24d9
a92ac99dfd47011
4105d9cecff7ad5
5f38f9b4d194aca
9769b5b65edc6fd
66c51c287a13936
37e74fb75bcd94d
55a9f729a54b621
2c8d2043ae95108
33fc60c9a607c85
a880af758178a38
9381be730e87c92
684f05559a1cdb2
58b512e20f990cb
693dcb09ae714dc
33a9dcc7996dc9f
9054d7fea540c14
2f6a2e06f4f5966
38eefe3018649ee
4bfd5b73513f3f9
8aa6c25c996a5b6
2db5218a997ebf6
37f6e54bb647168
27de5cf6b5fae59
7af4978a5843381
1272c92643ec469
9dd39d314f87316
18c5dc2151bdf77
8480a5d8e64bffe
847b9ce2884e9eb
3c05878b1ae831a
3f7c580fd646a34
50b3b9a287b7c06
522f514dff47ddb
1a3c62a4a986e2f
0a5ebd01aa1b2b7
8ebe550d9b30a04
251536cc31ba418
8e6bac98c4a5e27
0928b6a01330222
20f4f0643c11f1b
387c581b72144ce
04ee086999cff1c
34facf5a0598b4b
364949240a8fd49
a7a80af5ec5f626
a8e5f9ad386cc6b
267182868b31ead
157e5aae1cf5bea
27cd4ee84fc6697
4573bdad62dcb48
2c00c59dd75d0cb
030e05476efd495
8d6724f4711338f
170c6bc3cc104bf
02258dbe3b9a7b7
10ef8b5114bde2e
441fda401ef8ede
212f9ddf7e283f5
0b502fb20cfbf5d
24d5d7e8ab0ac42
82a085a33c0a39a
1dcb9d39baa92af
784296b61d9a010
911a6096f887197
2608cda4508c606
a9ed681bc95483d
761483531470e3f
0a11a5ba7ee88c5
6b12316cd4f0bd2
667369490f0ec85
473346e003ce269
80c727e3b4e990b
4e9e2cfe3362b40
1035e17c326229c
38ee1009e58c748
176bad4a8557268
4c209c1c4655f77
6bae0e8e4bc8be2
35d17ab9a6bc2cb
19118bebdd9a450
3439c7c3f3354a0
31e28650bfb42c1
88fc8f345de2148
82f6391fbd8c908
1bf963a81103781
0237460fd05c390
649bb2200023257
3542e39144f674e
1ffb7f79b21769f
940f0a749c9ed90
66a7c7e69dfdc14
9487ab38910b6ef
88af91d855b2439
374b166a1ac8e63
69d811dab8ebe1d
5fb7df7feac9ca2
61302bb8df9205d
4bc48b668e759fd
37dabc686c2e82e
834a611e929c17c
68e45cf5a86f7cd
20eacffcd6addf0
58f40f2458f6e6e
1b6edb9cdcbc44f
78a52a0b2525f00
36dba9bed2c15b1
0871c92303ee06a
6776859c109541a
3e43caa67e8dddd
422aa6c057e810c
12f55eac64b8859
134ba94d6d029f4
1344af5232b6322
499409048f8b18e
379bc68bb8dad83
1f227027af5a683
9bf31f24f003750
7a31ee6dcb6273f
933fda84b536de0
3c78fc7f384aadd
2e79ff90b3a185e
34565589f787fa8
335be1da21e5529
4fe05d857e22713
4515346aa4d2f48
3cf7bd22caf7a00
9b9cd13af475619
66e402f462983d6
4e7b9a7aca322c8
977884aca075bcb
35a5aa585da78f1
83405a5c860a0b7
9905cb5215387c9
9e97adbfa5d36d4
413e56c43c105c7
a5713f41bc12b4c
72dabb643529232
4d158de4b121eac
852594d4e137880
6e397c0ee36d42c
53405cf0fb26c89
89a96ef320f32a1
0d403ccdba1ade8
02f7f181a924a47
0007332239335b3
70ddbd44fd58a32
6d52b6cbffa60d9
09e7545b0273f17
39d3639b5aa57a2
6ec830b124988d1
8c554c7fea00750
50f38c13033b4ff
72dd67e51b455fc
8a212da04a69903
2216fbad2255d5b
6044ea352f28726
7aeb6632f394b68
58cee7bec70378f
5466170362b03ad
0ba0f2d864fbcdf
917cac4759c64f0
83048ffc140bb21
72723fa8c9df4a8
5ad1df32908f5d9
97987f9d920cb8f
a84ad02ea04c5aa
2643614f326a567
6298bdfd4f8827f
235cb10e6ceaf7d
3c9c34fa45392aa
3ab24114d61672e
01370c16fae9cd6
1a5681c05142890
39da97e68609e97
7ef92787cf05edc
314f2925d862eaf
6a0e603a9a700cf
6260e8b50b029b4
759754216cd3ecf
97870028ad066a7
a8f6e5850d0dc93
73b5c8353f4a80b
5cc5c40a2533ef1
7c4976f9122f802
48a422e07614bf4
2570c23b0c59deb
183c42c4380d73e
21b7469024bda41
5b3ee493e8d592a
04af411be023dbe
9de4e6c0088b621
7b320d39594794e
537ec338775ccba
6c1a1c459e092fa
9e03c5415ebf054
194fe4574cc7c7d
3dc28c053856948
1eb7c8e74d43289
225b823f1a11e26
97979ef9b3774c0
2d296b18a1eaa4b
35b2f91c06d75b6
44e8a8769b6d651
040bb3cf1e96afc
17c884848c874d4
92575360a1021de
9ac94f16c7ff965
41dc26907fae228
9927dacdeab6903
477f004f8d481ee
8cb485ed248931b
5214a0206180a67
a6116063afc98cc
5b5dbdcbabc02ed
68015c07ebcbf4c
24a3c255aa01322
064938519c31927
2705adfac004d0f
936efd4776c05d9
34bad0763b75460
6733b453415f384
88c2680c5a76e91
3cc0a424faa5f12
41ea342fc4cf01e
09bf9e9efcba57b
1fbfdc84db4d076
2cc2b16f552eb2b
32d576e907dcc6c
69016f8ff14bee0
80a3db8fc070009
335bc11218247e1
a7911614fd592a8
0f7392eea626092
a0ff7b8cbef9190
53f38a100b01cf5
7bbbb287c132969
1389562c4c45257
97cb043ed96cf22
8842150918f26c6
09a799da001a078
6b3e2b1665b5bb6
4d166fb0397daf2
0634e5b7b4a73ea
9c58d89ee77adda
24949831a9d0876
585ce4f6beb2b60
60f607bf0a30016
974a723d3ab7a86
2afd64126c1ad5f
a8e38b5c62d0488
a92d36d3f98eba6
1dc093876887fe9
9de1c27fcad0217
8d9d4a26d6d7b92
05ab304be8e45ef
74c47a8eb6a2b6e
2efa4962b2f3acc
0b11ef894a8202b
370d333699e040f
8938aa317a251b6
a3e6d47c63ddb9d
6f1185f3f0ef846
6e588f711d4f7b6
1d04dbc3303015b
7e97b91db7f25ae
3a76d2b8b76eef2
79b8cdd9d42f205
94d7afff564dc01
8d8d283b8a71338
0761e644d984e2c
0b56cd52f538835
a56f70ca7f155ae
59d95cbfb36b0b4
6351ff3a1592545
1facb9a77934d34
0c54ccda929dcbd
4a582828b2e4878
239eb847e9bafc0
4d3d5a86dbaf42a
3b2f2bd8d08a8c4
9e67fdaf33d7895
8b4ed6d5e91d367
83f84e940595883
759026f76f2ebe0
8d29ce4afcf66f1
68f05f538f89594
10702e436c74bf6
00c6a3924c86d2e
a023fd7a7c28390
a72c7c9c82aaaff
84ff7871be77945
17619ee709af771
982676a179bf459
6edbd973ee69fa8
3ff239d8520070e
5f5f9878288eb35
95543aace3cb0a4
0bc96f407cb6b7a
7b1034861aa4456
9f0d1699c42b844
028028c504a7946
20e6a0a49dddb0a
38efbba445276b1
4be61438792466e
475bfdc9b2413ce
24d66d93f7600f5
3759256ed643d9a
76dd9d116cb2c2d
51d3690edca4eca
21bcc661dfd08ce
73fdd8c9c944b78
0e75a356874f5e5
92b6c90fbfc7612
5080b94cf974f5e
7cbe8ff806ed69a
2c3ae8cfe3b9096
1d28fe965774211
134dbf9db9adf4b
537512bc41d49e4
3c8cc2b3854cc4c
1ef9ef794029a9c
65e25b5e86ee392
590009849851d57
3dec4c337f8f14a
a5dde3e4e9f1523
39e5219f6de78d2
9ae0d7d59af2a2d
61ba8530b84cd28
710de478c211aa2
7d5051fe69ea9aa
84a995d09d34d96
26d90fbcbc2f502
294f96f093f5e00
56d8666755dab9f
0c95b2205cc48af
8a92bab02e78f38
0264813a6974e7a
0f56a1f9587c24e
9e88c24c6cd6fa7
8f6ce35ea737cbb
47f619e62aa7c0a
1cfbb814ee503f7
81a57d21a095cef
4a8549a5a28d265
896b26f4f1473f3
241b7b6e2c406fc
4da903f39e11f45
69425361474602d
887f9d52524095a
2ff4bbc396b83db
a93742aff96aecd
151bd7c584663c7
1610ce5cfd927f9
79148c9e8563026
4061d05eba8e852
a8c286686a1e41e
4d31728c10a4539
9fa53d396c47700
7a0ed44a3ac2630
47f317d44494471
a60c1d306054bb9
622a6b5c43ad05a
16ff1ac35e7387e
74df182cd70e634
4c93f184b5a2cec
8fba499e8f9a81a
8d481243c58dd26
5992fee5de6a54e
4ac0fc79f948cad
68a8fe5e107e241
88a520e660905a2
81a22ffa6b53f7a
4f5f09ee3f03d2c
4be7b118e5b9b9f
5a70ef295ebbf27
4803c3d17d06cc6
498583e3bd04712
5d621d943d529f9
641f419839789a7
6e44a205d782455
99fa65e2e966520
a8c780ebc1ba7fc
8a326d7ffa4ea71
78857391006af41
062daeba46f93cd
1f5b6ac54b04017
129bc977b95596f
3f7cb958a3867e4
6884d18eac4a4b2
7dbced8a7183996
2ddfdc067323445
81cd6285f037348
6d96a25d6a4c02d
8deba7f504494fe
5117bf603dffb9d
a40f11544e20256
19b536a977e7df8
3532bbc6eb338e1
25b572d73a3d02d
3d108f7fbaa59ee
00dad513e123ec1
478766fbc1152d3
78f2ddace788efa
255bb66044625e5
1283811e5dc01b4
12bc3f28444a17c
6359b049f6a5eb3
2d342aad8085971
6d265af7ec07588
00a5ddaffc65b4c
a985d3b8c8af1fa
51a8612c5aeccbe
1366bb6774330fd
0ac5b1a09b474d9
9bb33822839863d
6c59c8ff3af318f
806b88d8abb821e
0cf95d1808254b6
397f87065265eb8
59124a8a6239443
776728e3e9ad5d9
3666d592420d7fb
553c8f771b61911
232e8120d04cbc8
79d24605bc89c12
3b5a2b4f777b3d6
5dbd6eb518e4b9c
a5be1a68ab7fa51
33aa74079f1c9c1
588b98df3f79f08
913d6c686fa1dae
530eeea3c7e4c16
9b2f26b77cdd432
34fe8e70db9e90b
11d9713482e4800
416c268334618e1
56bec2b2e9e437c
702b0ec8db28083
957fc19138a7930
0d4a53ebd7b1c9e
4e4a9094ef7bcfb
653aac1796df62f
4264983c73f9487
4543acc4da377d8
2197a262ceec59c
98b4bebb2a45daf
1286a2d14e84f8f
9caad6554b5cb59
389a5f0e5b5220c
84fd5b953112ea1
2bc8ecc000359a2
5781872fdf65b7c
969197148f754ce
76cfcfaf3f31b9d
6275c4920a37983
48d4f28eded8970
889ee21c2b75fcc
607db7ebf9c2977
15ada65b18ab19e
598c8ea4058e9ff
77262a8f9faea63
a239a9428280b0b
34ca1ea1a6b2f7a
1ee1e2c3730fea7
385f1495c55c81e
92f90912b3f56ce
678954c5a2f779b
8713f2762abf16a
1ca686319a42aa2
801a3175449f1bc
a151f2662f8c18a
52696ef137116e4
1199dd0b37bf21e
0902de91d666c60
887ff48b8ee8310
25878ace75e2cdf
35796b32ff30385
091132015cd5dba
0e6087d482deb54
15fa909b6430cd9
104b2243a5098e5
1d67877ac353a36
53f646739ed23ea
78c3fef729f0b24
47d094792e87214
6c9db9d9cd6028d
6e45907da47426b
8c0cdeb60564355
06b273312b90574
7d8c5e097cc9c5d
4f6567cc14cab02
8a3591e736b6916
85a8e0b0506c710
9cd1fc698c2f23b
a4d0f9c5076f5ad
34716751eff0312
2d63ebe0f1a338c
97f8218fbf16c2a
11249d8cbe8859d
18bb0038ab3cfe0
7608dfb774433e4
3c528b274a2aa6d
79cf3b4f993e70d
02c1b05ce38d438
10586709bc43a0f
2d475ae6b0bd0dd
93e8bb99be16d7e
48f43eb9c9da859
97c2f032aee962c
780f5ce3b92b2ca
530134eca52e77d
8646a2d0e358954
49e8de48ab8ffbe
1735224b211ab5e
7ef62f02620a80a
a094400a2cbcbf4
6a3288f74752d60
31eb76053147c1d
8c2108ecf391b6a
15490eed0addf6f
105dbf157fc4d2b
47540af62db76a6
2368f16e06472d3
2f21a9a0ba96796
0960b70ee021056
057e8968e02aa90
92b8b0db7f27deb
46b39ab27e7ad40
13232561d6c00ea
37ba921b0cd5e4e
8a6a0c3fd4c81ad
5a110b843348a06
6f6fb16576bc96c
68e088b2d3f34f0
1ec1824072aed5d
472b749a546e6f3
a8db1cadbcf31ff
62c081c892805e0
4f346554c9e8e4e
050e7c0b7633701
2c1a7a4b4af2ce7
199ee14bd5f4864
6c529e73bdd5363
67b50343e87f7bd
1a360edece23666
40c0698b1b200a6
2be65dd31985cd5
6c5d880ce330b69
3243996180bdeae
4928e724d509a47
677b08891523b2e
0ec8ba52da8baa9
3301796461702f2
2b3a7252698511e
460d7a2042c3c92
2520eb060bcbd8f
03c1bea38ecc5a7
21b49003e8f2524
084700c98209183
18fd5c8d823a887
43b12f062c8a845
3e15e5c180881b5
5a1c7d5e3d7c1a9
8440521f6a8caff
39f4d086bff06d4
2933c5e1b25760b
1549b9e557a3345
0d0a05ed5ed4af1
8b068e307190400
21cb2376c9f53bf
4265118379505bb
157113eab7fccfb
9ae7945013f4124
427eb2ec22c8556
a4350d39b4da421
2c8bde29f5f56b8
8ef4c9d6058cf85
1a812accd46fb38
9ffa6afe547b19f
a8c1b93601bdd95
6dacb991fbe1604
592553bd08db2f3
12ec8c95b1473b5
6c8eb1b31801602
0f68503ca418241
974513bae0e30d3
7feb1d0b4acccb2
584e619de96d542
8534e095e18fb21
84cd537b9d40b01
88b65e8bd16f64c
372d3e41bb63ace
003cfb9ba278c9d
4fb57460980137c
1866bc619851181
3cc68d2340cbb14
72e87a6cda88eaf
3aa6200ea53e27c
a4538c683fdf417
4fb72138d4aa787
43a5e7577e4db31
5e9f038bedfa9bb
019e5c730fe6437
738d8dbc0d53937
538281de0af75ab
7f59fc6937dd351
27a8c0dd83021eb
92d0f3f5290e186
310fbebf1cb1ed8
18633d96c64fb4a
811769eaa6253c9
2e7b46a2547f360
a47a197cccb18a2
64a6e8e3cc6f6ec
0fd00345d358c1f
0eb60b7d9a1f037
3a129f489ca299f
2b706974d361ec1
388ae644ee5e63e
646c689046e9b0b
2af7fc3516bdf92
8b1e701b72f159b
a445c3cdaa2123d
294e24ddefaf253
86ee481078948c6
4c960ef030ecef8
50d11c5ae8f2389
297e6cb801d8157
338f7b1fe35ebf2
69b5979ae2240c0
19c9f220c7829d5
5b56b99e54e6880
35b00065aad29e3
68a4f61aec4aa1d
3217fb9a9c5964f
81f98354662dc23
67cbaddbdcf6b5a
5e893b7d58f5a3b
86421728b7d3551
36168ff2e8b602d
1ff4604c9268f6d
96dc737ff0153b2
254791c000bb24e
853e81e6bb7e0fe
6e5bf6ca9cebbdf
9348793dcd4c861
9ed9e3dfc165106
70c26386a204918
5048c39228f50f5
60386a4f09aea88
6920ac31b693f9a
1c2f9cc6f91e2c3
9d1a2a382012469
0b51011cf24bdff
3a4d5553715c1f8
41640cf65916c83
2c0ff4bf748442c
8d7831e97658ee3
909734a391efa82
42a9c2c2e0a638a
33c72da3d587957
60781273436dbce
9466c01a51b116c
3db567834f86bff
4dcebdb0e663d28
64f4251eeac77e0
19ee2e7d07e56f0
5510b51762e4d87
5c37f6267803e7b
98a670f42f84135
3fad513a369ce4e
8e519c4f23f97ca
3b1ca7cdc3c8c9e
7933870011bd429
5a8259759486d8a
51b9e595a055189
52e30c5220dc1e9
4e01f897ac22e39
95cbd52de1d853c
7b7250eef41164a
8cb4aaae8ee1030
32443f1217141ce
a6e67809692801b
90b2f9125c34a77
16607c51bd3582a
2075b775e072aa1
061b0026bd0cc51
a3148e8d5562c48
0b433162b94e988
930174ef5d402fc
4c5ff1be94f6665
5f23e69acffcce5
65646c1caf79b3b
2427a1922a533d5
1d314eece4a2f42
0ac15097b2c1da9
142bf1fbdfc62c2
8ba127d473a842c
709a16d613ec475
a2caf7396200e2f
75d6d81493cb99f
648cb0f9885b69c
a49563418c6629e
0c6a029a251996b
9652ef4d5b4c011
3ef6c4e209170ca
75689e04d43b1fe
06f6d24923309a1
003055a359e9685
5b8dc91799c479e
9b0c609f3c77466
388f3d1ccbf5864
514624572d5f2fc
6aa60670d21a5d3
88ada2677298abb
9e04eb74d3ea78b
4b1691b8b172575
194da6cc071f8f7
a9b3c177ac7b7f7
310cc8c45e0b1a8
58404487accc052
1b51bd9a45331e5
0cd971f8b5e8153
842c5af5840bb82
a9a7a03fe9babc3
81c8502358a3fc3
2b83113a3e65ec1
8e97a7b1ebd2b9b
97b2d14f3729ea8
54adc07f73379fc
5daa108c94cf84d
2ece04c6a6e0d1c
5774ef934db6224
157c6f7dd365032
a048a4ef50e4522
91402193bf723f0
81d5d615814db7b
34e32a02f9430df
06b7d8ca86a85c5
03152cdd2b48cbe
20be1b8f9880983
9b1e221905cb88e
617e7f20e284db3
333f0abe263c448
890209ddb2817d9
353804798006c32
0ff1cfc5da6307c
101292c672218c3
5f12784c67a380c
31b16e17bc01e9b
6de07e9ab1d5784
81201af346355b3
0ba07dbd93f8812
53fe1a5810189f5
1089fc5acfd0a34
1bfd3bc16810db0
8491028852a8379
4d0b1df50fe36a6
1dfbb725b9ac457
453ba46b8e51467
501304fa4bc6e75
8baf72777de2a83
40d16aea939cc58
78b829888e740c8
3f705f1dc532a8d
8d580511178329d
61fea84d1c668e6
7143f2ac48f204d
7912199dba0d62e
85227572969031d
7ecc7743b7b95e7
87bd62410a32f86
54baa39da4b078e
93661892e9b17fa
12d8032c2c875e3
7951e82656eb56a
7f657e062276248
92def7e1b470c48
34a20f563077edf
71ea504e2780b93
86e167b16c043b5
3516f05920f9bc9
65c2f43fcc76133
45f593f9f467dea
90a84ac8bd96f72
58faa6cba84dd3a
91d24dcc7fafae1
4c8ef942bbe6d10
61cfdab6c49f474
102f5f9bb01f12f
21d96221271bdf4
1c2e3e717257fe5
131fe4e4cdc7f9c
68255a6fd1ef0de
a88b7aa441614d6
73fd852f41667e3
2e151a152626f63
7cde0db56b9aeb2
1e327f18a1b9e89
3831f2c7aa3ecea
1e70ccb9d6ec3d9
44b32b91e423e28
1b05e7ce36b78c9
585171fe13b6c2b
5b4cdce1b8db757
61ce6ee7abb1aac
a4bc5ee6a2590ef
2567e738ca73b85
8fed192cee5e87d
67813b2e5d54daa
7eac1684fc0dfa9
63d3cdae82cf3d9
a404e689bc1a9bb
5c94329bdb9be05
9668838e53cd985
a9e3b36cee49469
006841ff05ae567
83026d5f9694342
8a2582e3c93583a
0c0045dab31c11c
893f4c5b89f6be3
4b82534fa285fff
677a5715fa05be4
9da62dab7f4d041
0c3c14665cbaca4
0766926318d8f31
0f5ef657fac5844
291bfa22ed3fa0f
89d787d9a134118
8f7b3ac909fd627
9eca8734144852f
8deab10c265018d
1c1eb4fbb416e95
28f5a394bf268b3
1d1618ac3de47f6
82f3315179a56d4
52ffc3b2fbb312b
120356aaa4ab365
1efde2e9eb8d2b8
0621770962049cf
123b13df9e0bb6b
451419508963646
80e27462c8610bb
9be7dfc2e7ca654
43aed5706de7e87
2861878bfc57ecf
03afbb13d4d205f
172013e2c7ade75
6cbefe3ddcfa965
736add220629c76
3e65f65460b8cb1
67dfdcc0acfc6d4
0b634a0b247ad4f
508ace44f5f9121
4fcfacb953cc94d
4dea5205ae70b40
1d7ba012bc26c1c
143eef9e0b0a3ac
27adf8ddae18877
24553be113453b8
71538308e8e4610
999b49fd249fb3b
53ea3fbf6f2ebf4
1f892ac883c0df9
0a0d502b703582c
664fc8783e6c102
74a704f12b0db22
91e57821b77621d
31dc3d4a8b268db
2840912287c2233
51383d8e62da4fb
0022671b37c2e03
94a7cc57cf6c800
21790f5f16d8e08
9cbb489dfd2db78
8b0df29c92f6763
99667a7901cb16a
673e4ec838fa1e8
96bc6bc10334de7
50ae6f235ac21b1
0d87763b2ce1884
06b553576398b79
2a32edaf0dff2e6
8ae7f20c98f2597
114447055655907
5c881b12d8f74a1
1d398b990c454c0
6ca903261c68d2c
0525eb6919d2ebd
75ab758f1a2d42e
56b92667549540f
27a3f597a2b29b5
4f507a3704cb393
50b9cbc69c90752
6afe22fb0f66316
4968959f06c08e6
5844fed0a5e6540
587eb683f0b1e2d
10ffeaff56e0045
841ff2e12ae7a87
9f0b77a9b7025bb
37bb1ddbe24d482
9fd1d846c0d54d2
6f62a79df971ce2
42b24ae195d812a
7e9fc43b35d5b5b
015e382029b2df1
607ae93b956bede
8c5348e466f24a4
4ca6deaa5c30d57
644fe39ab6a65fb
4ef8aa3b214bcc6
94232b6d49371b9
76818cb14f09004
8c4f9f6381e1409
9125611979e09cb
901540be71ed4a6
21f7f99e924e18d
5df73091ee9fdb4
9b21139f4eb78ca
1a315eb76bef3b4
1d5d4ee806c632f
a11756d89b4f7de
3eae5930e1e749e
598b6500a72b849
442322faad55fb5
8d6898580131067
195fe4de4483137
708bb55561c892a
6bc1902a01572b3
5cdc0cb40f12049
3e394d996cb8dc7
153f860a450c653
27f8fac31664b25
1bf36a81395a85d
38b338b977ce70b
1e2822a72cafefa
067ddcb16bf817d
71fdd0b978888d4
37475351c37fc63
5071532c4fac081
0bd1d052f44136f
27d02c5b446f808
40fd368f84b7265
371cee1d78d2d85
0cf66e084fc7f28
0154597f87ef7c5
9841e540441d3fa
49dd69d0bb3045d
279201147237e2f
1d3c5551a70d48c
796e3d26f11a8a5
10b5fa268f1735b
1cba6f3bda921a7
028ef708d4989ac
80aa421de0ccb0a
43e4e145c2332cb
3b3471c91abc56e
22ea141945fc9f8
035a849d9ca5e85
1f60f43f8fde1b1
79ea58064735289
397a8a52508a184
216e8117264d003
0ad46cb6896bfb2
35180281a2c150c
023ad210f88ce74
538d5f582474726
6d813a3fc5504fa
1047485513d0791
7cb12228d741c1f
276a3267f7212ab
966138ab868cae8
26b096575644155
38fc95bda872880
60d0657c464c4cf
985e799e142ea07
66aa74d064eae22
2f1128c27fadd54
6e6a171654a93c3
26874a21978e973
2284c4ae4ef22a7
5178ebe794b8fd7
3a96edf3de840c8
50157b54d57c4ff
7ce2c63af765ae1
93d3c4543f6f531
44e655e7654c13d
84c54491d2b6c0b
763d5d70f99b571
9196c9541c76674
679de89cb73a3f7
459c914da53ecd3
9333c9c2dd51f3f
1da93a8c9bc5eb8
34a65c26b5e226c
a190bd6146632fd
11c14fe09cd217f
619ddec6ed224d3
70bc03c99acd1dd
99491aa2428e892
4bfbd8704d7b5f2
3bb2fd36dfc3f10
490fddf50e26393
3b58440adf38e12
041fc2b571fd258
431efa4a98c9d5b
751b8f801b2a667
6a4e1740e77ba23
69738ff7593dd98
011cf808b30ab5a
38acb3c235625ca
6e131695e982ab2
9ea136d9e356dfd
820582409aab525
89a0875405a5ed4
3e2a6980950c360
16cc2412358860b
4abdd91da3d3ad8
878d2f91fbe1d1d
35bc425842aade1
81fbb6a46b435f6
2d4695b166aa613
6ee49c1a18a9ac7
35641af08ace8c2
0a3bc19ba7e657d
10cceb3cffa0ab5
78c72c7c1aaca3b
0dae7bc2dad5e72
92b4e177824faaa
68226b71b3800fd
4a0c999e96967df
4014929c11b5585
92517e0fd25e7ac
45a80481f31ce95
399aa4e5691c107
4a67b9c7c291f0b
8d45d26a5a3dfba
4124485efce6bf9
5b952e174c51ac9
0d7daaddca177c6
1077f8e0ce77a01
376655664659e15
660e258425929c4
a58efeedb6e5906
a19af76263231e0
50b0effbd6796d9
8c0afc1a5a4e8b6
137959f7ef33aeb
7d32682c2658ea3
4eb3b2602ddcded
44d929aa7a17c6a
1c979fc43b00ac2
920ee6ad3ebb4f7
97a8b88fdc05614
4f7c0415f3b333f
a05233fd41acc56
175961065bc6c61
92bab9e10fecb52
421463b640dfc5d
356e991b94b42a6
070c8c00b5add28
2d854d68f0dafbc
51dcb2ccdd72bdf
26bf44503c8b1ff
9f68368165b4a76
3c3220d4b72f6b0
7424b7d57e10d48
014c7373ee06cc1
161ae63aa57a887
836d5509bc87130
5d234b49f3881ae
83eae248d903666
3d034f8ca2b6773
90d1056c4ded9a1
81c111563a03707
3c658c0355eb293
3158148109e37b4
a890c07fc6ecae5
018ccbe1b254702
1685cfbaafae973
029cf3536fb183e
1b28f339347f9cc
21b55c3b8f4d117
51c210b8caacdb7
09a45b38070f2d2
27942b8ac670387
17906acb2c9453d
5f5480ebfebf917
2a57030a817208b
a30bb0be1cfe7a0
104d37b7b48fad5
04bdac47a180e3b
6993cff2d139517
61eb65ed118e5eb
4becedbc85265cb
2dd4863393ce14d
59144d4226cd7f9
4c1a5c06c94d151
50297cff1543ab4
a8051ca3fd97941
048c616c90158df
85e99792e7ac2b7
762899235feea87
4202d76999f6999
22ebd44c0a6a433
4d059ffae93e8ba
5c552a591692f8b
38558dffc58f231
6578b5813b855bc
866cd66688f0092
09242a04cc22c4c
486d97ece552d15
65ac49b0049834e
3a74c957be5e1d2
a68517aaea5cb37
9f07873f4857455
44990bee642e403
5db3d961774b8b8
135ed0d2f162b78
2c9aa9d1cd82370
5b6222b6f09c65f
854332c705b9e4c
5d771cdd7c4cf53
043d6aa6cc00d08
38531045095cb6e
4cc89ed8e62c0ca
a7c60793d1a16c6
65f4ff1d96d1b14
91dda478755e082
05100704d073896
437e55f0b7f275e
78bbc221d051ade
90ff2ebc39b7a82
39762f18ba4ce4b
9bd62dc8cb45e78
3fc732cdecc31d5
995474596539ca5
126459a7d7d597b
77eac4ac334665d
0bdbc17c27692a8
377d9b2e3cddb7a
040bca86356a0b3
497908a0b2cc05c
40e80bb04643e21
2d153471e6e7254
271e4b4f445d10b
001d7681ac6357a
9403532987cf328
8da38545b0dcae3
0633806fb9aa1e7
a7193d8a3edeef1
0d9797c6ff2a192
26c921693c433b7
a02b18d7cca2174
9149a5193580ad9
9bf2e619d3c55eb
441b9afc829d9a4
5f571a67567fdfe
4fc465a13e36c3c
1e80d8e854e9540
87f7df874482d7a
9026daa85b58052
8c61f0aaf59bb46
57ecaaba6d83bf8
526590408ee6d10
7ece1b3637d75d8
241b52e5dfacf2b
68bc7748ef9ed13
