56016694cf8ffff
95af78d42a7ebed
0be5cedd3cc2dac
3acef1292be0123
826ed806cd3d8d3
25527202e75e8fe
0dfe2576d2d6e7c
17b5283971a073b
50a3f561d7731b7
80fd73312c3b6a3
a31bc6782c18bb6
7ac7b0abff89bae
47d3c53ed0b6947
0c9e246b0c2ad9e
7c06febd8e70ef6
5bbd100d97aad1d
a07bf72c6ff502f
5a663d0bea95aec
6a978cd792cc732
7d33d0b8538ab6b
5c4162115b19cd9
04de856bb7a7a3d
89ff3c29556abc5
28e71d259a2977e
2616adfafe99a76
726dee274323cd8
959e35551b4905c
0bc6daf5cffd1fe
86272d1722fecad
8ba40bdc725c274
8669ae59a62efa1
8e1a10dc98d17be
a9f464ff9485cac
9bbbdf5dcdc8feb
437527f7e554428
436e5bbcb3f25dc
783b282c4d288ad
87e6a7836460fd9
07f3f1e53d8011f
2a6bce5c63ed958
36f8d43f31d4905
60fee2f6edbbe55
7ad662c5d448ce3
58b0f8622c587d0
0b72bfd2c38a56d
38ea43d1ac75bec
3adee93c45e12b6
48af7720d14dcdc
a6cdcf26a0d3437
66938e5ed9daa76
5c104f5a2f7d01f
45980ae251b3395
2467f34f3fe637a
33a0ddb204b0d5a
977ccae81c04b4c
8247004b8e4fc11
28479f55bf459aa
7ef639330351c7d
8b9275441c386e0
37dc6527d559bd1
2ff21753e39a8ec
3ffb3bfe32ec7e7
81e598cf5c6cb02
258fe3a547c955a
0bea02693298cee
5fc6a102c122aed
4a8796af7df2423
2701e5e81de675a
5903dad98d5a699
9a6f7838fd28bfa
2d617fbfe0992c2
9b76b616b3c7126
5cdc8e8440b2346
4eb5edb0cdd54dd
a2850d9ca043eb9
06f161d4b1f1082
878d6fe301e306f
94353dc1fb408a0
5a6d22e3115609a
a2f920e67698005
21da570d0d53252
0eae41ff97a8cd3
6ec0346a1602408
1325d93ddd7c3fe
0b0da2d81ab90f3
23825e7dd4d3d36
9e1bf770c8b636b
00ec837197b424c
229937613ab927b
8154bf27832a643
04a69662e86507f
344f2f035f8db8b
3c533e32ed505d1
7ae403eb84da8f2
4dccb43aec23b61
3066bdee057e400
7891a96de203301
50074d0b8251721
586de8eb06560c3
9ba55047d86403d
a0ef3b3420d4872
9a0b77afdf4e2b1
25ab33d99c85ddd
a06882c237ab538
06e48a3d06dd493
486e2b1ebb4b64c
0ea1175a9ad6966
20727ed3fc05db6
6026d6f89ddf5c0
749702b507f7ef7
6da7e86abb722f9
629adf473545f35
6a34880fbc51272
18ee511b139d044
7376ce568110bf6
71276d1d36559b8
73d0b136fa99718
94ad00f6aaed969
3987b0c7e83e3f2
8232c2f2523167f
2ace9a12c80eb05
668a3ae06d2bf7e
4499fd30a8b5573
121540e9d629cd9
8190f0dbc166e81
6ee09e7aa12bd78
362f899ade091cb
181005057ae172c
37c1194fd83401b
8a0dc2f93da5ae8
51134947ef2de4c
8d475cd8d19b402
0a16835cf604493
0b2d32354039229
83ee1fdc11cbb02
71e9a748c082f05
112aa225e4e0045
78823ad1e5d840a
641fb3ba44fd11f
4b8ace5c98240b0
0f1bd7f26ad5095
559ba5dfc062510
87b122931adc5ed
69e898d7928846b
3d732744185cbaf
182903c84e7327f
a7ff1d4b86ebc08
1f84d53827f3ea8
6345bdf4702ed33
1d8193bd026aa0e
1be58bcdd3a7733
0fc47909e120ead
8cc0fcbd8078f57
5fb7929cbdedcb4
1f0ef0a6d4c7323
5fd2be309f665fa
6c7882ca1bac25d
17dc2ad8b8b675d
8c02d0b56a68b1b
80a6ab1b122caf5
340f9fc570cb20a
14c19151e169f96
97f340bad23c8b9
471b9d4bea18204
770b0ca9c6ac0cc
890b2f3aff72ae9
10e9250fd45764c
a9d47bc4ea30546
8eaa2212801d199
9cc0e277c7a07c7
2087bc69306d963
049687b4ff5135d
903b0c8152f26fa
0c54b6d32be7fd1
97b265c6706455f
0ede10cb55151ba
95fab2caf7459a3
7d9c758078bd9d0
75f2587460fe225
5ea8dc47e993e61
6f521dbb79162bc
33973b91a82dca5
2d9584a7f9af854
250c463c113a825
9c6a7a2f9fb2a1b
4ff9b19df897c17
6e4f85da67f02c9
3a5532a76efed77
1748ffff7530aca
4e7fbe794d30c3f
1da14630556b185
7b038ca62473eea
2bdfc76e6390072
72806a242099cf2
55c7b6672aec2ab
64101496e2b6b9d
51899c16e1d88c8
466dc3aa6667692
83628a70a63f403
3ffe928e0c4cb91
0c6b1767a2a9b2f
0539de218af08ff
3b6a8c8ad8dc799
1a45a060eaa8e5d
8cff25c47067d76
1a2dc80deaaa34e
98f1192a086ac61
49928878a25dfab
7a9a182bb5f6167
12abea8d4e18bd7
884d8754005396a
807257987821ba8
9058a66705bebba
961ce1991a98458
a1ec9973b4293ab
8611ca48425ad86
6efd1c21d239169
8bcf5247aa955a9
5fe7910da7c74f2
99262648181d12d
2b3ec6ec4f9358f
3008b67d66e41de
4c0ca9ae96c1652
388ce7311c9fb41
7dfeb41407e8e28
3722d9f5b45dd79
8e342efe469849f
181be968b150284
70b3d8ca8871879
28e328ec43eaf29
6b519205a5bddb7
02731772048abbf
9da048a0c8aa778
7ad18f4978e3177
937140df06870ab
a14766d06e0c16a
2e1d8b9e10514b6
5d84c5701551e3a
48a20a88d043817
8e32d4020661406
34f37d8bd6724e9
129586809230951
667c311434119d1
14a78ff70f60d15
6053577275a676c
45bf3e3eb76b702
1f68130725e061b
05e7cd1354fd00e
200276f76a54e0d
743a4a43cd5fbae
3ddc87e67081578
829b4067b203381
4d88a2e1c62493a
1fb41768cd92d6d
2d394d51ed10808
a9973d383fc3830
7f8f8db1383e977
882c27e027d4cbe
6b2f5549aa0db96
13e304f30cc4592
8949b4cc95518c5
a17e22133e22671
89d72bad8d0f228
989d39979d47bf2
78f27d21822621e
314f25169d19611
9f7e803d2d26fee
3aec7570b9391ae
a35ab12cbd94f54
31942e7cc40f93d
905eb8c4b929ea6
7d338d4cd81795c
00b2fcca071d481
4b789b669403d28
7e466b518b3c1d5
9018fe3e0e9ebe0
180efb6e730d31f
80b81e825d400b0
04a4603402d5f3b
5c276b760161899
2dcb5c0c417144a
1cd6ac768f53c76
31600e3a3a2de73
1a8d9451a0195dc
013c951e0d8a3d6
6bd48605863a305
620678a34faedf9
8f4657b5a3628f6
2c293b0c7814602
8aad2337c99dce5
7cfcf0c97a074f5
4300b6211b34a06
725777fb8479011
34b118d85c2e7c7
61fd4ac507fe41c
7586af1180a6f80
69aca76d40035e9
5887a1af7f81a7b
3e5eb15e6127cee
229feb12c503b00
5abb61742e4317f
15da5c4d2c5a1ba
9c151110e41943f
91764cdaa8f2a5a
389d76e3f90266e
1eed939a0a8f1a8
39e399c07ee65e6
076be13bbdae623
4403bf1c65877d1
0b6a3db649be591
406aea42a6098dc
37656e685ee9194
298518b8fae1f3a
563d0578f5884f1
9306bf6fd41766c
6dc8b22d151fa7f
337f82e010d7faa
9df44c9d395284e
2d776803b5c1284
7ce06edc81016ed
92e0ddeae225795
785f400589c9bec
2293a341b1892d1
110cb66cd94a644
8b02e50cf55a305
60469961daf19ec
74e51cddfc3f7e3
44b8c781781c1c7
5ab31db4e6b6105
94b766e80c552eb
3fd8df0244320b5
5f574d4d5a80abf
0888902fc338c06
03c53992d99a87f
7e2ec833a5a4536
164ea0608ceca3b
17725612d25b996
100a61052bc22e9
50914a279c58e1a
60f0963da8141f6
4824cf5a3836ca1
50b8632ed1792be
40a4dbe6bb416be
20f4379f9ea87a3
4fc5c0d948dd563
195f78eb7f260a8
20302a675cfb5c4
0bfe722952d5032
09aad4cce72302e
0d64745dd805de9
47a53f0fe3374ac
03547d740596501
30153f605e50065
7bfb0724784f663
9481156959983ac
8b0dd1405ecd9f2
150f057f970be58
1473712ee53c15f
9dbfee32e638347
52dd856e7c0d7c0
8379428734893f7
50af14598b9bef3
90259308b9e50d6
2db0e4d16629629
58d3af121f9eb07
35b3856e27cbd75
171e75215df5d61
4a4f2afcece0a8d
36b032a28062aad
5ce3ccbb01a84b0
918c2ec4885655d
8b68c7e46e568b5
8dd0f8c3585aa3c
4e74eb80e49c14e
a401ef0d428eb18
31c42096ab4874a
67bbee9e9cbcde9
779e363f4533f6e
854bf19a62aecf0
643f922a2da6452
7207485d82d5da1
15aeae3ed32a63c
8853ab8a2d037e4
3cd0dddb39b5590
10220089722a287
2dab32e754f964f
31e649e965450d0
9165a1bb0b09e10
408d3f8e5d717dc
a9842a63deaf20a
7cb385aa1a34e75
318adb4f87661b5
8632667ffe56169
6e1600e4a6d2127
1af36e60d43415b
919d4688efd55f4
05fe3518d82d567
2eade14650c7f6d
2746fb02eb0aeb0
990b78f482963f4
7826d1d442454db
30efab18121edc4
292bea0a5f6a27f
78c4e582420ebf4
6ce0a2d4d480213
771ae33ae3ede46
83310f13fc7d84c
02e62618e74ed63
11679a9d5ad705f
14e254b3bdb8307
10038b8628d9def
1de210542fcde15
53569dff7f1a181
2ceaf914ebbafbf
499c7a1f9b39aa7
478422c951573fa
627c72f06f49c2f
5641a35fb8a595e
39718f99599d812
562e07d193b28e1
1f11e2afbf1231e
57d8e70507590ea
43e54d8c1e36261
7bec0335d4a60ec
a187c3e8110a709
3dea12d2673c70f
8e8a6eb125a4e70
5735e24a18bc8f4
7af93c231f7a0c2
a5322edaecf10d6
518310ad2b27686
2669d7762b5e6e9
228d1c197331f89
a236cfc73a7a14a
688c8ed9c521d56
19b26f20b51608e
2acb9f7e82e19ac
2312713a7c5df2b
50dde41fcd71a5a
6147796f737e324
508c902b815368b
906131a9bdd09e4
306bed05852978b
a3d85493ce0e6bf
65ae5ad8d8c1466
07709fc6cea5c17
8dc75f174ed0fd0
8287486f5e0f3c5
5fd727e973f7d37
37b50eb166e6d99
6b4e4c649271d8c
41cb27cb4cf603e
3cbd82bfd4ea845
5c57e48bd95fbfd
6390943015fbc1b
85f0039695dc1c9
07988a9ca068125
6807eee67ce5f88
a6e5382e2da9e9e
2a0e12e00587cfb
63929dd60980e02
591d506666bd3f5
34ad727eade67c5
6faf40b05b3c236
2c7a10ab895c7d0
8cfd5862f1f5d9d
8137d0df8348033
7d9eb7f2c10f261
14ea2407cc13ae1
33ece7460a4838f
7a26d0de689fa0c
948bb1023608b9a
86e1011ee5e55aa
40d9aa69752082d
97559cde791307e
2193c6888724b9a
8ce9ff7f5f347a0
222bbbe886bb440
1c24506d281b724
721e2a72d690ecd
1806ca5e09e49a9
3af496e2fa9fd1a
613212be8d2e67d
5a142a1a5ba5859
56195c39e9ade55
63f9a9e8ebb5e7b
57ea9a60d0c04f0
44d51c8a68233dc
98672f7ed42ebcc
879a87b1a6af815
8ce2341df6202d1
311cef0c323f017
26b5dd23cb91378
3755488d421f54e
4274d97cca7fcc7
9e3e4ea187be256
a1c0c95ac73220a
94e00bfd42c52cb
3c0cdd19e44119f
6fe2b0a1839bb9a
a0faa578969e44f
54bf7b2facb36d9
294ca46e7d24ff7
57b3253f4ca5c6d
3e5ddbe819982af
43356c21e00c236
88bdfc29a3249b0
9faaaae755f4a09
98dbad15fbdc30d
646d92644583980
091e44e5b3690bc
1100d0617e0b9c5
60932499f76984c
165240288e6aa7c
8105d5f70459ec8
8d8f4bb197bb076
973640d7ab44b82
a91d486d4a5a681
9770342d8318022
4975da87b42393d
795b178527a01df
917f80306b9ab7f
73ccecf56471306
9f0ae78d677d88f
17eebdcd14c3157
369f7056dd9c5c7
17aee95aabc58ea
2178eaa0e65c45b
75b24a012ce2bec
0b00d4d27583f95
a516e114c7b6d19
24c4cc71ebf02fa
31febf5bd8ad310
7e9c43e46a2e691
86333fda435e366
14c7b11b865bb18
1ef65fcb88c9974
13aeeffe5590c5c
1435b422b51a968
657c77750323c70
79d65fad8aa9f13
07b05478d2f7f77
9a9d08713aaf953
129b2f8e42d027c
74846c39101b333
2c118737548d72b
916bfbc0f67f948
6392b9df3aaf6d9
70ec445053cfb26
2baf0391e314011
2d9eb91d026a0f7
1413264bd676686
22cac7415a2afee
86f1d5713b3fc50
080ec14731679c7
01c33a903a8423b
81854628653f6c9
0307453c281d934
674123251fb8abd
3478c3800688a4f
79af005113b56e1
1570ed65eefffc9
41065d830f500e6
2cd4e71532e5fc6
1d05f8b6a5bc259
713cc84fe905926
355ea01678fd5c7
86a87b27bf80a64
0a6ad57fafc464b
635ad94d6010ebf
05c3821c72fad62
1968077992b61e2
451d13045d9dd85
3f0b1deb7bbe47c
41825599f496cf2
1b5ec7da5f934c7
88ec8dfd42c01b1
061bc5792b53b9f
7b23ed86f96a9e1
624c99449d4408d
3644aaf0568154b
583596da4c82627
3d64f0c4c8430f1
53771ecac55e9b6
24f3d17e3ac952c
70a9e3084e88029
9900b8e45859927
60c267ee9bcd3ba
50f70ab0d06f581
9e56edfaad12c3d
0fa3aa4a8d4a34b
a2e9c8e142a9022
9de6675a5c19ef1
55aa3f1949b3c60
97f1943dea5431f
a66a25771dc5b66
9fb56bf77bba041
01568bcd089a32e
6f0070ad7d3ec19
36ed7aae9e6ac4a
3d55aef09e3b7d1
15dadb3bc6d8341
1b9bb680f6587ff
8908594c654d88b
6222ee803565a9e
a48e28fe737cc58
040877e4b53c84b
71f5f91b6369ef0
76b82ea2c3ad1c2
738a1c9a9501253
99efec5bac755f7
5f131887a9d9938
0af9b4203dd5ddb
3a82a8c8a5dbd19
205a71d93922889
009e2a5c86d752a
6833d7c35686c4f
5f731d3ed481f66
5b3fd9d4c2e8aff
a2a04f221da02e7
31ac424ce3a641e
9f0741a5b08c38b
9b620a62199449d
69b9b1cc5a2f198
892207f648f85e5
06a37c94eb7878d
6f5b9022ea389c1
2b2c204ff41c496
36a2703b4a1fe41
a4efb781af8366f
7132e7578eecf98
51db45a815c4c5e
1a90a08a902b42e
7adcf2dbe95bc91
5fef3b1c73105ed
486201aba6b0e13
8f4d567752ef229
1e2937618a55ae5
7fdaad250b1dd66
2f8d0571375a326
8c9e781c3a93253
58d75c5499760e9
1527df54f4ca01d
60f45e7299fef52
9b48ba661119df0
1f0955c76b0add6
5f65243592b7942
67b9c8ba53a5247
221662c223ca232
2b373872c287c6c
68c5229e38cc368
a0d614728c88225
0163427054c4117
68f0adaafa37cd6
420cca94d39a6e9
054c5e51ee6a187
5f22b7accce1a69
856fdaa9b7961ba
8346c985cb2a784
817957f8200f980
7f8e4fe7a74497b
49b12576e3c4740
4666069cba430dc
4bb5213b1226691
4423b01a0cb6387
00ea02b01da51c7
361b9a34b156c33
6f796cbb5ae4764
0182ff5d020806e
7a2ce925a4b0f3a
6f6022b29640765
0b8ec7feebb51ea
9d0202af8714825
3d4ac936952e753
31abc2dbe9f0841
06e54a8257f312e
2c1da6a9c66f3b4
3a30fad08572a3a
2203cf86572d90e
87f050b2fa151d4
2b8e9c26c7f723a
a36ece4c29a9601
189db95e8ceb1f8
6930526b00641e2
9e4c8ebaaf62dd1
8fbdfb26f18928c
81ae2a4dff3051d
7bbd84d91dd6b00
32b2d29c49b9dfc
21f0891cba9f9ec
6cdac1ef2578a63
887f69c1b3e6832
8d511b438813136
373b6bff6e85d2e
13f8ce9abc0c1c0
13ce3e43214e48f
067c820370d543c
833f9126fdc3e71
642547b8237069e
02adb4394f91a01
103e0868b789c66
7171447e7ed08fa
6c892e53e6b8f1a
09b3851041d3e0d
119928e9ce55f6b
487a41b7dcfb12e
9566ea0142f686e
030fad8e73f8d0a
28610c1c00b7138
23422bd39330c75
8a8d069596e899b
6d0420c884ffc1c
2b1e0625dd262db
0eb19dacf0fa740
510a4b8aba75838
93bf3d8552cabbb
4359989ebc906e9
8af5251e24fecc1
0f53a73e4dfe5fa
1d932f486c9f626
4e155c78e361b2a
83b7c4876cc08e0
3f4e1e4241afd90
5361fb8ef82ec22
99705a6538b1bff
67682de03317a2e
8e701549c6754de
5120b8fd5afffeb
1a42fd8c47d3efd
8682ec7bf3b5169
5879633d168fa96
4943a48b83a83c0
104a44266ea16bb
474ecc749d45584
58309382657d0de
1e4c53845bdc3fa
142bcc08934227b
6f2a27a11b49440
8f2522ba94db94d
7dc9f0ee78f8eb5
6f523b7ae1772f8
3df1e702d3e9a21
44111100f55f01b
76dc2ad28f9b554
a595ab4972d0637
5b6a10cdf49e662
9dcf92670e6f651
5f56e2594774d5b
7c20f7248e29734
0f9b2b65c87e052
4e9978a3c55939f
15cbe62b5b327d0
a980868a75d6a19
876915e94becb27
780c0b6ff961552
0520ba861d494bc
4aebd4598a48c91
76a72c4254b3aad
1ad5a285e8b94b9
72cffb5ce5c9b28
3ca00f17e454154
750e9db9613ffe8
2737ce0b1176d60
2adfeb974323dc8
1fc6502448a4738
a8cba799f901bf2
45d7d18fa80b359
634a145d2c51a56
19ddf99c2b41ec6
49fdfe0de72582e
71df20d0bc5dd78
592d8f348f097eb
039973328bed23e
1a6b185b2df4458
5d358db5842919c
69aeb66e6c35ab6
4e4726a473517d0
60c84965d2b0a69
8d6292059d445ee
83ff49253454837
760fc8d6febf293
643ea0f89ab35c8
02b4295d7163bf6
a6caaae27066cab
926ae72c6eded0e
a08d46160bd9c07
1e082358260cc70
41734c947fcd58c
a39313348ec3b41
9f180429ac6078b
2c44441e22f0b1d
60a59d2e71bda6a
274253426d62b9c
00c47220e198669
676bbc92e32e260
45a6f929abe7c03
1a59745ccf57b37
9533c22df6b6fca
a57a55e37380b34
061b400d81c2342
2acbb163a9f8436
68f55261132d909
87e628632c90762
7ce15f5bc9bf14c
785caf985808110
77d1f54cde8bb27
3b9e15c1af93074
0e0f7298c0120d3
2883d1d21689dca
75e391b01eedd3f
7cf8497466c0691
42db7d9ea0ff6e1
91b6879a158413f
2b6f98a21210593
1061279d6d922f0
220322a90e39de5
a484544ff9fcad3
4314a2ac1e32655
4ea5e22b689c227
651b420620c9bab
297ebd0418c3bd4
0f1103dc705c050
27a90aff01bf4b5
19085e7613fa61e
2a596a8d4079f8d
88e71451ba573a4
69c456a1afea479
6f1b6ac89925ed4
57fcb23392c2d10
565c98c27f98cc6
976cae07dd91a94
1c37affe65677e0
9bca0bcb2eaac17
55e3fd701b380dd
2af8a0ec7628138
5254c9fb3dc67ae
1dda4108d3c95aa
040164edb729d2a
3123777ba18daf7
308966a0962c987
5340e6d6218b2c6
7d56e11a010d40e
964c84cba4e4f99
70971389bbe072c
5e5270b57bc7533
87bb7738f7b66d5
396fa9e00ce725a
644f0232bf57f20
567edd7e2310589
87abdf73681595e
37b6ca371af99f8
07eea21020a47bb
0cc7c6f7aa236f7
37ba030cb2d57b9
090453ed283996a
941b4ec10745db5
428fa8b1f1fdf11
27a0ae7b9c5718b
66b542e312c0914
6c1958769980527
0a318d278a27253
507d8d4a0436712
96951433cf7e246
5badc96a1adbe56
212d3860418a209
5655fc8bd613fb6
2b0f76eb87402e6
07bed1564870a96
1a1522dbc890f48
2c165f8eef5247d
7223238ca2ca702
0885ec453dffc2d
52d883e6dafa674
13e53943d1b4fe0
48c52debe6d4ffb
73f9e964ed927ed
5e789311bf80254
9acd2ebdd0f5ba0
1c103a0d3d8be3c
67cceea4509bad4
573dc286db29b95
9dfb6569a337f30
84fc6334887711d
80d9be3f7c15a29
6d07af19b514059
77473fad6f33ec0
5d90c7520d454f2
49965377cd349b1
8332d0758f10fc0
a2a6c5fc593a71f
918502833b10966
110fec608c77924
9d00319ab37f1b7
3025e62bfa4d05d
3e3ac36e47f8e69
2a7406e3d1fe8a4
18e35e6594ef267
35e3a701586e2c6
82fbcfe475d783c
a9f205cf15d480d
71f4ad89e0e532b
6d71ee6ad2cce01
88aae7f15069232
1154c481da396cb
28a53f049536077
1644119808221f9
a0327b0d184c6f6
278285f52bb4634
a06bb3902ab620c
8ce962045525a8f
812da21b28acfc9
06322510e62007b
7a5d7b3ed6ddf95
49da80c3405e77d
9bb92b4b2c50b2d
00f23da2923a654
626b375c268cba8
2513f1dd307d1cb
11395928df8cd39
0ab33642246dba5
76a25c7af807ef1
3878630af0de809
439da2bc1a866f9
137aab779617827
19764feeaf96f89
82abcefa4fc32e2
3424047373a8d30
8d0dae77b261f5e
58f9733588685ef
6462d7c7108b734
92f7e21bb8a4f05
41135544912324a
49a5ce17ae67195
1bdefad2cc69eb3
6105b194e5421cd
26a0ef9a9a138cb
6888affeca0c933
61d193007bde450
a4a00e5c235adf1
327564453798dfa
672c8fa1efd21ec
028987e65c0c0af
416850683724693
122b4ffbccc10a0
6a7bd0859e117fc
06ae3812c19de0d
4a10f50b62798ed
6598bb657413085
7a35f55c36e79c1
176fd03ec3920db
2a2bda398fc098c
3528df08fc1d86e
277026253d705a2
43a69f0c797e914
8579c496eb49a65
3b3f45354807b7b
2faaa9c750277ce
712439054bca7f5
9f2d810ede4b28f
2b5f55f26e29de7
776140bccb31629
121fbee74f78ac4
2b79c78b9293c41
444340fcad3a2ca
07cee30677ad7f3
6e8e13f06bfeaf6
9fba317bae5b821
5eca0b5b12ea10c
22a3aa60b510fcd
279c0477994f1c1
786fcf774241b7b
09beab254dd53cc
4954a414b95f78b
586254a5bcd9b67
92da9909937485d
828f4b740309127
65587351190e25d
45f5317b3bfb04b
1bc0db8f8b58014
68535dee421ec71
28d0934699ee672
88b26f9514444ae
710a9f74bf01384
84621fc79d63b0a
314e9ed71876b8d
1c5a372b6bb8986
82731157321102b
4f8ff085377369f
8457db58774e11c
6f03bfa2b9f89bd
8a07bc71f986201
4efe81679c2bdf5
8faa5e277a922f0
951537ef80c732f
52b2d50aeac17ab
0e06b9d2e52d31a
7367ebe20659978
6bed5ea372838ee
a7db6bf26e80481
43bc71eeb9350d9
26f62c51c5c29d0
a78bb8915bc1bf3
26eea89b80825fe
318b2d6d3cb7e56
47e9d1871546a21
46dbbf3c4a1adb5
11d4d4192fb89bb
2b827da28d38407
a8d0f97b28572bc
151b48f272d427c
141a06aff655082
14f6013faa228b0
812b5a2eb756ac7
2605ef2bcaae25a
29dfaea69f89e2a
2fbcbff199cb1dc
983665aef91d76d
7bebcfe30ca2428
9352426ae852196
68384fe146149cb
2655706d409c2a2
2daa5160b01481f
97526f4a1a05c30
1a55937d0fbac27
2457d5ab9e29d6a
80c1e7030eb0ec9
a66e5671d3e7423
663d78c179c70ad
5c65b3cf1e3d793
3ab7455d1a41f0d
70e4c23948c5c36
895fce658219d87
396a2efdf8b433c
9af14d858f7bc0d
8f56a6f55fd178c
5392db56218060f
1b5c75fe7c3939b
43a547dd5a64a41
3ca6440a6257c20
5f679418cb3bc5d
7f2420e63eefbe6
7f93ffb0b1c8bde
542612c870d02a4
129aeaddff1c6fb
1e46efe5143f924
7fc0f2c54cc3eb0
7eab6dc1b387588
6081de139172abf
64b3c549d734b83
5aa27713a12c94e
49e6591c56f942d
583eb49c3db72b9
0413fd483ba6afc
75571fa27b834ea
0b10c6a4905d2e3
09860d8284222e4
2659ae7b4d5d70f
19dae4e0b9e535a
0243a0674bde94e
08e727ee0d47255
42fe80673e00f3c
1156681f336b8a8
9f61e13022ae557
1d9ab138cc2589d
8fce8d182ab3fcb
275e159b0dcbf46
184ddc75449bcf2
4f100686f8f7514
48a3c61d1034d10
045f371395de5b5
8858160aac31a90
a250b3614b419dd
22166ed7df5cc25
632d3f757f2450a
a80920b331cc04c
a767cca950dbff8
3e659bcd0b2acce
1896b653551fd8c
8eebbe77586e510
91efd8f4c6db140
3486f5363f0dcb5
4bd595f3371ba55
8c46bc0c4c2fa6e
0cd0e6da8fc8e92
a26a13d0e49670d
5bbd5bca756ea81
41769e4c95ade4b
501ee3aff43d189
5446f54fb4c7b6b
33c72bf0cacdd5f
55a723d0aeeb803
4c5567e8ece59c7
11d9768291f3dca
82d69c9aeb0fa07
97d0cd6b3bcc90b
205e1dcd9cd83f6
321bbcb8893e0a9
3b2359e0c852116
0c7a7cb8dae4d59
30c7d5320cf0efd
62fb7062c4e0abb
81a4196ab9028d3
08b07eb7fcb1f98
55c9e7d434b6f3d
2598c2177ea86d9
2e497669b099461
857f28552a77bc4
a70c239ed469c92
67d07ec7ebe406d
3107961e6690eea
a174458e465f56a
22d7eec8c3931cf
a80b15e6bb6b542
4f7b372d137868d
562b1df5a6a46a2
3913737fb82e4df
40b78aefe666776
014ae47f01af44c
6641ae4b4c5f13c
263e77b5e627b3b
4205998ad874c2d
77d4e96ef818fcc
7f02e9d6d5e745c
262926526731992
a3430d50a9194ef
49f20fd2dfa4cf9
783f0a1c0fe3ed9
6bbcac69791b99c
4636e8d328fb64f
42cb0af3acde6fa
3ffdc455470d3cb
6816206da202570
447d08627f4782e
4c140ba5d29ca81
1a41b550e8be8c1
3eaced3a2720104
3f0828bfa2fec10
68148dfc0ad4a49
41a2f525709321c
3abcae075d6e2c2
34729f7bbbf968e
2629a2321f91502
0795102e3538123
3fc4b036825c66e
10589903bcfabea
21fe2fe0607134a
9da49498166e736
09e7eb2c24afa79
44b38930fdae78f
3c13eb14431e4c5
47ea3bbf1e294f7
77abe8b8ca30d0c
204403c7d082cf1
4dcb4e44082cba0
3902bbd31caa9cc
7932bb93668db81
75944b4a4aaa6fe
8cf68b65df99261
5e4a6990521bfc3
342d2d6e27e3e75
6b093d21b9a045b
7dbbed8e954665e
6ef4015ad68dc3a
3161c647974c437
5272a2973b61124
07acab655f5b3fb
52d79cc6dc25930
892c318c9dcea1b
07910de437a40e0
50723401cdbde88
8cd610a6441e544
185c9d4e3ca7012
522547635c595c8
83fd4d90733eedb
11c0ee2ffd13f6b
9e50c82b8fbfc11
79e824d768c626d
8665ce66acf73bb
1c56ec84332fa34
7281c414bc4094f
7e99c573a31b56c
559792a58db05f6
83f11725cc44d15
2a300c822639b5c
56bfb5509e21bbd
21cd728dd8b8fa0
4c4e60ea7fee079
61a27548bf5f4f8
5051f5a3b6f9736
5384cc1ccc0e97a
4ff5923b4119a05
1b0fdd719cbd6d6
8b9627a5a810015
883af74ef8dace7
590d51a587c185e
9bcdc5943822ac6
7da0ac9333afe51
10cd2cac4d32a8d
4412f1355c3d7cb
4e0e1309ef1ff23
59c4c10c40b8d62
67c702996a9ea3d
a224a476e35df22
a5627a0f16261b9
256d101b17ea50b
7bc494c5a821af6
a34b23fc23d0f8f
830b6d243367e93
1cbc72ae688113e
380b2a63cee97e5
7ad7765f0faf0e0
2dab845e08bcc72
53d959a7c3ac13e
223f27e1d9883d3
74644c4c86bd275
5fe1f283c7c9db5
6022eb1f9002c67
4a43855c34e08e2
a8a6094cfb2c1c9
48257893460b9a6
9f3592133f4c306
0a84fafef6c6fb6
3e6c00843c49d20
5dee8206388caed
83f9383516f4360
2b4408d501291a2
7298db1759422ba
9dfca7c74a794aa
24b341dbd81e619
45ec1d2de0fffb4
9f47b0057b012b2
8306fbf009e5ca8
2012041f7be72cb
7096537569f00c0
3ca6df37d2ce802
707cc921a31c0e1
4c2f4091f304f69
4d8057fbd75e118
3e113067971c442
97e73ce58f62935
a4f87639b81b304
9c4862fe34ff5d9
9015e9a599a199a
37b2d6435a71fc7
26da11cbbb9e61c
383505461d47740
45ee547bc6fb5c2
2560fd287122b5a
43bdc3b115c629c
4d7c4ffe055566c
1fee9d9be628323
1116f61a2e0ec4e
3323f3667b05296
6fcb121cf833008
1994ba0e936cf7d
33b2d926c11ee1a
8306859af123cfe
8e70dd846a5f1de
32e272494831d2a
17888221d61f135
43f35b17c12bdd9
3105afa3f5e293c
0aa0ddba9cfe708
80e090b6fce2ebe
872bcf21b5d616a
9bcebfdbc36e6f7
46d8744b4aaf9b3
4c122047012c059
905acd24c4350f7
1ab9fe3a42776bd
60c25d9795462f5
0e81326eef7aeda
496180a3afa634c
0d2349fb6abbe03
59fa7f44a732097
811ce2770e72c76
04ae791ea35cc19
38bd7086afd7e62
a418d480d63643a
8ef94a12436a712
619a5f7755c4428
31382a220d7a9b1
a767fba18bc747d
5e50b86be550473
2df64667a76806c
027996ada92d5f5
2b62f5765442648
a8a24c552fcd06d
9cbbdd2b27895f3
09472c90d06f687
9f4d7153965bbd2
a79c319c2d8d3bc
201fb553d1aa6e7
3596e9baaef85c4
8881366bb0ca963
4d34040045f8e54
0a6c4ca054721e1
4e9f3944c6ba88a
3d6ee87536c5dea
0ea265346c1b2ad
8d5489d9bd10d32
8aa7cdc20847f5a
2948823dce0a985
11e2bf923c5d8c7
1632c2d7ff06b85
73ced39c34bcebe
0b9a193ca0f2454
21cd24aa11a900a
2c4dc6e643eca35
0949fe6e2381849
15bf3965d30f139
2b43357db16a22d
6d949220e15573d
0ff62f1bd42d099
69f68f6754f6c95
1bf89ec084f1b2e
58551554400a488
2293308b470f41e
44eece879c08467
41d837ac5b999ec
788e031435eff76
9afd0ef56681961
97876c23e6a8be6
28a8a3048ca69c3
109359703d876ff
6ba54ccd309a1e1
82c024a4e4c2382
5051a9699ff9c68
8b6b18a69a4be39
79deaa374593614
580f65279f98758
19f472f01771744
70b81e0f5b766c2
189dfd9b212e11d
68743c49f48c478
57f7a4ff1ddc163
5c159fcd0cee404
36e492a8327c5ca
0e0299c45b7be18
12e0ae2b9973178
7c893aafd75cbb4
6b89d7c42ad60e3
41fed2330e12a14
2a7225b5c78fdbe
5e0ba034a7ff1f7
5ecec57c1cba705
7e2c630a6aeddf0
238a8eeb6c0231b
6a1e67207ccb11f
7473c0309f40097
2cfd89a2366ae53
16d931ec022ab13
26286baa245f489
66352e197070985
62379091c740c35
528edcb7ec2cbfb
53cbbbadc2afc52
962b8bb0f486d3f
12f0672f49991cf
317f5948f75d79b
606f095500ee048
866c7f39d2a4c38
0ed66aea52b24bf
1449bf9ee23fa8c
67fd455580ba36e
1733d1ff5e99513
a9a56d86e4b6f0d
a8f4855d80130db
2855ae95ac5dd4e
3255364748aab36
9a25f34f5d231af
27dc50912ac65a5
255b6dc45427189
57d9d75935a7639
06728e522599260
3c5a07a9be5fde9
1489adf36bc8399
8800d50e9085d43
0b51f538df62820
97a86cd48d67d29
1042796ce931f68
8c378baa9018e3d
19fa46ad38a5a51
149640bbd7dd4e4
a5b2c0af1395070
2246bbfb96c8497
a19204046c8a9e5
7ad32c9d27becdd
28673a0cfb3fb0f
8ddcf3f173d2b9a
64f925268ca3147
7552277e9cfbfb5
27f8d5c117d93a1
5717d0ad9020a00
83b38055b9ca9e2
5ba482e75d7d8b5
18be6d0f8c529cc
6a507e3157ed260
3c1ffd9ad4918d7
0eab38d4e55e4d3
5d137b5244aa2aa
3666a07a2295e02
8f391c256400dbe
9fae8ce28ae3b48
815ea91856f6b2a
7ea94b3c9a85edd
83870f5818d4ef3
4c9da90258b99a3
5f603cc09c6e4e8
689d54eaaef4e7a
758b3b04dc003bd
4a6c4d383d78ad6
73103a551816dbc
11f16102d148e21
116d346e7bf8330
4c51cf4f631cbad
9f53d61592cbaf8
0887dcf922aa1fa
006e8ca08be839f
049bc13924f9e69
09d5dd4cc7d6055
55ccfa366e352b4
a48cbbd2cce845a
766bde655a990d8
0380f9f65e1968e
a558ef7c85d1f1b
71530b9cf7b389b
33c848378ab4634
3eaa60fc652973c
02d70471315ee38
17ba31823583b7c
87bf35982273fe8
41499aa94b4d65a
2ced4d1184aefdc
8451e5cbcbbf446
892ccbe7eaba574
1d830b6ee19f4f5
a98205137dcbc54
6ebe2e7786729e9
3599ac0d12847ad
7b08d18ef3a3ecb
3b20beca35f61d7
a17d9fd4a262a8f
9d09e9580b499ca
340c1c6d7f50ab7
85b0e4b0d2ceef9
6883d4f9c93fdd5
59c219dbe8eb344
8fb4ae03e511287
8e78ec6b10755f0
a04eff8ced9f83b
7bcb04c1f7746ff
0353074a367cfe6
01adaf1d62dc80a
31510ff2a1efcc2
4bbf668831dedb0
1cf07850a38b13b
486f6667d3f728f
152cd92fe5de0c7
13d6defcf35ef85
40e8e96a3ac91df
8d7fd62965d3c37
6710fbbd8318d00
282068b89969734
782df7af5ad9844
0c624ecf3d97cde
9c12fd2598c86c0
179679b10f5d555
27c3a29705afc57
85a0552076b37a2
0054848dcabcb78
539e27eb7a1f5e8
4711d7f67a6c241
02ff9609a65401d
54c3328755eb57d
3b205c87a557e02
8d5cca5a4dfcdae
4196b71c18bc5ce
7662a68d2e7b0d8
62f4d34fa05d407
4060f7ab9b1702c
24407bf29e6f969
8d3fa3edc7899c7
5d153550618faa1
2ef9dc4dee817b4
999e93db63909c3
a2937142faac99f
1b9f63420bb0d3c
35e7b3d7a43abe7
9b34cb70dcc9770
206362ec5e8ddc6
00cc9a968cbe03c
a84f0174e3befa7
773cc113a71e5cb
7c19aaa399a42c0
91475390b486d6d
3d08da393ac1ca3
6155a6e6b362b11
a226e1e0e2c5b81
6a92a4047ca8a8d
014bff11bca7d1b
5482c86f6cf80a6
6eff7029fff0aa2
1bfc15ef536072b
9f7dace72a6e28b
5d828e63295ab38
5e9bf1aa79fba6a
4a985314b34f4a4
28f5800528f6cff
9137285152a8e65
10af9e1c94bb0b3
846e4b7fde17556
4cb2bc5a31fa13c
0b625ae6f8cc5f4
591eb03af819082
108238095276515
8f2a25a43607922
2efe3d146ded307
94b06e500642648
a34b6b638fc2d39
1f86b10180f31c9
1f8475f1a9006b3
83234dc3b6ea7c2
509a6ed84cf7b7c
2ea4941abfb6f3d
7402780fbe182bb
579dfb1dab9e382
7b89c989265f819
67e88d682ef7e8c
13590ac77efb97e
8b91caf4a94063e
061c5824b442be0
207fcf06f48a91e
9bb0a66eb74277e
48f82830df84506
2db7a4c8baa3343
456cd6249a29ad3
9383abb0966a547
5d9c6fa488f6dd9
6f040982a98a50f
6d386f411585616
7fd69f63a53bfaa
5a5a395b83df6e7
4e0406664f4a18f
5a38446437f2321
16293eccd529f20
47f539ef6b1a9fb
7db06ed6140e9d1
287c88109faf414
019de9755193961
9a197183a40bcce
89e2f03c564babe
a4cfefe004cd4ec
0bbb21a0dd17714
0e40b175ec479b0
43b53928f2565d5
2e7dab20ba4a644
30e6a8597441dc8
48e796db3e11924
2d61559424a1997
3475c248d6647ba
9cfb80d252aca4a
60a56d317191aac
93f203f6ee6ee13
379d0337cdda8da
07cfbddc16621b3
9f5bda443969151
1353224aa77c22b
51b9d1b334bfa51
6f596de59af4cf8
0ccaf13e0a4a82c
2e29f7b687480bc
517894d6bde1b51
0d274017ea9b5e5
2a2db56215f7ea1
23547888b46f02e
3aaefd30f111421
73911b95ffb2f73
8915ee233b3b20f
0f287b8690ea4ff
677ab54d8adda73
7acfee65efe7160
5f332c068b7e7ab
744aa3b3334aa03
84b8633c6129763
1be18a75714740f
72ff5136093d9a8
6c61525f92a3f47
14d03452a1a1efd
4a461a60efcd52a
6a65db90e5673bc
8cb56560f5a4ed5
918e18a4698e5f1
42c1e91cbf9401d
5b686aa967a82d3
4d4c868c4ab50ff
52d2f35cd580461
1c4dfa61ce0911f
1eb1b041e4a818b
929e42edaf038c8
705c2273ff80326
5874c8ec975e881
05241f526b4abb2
19b3863e148f4ed
5f6b69dd7402c73
738e5de393b6efa
a0a432745e534b2
a0042e581993fbd
812f6d0f4787933
25d2a81103cd4e3
43a5ead71b7f72e
90ce42f471de3bf
2de4bb260129b36
0642a221c9b9fba
831d5119a3f2343
4c96d7883d8d9d8
782b6f3205e0899
469473a0e1d3bb0
241ef7321f98079
714f7f84a59952f
69bc8f99ecccde4
0b76acdbe1e67dc
a1dc368a86ab11f
a2a44c822d3f998
934e6fd14179b63
2e2715975e80a5b
774e876f756ecf2
0bc375c01d0ec82
24ff47b44c34936
139a46b8ff632f1
6108b602f7e9102
911c7683774605d
1a1d694ba6c7c5a
070267489bee74f
69747944e700b53
6ad356ad311f022
6ab98526ba82d6a
05cbfde9fc9bc23
8c8d36b598e8617
2cc0a0004277194
7a411c6538ac9ac
88a00fc12482eaa
29f7be9bff0ca45
3a3e2f024039a02
4467c6196075b98
940139538849f69
840b637de65583e
1a7ded006340a43
15507af8bf02b3d
210184e7fb8127c
9eb9cd1a725bbfa
4f1fb8471a77b8f
4278ca8f0fd1e51
96b48bca39d7569
8e9dc55e40dd0c2
2fa574f358f0020
87a2a086c913a3a
34235b2512bb364
a7d6636cdec4de1
1bbb46bfb5cfa83
8451014e9c099b8
4e40dc4e3d26998
63841afbacd4746
4c684d5baaf2092
853435e4524e9b0
1d05f4dfcba2a28
604af479d3f1420
13c579d6c401ddd
a66312895a289be
4c35c8981c0d91b
1e9d25e71b5abb9
2056340996f3659
33810f0fb3963d1
318a0ed13f341cb
5dfb00dd4b669a9
785e7095d31a3f8
098e68c10e38689
579364d700fe243
554cafc0847b0ce
81256599874cdeb
a089ec80b23adb8
4204a7ac2957b97
8af2ef51094106b
1f9d8c51e0efaf3
9272f28c9f7b5e4
7f375b9117a4ef1
574c08d7eb9316e
a165afb5471f414
927ebf9244f6e4b
4cc306bbe6f9729
41bd035859f94c8
77749b2414ad8d7
a226957c644e181
2a59417f5c05f5c
784ca150dc65fbe
a2112442a5d2644
9fe78dd21bf9df5
0ba80c2343b5c04
9e2f93dc77df09a
70883cd15212a4e
121198d1b31883a
3ebfff0180d384f
0b5bec2c0900600
6bd3ef6c27f2a29
2ad87ea21103549
a27d3a5ced254f9
1f96be66d1ea39c
703d3b8647705dc
92f1ed7eb50e315
7e12fe87a575e6f
8ea8d6a6197f879
8ab4cb3957b33ef
0a0d96c739eb7c1
77e03e700b07f61
6635f7568031998
2d25848dfa10cfb
1fb6f05491e6e1b
7ac3109a23d942a
1e97eabaa05ae25
1f511c252a5f0d4
8bf1e6bf9d6a247
5eea9ed5d8699f6
2cecdd518bbbc7a
a2bed962c1f9826
44bc1e9425b8a39
432d18f4d7b8dbe
8e91905b2bb00c3
18c12905dda041b
a930f35e8cdeb83
89af4a796c18c64
9717209dfd31f42
1393a8868de8b5a
5917fb477905e11
118bf5c59bc8254
013d0c45044c668
7b9bf43caceea46
a0d6dd337d459b6
0981120a3e13a07
a0f286a53728ff5
3e166531318fdfe
42087c53124bd5b
2dd300698818360
56f8eddbb806e62
3711b012e77e19c
3c399d3464122f8
53a42fcddcd6280
6c0c4d183bced39
2594649c748445b
164863be0ea2b7a
9a77b0b7710e69b
a82dfe6540c0482
2420af9bd73f69d
a1a78cf1052104e
5509c48af8d562a
186e3e452e959eb
52d89c10ec9c4de
27c1e95446e1037
18ac906a28c4fb0
3ed986ba0db3a93
a20683c4362eab4
9c99e574a3d7889
422ec2fb67a1ff2
3a99a2d80025deb
0322e83bced961d
0ad5669673b0087
97093553c8f7955
65ed86532c06fe3
5346151205fa5f9
2eaa907501b03fd
25d809f37454d5d
237d724afd75573
3129203023cd1d0
3f9e0529bf4ad2f
a33c95450299489
24e091e55ea7a77
8cb4802893c604a
62eadb436065d1a
12626d904cc0075
367ffa50807e487
13e04c23c7886a7
0e85724a100ac66
3e152970ae23043
75780239edcf634
8df11d19743d713
12a432aef0a2618
2dac1850ad696c2
71b409a06e70ee1
1ff4993e0545ffa
a5341cc988fdc2a
9dd37cabf095c4b
79c5e65a1be3d79
49820b0fbe9aca1
69816e890d1e5e9
a0c60b558572730
9ba36269e4bdf02
99a60856a9fa07d
2c2d3e0e6e06b8b
051228849374284
63cb76a74a7afdf
14c4d601fe24826
18f478616515a0f
6beabf076cd0012
8b317ac2de88cbb
09fc32ebf4475a3
7497b7b0aa49ad3
8688e93747bbf81
9b662eeb2bb2838
1ddb8cd1de61e12
4b911ee8af7de99
031e476acc46eb8
0d88fa272f92d55
a260b40c1b8198e
705a62c764fa1c2
842bfdfa30ed81d
881cd0d74472aa3
169f333d0cdf2b2
06ab16b6346076b
8c4a39197f566d2
19435013985db72
2d08766cbb2b109
6d73c7e4560605b
094f840e153bef7
78702ab670e5306
91a5cc749d98984
81f55f1da0c22d9
2f214d178eedb56
1b9091c26454bb4
8f034534ebd4de3
6ccda0f9b682cdc
00a26869d55efc1
77de38e4bd4c51a
6d39f643ef98eda
1ed7e5aa74015c6
a89f360bd924ea4
a32b0ac9475304f
5a5fa0e8691be31
21dc809fb88b5a8
3160ed64f52ad32
0f5724d30b84cdc
21df2e848a71bc7
559dd8e0046904e
0fe57081f65377d
6621b3902435f57
294cf62c46e47b8
3b9bd4021d9a7a8
2bee5083348cb13
643aab0eea476a7
903bb2aa02cc8ec
531979b7738e99f
0619330d11c0964
70445e47436225f
98d132709fdce32
92c49a03679aafb
19a98c9a79293d8
6818d98d1c2dc6e
8c9c0b6943ae149
0a0dea26766b948
3762ceb315caba9
36ec710f2876fdb
74d073bf18afdef
8d4b15d608d2f3e
212685bf64f0fc6
64fb0123d091336
6b47489c261ce4e
86d9e9c2a364420
0c62817f607eff7
0d71a3a3ef0d637
7a15b014173877b
338ed26ee26b6e0
925fffe984ba841
47c25ed3772628a
1ec4c0ea3431885
44556812d312bd8
1436e8066d2dd2b
309bdb9a804237c
60d6bb72ed60e59
51d3a69e4378181
6cb112babcde1b1
9e2d2b3f1d1c92f
576b5047451403c
4f5b1fdfefeaab3
8d9ff52622b16e9
266c7094f8028e4
034a75683140b3d
1dd85ad3603ef89
a98b0a10d90c70a
5f88107b8bec36f
1a12038b0d68e7e
91dc451917efd0e
790101cff890d84
506e8e56f4456b7
969d1c2a430a5b7
979fc271f7827f0
4cb961b177b0cf6
8e886e66feed0c1
2c93ba6e3004f7b
412512a6470c3e3
279816406ee4bc4
07a4c701fa66b54
154ea61f0b0a204
147081d6cf1f16d
51404d174d39d0f
2c7f447d86402b3
641a8e2fd669cd1
92026a2a97f6747
7486773f4170fcc
60c280d891a0dbe
27e85faf7209203
6c89258061b883d
06a667a0357d988
24bc69fd12f17bb
2fde9e120c10f0f
20754f787d87e4c
62a1044122a4f27
9ffeb9a5191561c
813a14b32b9e4e2
4141b4ad82579ac
339ca2a56bbd845
37d1fdb26a088d5
80196a9131ede46
576b350fa0f9419
548c807a9662269
38ca81d2af01fa7
7590740bf942aa3
34ec024214a39a0
00b0a3f22c662e9
6df77ce3ba26c4b
01c9957419c987b
70a619b8e77bc56
1c96d0a7ddcb270
2573d13403f3dbd
6eb71e8a627c4af
a5bdb2c67cd3139
35be86f8add8bb7
a127c61bab58bf6
902429a266035a6
5788caa742eb935
833825c4827acfd
60024b6b0f39157
4e4c17f766b15d6
087b6a5193385d0
2b0358b739c2950
47e7983b0819608
9ed19f770390a0e
7dae1f7f14d26d0
1db2f71ff560edc
8d32cc6cf9f1f44
456cb61d9b2afd0
3079063841645f6
67b89f9acccebbe
6a4ebe440c75452
5c3430eafd4efdf
0dba182057681c0
530fb662a8f3a26
2ff21219d4d86d3
3668f632a2014f7
758ea3cd38e8d4e
35abd22a61a6d27
2a279f6325d686c
2888b4102c435f1
34bf5bd9c0a3d0f
3ac9e2613674a4a
27eafa62bafe985
94ff0a65cf754ce
3e936bc73bcc785
6a3e03345d3a1a7
4174afd7f16cc17
8501bcac6e7cef9
278ffb7d333a5db
93e22d8c34aa706
a94d287efd4bf97
1bb63c039ea2ba7
9b8596baa9be1e3
299f0f826dc0566
9b2b4a44d355fba
8bd37f4c2e1d624
31cd82ea0ba10b6
65a01e42bb71e50
11013b464e0fb3f
0053527b095668d
15fd374947e34a7
8b0064474a84824
3d55eaaa018ab63
6540fca344f27ad
55b3e655fe8b2d6
52835cf7d23611c
0d7f4da7d35640b
626e8731e574210
4d57681db8625c2
85b51f076ec932f
993c5735fed5e92
1a1344a6471e325
6a0164815309f65
134de92d0b533ee
95f77ce647f652d
7a41106141ecdf1
48b85ee8ae4c3f0
18473cd7bdaa0e4
7c269a2ace7f535
2044c9321ac14db
5b3abe423e30c00
1721d49e600d4b5
7857b5644b5220a
709912afd2641cc
378c8486b42f49b
99fe7af65b9f471
87b5365ba4a2308
2064cde62779ea3
6a3fb29e3018a56
6ec58c17c0c0df5
2fc0c9742e4a257
10cd5447e232b92
80716a0f2358e12
46a57254f05a902
55437ed429932ed
093f6e7e0186638
953dd6e3d81a2f7
3e2128c839cb4b4
6ccd1060aaba3c6
2018242a1520128
6eff3af4630f664
7b1d666a0fa20d9
643f88f1957d08c
77c41e59cbc1c30
70da02176787330
7628c4f84007b96
26abcbcea698d3a
75fd0a4f77b6bd3
41dd729c483b2a9
125757d0da2d1ee
993104fb1d5d71f
62329633bc80706
75d31a96a115810
44512897e7534e6
0e97cd899880dd7
40759fd5adf2150
66dd4eb53a6f557
896711457ceebd1
795e5678e8f2ff8
36b8cb1d993ad5e
51928aa117fe846
4070eefbd688e8b
6574faed7253399
38d155c8856c903
71abb7322ec4061
8c950078d154738
0cda9f7a7053629
38ad639a95e34ed
0e93045ab2d5d4d
3f2abe5795774b5
7dceec06594677a
5e32c11853dbba7
502ed76143dd84d
2abb25c42b21506
9929a9ba3b5b3f6
29bbdd5b571f38f
20a0ffd806be496
70b9af15eb735bd
a17228e1ee122d0
9acef2ebd6ec194
a5f9a5b9e58a535
765f863f0880a4f
9f5c6947e90fa03
06c13a020c56316
292dc844018e041
77d339b0ee866fc
9eb6d4e626499ba
485a5a59eccf2ff
11947792b850f8b
504138ef574e1f5
8f8fed5148e13e7
48a29ce5eeef966
6b85d6490878864
5a4982561e3789c
701be179f9ef414
2bb7322e224edad
25bc36f428d32e5
48468d8f51093c8
7294efac82ba3d0
3cc6b90482591bd
2933bd41388e154
7a352815857da82
1db291f9698b873
898168309c0774a
48d6cf202c8f5ba
5ae7cefbeedae23
78753174636f318
31e43b8ff52db88
4f00400b5d7124e
5b106ee487ed6ab
8ed6831a3f5bed7
76b3b67c082330d
138d0b7afadba75
1b91d0aa7826c59
a894c1ce45ca1be
a29d4496b8419d0
9b89bdca0e0fc6e
2798b25b3fc1296
88759bc4352aebb
78ae3b8a1d64329
34ff3b66fe92f83
41fa44fca192e4a
4298a9e3e9255b8
055e148cca59023
3e185da9b99edca
a5faf94b5b31d76
793cb191677cd5e
261fc2181ad20e4
88e924f671ede8e
4a1b2cf6e75ef38
9b30665a9b25eb5
166770d21d4a1d4
4e42ab3d1703cf9
a44fef813a97590
420fc0530b11450
1e5e4c7f7984549
9d929ea7ded8f84
7e4b64e58914814
8bb98c1ea2b6416
513f17ce39eada5
648983d756bb59b
8348a110b258c39
4f945fe79124a12
44974c5fca63717
3bf599649253862
88eacfac0fc6504
2313fce30b381ea
064a9eadbf6e494
6ca297f6fb8d14c
51fc2f4d3ee6754
34818f7c0088d69
448686cb6aa2200
0de4ce446aba965
5a2a4ebeefb98c6
48fbe5db74881de
19f0a9ea52101ea
87c50383a8fa3be
14e4cb686e3524c
34894a0c38c8adc
431c56e83aced6e
8a4e936c8adb441
42be037ce6914e5
9c6c10521a8e36f
6b8d02acfb7a846
4116473fe821f6a
0bc3e13726413b2
16315b086b72245
a17057cefde81bc
6eac35963ffaa78
556d245b195f14b
130c57c1a324186
83af8713c89cfb7
9c57ca60c67965f
91553c6c3c96337
78b9b3eb780cdcb
7e9f4a76f223163
8c93d88e2926860
7ff106aaf365a65
a7dd1fd144bd06e
49a6d32cbe5855b
1e52fb35986d8db
7fbc61b5dba36d5
85ac1bd01096148
49d6558274d5b1e
52e5644895bd6b2
388974ff4f5165c
52290302bce5c15
4050c8e10340d30
a983c4c508e81a7
7e92fdbd48d1b99
6420d23f6d726f8
36170dc84f4c501
8e23f6e988a128b
2015949b2a14394
67712690396763b
864d301fed82ed4
145d576af908206
70c25eda99712a7
529ce043899e982
87e9aa22e67faad
a453054234b2ec2
54a878f9d6d2894
13125eaaeb5bd86
76c3b0688eb1a1a
363923bc7c94c1c
424c0624b933f21
821827062298f33
37bf9840d64f6e2
511a89f4b052c76
070e759817692f5
7bdcdd2f29c2881
4b74f529302a1ff
885d234d425de9f
05160e7337fcfe8
2fe16d8c474072f
3b4ac62f64493ec
554b2ad48df3b72
7de3414fae30ece
552fda6dca1053a
29d078c36083260
47ab886e41e3b38
4d5965681db6e52
3e864bc8e1b3898
5f5945b7a142890
4bebc1e6d73a35d
718f0e0256319b0
38905179a126c4c
81db238731150fa
7b1fd6756f5b38c
95dcf59fcccc20e
01ef9a9f65aaacf
93fc8e77d1bf47e
5277394addc1b6f
2f251354f79d53a
257b7985484ffc5
6200f13b59d2e39
4d319b6bcdd775e
a26eae089c72fb1
909230e549d0ffb
4c7b0a89896ee50
6e3d2e93c062942
2147d5f9bd5b803
04fe2d22823ae53
5ef10f9b76e32c3
972695c2c806d6a
560ac623df8aa05
7adbb53bdf3cc0d
785edd8d367dd66
8d7ae99c7049b2a
9c1d4f80b7fc23c
a3bddb01541fc87
98f7902fd597512
572eb2031989bae
15444ee06c5b3de
70724bf9946c0df
79027e7dd08a7d8
a167129c04b86f3
2fd62b2dfa9dff1
6a285606938c415
5c6aadd3b9b537c
5014559755eaa25
4e05fa45cd0971f
88875e5c412717c
4d60f430d7bab7a
3bfbc060109d634
a8f0d04c6eaa2e0
7fe7d2e3c120baa
84bf6630b89675c
74184c052e02348
a1e8d17b88033f3
927f805341bfe4f
6c307a793f37ae4
7a1ca1580349848
381f9a85e229e50
82bb2d82edaf7c2
10a5ad5e3e2b10a
1eab28da77c4cfd
0f5dd27f489ea54
7740e24fa3ac253
6703a48990fede8
944813ba3e3b2c5
89eb99599e91578
5d8e4b823e8db67
6d01e882c5d3e93
1a107feae2d490c
382c6722bb33f98
46b6d29414ed9e1
66772fee5fbbcc6
85f37d6590ba71c
8e8a41becdb1746
7e4a9ec33e29663
2d9187a96d1a315
a00652addd2129f
20cfb8cd9455b9f
1ceb84794e82ce5
0c36d46eb6321d4
a99ac2507ac360a
4eaba9de07ba7a6
a6eb2f95f4f7d83
36348b0059603a0
2cc54e56ae12d3d
240fe0649806dff
545635d39c7aa4b
45ee0d2e2a65f8a
8a893c1a0413dcf
85bfaef6443f128
a134fd942a48ad4
a2fed9ae885e362
76274ef9b01798f
09ebd41c7c78f82
90d63455cdd4acd
613be675fd4cf76
048cfddeb232831
06c35a404de096e
587504bb95d88ed
87508d4739a7b30
4cd846dbf66b0c8
579ba61a600dc2e
4ebab9d964110dc
442bf3570659925
885cb7505bab73b
8baf35db50ccb3d
12d9518332a25b4
8f45e2a69c99807
1ece8e1023be10f
23afd15a7faeb6a
17bfe87097c5fdf
231036a91527272
8f113c9e3162a1a
0c5846e863ab9ed
1d4e7b5ca610088
787e291396c0bf1
a2484d5ab731c6b
0ffe936accfa7e0
461720fad3ba0fc
887d165bedaf9ac
0eec1720e18b14c
3e0474d5c47f7f4
5daeae28310dde4
07b531f84a320ca
1e044c40362b2ab
a466758f1eda870
133469d7280cb40
06e4f368187fb2a
395b790b0e27c51
98a14f9944a186f
688215c68618b7c
0ad7420435d81f8
8566672fb98bf7e
452afe9a0bbbff2
88757824c13123d
2982173ebade060
1575a3f2083511e
2f2b4b03cc40dc6
777a8be17a34a0d
065dd1916b55f78
2fb7d1de32bb5bd
32627d60e46a6af
9614bc18114c46c
50e6ecf406e5236
30594a7ba920951
227613caec08ee6
5f2a5dca0480c4d
8f8651a24df0d04
9aa9f3ca197fb17
596a7b8d1a35443
08138e0b97f060d
1b56c5161cab392
1ae3cb8f375732f
39ace4345d7d8b4
7a8270b948525ed
2acfeef6671f403
29bd27f80a07f8d
2aadd47e696985b
4e2b718757b6070
68b3dd573a5031d
0da78a1b8586d2b
a26345930e9f9ea
8887111bc7c48c6
1492a0bd14d0884
34f077f0fcf4df0
05aedbead97e89f
16a9671545f72c6
317961f5fff05d9
8b10177607b96b0
8a3d19ff7b31be7
a48b1c696d8352d
7bc4e9e032e22a5
a6b9296f77cffb0
06dd901aabdb819
2e0844649e60d02
0c7325443f13a05
4978ed5ff214513
521194bc651951f
42f3244552ac426
0eaded02500aead
29d5e3c14ff3ffd
67007d4242bc554
a7ca12b0b48f045
7ca8bcbf1ea1183
3029cc9a100046c
987a61f4c820d35
364bc563664f98a
a87e386d3fbaab9
3f62dfb37331d08
18792037fc4f078
063b2048dbbd53b
3a03f4b382818e9
a7a7a399b7487f7
252f2480125d385
79a759dac80a991
048b3e5fd2e9174
2367c0e03929411
a416fd8dc29886f
510c9a02a3f5cdd
22a2287a3d5ebd8
96bdb97f6488ac5
1a554d069a6f503
334a3a2d1cf1355
81a71f7f8ef48d4
6062303fb195ca3
9062eca7403300a
0e9e3b88bc5bdc5
7704f7cfa07b753
4ee15191f3cdc94
9f2fc520905de51
626e177c9757763
7075439a93eaa1f
7503cab1dc98c35
6ca734582839fe8
6aae63f8a6a2870
527cd994c4eb4af
2816bb895a2ba4d
2b3d6f9321c6c91
258e1eb0592c001
579d0784b9109d1
22eec9d590e929a
2b10a87b909d95b
a5bd121ef7bb2bc
6d9c6211bbebc06
37ac8ff8d3a4e92
941c31fe1c3c6fe
0a34c42ae986de3
1f8c03c0d4ba8b4
8f4b86fef0ab166
57533b99f45c2c7
0f638ce6aa07ed9
367d991dc9b428b
1d0f0e98a45d680
a945a8817d28021
7ff5e662ac62be4
6c63c1ee1d1cba7
0dba69a40c1a604
a9e703a056e59b4
a7113d31b7b6d82
0d526f4ef6cc1e3
480e1d7e4c97fc6
1deaa3133ef4fbf
5427c881f5cf1c2
86ee325ed832605
315c0484bbc8ffc
2b2c62f6f9bc837
34743a0c4301815
059828a2bc00a32
38f59e9a18fae85
24beedd93d305ce
45781b243b45a83
5ddc5578449199e
818cdce1f885553
6fbe4440aa5c906
21d937122eec15a
093c6233b91398f
7322a9a43bb2d40
3374b2639abd36f
9a6596199845079
1570f59a93fea71
78c547694e23e3f
8149d51f676f815
2142bb23cde3d84
29bcb5887fc09c3
818e5207209569a
2c73af477f33d34
4359110033f7e55
9f23d8f6feb22b6
1504c7a6344e9ef
6ac35cb269a9541
661b022a3aa8c38
01acd80fb41f044
9397b208672c861
820674c32d354e9
83b1c410d0b7f72
6acbdbdd9cc534a
8ae65306f0b7eff
40f3e263c6677e8
9db6391e960c711
292659afa1b20c9
6bcc5af3a19b4d9
55c374c3da37234
6b617f81fec24ea
8949f88af9db974
2c659a467bcce37
5b9c4531354e54a
201bb860fda7642
61ee3cdddc96b56
a64a8182d6c2106
2c694823e1a6aa2
2b54a6b79535c57
845c476c7f938fe
0ddc3036b88e7f5
79ca8d6d3037b11
537eb08cfb9527c
45dc11c67e4ee2f
6965f6f5ab0adef
9510af41c1c23a9
2e322e8f22f2be9
532a348c7769528
4639b4c0b894f6b
27904ac29189fc3
7c4ab18c3195490
2f02f854ca335dd
1827a11be399a63
99841b698e6c785
3e19af3b8887e8c
1e01f7aa27d4e9e
36c8b00dbff01f5
4ac025608b59f39
40fd911bd91f0a8
5ae60e25459a685
55b94aa8f4b4a61
8d5d29d8a1f2730
8de99ddb4ff82c4
3ab8cb3990e98b7
7f86c4967dac016
3d64678e0220b9d
0c7585fc21273f0
17a6764324e0960
8929dc1abfe1e6b
2402b81376eff7c
03dab43a0bb1351
6aca6a3c9e90c89
913bb558d099835
53be565bf92505e
359e95b8f05757f
69097d986bb283b
5bc65bb620a26f7
50f1ae6e45493b2
a6102007dbb6e5c
26688b9f54a5e06
6f6abc520533dd0
6fe96165a9cc709
481cf1b0786cde6
203d8117bdfdf30
98fe8ce5dc1e304
82c2d01fb791924
2137e019d5e9652
787cacb1d70280c
a6b17550024492d
a9269bb7c8702ae
67afdab9a8aa8e9
26fe7bbf89b05f8
188d2a381ba0d6d
54e9d99300c86e2
7853299dca99f57
7224b9e3557aeb7
10cf84a85cff298
354e2b1ae71bdd9
4d94945f6c58f5a
937585650d6e00b
1c2aceab7aa2f3a
699a14cdd17218c
86eeb85ad9ae8d2
854347575801c9e
7154a08ed733b59
7f3080aa5864802
4eb547e311482c5
7bae8912bc99930
0835d039da51255
a6573b1fc2093cb
4bc0b805dfac1da
674a2e70250dbbc
1a3951036fe52ca
14dded084208d29
8675e8184425c38
609883c0bd2452e
0d5a4ad19ae13d5
98a6695ba4bc5a7
323b151a0227cce
69de126e4e8c47a
70fd91095e6da68
843ad73314cdb6e
20277bc0856c6b8
610df1b6e6058b7
547bef6de78e9bd
2feda2bf3a9625b
5858287758f3040
a8838adde4ec645
3a962e9d9aa0270
9f96f6215f1cef5
1b794b542daf422
311ed3840e7a6a0
405b651897d58ff
5b01fbbf7f99a50
4921e9abee90750
8fb67da4d0b9383
1a787933ea3a72e
152207368a8477e
750f691e5fd3b71
71a4967e8ebd2bd
08c73d3f5446a96
78aabf65e86bd0f
3dcd5889e7f0563
87200e7ffb187cd
65a7aa7b5d273eb
7a34f1e50472ae4
0c8cbec2a2db49d
192ebb77a025348
9e3cf89ede5bc8d
99df1e48d68c824
78ec45cefcf1b6d
8012e069908f5ac
829b251765860e9
5af5ec89d7a2038
77b20c16d605963
056c0f8cf666416
15aeef8cfdc474b
5580d13e2ccd4c9
9f7a7f56501143b
31d44ebba5f1d10
597512b2753bf4f
6bf0a27aafd81e7
653be7f97d4bfd7
3f2ce5b7b7dff2f
6b134b86f8a14fe
2969ffb3bba98f3
0f98d3c44646956
6f8f3dfa9270938
4f953ff4fca7023
526c357a90f7fc4
1b622d72798dd12
06b936a74709d1f
6262114587859f7
55cef045e7cb6d4
489c22ed43e295e
340ea28f9ad7157
24eddca688c3cea
1a6f21f84fb9a7d
0868f3f72563310
53a6c62b4743a2e
536543e562f2855
7409db82166537b
8f293c6f384b9c6
2f634a725d35a9e
36eb86f66660b86
1329641331c6911
3965159a7ce471c
a0ff8f2c3ac003c
63a9deb794e783d
3ebacad372d9059
6c4e3df92ed98fd
4e828d354818eda
3c9463e52a88cb8
8fb1de5a38076b0
6753df894f8ad16
23dd96a6640af4d
303c28f21a85774
9438279baa1a59b
18d390235bbe3f5
22b5fa657479a5d
76e3da6969a7bb8
9bd84daa2ad4587
66ab46cd0a19975
5fe8dee9177ab24
9444084f8c63698
37236f47e1f5452
343b310abadd77e
778a5414d921acf
9c47f10def54ac9
67de9586673e7d5
58ebf41e35f878d
20e57a27ca9bce4
6a5ed16ec7bd2c5
a7224886436776c
3afcdc4ff4c1e7e
494c16a01bbd0db
07da7278281c2bc
54328e22d88c42c
7e50fd0f1e9cd69
54be6ce37c302e8
304fa5ae4e0e45a
61d42eeec52b746
313bc20f0c75a8b
020f6d366a33011
75c1e93da9e875d
5486be8357b09a4
25422753305359a
515ecfb12663202
50a99cfbdf2ee34
0295ddbdd3de462
4581fa5a7923180
15fa05bfa476084
5a44f12e770ea07
789b51149174b7a
915820add0db270
0aa9834b7a614a4
8400007d60ac111
8cf6aab9d8397ec
6a58743e06edb0d
99ffc73da4c0518
537b033aa2b63f5
0fa01929c659fcf
5d6138f86d36d01
8e7126912b3aaff
1256f7bebf14c58
989c44eca759cf0
a880ba2083f4474
69433a6c659243e
42a7256b3e7cfa5
120f046c4d68198
00152d355b74a78
3a4fc9d0398af86
46696d2f6c13474
6c155a2e2897f8c
9ace20b2e7cc122
4f3efa006b3bbd3
19447f45fd79b81
1b9d4cf20c7db5b
a5a899307267366
2b9f8d9c67a9c72
8718948808aa694
0f318c7dd867d09
9cbc6078264743c
93b4b0a3319cfea
1ad100e65ae48ee
5faadf70b8fc862
9bbfed09ce33c9b
a3f64c6e52fe804
10777e53f13c97c
a6027ca4f326a47
481562c2b601b47
003f1ce2559078f
33ed7e82d381e71
55c1a553f812067
226e14c9f1d611b
60cf5f30518ac69
823e681cc89e59b
084eb6088dfc19f
6da74f7ea3fb3f5
74112a6c7cbbf1f
1f9ccd5d2145c59
25f45bffda53291
a52483a4b08705b
1a98fccb4ae5399
0b39df99f8e3186
0a2fafffdf55c2f
42a3604326b0bc6
41cdb81d580fba4
8b92b44cbc7e465
716e6b3e7d50f26
70cef225c81ac23
715bdcde56f1975
5dfd1b8898e0bea
16705e96555d9fa
9514f979b50a8e0
37c2119f6b41b31
3dfb030a5ba9b0f
99195fa1b7e7a75
5e14b1d2552cd54
05321de3d6657fb
a12ae38f8ffa947
27c82c4985e8210
9ba251eadc0cc0c
94f7c4684acd912
0dca812090aa882
25bc81c4ac263ba
3a59b6176a8b7c6
a3a6903d9d9d0d6
6265bfde6adf752
782136a022e238d
084d98f818e4613
019b2dcc9f9e95a
79a6c58e4be376b
55c90a92907155c
4b5e4e38d999a24
039f258fe93d015
4bc7af748336b2d
7cb819378d6e5e0
306d4845c132dcc
69e1be4fa5a775d
6b2a9a535890a54
40cb97fb1d9788e
60bebe2ae3c20ab
066a0a145336457
597a58d7afaa056
5c108c3a72eaed6
717e8d1a92b0449
64fe990af6c2035
3636070edc9a7e0
0c31491419be8c2
5d20cc0a0739084
679d2970a36cdf0
705baffabea13aa
92722d378f1fcfe
09460bc98ee1b7a
1decb807539579c
a80ebf20265644f
013cbcfa2985f1f
9f2d6f53b1532bf
20b49586514d287
0f11d9bc93e2912
1cc4c0f525d2da6
77c1038a3c767cc
55e479e75c1a939
79f67fadd34c0ae
44c28613efead02
636dfcb9bf8a66a
12cdceb876d4453
610452865b19dec
8a07ead9cf2b2f0
9f21055c90576fb
96d37d5a823fccd
a2fb8f3aeb100ba
248d775859cd2ab
a0a0c05eeee93da
3dc49fdcd3d2622
832a24d7fd7a84c
6be12fa0799ad60
a4c82d0a0383566
19bb4e78af9bd98
4df3666bba734b9
23bc6e12790866f
493dd6cd478ed7f
6ac5be9892f2936
464593aba6bab09
2eacfced3933419
31a82b0a9a3dc7f
877fc0ae66578a5
114c8d2c38f8c2e
85befa7f724346f
9a4e2bca90dee58
434d4db481aeae7
08b2cbaf74f01cc
91232c6442a1218
a6749084435de42
120eaeb0dfffb16
8a6a0873cd906c1
55be230253e4f22
3717608f979f39f
371830e79633cb2
4faef0b93838101
3e9bf6626f074fb
437802452eb0d2e
54d61200f63b890
80acdf456b08f97
39df3aefabd0761
9309be7659e8a81
6423b1511fc5846
0cb715904030895
a1efe66bf0b8a26
4a2801216c2b52a
501300b91581ca8
714ad288b4b3aa4
19bbf9a6a1c2ad4
071efa658b55301
0d0fb3c14fe7793
a30f2d02fbc6c7b
7007992e357dac8
767dd26e1fef46a
1a8815641def4d5
a73700a9cea525b
96cc8d7f28156dc
a48bcd8fa7abd4e
5f6e9c165a330f8
1df1bbdb47068a1
07a4c38abc6ee23
a42cf417d00ef74
61c1f356f407ce3
6976bde7c44940b
0c8f6416a6a794d
4cc0eb566d7d298
7e0eef043df4a09
2f9e0bad010551e
601b0d2b1e7ca71
85914205135ea8a
061a11a9634a96b
4a08dd59989a17d
58bde5e09103a75
063a9d241b6436a
7c30b566dcb8fea
8dd896ee02b7561
344a5deadd3545d
34bf40a40f3dd41
1f025a03e1c006f
9814c20fcffafef
97f00c02d683f8a
a291e18ad7cfb93
4c5247b5c8ee855
985fb45222f21ab
2c97b2c03752091
6e20d1b207780ba
502231a00c44f2f
a8b3f689cb46972
809eac74d215d9a
1313e7e7106590d
1918512aecae712
2af462e123d5eb2
1a15054658cab56
9c514b21fca8c00
5f577880269ffb2
99c663c3f567174
a276ea5bca4a82a
020d8d9bb57b3f0
1c930fe16bcc7f8
a739cc65d64b353
6e3d1852ca4c6fe
2010f8f04c69972
65ad5c250d74b2c
1d12ccd9c3db0a4
880261cb73fbb1e
a9b5bf93cee3b21
4ea36f7e9ca8553
4778c86a165d2ce
4d439274539ed58
137448390f6570d
76cf07c49319294
02324e6a789fe91
558d84f1c36d8e0
3afcf496f9c4a70
3acea7e1c06ebf9
163f3b5cd79e44a
a241d418c0f8794
8e532421633e2e5
0efddc27d21d94e
7f2b35c6115658e
8cd4aadde1ebd21
0c692e5a6a11abe
4780054142b7c89
7b41f68e57e417c
a31a2ab9cfdbd93
2a32e1dc31ace7b
a0295a119d6fbe8
085728be13896f6
69d7535fd85602f
3721f6b2b1cb458
2800dd8b275b0f7
74fea0daed43c86
59c64191a39bcac
9b03c0182115a69
720035387484121
4aa8ab6c8296855
1b07e445aa84742
5d5eecd2d590533
1905d438f087f28
7e918495775ef18
958685f64c32258
6d44bd5d417c6e5
3f7f96f34573c58
81665c040bb0eb1
6b62e867649fe00
66bfd868bd46dc2
8f31b358bf26005
878272adde39c5a
0c4fdc48471dcd7
1e48fd0c81b5395
1e7a324af8fda9b
2bae90b378bc697
327e65d71314ada
85d428124b9743c
125d0e7f469f0e3
8123090b93b014e
3c32dfcf98f629e
a5122f047dde400
6caaaf8ff0fd589
86b0e5677ef839d
44bb2e30c81ed96
2249ac71ee45638
705587b8b07e0c1
25193d078985c4d
831a701268720c8
0155751865ae36d
0209b24f0980ee5
0715465adf32904
85df52f74c06403
47a8f585ddb8cef
1df5061a72c1b9a
208568fca82b86d
27f4cf3b8fecd90
a3dcd708ff201a5
1f57b89557402a7
82f19a53f65c359
24a8c633153df9b
668137afd429312
7137a4fa9ff9da2
654b7a82a4b7aa4
410c3142bba867a
121cd9837730204
0b9f0c88c4d0892
52ec420792cf546
a8521d84d283868
04d9d9c31e02a0b
4765e0f617e04a3
a8a42a02b7e118f
30549377019d4fe
01a8399d89edb11
210b64fb85d8d07
3a82ace95196b8c
218b1c4e8b14201
7130b1105647ac4
7fbe9d612ee6dfa
74bd5eafa0dd1e8
89cb571503111b0
471b238aa0ef608
649eee3ff950efd
6d725ca2a170dec
7e6be237f1ab630
4ddb6446cc51f69
81482abc0fbcc99
76be59bbff2028f
82d85e03276eafa
0237c14dc329c8a
3699bc96fd92ba8
6d9cfd03de8fc71
7f4717bb481f740
9ed198c0134d8b2
6e9621c4153c4b0
5a284515c3dabb0
75d13e5aee463d2
1ed4659faa1ccd7
9681fb3e7957d9b
51281565fd6323f
24337e60874ed85
3be26e27f3924be
37492ed19426b02
45a651f303f7e62
6747e29dd3aec22
312c2e2d94910b3
0ac81444c1c55e6
1044e9a75115d5d
584dcd48dd4aba3
1c7d10091267af8
23a52421a882ee5
5a9e752cd5e6981
5a449243ca7550f
5e229c665d5e594
a5dc473585e50a9
0666f289223e044
6d22fcec00cff28
28953bd5fcca278
32960b632825d8e
310d3d1432e41ee
25e0533435c3e02
4ad42678ac582ab
1a225e5459929a1
80bd4c572297a12
6e63e04d88443d2
3da59f6b7a06bda
221ee5114dd9803
7fd7dcd8df487ec
3e48a7e9fbdfa79
5400ec40f987d00
296efcdd3057ccc
4afa053b70573d8
6c08291b8c6f7f7
85a4e19b99a79bc
a64ed7f0e09953d
360788140c0bcd7
6e6da131139fe7f
91151c316705f1a
01ec4eb8e5a99a3
97cc7bc330c8662
169ca388c60c4b1
78d28ae9d452164
964bf9d616f3dac
238322e367abcfe
2fe9941488fe62f
78be2c7330dbf47
38f8391329e34fc
97676a8c887c4fc
4ba7d3014dfeec9
7bdab5997197357
80a16ea67a7c332
73f79ef15d2074d
1a7df83b3354673
879c45ec3e1296b
4efb10ec2a1b8ac
11725a7e035a489
9cce86cdd0264b8
92c301c806b07a1
3953723470ee65a
24b0a40689a62a7
838da81aa08d9b3
81f8dd3b2dcc080
970f92827122edb
5fa93882d3a87fe
1deaa0f5b2b944c
1a20af637cc3ee7
0e115ee6b77b319
8abc3186340d489
70f5f98e61475da
61f4e2f80e1abbe
131617d55e9eb48
2bf68fdd527c852
2a78ef3befe50c2
1db59e46bd807c7
3cb96dbaf486040
94fe0a775548971
399f0443c57c8fd
6bf4ee738e44855
3b10d2c11589964
3ce9641480b73a5
0b00e56b74405ec
4fe2d0155898212
7e345eb8bdbc9da
20a4cfc70552111
06bb4f6bc72fa26
413c43a10f94cea
1944b735a3d43bb
14dab175fc2b588
8a9c3fb3f3b2e63
925a072978737d3
8cadff5e78aa2aa
89cf9988a3b6765
28b00361f468135
a93158a5231c7b9
0b3fdd10552fcfe
3554857785cd7f3
18b97b7df430b29
9b379d5c7d16e34
8e31cf755f9ccfa
35e9babe9f02960
5a88bfa72b42924
30b874a0c953f69
05715ae95415e39
4d4d896f1d928f0
5fe031ce1806aa4
1c8060785c3ef18
7b9abc049a6d290
3a99e4aaf03b797
4d8ae45ce83ea52
8eaef9a9dee4e62
686f64957cce235
8e438b037736e83
009ed2a3c88325d
71bf642fdaafcd8
09163932ef63b0f
684a1ddeaa0d71c
53a9cf76f2368c3
1c5dd40babae2e9
5a98d515f9da487
4b9358f2c45bc8a
a9d1f3b9c222612
12fe121d1ed207e
7a4660750927b00
03a2b9610482867
2974f19676ef70d
1f05fdce9df0a6f
43704dc041fe861
1a3fb3b92e514c6
5ff06119a9647be
76467d61cd9ef63
151a2eb0ce59f1e
5c24c4fb8d7cd5c
945e694a4a9692f
4eda99f91e1921e
4d64e8f94d70146
94040c064ac1dc6
820ec112b9f4f3b
220b879a2b75259
698ae842ea844cb
17210f750f060ab
9bffb9965b38598
8d8a9d990826d49
66b80240ed7e736
8ab7cfd0109c768
59e955c0fa4d973
0b38a56144ce5dc
5c3ba339054b738
083e97fa8cb19ed
a8ea907cadcd1b1
3dfc26392cc1140
16970f4aec05bd2
17cd54068b2632d
2ed657390e15067
09f3cfb1ebf56ea
8960e6a827ada2b
832e68f3218bbde
80fecda68376adf
7dd03b239fb89b9
9ac93ef076278f1
580c84d033f319f
080808ce50a57f2
2073c6982aea7c7
28189c8f7e7cdad
a78d9854f841274
3d5d65b6229ea87
3283b8c32cd67b4
8f2ea1d15ba5702
635efd1d681387c
8a12b74f7f7eaa5
a84ae043cf7f31b
41d298408a7e8c7
9de16041fa404db
70c3ae4eac76fd8
9cdf04e458d7031
3b0244262f728e6
11517a6e5ab5d52
00c5644a764ae5e
785db30741a06da
a4563bddab99ea2
6dc6642996766a9
2cbabd36b7a8fd3
14116ffc42ec782
3a39e75bc4db603
42c73c9e2294a81
2593d7971578ac4
5b8cea39d3fc24a
6b382872cd7ac2a
51ab484f5aab1d1
90c5dd33e65350d
5271842d6e341ab
4a67ff09283aa8a
94b5072b1d60b0d
1c026cff2a68f11
8b357c35ab7d5a1
34d3ccd7c3a97d9
2f6805f92d1210e
1b38c8c5c70b06c
7ff7291eb6a12fe
0fe4e9dff434e55
0fdce15e33077fc
541d8962183fd4c
54c784dd7db52e3
9ec63a2a9e52f61
6822cc3a399e1f7
31c18bf26df25a5
6ec3ea124b93e2a
80432b8710754f2
49fef404a2ec9c6
036d799c0bf8753
90c9520ed082d93
8a34cb74750ce24
27cfe2c6c6ac8dd
590b6654eb65f47
a1bfce407be2f85
24cb6a92b6c954b
0d7a79c25326194
4f8ce1c6cb2920e
a61c4f91e25bd58
7e133fb0f2eacd9
a4be93ae55d0461
0402d1943b9e90e
01c4c55588e55b9
1c7e48c8f369692
8bcb4d53dddc66b
2853bfacd0480b7
712b02b0b5a8942
8e5bcfb4713130c
639096b0df6049c
889f7a896ab015f
6a4d2f57892d087
070b45a08dd8ee6
a0e2d78e800fec5
23f30ea5c536910
0c97f1572c374ab
3e2ee01126e5aee
78252c2a6cad821
9667891db20d09f
03283f202b01ff5
3c37687104769d6
44229bd0103b1a1
64256906280f07f
724ae427cd86c40
89b5648264ae451
5e1df71e07b1e42
9a42d8b4530b733
4ec48b66dd9d2a3
87d9138431fb81c
55cd61297160cc0
0a15f27fe52e001
1dee0df98af985d
0e3459115ecaf83
2a4ee1862c1f340
9797ce4d6d1e61c
4a5fa7696173cf1
950cd912a15df60
83c5bd654802825
a35db599a28554e
548724eb513e7a4
0fa6d3356edfe06
80f639742eb620d
44e149f2cd4bf69
21451a423767d51
6fc0fe8f4f860bb
93be3741b0e8bb7
836e8d7773883ba
49365f07e80378f
1cbd37fc94e296c
74be6817d60b564
12d402ede333be7
34a585eb0e0a39a
91ea50b8fe97bbf
518431902025b69
02d400d9570c833
40ded4aee2b3286
542f3611f1ee91b
9a57367a63fe860
49e3e9ec358fd96
6de2719bd9edaa2
4b23099fc114900
0a088464cc78b76
79d08386ca2b252
2901616b7af317a
3d4f45067f96023
74eaa994d5cd5c6
a274abca02a54bf
18706b402fcd049
40923be772edb3e
a244205d6320cd1
960c6b70d3eb5ae
29c5f7cb2e61579
3846164b52101e1
9faa7bf44dbdb1c
9723ea3a48c3de5
93f31dcb1a95371
34f3f5faea717b1
9b91fad09fed653
2db92d4411a4cfa
780b60bb4fbcaea
62fe9b5a8526c8b
5cc75dfba9aedc9
9441427752e2b96
560a4f13b743642
7b6921333fc8f53
99881b4733ecd0d
80571cd6879fdc0
467b5c3c45ef57a
1cbfeff3aec3be9
53ea8fac65b6a2c
4a93bcd4f41d282
30206bc70ce2766
37e6345bd86b12b
53305e7f228c4ab
988649d56cea6aa
2c730453618f10c
a69aef0dbf1187c
5b93e6970576aa5
5b4e57cd6cd6ead
a86675b3dfc1082
379fbfffc6e6c65
7c766de34750bb0
352f3f9d8bfd221
0330510201d1e75
6525bc8ee2ba41b
46c88878db5d90f
27773d3734fcd29
937212878acf7d3
678edb86bdd8599
351d0471121420a
8604da7f56f4b9e
0af6098ad1be809
03d9369825789b9
7a8ec99fd5d83ec
1ca2f6b4faf8d85
9763af5cca543dd
7d7ea784beb0662
367c2ecbb2cd45d
03f8761d595d433
a968e2f4c6c60ee
2d6f730226f34b7
1037a35a476cdd5
623eb02db776328
46ec0fa71fd4d5b
a0db73b635575c7
28dddb56e2870f8
52445c2563a97a2
5ab2ebdffb3590c
01ea4484af580b8
9d8701cb730572f
2f814f4f7696eb7
009cb43c52b8fcb
55a723f37cc61f2
7a854cf03070f43
0a634fad601dbed
9f71f6df43a2123
5ff7f5a5dac794e
14950a5b94f8f4d
24885e34727de56
4f838cc1f6d57fc
0b6af31a8935522
9ecc19c9fb9ba2f
9a79d6d6d507335
4a7bbdb136a8031
9fd7f1c064beb5f
9c554ef51f94a92
76775bff69bfb3c
592b8c0beaad2b8
0ea8064762848c4
01044351f78d729
a854195bf6d6f66
810d8b12dd2d291
4f2fc1bcf1362ea
299187398a891b8
5132cd36f42a440
395586602b25679
23a3185a9c9cc71
983eac465929d69
4bd273c5bc33197
485e3fa32795ccd
8edf7d8df2deffb
53a119bde5e2133
a974d1735a0bbc4
9d36e08a1fda3d4
88f17788ec01a82
13ca0ea153b5c54
4c238bc33a137b5
25462979faa9cc2
2bd2f1a39b3ac72
a720f339394a78b
4509c5995380c04
8348bcaf43f6307
7524cb3c452e972
7d07a979db15739
3c38dfd8ebab5d3
075aad5c4ce0715
30ab1e29ebd4925
043e204847efa44
1c4332a02569d44
7950b890f2a5dd9
842e878e5993a57
1f0c2a28cb3b1f6
217cd40e5042722
27de60f1e61d8a8
61ab4c718c47d0e
7b4d1e5625c6204
8fffb777766e42d
2a688b9a8f382b0
3fb713ed05fb113
643f2c55eff18d4
0889719cd67783c
423fbfd1526fe3a
5a91d92ae670d25
5a0aa99ff01bea6
341efa1b2ffc1f9
66eb29e7f7a95f0
38fcb000a85045d
80b3d04d28a3a71
732cdbb3173ff1e
4b7e5f232d37d09
1ed34d8ee95bad4
79d3fdc37ecc1a2
65d09233a1a07a0
1e0b18e012a669c
9348891f3fc3fcf
24ce733d635e92a
62366949582d6e4
4269c5da47dd8cb
3e7b2a9c31efb38
4f8f17a79af892c
76ca3733772944b
5b5272b943029e8
6f7f137dfde788b
a2b79a8e8d93f5e
7082f40b744d4ef
61d473447071cd6
93ac4eb88d2be4a
2f509187fc81c45
6118ebee82ea94f
56ecc7af27df62c
54aaf0a72ba93a2
277e8deaaea7ca0
2eaf31667cce8c3
50a9a83bb854bc5
62a0bb8f5c24285
9d55f4cf5c588bf
95c1d6c3cdd3fcc
a971ceb780837a1
05ec0112e954b44
87084adc457e2ff
2cd5cb0dbae9412
519e466377ef611
0d914f868ccc06f
13cbbd14e05f6f6
4da52a275abec57
51f2fbe98d4018e
9901b6eabbac044
813ba65b3d8824a
1c501f3f1108b31
005a59814f4db47
a78db4d29bf26c4
13270621c9f10cb
a126da952d42983
947204c338d68ae
2d799ee462539e9
80e2e0aad6a4b37
5bdc816f7006f24
7786cd2d2cd71f3
26f2916181b4876
41af54d1fae1810
9c73e58bc7df49c
75a0e615361c4f7
0adc0153bccf1e5
9457a3d1b4307ba
7ccfe2140fbf784
1aca008ce67a209
9837f62371a8e13
08f8dec3e1487d2
38f4fa903de595e
4a5650a4d60e758
73daf390c7b43b6
9cdfdc0875c1f0b
01a7617114e7143
8f51715f48df592
1be1d0f10663fe3
08b643e1ee312b0
6ddc0affcc72baf
6a7dcde1b73e814
860f32fa232c830
06dec8f8976ba7a
14c79393ff49d37
46e3a27742d8155
1eac9d3579524e9
4c9f598128fb242
1a750e00799e85c
0ddd6910ebfe9b3
506f6071c214646
63d8b1d77859451
62709148a6f99f9
5514979f99aff8c
922767d72223e2b
1695c820885925c
747d9b68a99adbb
813e0bd9835eb49
5ecf1f22ff817e8
23f2740fe9e6fc5
90a0f26c9149b9d
0c1e2a93d8b6a00
9f7b705d92f378b
58b78a602aeda6c
68801fd5e84e314
8e606a29f584361
27dd7df24187ae2
68cad62c453722b
186324bd7c24ee8
03d1399a258f4c2
79824953d2840b4
73896f395db8672
5862fe8bb8d6ac4
3ab2e04026a1e55
08c972be09129eb
a6fdf2eb3dee829
40011fc92e7bfa6
4bd57f6d85be280
61c3297e716b9b1
680dffeadfd02ce
5537509db968314
5bc51c173ca986a
9bce0a554266a0f
3de4a0f237d8c54
a6e024be932d969
157bd46713b4b2c
5f0a6fc2202bbd8
5dc005c225b3f94
28c856ecbcb0c8a
98d199c2c220f80
134c8d29147ff31
5b1d44fdf76ceca
05cc7d6f466f148
1ba490ea0cf3bbe
7702d72e6142fc0
61b1af4c3d18cec
375320ed4413c4c
a1c653831138ffb
141b7b8469a624f
7d030057fe16632
27217684e42e650
43b2e2015e3374a
a1a81af4bb49135
5a9f54cace0366d
4db435e3056f136
317f3c57f9c59e1
a85fce76983c039
07798798d42dfee
464d015dc97e353
27daf3066ec2f45
76d576bd5af4690
0f65050845fb43b
0ef2da252a8e6a3
5673f4415074b6c
82118edb45a27e9
028e01b13dace1f
3a0e6c3359108e3
a014549eab98aaf
60bfdf5adbfe8c3
75d7c6f96d8f1fc
5eb5b5a7f92d55b
4e7ef8a86002dd8
4785bb0ad386977
002b7f9c0d35d6e
394031195ad7a59
0419e85fcc14aa6
4799236ee2dac92
857f1a495c5b288
4a7c684eaeefada
55bd7473ae12c62
33982e17ee1995f
81a48371f6981ee
a2e44886a9212cb
82f863cda5d8bb4
4ea6f8a61bfda72
0598bc02a819f2b
0a5a585b772f64b
1fed5c3d6103ef6
861114943205ea4
6f489d2cfd92d06
836dcf99180b9dd
3c6e36e7cf28907
004b69c04885709
4f59b2e0d16e013
6c4aa8987c87b04
a731b75cc3d37d7
6688bdee0cd1319
6fe07fa2b564352
5cd386c07479a75
814bc26f2e38d10
9daa8487df0b45c
9ef078d482a62d2
387375950c5bad2
778362fb2947466
657a40aa438a1ba
3268f671482430c
2af13a6f26d5121
047032cafb61a3b
3c1c90f9457a2ce
2ef6a126cb55bb2
44186df379e97c4
4ef3f559251108e
41a27257a3c27ea
0a7df8d36f592cf
8ab3be180a6665b
1ee9f9414547ba4
3fbea9374c81ee5
415dd23cc685f95
57072cb6f0538a5
8ff18e941c0714a
3e7a90f0ef9804d
4a5fbad43db1068
290961cf9c53c30
51714339370eb2b
33553ff4b473eb2
224f0dc79985a39
7e984d550a6fbb1
6f4ae4df6cc1592
7105a57b7dd64b5
8554167c921a41a
53653711ef8f098
70d2ebcf6364ffb
1c0bb7fb2df2a34
2647c778c13ec7d
2ba23d9e5fd6d53
a91f5520e79c06b
86f819c9f840a8f
53146caed5b9091
0871e597e18f3ba
9598ff96d5ba6a8
521c8a7f14351a8
4642c885d3db9b8
59414076c89a14d
1271527b6c9bec3
a8301aa358ecd08
7a4fe63bce8469e
724347b9f0fa3d1
033df333673e858
28014564b47d126
0b421a6df853e57
0372e51560b354a
9c5c1d37894fa92
22cef3d5e1a2510
3376a44e853765a
9959c849b30ac90
8211005bd31faaf
4db824503989f80
97d0bf89d6bed55
34b40205ddf6c11
027a64ce15bbfb4
6d7a131588782d4
0c06abc44e5a67a
01daac0c86b5e8e
58f07c031c66691
7e817de8e38723d
454ebd16768328b
2575274d39a13ce
0cab14587becc53
258ef4a185f7f77
a7c90924eaad502
892456546fdd940
12c2cb120f95e6b
7482222b072cc70
1ace6ffb409da0f
799682330f34190
989fad92de55cae
83b511bfd7606ab
1eaa143d0f23086
19ce17886d6bac9
23253f24b513abf
261155003cbf91c
6e9fc559ef16044
75436c47db783f2
769bcb3e85b1bf9
7adf06552a17268
a29342b4fbfaf5b
348b08f32ab7ce6
98f379cf4a1c9da
4bd10af1f855e50
83bddb56b4c25a8
08f363d4120ad5b
55379a9c47c05ef
96e67798eb0a051
48d65cbd4ca4349
4fc33a8f76f7afa
1a7d4fe5e196041
9923c0b1e06a729
739fe788b537c54
41c87787d06560e
55d6f367ed9e690
925637c944fdaf1
2cd7e8129f50ff0
2cd546fa65fc5f7
43cbc1cc01eea08
1aa3f6f5f443551
9c3ceab92cb1fc5
79e91957eba665a
12bed917104c751
83adca1a6dc3305
8a84353a5f4272b
6fad8477a3ea648
67fd119cdc3809b
616f0186602f79f
93a14d33675d474
36ef2f489e6f64d
80cae13785511ac
97ba13242e41f74
a58b353de68a2ac
41dc26bb6a4525a
93249cceec9e0a1
48ce0ffafde94b5
9ab38f49674636b
91378dd38800694
83d3876621ffac4
2f0fe501bf53fd5
57ddf691dd0d922
14d2db283a0dd92
8a9a565eb94eb28
a60bcb8333890f2
8d3b0be76e7551f
526a9b9b4b24dd1
290b13440e0fc69
64e5544a1ef060f
02ead3c5c5a90b5
2211f6d3947dffe
4493f73bf076f86
a8daf52f335599f
713b1ecbb7b7eaa
1eb32b679cdf385
2fda605499ee722
4f9a842288ac409
5f4952977a38a5a
57661a302e01c68
2e1719b4acc7303
0858ff726f0372f
7890127e1cf67dc
557b3e9f3bbe876
1a0034fb012fe03
435dc508a2c492c
6844af09f16922b
5603a7243314cc1
6ff3e2606c2912e
3091d17bf9a4e4d
4f06f00eb21cfea
219b1f0b5ded672
09b2cef00a68864
35bd80885d20289
0112bb676990d81
5bfbb75b33eb34a
3b585f588e864d2
2687e991b91de9d
83d43bbe0352cb8
6eceee3ced3c991
89bc5fccc6dfd7b
6a60da6d25227c0
79cf40b4c0f878d
578f1fe8671a97c
85777ec209931e3
666925285471dc0
394e0671c7ec290
48f309cde8f42c6
9216fb72c052b2c
4ea0f1f1d97ec1a
a473ee6f23994f5
648cef0ac523f9f
7aef180814413f0
0fb21d04f42eae9
26cb77d261eb3e8
80648d542cfed56
3aedad4f982e430
1a311a80d90be55
a6ae76fc7b6ac92
30ddf80929d37fc
4fc3c884d7bb414
4837ae69a9d4745
085eedc966ead98
742389a60c49aa5
43b474f98dd8101
61360b148e0003b
93edc3e6866c290
4a538025bb813cb
2a53604ddfd02a2
50ecdaaa793909c
8a7f7245f2d53c2
32a2b156b1b6310
01c661150e38a53
353a4d7c7b29e26
7ab55e217497183
4b84d62d5a179bc
237b733928d77a0
6ead34db87e3b07
73acdc2c68004d7
a07ba2ab4c41142
7ffe8ad6cc09c40
641290f7e81456a
50f7f8de7b2fbe9
3486bdd195cb1b9
028edadf091b499
5cb9a2893336244
55daee4d51acb9c
71798ff8e080bad
a8bbcc596490fc3
64006627a32390c
6bef85424e4ccfb
6871c4cc4a594c6
04bce4764d2b90f
78d94549c7bf730
5a8aa583baf51ab
1175b1c77d53387
9c5b7c05adcabd1
338ab041257ae1f
39cf17a9033d183
352d03116e26d5d
0e215e733fc2ed8
8146b56f5f4c9c4
84aebb58d0933e2
9ded99a230fadb1
2d2b351c09492b6
135a5cf62c81913
6d837eb18d20eac
64ade63b4c83de4
5d229393d1a1e43
5870f6fc467f5df
17f5c2ddf9d1f56
4e44f6319adc12c
a03ffdb43b212bf
301690e3ca874e0
46167da7cef1f3f
8496136d0286bde
2ad87e7b7f653a3
3fba31c8700bedd
1410e260a9d70a3
076d1d63c420abe
76f2c6e45eeb855
210ff55e3cec046
5448902a487af28
6f8443bb4566a07
a8986041537bb52
8f89b5e35a09c26
80bd17708fe04f4
4897fc2c95b0f65
33ebd8fcff636a7
62248dd67f1a161
3f368c3365e1686
0bfdf08ce6511c9
8d504d5c3150d88
691f968849bb91b
0a8b2db16ff76ae
6fbd785a8543178
9aa61c30cadcf8b
7a6062a2a1ff926
3a1fcb22069a063
41292420bd98731
899351c9a3b7ee0
29526a0ff2d90c3
3299a374b52c853
350d18ba13d5763
84f578df2d6586b
a64c136b4dacd68
2c918a4ee4c51a2
0f175cbf731a555
5c19e6d0e056cba
7f07fcecd3cddf7
60e972622488cae
25dcf427213285b
4f68f2aaef6c920
3093d5daf8ec468
1546d23c4236eb4
9ce692bbad07a53
8fbe9f7354fd4a9
1ae383e3b8d84e8
284f1dd1830aecb
4768909c8e08af7
6d8e58e810d59e8
35222812cadd9e1
8796b261510719b
3513a7cd6a398f6
5966d7244edc2c4
2c80844430e7e17
411134a21f68e18
892bc4224c3376e
9bd14df48497874
8719ccf43d8a326
3ae776142b1ea29
9aeb45bd515839a
38d77f14cedff1c
804f2109d24fced
2f4ebdc2190e850
455e632bf8c44f7
225bcbfd979cd46
202963e538c2486
0e6031fe015d42a
13c6ef6e2fa1d91
741aa4253ba7565
4b7071509f81f4d
3e0791abce8776d
a5b572b2aa18da4
5bf7a8561ed7b10
1ac47e33db59087
7d30a740f818cc1
4e92f94c4cf1ddb
7af491583444a2d
510a5ad020529f3
7ba2063f5aa16eb
7da692411cafc1d
101ea892a9bd1dc
437bccf3510363f
86e13ae092f4cda
a96f3c8b51a3f0b
364fab15829de2f
9362a1204d57caa
59700bad815f7b6
314dcc951fc7484
39bbc7488a26697
70a795366785797
2f30a38de5948f7
7655297a7426119
00c63de303baf7c
820215047c40850
7c10fb09108b546
097fe0fd2f8b00f
a2b2cacc15f92d0
7ce5346906abd65
4505379dd10d45e
082c38b5c8fcb91
46774b46f2a4575
6ac6cc606e4ab3f
364c35f0f006c49
291d23bf948dccf
6c655445534d7e8
63d461b4c1d097a
8e1b0aed33bd271
88f80270fccfc24
82c7d24b9e68c91
677d0f7d9274606
169f3b66389d450
2e9d8c1c4007220
35f00fa52a26014
4ccd07e029dd873
39137a9e6f85bc4
044ad98d7311675
51bac12d7a1dd21
9657480e3d2d7c4
733c9f9406bd3b6
062aa7b2e5e782f
7a99531396058e0
4c39f3c3a15ee7a
9d9bf4e992b1dca
26534a28e480b01
5ef0c752d2506c9
274415861aebf15
09608fced708472
8a7ceb8368350d7
73266fe94888232
41a196c6ebf2ac3
a39ab972f76035b
4be905f13d39ed6
2fe5ae52c38ca91
8c477fef18ec254
744fc4ae47dfbb4
71dcddd3df978a6
25d87543d188897
a0400fb8c1a2248
89634bbbc740ff2
6e813df1dadf5a4
207585b0d815503
2e596e546953a8a
87dc1a0bacf9452
7c75c63749ce4a0
2041ea692ba5940
9f6745097605fc2
75cd97fe1f72bc8
99f4586d1bfcfd9
303dafbf819c669
71f9bff42b7e7b9
a24c6db78853f8a
09d0c8363da2260
6a7a20f00126f42
16b54e13c2bef28
9cb93ddf1d2eb2d
72d1d2543e691f5
6e9a4a9c368a0fd
803feb7b0d02324
6b28e063cb45f40
2d57d002c6e5df2
477f378181348ae
7a4c52f203f58df
a4620d0473fbf48
10cb02a7d905418
866897f6a8e718a
0a68d0f3d49ec8f
1e801a618121085
0d4d389f6388d2d
209a5ce6ded7559
53802668891194d
83e1c84295cf0de
5620435b48fc99b
8d5390839aa35d0
8dda642534ce063
1119d1d94bee52a
83b21d642b3755b
942e003b9add276
5cc24af225e09c6
50e1fdc4ff3cafd
4367bfd497d062b
6a528ebe4b33326
16d517ac9fc461e
59bfa817d855941
59cf18e4ed3257c
8262b43275726a3
804edc21bcbdd74
7d699f5de234cb0
513c20ac424ddbc
1c85c16096cb358
413b427fe0a7ca2
0129bf5d8e49dab
1c203bf4b43c9cd
7c1811b261c19fe
697d77dcab7abcc
6e85d62a0c6d534
69fa79c5873acbe
68b905ad97d2488
67cdfa22c52933b
339b2a75040973c
483fbf65486a07a
846e6be679b3da8
8f06764c8c9dab9
94a5f121d038ad0
9c5c7f3452ed071
5752dc24cbfffe3
4b485a3ed7a36c0
3db5dd24542ec65
8485e1c559e83bd
67ca8c422be9b30
383e6de0b20ffde
4c2950a68c5f860
0f20f486f8caaea
981aea2b5ac9876
9da526be4cd03c1
635cf1274e450c9
5bafc84229d1c22
1ae1eef6daa7548
81eb89d517a0b16
9f8b75c7149a5dc
4a77c851d1d7909
363b09d701f50b2
2fa64e50061b979
2fdf2915d0b2a52
a9e6822199240a8
4d727ccace7fa65
106d4b248941e93
45e5e4b8429e297
85e9f44c57e8833
6423b96c4090d9d
8ae887391ec1caf
70f336590ffed30
92ae50aba7d8e9b
7117acb66af775f
08a0a2b5d229344
1a6282ee6d7e1b3
82a1b360bb160af
91f274a4fdc26f0
65713d25f34acc6
91962c003c71fa9
5c637c3f0253a06
1457edfa46aa758
4bb03469ff137ec
7c96f13a139ceb7
351df35349793c8
23348a677be55ac
5ee09ea0d348694
0d1ddeaf08a81c6
49a5cff6da9a298
0d6cee423fc8084
561127bd8311763
8f28098b09bd2c2
380fc313088f357
8c2839a66d34c79
981153d52e1d3dc
88297129e1e639b
413550bce3431ec
623e7d4c11a21d7
646301c3d2558aa
7390a21744a4756
488fa7df4ac823c
22086162ac031fc
a80948227ab0408
26b01bf7c5d4c95
9a52d61ea4826fb
7a18a55a3ec6400
883fda45ced6874
3c5ffd95e397435
114fa58fb640512
575cc181d2d5a34
3b40cea7507348b
74ea87f36c4db02
868b784974e3a3b
4e3d35a518e0e46
7765f7b59505aae
5d00ab7aa90d6e9
95a7852d4ef645a
13e1bf7bc378024
678c9568e97571e
9455ebda134adc0
83e1387eb706428
916338b7ee16a73
15753ba893f9b93
3b30409a79d663e
994a9141518bd2c
a2b40faee661004
436bf37e3d5efb8
3d28b51658d0258
64163cff1a8dc05
69101a2badc4dff
28b791091696fef
7e4d989b2c9f490
6419a9630e6bb0b
20668b274f65c30
4e020f25a56a92b
20a29c4d0332cca
5a456cf857dcc3b
16032aed2516f56
907dcd9ca1712ba
2e1c5dd1aa3ce93
5993a735f351293
83aca9bbb70379b
026bc51dc1f4e26
159debe4d19881a
2355244e359fa1b
62a752e974af00e
8b54a543b1875d0
4b398c4c881f2f7
21c8f79ad13d31e
6e49e1883cc0484
8a5abd4a6319ab2
0276804d067a3ec
96cf56cc62177b4
7e3fb8e0756be2c
515f1420efd03fe
6f9f048511813d0
84bd7137e3bf810
9d28d700360310b
a13447c17d301a0
0829a788d4f2db8
6e8a5fd3264191d
851834898e73225
63d20a3897bedcd
9d5295fdede5e09
9a2593b313a7cd8
2dd966e10627eaa
7b8c66540459f54
91565202a2e3d79
3ff1d43956f8e5a
6683dd47288f5b3
6cd8d3e59d5f0b9
003bf6f87f0a496
477ba6d542da2db
1b18af9ee928c40
89cb492c25a4bc2
4cdeabcb378fc41
40f7d2637ddfa3c
688556e4539ef3a
3b450d4fb194b30
a82aa1c0e30ada6
86d6d1916595cdf
47c275f114f727a
06cb32ccfdd3b76
92b19f982516d40
04bbc7351b31bbc
0900357da5797ed
2f60f72348a2ba2
3d28449a811adff
254817f90602941
5717d4bbc66388c
4ad22d6bfe41e27
332c1891c9b58af
5550b2bba858e00
68dc70a5bc582ee
2464e4bbd0b21ea
4c42aedd55a062c
764cb1c413a8f27
69b61f764ea597c
67d1224c3667cb9
7c89f8aff8b0b16
8df009bf07c72c0
13846a51402fba3
42eec506db5311b
0733fc697926249
278a0c92f2d6a1e
0ca1ae7c6b7666e
64311af2a2f1fbc
45802b1dfef8339
40f0e5872074cee
7455cc961072376
46728280efefc3b
79ee79f13362b56
85397ffa449318a
8291c489d5cb3da
a04313189396406
8a01d4bf627058a
23d9539845cab42
04d1ad1234b9dd2
6f6e5034630ac2f
79e08fe23e575e1
4fe6502736f2270
20edfc9868acddc
06c8cffd3bee4a1
21a934dba000360
553c70f01bc7005
0bf2b1292732839
11146cd9f3a45ed
3b3988561fbd6e4
49c124442958013
3f0a5b54ae900b9
57d883fd19a9e09
5bb671dfa9b00f8
15a60f6547b2af2
5953dfa9c8ed80e
0249bf050c87892
019ca6c2ac6ca72
77e880ed15bdc43
8152fb9243086fd
3cb269cacbfc9b8
1991cabd6bd8a91
60b811954a6553e
81eebb456a5b122
1e407bc4ba50049
58a8538fa2830aa
862667541455efc
8c69d425ad24f66
02186be81ce1230
181fb8aa56f0ae8
875a2074ca3fb73
11bcdf87c2c7309
94a399087cd90a3
45cc93da6944c2c
31f4a5a1b4bff1a
461a0a42a1d979b
4bb82b09a1d0912
a0e30aeb0480891
41416124ccfd26e
4ffc18ba9c6ee56
592d4ae72fe04b8
4ec4f1f98ba0e32
06bcdc8b985c16d
25090994e5c2169
8c5c23757bb88c0
7fcf7118ab0a4ad
5536172929f1a6b
1edc31fffcd149d
a71b059f59bbdb5
39c3095d6927a9d
1e992c24a186036
571d66c2590f7d4
88b888260480d86
7d088799c36c31f
706f5241a0361a2
5282559d539c489
a9254cf3c6e0f10
a05ebba6ba7163c
5a0ef4226ed3aa0
238b9ae65c7177a
1cb084ba3ce74ce
0705d8a3536d832
556ce6c56c44c86
0a3cc13b23417c6
a7c17de3ad468fa
075b66bc0ef9428
1de5646bee019c2
83aeeafd1656736
03bf6400883e70c
91581068cd24ba7
7247722b50842ff
80cdb3424f39e09
13e4b7b429a2d81
2e1d56098f458c3
5e5b0c1a6991b42
19871e7eab1f467
4a96dc909f4e5c5
593e61afa3c9826
299f2a30dc71eac
96285343dc1accf
24251394c71255c
41a2cfce7da6c3e
6b97e48035476fb
70a1f379e88c922
9f6ee8676f0942a
0c03fffb696ad30
188702df64c7d29
2b14251a8439046
1e94c46d8426432
8f81ad2115bd5b0
08afb1ff254171f
a6cfa7c19b982eb
92764a0636c8c3a
66fb96f6d9dbcef
834a5c5ea6c0300
468ba10a5170621
9e2f900be6e043a
a1d581ae82b291b
3f5463a3a6c642f
89fa6039c10adee
237bf73c3da1dfe
102116c578032da
2d8e02fd5bd974f
1b48b40335d494c
570541069239380
7d14446e9699828
1fdfb5d7843fb1a
8c99cc733d1d9a8
173a5597b1c2157
3a4044473139974
0635c734df00d60
848deb08efaaf7a
573d18454cffd02
7692e4d4a296148
71b61680c591e8d
6c24d4fb5a90dd6
9a61e02eaaa3e34
4b8c3a482409b0d
97f2269cbfba7c9
91775ca9cd8663d
4dd0146e453b40e
91da8741a56b6e0
623257dada49bf3
607f1f33fca6cac
8d16a0008c048e8
319de821c68fa23
964d8d2d3869053
8647a1433b69ae8
a01b773c7a97281
23f96a726702941
836e092bbca45d4
0a217aaefccee00
6ba14752eae1819
23c882a71ea30ae
5f798195d0bca6d
6716d806a155eea
552a4e8c0fbf409
7de7c8ce5a60e3f
78d3ca5cfa748fa
912cd894d35234c
6e9cfdfb0427deb
571e34c3644384f
2d18331148cc7c8
69d953717557228
5e7995318f84078
0e0b4d8ced9a2a2
55e53326fc7fb06
28a285185d77964
4f7efce1f7a1b2f
a5ab5140dbabb12
221262cba3af1dc
18eb5e650c6d5a6
34a0201b1a0aca0
7f578bd3d829b17
13fca0548784f73
949666f59a34a44
67fc3413796903d
60b8770d5d7cdc9
9adf23da23b19e5
467bae75f064fcc
1d34f98be15659a
a5fda6c0db115b5
1acc79abc58f9cd
03ca601a9d8dfd8
2d1747b6166d804
4f969651750c6c4
875bcb5f7624e56
580787969a86efc
03217e70f757b6c
243dcab2ecda933
1ccf059e8a6c334
966ddc1956cd12d
38b96bfae6a896a
024b4747ebf5e5a
2e191325561703a
8623901b1ea00c2
5266ae537100a06
94a323520abaae3
6cf767e9948e32e
3146a3d98e08026
676083703625d51
6fe79368f8e94d8
9f689cbf1856aa0
7b34045de01dc31
38b01cd52cb0137
5c5014ce93019a5
46b779b46ac6b0e
7d21e843766dd58
5c6990e8eae62d0
8891a32fa473bac
50dff2969288d5c
8471158d5344935
18e08ea5c9184d2
84ec751fcaf50d1
095fdb78df42671
659e9da1f1432b3
945d7de3ed360f5
738f6b73e189f4b
37db82213a85878
763753b76a1dc58
a64b22e1a230fa8
3d75d62c40aa566
6c30d43fff4d23b
9f61db17a38ce7f
a47f25b52921188
a610773572d7d89
56daa9a09fc35b5
274351d1ae0833b
4a2a5297ad440c4
999b9e8d91694c6
97a2be4680f8f86
0be22e8974bd654
910fe172eeb15a2
6d1b9c77183143d
09a57d10c2ddc15
58bd5a187368c45
7655ba675a9f834
2cf4b10bd5b15db
a184d12336f55fe
783ced0cbccc17f
558794c5805ad68
78c8db34bbee141
200eb697eaa3a17
743a79680b5b04c
4cb388d0d6a49cb
8e301c948e1ea50
0a88ba312271493
4808171245b1383
1ce6d4a20383ef1
89e4aa7aae099a0
8d63bc89e8ca1b2
341ed8ad42aedca
11dfcaf3d2e8bc1
6941ab6f160716f
917ce911f3aac40
3265605df754492
800b99a77fe88dd
281400ae2269653
7ce2aa107e0c453
11930071289ad7a
7c10e7cbf27a96d
9e885896b4dc7d4
5780efc2a6c55cd
6b0c899c2befda2
8ba0add25577924
20d8535c64956cb
6ef6fb540afca02
8fd0f8d41e1d3c1
3fcbead428d7230
8aff4612af838c7
a35e1dd1d9eb4a2
2f10ffcb52c36cc
70130d8c7ffe1aa
a2d25c27b05e04c
07e4c599a14144d
32195e4b1ffaee7
3f4cb817f4dc984
7afa39931a0b49f
0cd3ae8cc2a7e0a
44a8d258fdd01bd
55c35b0e3a1e4b8
138dd2bb637ef0a
33d51c9953607c3
a28ee8740650cf8
67b5d5bd15fd491
977059e7ef1fd33
0c36f85c71b662a
3e02eec9538f435
25bf8c011c129cc
5233683710e8fb1
2e8ac7db4434de0
78227a458ccb415
47570caac38e997
90d2a4c60fd30af
7bd389824fa257c
687efc97bcbc590
a7163b4e945ad96
5bb20774a6d013c
91944b9884d9f1f
130a229d7da4e03
34fe87103ed7e9a
821a5053e46ae8f
4af83219106c057
5e6aca62b1b082b
227d8ce23c6e3c4
8304df5b6fba02d
73d0810ac10e3cf
19c6a8e6f3646fb
7012575f5090797
1bbcd96c1e27b22
74db13141ef544c
8a2ac45c2f27e6b
1fd53e14031d7ab
a4f9ca1ec79de2b
1a496ade3205003
30f158d8d3f76f5
6f3d4a82e0b257a
7c9ee8933dd7bf8
5daa2241a241ec4
4747855a0795232
90e64e75202349f
793bbdfc91a94e7
6f053447901f03a
74c93986d2e1756
a24c7a1d6b287f5
5b85dcacde37554
2819d6cd78a2b9c
41e1e050b317042
9e18886dc8a8df0
3d5b423eab2ae9e
7d5d915bc3a22f3
0ae1181f42d4dea
63d142874a6f493
9cc4044620af665
50672552b43d869
a0618708ce88cda
05b2d88f4187316
1c4b700f147a046
5d4a678bf881327
290445a80dfeef2
5d574f54a15c9f2
71af5771b0a9ca4
2070d41618a731c
6cf5a53dc10f112
99088942354823e
7054d402c34386d
1717d048e97db85
0be69ea376e7b78
6b7e5c1f8cb0378
14bc26a7e348f96
3cf483860c2385f
09f5b607884df26
1b05a7facbf6aa6
a3a2ccdbfb14f0e
490e395bd3c75df
5431be0815428bb
291cd710d9a2421
0f3be59a593ee67
4c1a2545b5ae465
8d043627420b85d
9959151996b563d
9f83242e314e6a2
98b0f6117d12b21
469ac6fe378fc24
82ed18a899e2716
9e2e257ae8c20fa
5c360973a39e950
92c18d832ea0b7e
73ec56f0d1f66ca
93cefb168960590
6288cca980a18c4
48f33f58660dc89
6c37ddec9cd9647
11f96034e8a61c1
999f7a21f5f31a6
4d97df0aaf46868
6526f6112dd25f0
89c45f5f7b8a6e5
0168e8c47c1bc6f
07e2ecb775a6320
3ee97de5286d071
204418eae7647ea
483a57ef89f3747
86b90b4bc459965
072281fc5884f43
87443fab50d6050
984f93d1f369fc3
81c6f5b6b95f87b
a89d4eda9f52d03
94d46f060b3a1e3
13556ab8464e4b2
3b5ab281df56898
a16775bf662bfd6
64e5d7cb5609885
86b6dd0a7a6addc
9cf40da38da78f0
55c1953d4499f02
5eb801ea0720448
a05db6c1f507de7
3040f20b3f2b2bb
81396289910160e
68ebebf6793ed7a
21e36684fb27d72
38739dcc9e8f30e
6ada6352c54bb60
9b761018ba211ff
02fbc702011c90d
8f0405953c34588
802bf5b367be3df
4bc0f450f0c12a5
4e6835bc9ae6fd9
9c429285534cc45
66aa58332a80fb9
8fb375bcb4a7f90
742661258350716
8ea6d8b94244bb9
295b18d911661e7
08b83da7cf65456
02584ed8a57cafe
11b18344a46cf37
7417fb06bd9ef26
343954a6dedd13f
4254cb5e936a14a
65a305220d92ace
7a7b302a7293d6c
58c3c6cffc4f27f
3a874232d61818d
669848b5fa7ad26
150df70b3afeddb
5744c1aea5686e2
900e639ae1f9501
9b659b72d348958
99526b606606827
9899a230c1d1841
626d56316838949
7ce5860188c9d8c
a0e509b9a8a0ef0
61162398466fba4
8c9dbc6f37bda5c
5ade56e7917ace7
357f03fd9c97924
2e23e2f0cabeb25
01b50d24802809d
47aa798d52568e4
431c4db5f90705b
4e9ff871b92ea03
115f47c72902e19
2bd76fa91bcc9c0
90e4d3b68a1dd43
224d25220bab50c
5d7c4b474f4c993
2763537ac049e26
8d427b20804c74d
0b9e98c5708db7e
91051291a0e503d
5eab13ca34e7f2b
496ca4e22362d22
2f9a97cb0f137f0
9567fb91e0fce2f
027e00b6b73b0c0
5d884ca2a1bb892
078ac8e8f035258
50a06e6ec09ee6e
727b66a6db03ade
98e7aeedbf0e016
51e29083af68851
0fd9379238b15f4
4f15698e8684e5b
6e7a7bc71dcc51f
7b254666af77f8a
0217cee5714133d
7e656ef7f79015b
51ce3ddc2e08733
8c3f7444d3370a0
2bb25e83f0c625f
1a2a415ba237ce8
5ff1a69e2c858c4
4f19a95d7f41cde
91d4f251d079313
32325cf7fa56961
471b85f21fe89ca
235bca4a867e25a
4f2e1781cfd6b79
375bb861ccf64c4
599c56ffed8c03b
571bb999cf344da
30b8ac16cf88cef
98dcd57c5025287
833c1feccb216e3
5a2cfaab4d2387a
27ae2c6edec96b1
05648a233909383
10fe77eb2c7c389
a865091f26b541a
3faadfdf79fcbe6
42954518956da3f
7456d5e3297fe6d
4f23794e52166b8
a0340691ba887a9
482722be85f411a
141599330382e4d
810127fbb70ae46
587cd1bd8432c20
1ab85276a50a16c
52d8e05911cfc43
42c60658419ff27
203018b6067c2f1
a1652460152012a
506ee55a719d025
8530dc534427a5b
5e7ef1aac354fdd
27cde0c0e27acde
97537a7e9b285e1
0ae30d9ed53104a
69a299834b955b7
a6584d77b1cc9fe
0d36b8bbdffe3b8
6d8ff4ff3900bb0
81a3818d21d839f
6374aa24b46de6c
88268f56ac5a966
1f863ebdbbdc780
413c84ca97dba21
5f198d5f3aedcfd
6afb6d3b9827d73
8f4972c66e0a833
9e800a5bddaeeec
a99206955bbb5c0
47e499da849d1e0
894c705ae5e4603
719fa89602e8413
67e9f206d0ec9ea
01f65482e2bb26b
757dc8e5b8123a2
91e47b041ff3b69
a536359e6e2292a
0783c68aba7ed43
43d43110c59fa19
8964c382774dc69
02d1ed54f7b92ac
74070c669da0bb8
2c3896276ac0dd3
6c45ca78892c578
425727d8d32433a
94ec2075b84827a
89714abefe7f4fc
0a46f3ee67943bd
79027cccd2fc87f
8bb2cc1f3dee89c
474063387755c3f
66e5ab8424b7bef
9ca2698fdec5e35
4ef10dc67b77381
2e8227fe3f6df4e
46bf0860faf08d6
61aa983ba3120d6
9634edaabbe30d2
a13947544640c84
87be4be825a9325
979ee563bb77217
a3d8955e5f2e545
38a15fe83d978e3
9ed29e8ad0157e1
2ab21e87dd24471
731008f7e16f459
05abc840641d824
1994c7b6cc77ff5
2e59d98e2b4681c
01b463cb20cfe61
0ea6b2af06b0cc7
83fcf91f56d3022
2a2ea6ccf645101
7662e41eb04844f
58de13b3f31bd7c
588cf55ea4d849a
36e0a7f2f72444e
5ba4cf0d83b8bba
48f25919215b6cd
434cdf14f73b57a
75a39b4b12e9baa
7600a8208060f32
57b98bef2a2798f
1571e92828e5e00
6848c12e4aa9a17
57f3f52d6e367f1
8e3c14567972109
796a00b904f69b9
013929b72941fdd
3fd24dc7b0d6f8e
95d3398eb1fdaaf
9cdc236bfd5678b
035fd6b9e9ca8fc
9c1ffa538660718
8b27b3e47c2fb9c
6adb2bd77315285
19d64184f049395
6bdcdc266449c72
5a3735495d75836
7f299ec00588f73
48d6edf0a6eb755
079ffe0f8cd771f
01af98cd4f42c8f
568b6820bc6a8c8
2a92c4e63c18e05
83cea1442a6f97f
9e936248fdd800b
655e34cdf0b81a2
41887dca937e08f
64bda643b54fcba
65e9210e1b576c7
1102e24922e596e
75c11d8908860f8
146a465cf1fb3c1
04d04e3a1acc240
52a19a15058d1ef
47a9b0bdcd707ef
7cda41473d477c0
387ea2fc5484198
9256c139a9cc478
36c6f62c2565c2b
7ee27b883eb6e9b
9b810f3188121a8
8a3ab736e926644
045177b9ce668cb
1c01629500ebbf6
9e5d9f38512c6aa
57282aeb5c8c493
462a781440736ae
0cec013b211e44c
0d6945bb0a3753f
9050728739b84a1
38ae39a444eb169
682d21a088d2365
6cce238c4fda798
3a59becac4730dd
4c21703cd370980
194824a5e6c0d54
3a51793f2cc7319
53fd19c89b8573f
a9aec2e5af7c795
1a23d20dbb4a165
177afae4e5f009e
2099a2b28e67800
82b163652d76818
0a6ee914c84d522
a5d29a05e9199dc
8fb8fc63d8a9204
a8de6f226c4774e
773e7ea66f782a2
0e13428f245e3fd
95bc5363796c44e
22ca467cea04e63
340688306785590
3d806f6bc6c50b4
3539187e981e296
24a13c62cc04bdf
0bd50d25fb48747
606b42ac7cefdbc
53edad022a831de
34837f9ce08ba9e
4f41573aebfcb91
36f23962bec7ccb
19e03d094a21c2a
41aa3e599abe33f
2b43a5c87efb3e5
7044ae127aea21c
22340c61445f399
54a484bdae1e4db
a28c9e350a8ac6e
438760c545535aa
3c531024fd8c6a4
0e55406872b72df
7e3c45885847104
4fd5a829b49efc1
753692c6e56f845
320f8c4d352efcb
303efeed01b5f48
1aa327c8b69ab3d
08440370d5cba2e
876415726a62916
6b64c16138e3c37
7534224b19cd05e
17ab2e49365dbb1
8c5c552da7c29c7
12a36282a657b62
a8524760aa9f1f8
29a0b41ff88ace6
12c7dd1d2c94115
6999c500d6a37a9
5a4b1aa4846fb0f
7e1a30852a92f9b
14e2896e50c1d4b
a07de207d720d4e
3531fa8ec8827cc
a90ea9c82d3e8a2
8a7b94733044ccc
4237d203a90ae53
547af3b3fcf2028
3d90a97b80b6173
3caa9fdb72f16cb
5327b40019c3121
69414de954c5820
00b127a48f6f3b4
84f63d3784e3a42
2d36118e0f2eaef
806197331f5ddae
3148984faa73a15
4da9b03142e3cba
0d8db7ec7f31afc
2e4a295fb6bc1d9
64dc9109dc438bb
502a04fa544ac2e
3411d9ca645348a
29f22be4897218d
10fabeb3b8e6cb7
12d4af46a19083e
86ed4cc6b3af867
5a3429eca2de00d
6ead18c2b855495
971e8d35fd23a8c
7d1cdda3a814593
99dad21322d9de7
45ce0c121e18bbc
a9cad9a80fc6b87
1cff1d1ed64f044
72cec7249f4eefd
0a0d54494db9034
0d16c6425561112
a55a42f40ccbd39
1a93b9d261700c8
597b50fd3193378
8137c0a0b5d5b14
75089cc7f62be88
4c3f8ae312712e1
2aeb2804ce299b7
6cc8a5b0846d789
0a88153c37ba02a
6160eaa3686dfc0
831815415509df9
a3306dddb9020d8
26553c992d6ffc1
10ebfac8ef67a7b
248e9172d3701f0
66efa29b646e48e
5c43612c5eea1b5
5dd48181171a8a4
2e0ed07119b4006
129c3ba2d463a38
1bcd8f7da8c349b
85bf379bc2545ac
719508a48e6454d
1ab52b1ba841cf1
66c3e1ee9234ff2
8a557c94f7f0adc
2b355b9f22fdb16
60d1d4f27bf3625
66ff6b39c737c16
5f7186ce5a61e26
899610bb4c1f2a1
6add912b28d51df
0cb8df66b262c92
3086952ce22e14b
6e3444812dc8498
296aab593dec260
9e07568e1b02156
81b8e60417ea108
4078cc679f43eb7
81b8b3fad992d46
3cdaca70f8bf6e3
76e5126abb7411f
93d7b2a1908b357
2ac928fd9b8f1c5
06dc449355a763f
6a43ea6101e84ab
202eb5beb0d1597
5f147dc0c146a45
02df73c47cb8dc5
3b32d47ca249d1a
68f5f6ab12cee51
64a987627c33c07
36eb02a7da23881
121acb1bf7a217b
06e84504596a53c
0e241e85cd23615
1140a0aaca2ca22
2a02b0ae3e39d27
6877cd7c18da345
5f4878b65f542a1
573b0916fc78dd7
818ede6adb3a939
09d80352c339d8c
50b3bd76ce04612
79f49c59e176de2
03b306031979e8d
7444137ec10bd0f
99be54274cb76d0
790252a9d651a0c
2b995c1f7a5f4cb
429495e32eadb46
6290c5fa58aee7b
6b5b9aa8da090be
403649856d9af7e
64f312a6b78667b
219f53c3eb99a44
519f781e9e2c095
421adacea6ad13f
a8d202248693bab
56739eeaed6a3ac
5b50d0afce759ed
a94aaabcdbed39e
1ed5c203785d6dd
8033c48a6f1dcf7
854f63324bc22ac
411291f85c75684
9cb8e6eceedeaf0
04af5c2a3fb119f
93853d1b2240544
9d6a7bb4e78a194
3c400c6877f8f63
767d11558850f9d
24a311550baa4f5
6bac298ec58c749
2e1cea0fa51fd95
9973d54176db787
0ae15438e088a40
27c7103872ca35a
0f3e60f326b19dc
797d34de5641b70
a972cd33c0d033b
89332f0c9389a90
1c9963547e1ba2f
3d2868e31b1a6d3
2876559b54630df
5995b4bba202070
409c7716d0c5175
67833b4998499b7
4b63ba6caf2f0a1
8bf00aceb4e0b41
11501ccc7d604bf
70adf4edc43c751
3be512196b9adc4
a1e4b9bae22cff6
4dfa5f9f4c7e5bd
9eb42da7345a49c
47033094d6e5f8b
534bdb571a81551
207b7edab0dd611
00d998533baa785
7682913aa659c49
167816b5e906f5e
1523a0109748bd5
601f0eacd74d858
48cf55442df9066
2404c666a1063c7
07f7405f2e6ece8
8890c2fe9cb1b2e
5ff935288e8fc27
19982eed75e4663
2ead0c7ee37bb0f
4ee099ded8549ed
4c8f7d7827e9d37
6b43c038704a8ea
85739c3112ddf8d
093788c50dd310d
447e2d7fe7b2f22
877dfea5fb01821
6dfe53847724dad
a53b0689f16d1fd
79e9ff7a5a5ec4e
99f54b293c3d55f
64ec7ebadbd3bb0
4f014c7fd3497a5
a2c0ed5462815e3
96c3008ad2edc41
445e14c651cface
54515dd1f7f3988
0f2550b4dfcb462
342e8ac929a3923
4587ed156d6b54e
3f492f7c4daa39b
9ed5c55441915ec
17523d345fe0f68
a3b2de8cb5c3ce4
118d8ac822c46af
4088754b81ef92a
241fc9ae75d905e
8b53a148ec9dd72
9e36408c271523c
483543610d8187e
8a31c0559f81be0
69b54d9d3517190
002d90d27fb431c
72313da1e103610
88c61183b401601
8fd74900ad4ee2a
12b7d09d5c61875
52c70346ecf5f90
36177c1f4b1c4dc
6c1a319c49d1b40
9dbb8d414615c88
44e69483af301f4
227b9fad1ee3693
4da2472a1f1d005
a8725b287e3476f
a189305913c39c0
01c6221717e4622
610119a59a81a20
9e93d95cabc8635
3b4ba1256b2078c
0427640f1e6b7d6
1293a990380f593
a8550fa3328ecde
6207145b5a50c5b
5978409f95987d1
a5f3e9784102574
67726bf6b3c8496
a70d15aa5060dfc
06ce7460b6f19d0
a98953a3a0389c9
5f732427832989b
505f3d3b1f0a89e
56f657989b3c6d8
44d22d81eb05730
82abdbc4c45984c
8b654b3f32792ed
131d209d2787a31
9bd45ce49ef1f98
7063618752139fb
29fe25228f9ab7a
a4dc6939de4daa1
5c5ac4536782c4f
04602658ebbf826
9d897f0e2e32bd4
04d3a55d40fcb5c
480aebb9fba5d6f
48ce59a0814257d
18a0903416b0659
5e6ab9ab117f49a
647b0617f310c72
70c3b45b7f08385
8d0daf153dc091d
44f970ee9e690a5
8ea075fe9498e98
19f67102c90e984
6d86e00fe0719b3
200d0c768519c39
75e4d280366bcb2
8ff59e2e4b911b4
3c52508b409f5d1
28d948fc05ce710
154dd22dc645eb6
16697ca7700092f
3f7d65c597e1025
89108b29652c1a4
7f19b2794efea15
83b76082ebf753a
9ff530566205df4
7317fd4ae68048f
25076b18db18828
459db1d237535d6
13fb7961144f259
0a298811b5d1431
1b202b465be6592
1be9a64fea01817
96f3614eec9ada7
234a385939dcf79
546afaf855b40f8
5b1888158deb798
5e85993d7039af8
917181e32a2f68f
4ae90e67d8dfc3a
58fb93dd3447a63
8ca1109ee6267ae
659eda07982f9e7
231be4f4eae748b
5be1e0ab08dfb38
9c9b153e94df65b
0baaf064b325884
0ce8eb93380b436
262962ac6b0537f
a6eca2d83df6d00
5feaedb0db702f2
915458ae7a485b8
39e274a93b2f8be
4358efa22932fd3
6d3833c61ad6438
a704b02f754a422
8e93c68df2bdab4
a2f6107e547e493
84feaa814350667
7c7fd8686f664d1
79a691f86fc6142
6baad8d1f16aba0
75d4cbb0fb3cec7
4aa01423124846c
25d48625eca5e88
0c313ad3b3b9191
2c7116daa2f4d5c
3be5c6281776931
04aa163fccaf9cb
1e7ac691f6a4b5e
1ae7041171a72be
01a9aabf15dd4f6
a868b8d16cef900
152b06ef540ba8e
3dce9f5aedb3de4
534d517f3abd80f
9c28bc756da6d5a
945f23817d4de68
142c0892e6367ea
a58811e40147b88
90c85c07e4a5314
224f55680564324
040cffb6e722646
321fed96f1f6aa3
8731da2513f1389
52fe5165868d86a
8a6902af68c0394
627546b44f0f690
a0145e0d33f403a
645300828fbb260
3593e8c1ec130e3
0ccc4c3edd43cf7
031153a10b4c2e4
7cad91bb9426281
3065312cedcee53
91afa53f27a6117
45ce0aa5bf70c0b
79976b5c886e02c
a81effcc0bb3e53
3b468a33db40c2c
698d2dd5d77634f
0728ee748955843
95c898da8ce62b3
1123e3994d8b9f4
3eafb067806e2e8
237858970106f91
0c50a0a5080dd2e
090f47aac8f7410
8965aacff377b75
81dd615e225afda
647c730ba18b9d2
63605c952178d21
574e6353818c334
8e16fc795568909
53c66fb8d83d430
23aa11afb3c9192
23f25eb7eea70bf
7c08808a5348df6
0d1677f5f5698cc
6373d5cc0dbe846
85673c196860fab
45a55b036276580
9ee81aff7a40378
04620c61dea00b2
75ba80dd96b3d71
27bc072c3a78008
3a5be7d235ced37
7eb75f0d59903ac
24ad46244d09855
39a40ea4609b76e
1acad90c37296e4
a42dc01f89c3996
95637053747a8d2
5d8466a8e8b1f8b
80c5ce8d42d4c32
a2ce52a07caf719
a4993e781b6796b
099e89142b6d3d9
304171497ec4415
0286c1f48fe6f34
17b536f4dbb7dbc
44fd8cc0974d20f
77e093075915e61
2d1815500cbca60
663b8e7990e2179
743062d2871bc54
3158a7db6e72162
74401cc7a9602db
549b0328a0bf333
75c366b9f80bf00
16b20671432a434
895cb4e07a4c1c3
03e2787ee26c4b1
56b2889e9cbb266
96cd9f1ebbcc3cb
5291779784677e6
a8a785ec413adf4
60dcbb7a0a909db
7e6b69d4d532aff
59c85847c851932
9382c80db4fe723
3b3f37d57a08fcd
53da20dfe95742f
840eb5c5cf47c23
9b0341785698ef9
1bd41f90eb17b96
2f9ec6ec072cf5c
a7ccbd517351104
16a73c849ac801a
80592b8c0583776
904adb68b166d80
7ce258d5c43ecc8
91d636c50fd1f3a
464eedd00f583a8
7c4aab3b5ff924b
a1ade5a7d9c26e6
7cfd7618415b584
9b5eda2feb8ac77
769f075cfa5367a
848b51845d3c4b3
8ded39d40278301
31aeefcc7a9bce9
28f149094d982ff
648039fa3366197
4fb49dd08c05c22
2fd4cdb40da0b53
8daf4dc47fac942
1274235f8e13299
574ac34cc82ff23
856afee7776589f
599f5288338bdc4
357661a7f833733
077c9bf75095263
24157e2b917285a
92c05710adcb925
7235e803c3c633c
a9592ac9e077b01
6fe6e3105ba76b0
8dc04c5d6e83582
9f5a55d4531607a
2acba98c387baf7
4035c68b7666b37
a26c739878493f0
53c817fca25af74
620df7c7e8c4bc3
38a656f5f34354d
42d281310694245
92b6696c7da9ae1
58379ea6a49f104
a7d7f51fe85a308
159bfd0fbfad910
0a576088b2fcf90
a8fc7e352da3583
442c9b8fd9ecea9
552fbf5a834ba5d
0a65c67d96e2923
26a3e03f93d097b
2fd33a29315045b
0a80f0b2f3b72c9
7373be864cb1682
7574d388bfcacc2
55ae2c13a6fcd71
986c4b67f0fc036
758f5a5d1dbe4ef
247bb6c654f9f5a
79e72982cdd8956
894fd0689c64927
0aff4392bb7af00
8089d0c32114b7d
620a899c3929ee1
9d0af75671fa237
27b3088cad31e37
12b59b57019758b
64ea3731707883e
526ced8ff866f72
5fdead6ad085e72
a86802952c9f0a7
967bbf9b9e1d346
83350a1493f0a2b
816ce4601419d90
8188746ba72a0b0
7be0b083889eefa
2a32343df9a360b
13928d4854800ba
4b4b0c00b2283d7
4c452f9c987b4ab
246888c6b2d518f
2209031c7dc846f
4a039164bc571e9
8dccdad399d0450
89a08ade292543b
a64eee8cdaf9f77
2b33247c68a25cd
72362304a1ef91e
8b7e93c5661a1ab
607f0949448346e
6ba4099e1e75240
512a7b2e342ae1b
3f594951c801a18
2673fb1ee3260ba
2e1a73eb699ad5b
3d48b4595cca86a
96e861803da78f2
25e98e32c7567e5
50ec35d41c37eb0
1d88156f6e01ca2
85bf66f9c5691b5
05475f47e06582d
56e19af3d4ba3c7
3a1d375b209123d
225620e13523ef6
4d81ca100bfc04a
9f0ebca9c1f1c1e
8d56a63dfa78316
82bfa40d179bc81
6e481bd81e88c67
973b664db2b34c0
a530e3a347c666c
6910304ff072cc1
2253532ff94852f
54ec91d3f30d512
78f07c422da0e47
21f81656a3c1a33
5dd0e4bba85ea96
662668bf24014b4
797ad9027ca392b
314cb824535a2ae
04ca38de5526260
a6d943776d0f5fc
31904c0367fe9ac
357a64850c87b20
111379035b49741
94524a21126bcee
01add6ccc770f7d
7b9b42e260df045
82b809476856847
a99e76a2e5dca13
3b80aec730da903
2ff1a78e0b4d9ba
16c5b4348b34ecb
6208fb82b748773
8e8dea3d5271336
4348267f263ea2c
38ae1f1e08b4be3
88d9f79382e2aa5
69fa4f56918b25c
2a3719436d96135
60e4296747018ca
02b8b2317669a1f
5dfa6bd6a15c1f4
141aaf773649851
4c44d380e3fad35
4f7f54feb2e92ea
1f8e17fce8c96af
7bf843c54437121
3ace7532f24f97d
9fc3b09a4c9e6a2
817ab9aaf92dac1
4a22abc510bf758
75bafbff12cd784
243fb9dfa913b82
3f6e51da1a6e2a2
1f7d75190795c17
2703eb654df367d
69361a84d1eacc4
44919253c608239
901faad422092e1
92ac6bd54bd923c
2e9a79c60c6de3d
0919dcdc38877f2
8c939d74923cbda
2922a04e654686e
169be7c98f5dd71
529949f3a7c8171
419e6bfe556315e
9a8ab928a4c6788
5456a9168cc79ef
40d3c0918f7c0d7
032bc0fae021d48
477b018657093aa
86079f7c6c52337
2c503ae0d1b1b71
80a75dd99195ffb
7e93388be5e499b
34268e425c206e8
8d4523ba3dda489
44c83cf1c42856b
16050e8a635bd9b
5665b7bfb63dcac
4fe72d2c9e97ab8
736d2a4ed0b2243
0f0123f704d9133
1aa582b6fef4653
95c6b369e56e91a
7e4e8547ee0985b
7426131b2c2c1ca
525ba28a1b868a3
57808259ab11af3
20cb8d889256a80
5278a51eef9cd49
93d27bf3bdfd0f6
853fbaef21dfa67
56de50cb34063da
3dd909bca3f50ec
7d1d0ca52ddd724
357a4638c11c31a
7cca959ad078c0e
612c106dfe8b372
97b1fa0fceff775
021618e388ab6b2
1ad2054cfcfdf24
633a2812d46ee83
15fae1f63dce93d
813360f389d8f53
611086e810c1e92
4d1fccf4e8285fa
3de3046497ca804
7b175958512dac7
007e697dba37efc
5894299371c99f4
49c16ee08517ab5
4f85e5d7c5bb94c
76b813b3d98768b
5b72359ac4538b5
79af208fb72b618
513f6058cbf57bc
5402bf2c7502202
57837636eece308
2c6db504a26ca8b
5c24a5c5654e47a
62715e238048614
3a999d3b2b22e05
90ceaaf313dbd38
5370c67a1651585
628916f11b4f2d5
82b01560528ba53
936361ca1cebc0e
1986cc7a555f2c5
a7f2adeb2f8f7cc
789e8d63b16295e
a70a61a4d2a51ea
0641d82d3644569
a753cc202e9ad55
3f9bcc35ad50276
4e3f12aa727a479
84f634d384db52f
6babf9a2241763e
64d9ca93fa2bf98
9d6740ede1bcc4e
40ca3b675b3113e
7cb07a6fef6491e
569248ef2bb182b
309c7d785731bc4
9093b64aa3699a2
85f6ef9472cd19d
7df78cddc473564
265141070009104
9ddcf580e0b265f
a3c69a0c50aa833
48eab4b97c5a582
83052b30c73542a
0f8d2cf5fdd9791
8faa009109bff3e
62ccc73ea0d21f3
5cdd0d34bf8d0e8
1c698effe354937
24e85f400281871
9c8b26e5d49aff2
10dcad32f5c475d
18b97b1634fce5e
4edead96d7cc56e
304f92e1e9b7998
94bf36aef1d5bd1
97a316871614ee6
7749cfe0d382a0b
1d9b4d3043c0e52
6ae8ccf73fe83cb
2936ba3b253c362
a98bd044b534b4a
66949aeb4146ddb
4c5a839de25e845
368bec0b22b5481
5bc9a6dbcb8b68e
599b37422683e79
35338267fedf17c
a39375d2ed3ec84
65f387d1216fe3e
6d06c9223900aef
4adeaa7ce998793
35037738710b2a2
6e6977435300f61
3b9233f7c596a7f
22fe2a352918d01
4fbaaffd49f6a83
3f9ec1916dca355
3b0f14360288c47
82a456f63ab3d0a
8b40deab16d838d
8734fc778972226
05fb43643a9c487
4aff19b323b538c
858615e41033871
608c0327d3eaa8f
2e6f3b065ff7eaf
74fec4c914182d6
48726d2ebbc8d85
19245cbbbb36ff2
4c8f25012d0fc06
2c38c37019518c4
4c6a6ebae0b0e73
78e9a61c568932a
29e876405a0371d
63119abedaff30a
7d5dab3b5568a45
321059b0504cebc
036a8d28ca7a0dd
6ed2e18b691e970
39d7b8742f1d24f
172f7f0069879f6
7571cc9abe5d3ad
0ba247d1d2d0a71
3273b49414cb800
83f823c0c3518b8
13b318a7ef2c4c7
a8cd7450740d200
6502a3685943b22
2dd8d66f895f26a
770513fdb5155d7
3e3786cffd7e930
89a41e580f3d56c
49f476222726a62
61af65642d75c15
1cefeae54c1a7e9
882477efafd894e
9e9ba3b08cba3cd
14d6ff211c51570
04d3012eb1d709a
6fa7c21aa96f8ce
3f5bdc25630fa01
414a3f9207d922e
80b5c6680f458f6
28afa71b59e129d
109a61944c311fd
9e1e2bef49d7683
3dad6af26b8b49a
7676ac655e27af3
3314304ac8afc43
70970fb32218c8d
0398ee3734905e1
903323167e45641
42e089f49441c62
897520f7ac86939
95cdf13fcfbe14a
4a83cd0c3a4b82e
678fb114ccfcfba
75d5d5a56bfc510
327ed18fd298dbe
667257e0bc9922d
16a80ecdd94db5a
336108af719fa16
32610014f35bc82
82c55d1dd333b9e
3691305580bcb64
422791fe969f343
628e94a38adeec8
00a9ee02714801d
38393708d3e4f37
0292775235fc873
16aa7e36f811948
62e7492000d4bc4
8c331ee9f1af5b1
9f752f95d0e37d7
54eecce65c3303a
3e4ec65e8a7fe64
73387fce8e325c4
090f0d2f638c1e9
9cc168997e5f1da
09284caac2deb9a
668bdcd35675a5d
32b7772d816d524
3c59f354e20b006
801f7f870147b40
a3d58652da317b5
88e92be817d78c0
88735d5ee9e27ae
87a80d5044c6029
1baea3d2e602d54
97311ef5039fa33
a8813be8ecaa5a2
308e30ae85a5624
a1f76cf5afdd8ac
34821ba6e6bf338
30677647e7c6b0d
6dedd13c6e2f482
a4c30595332dbb4
5974a89531d08b4
9da42be5d1321c6
7eb56b05ae6aaed
7fc093549585c67
67b9c2c7c4fb777
33078a3ff57f8ac
872b7c7304a9ea7
3670de2fc1a99a3
9f8f9b611a6b4de
3a86946aaba4ece
057b3435ad57735
1dff27e5272cccf
168869c5f6cdea0
2ddbabc4de6c60f
98418c196382a97
818a908962a21cb
057613793204aec
4399f90c8753c19
1ced97bc1790e90
2b917a1448d7265
228eeced2a5e058
a5909e11e874eba
8c975012dd7d64f
11e666db8b0e755
22655af65a7b4e6
063fdd7e3580064
712754cf0253078
3003b0b43ec1dfe
a73ef9537140879
6d0026c061c68de
402bcab98d0e3bf
7ed7bfcc7f9995a
2c985b5dda7453c
4a5ef46c497eb13
1604a90cc39bc3a
0029d3428154eb4
78bf6d67b4fd777
65e765554918199
3060140d15604f1
85f94f956c56310
a98d2b3875d90cc
81eb911a722771f
3354e168e07e72e
900529f97db3c22
a612afa0028e1a4
717b0b02fe31cf5
a2dc87b42abd331
1fc4dd98dc8d798
65311ac942c89b3
6e432810a0992d5
44f11a0858fb740
362e8976ded77d9
2c671946fca0c83
939b79b6fc4027d
835fadb4a70a418
a931da784303c57
644f401992c682b
9a256a22dab1e08
12f07bdb2871286
951ffffdbed151a
79f9b52e2459049
205d2d9c4e219a1
3b5d47bc362586c
73c5d08cb34a187
6017dae7c4c084a
5ffe11c23c36b9d
6f56b668d8ab784
5235e00a26f2b3f
6bb4f906dd4caa8
21efe590e4295db
a7a713a3df30429
7f3d9155dc08e81
477018d6af3dceb
6a694aa6236cc72
01817bf2b1e2f22
1c4c9fb55ed0b9f
7ce54c4093f89e0
8ca80e5c104724c
31b218756430eb9
720ef43f94bbf8f
720250f78f1b602
735c741436f2559
81b239c56d2424d
7c3a00cb5021a70
3ab6ac4b9bcb338
96d1ac842700d3b
01118de2aa39e6e
63de404f3baf350
a19ef6f6841f4c9
1bed837608656cd
1b0edb6fa7a57a9
6e1718808411e99
a0bf901ffeacb7a
834d1acc70352cb
5540c17250e2801
5a377ff128de948
50e4c8dadded421
4ba9acfc1681ec7
27cbecd7a5a0adf
48776aa359bb6dc
01a075bcfb95700
958e84321fcd0cc
4e35677e306114b
679ee82a8c1ed46
9941a2f44e03e40
367b2fea453314c
9252cea445c1e0c
00281435438657a
3f8caa58d6d9e8c
4136c48e4913651
44bb58015d3d96e
5ce9605766cf513
4617867781438fd
2306e6f58e75fcd
5c30ad8989a8e37
0daecded362d849
1352b88db8b56e4
597e10b1894d231
2a9670442976b95
92d17bde7d936c9
0ff1b03d8bc66ff
92d539cba89be41
9d417bd60f6cac5
9459e30f352ee98
3f836d23a02cdd8
84f572283c6ae52
92ffc6779e2eac1
49593c88fac2e90
002a90a0fb700cb
035070c3c468470
4f1f935a53e0c85
8cba86dd7ca9fb4
416c20ca84dc13c
79b31fd38098ed3
08d430cc0061e31
23bedff3d2126ca
3d5cc274f95453c
2dc180b344641ad
0ca84447bfe8141
04c9292a1c556b9
37e272826679bf7
07c7a57a57c9548
a265b8f4f3d3412
699206a6f4ac44a
69a6616add64036
7791a46ccede3ff
7716c3d9c67c349
8a30760a1f05462
224c789db276bc1
07dac17865f68c6
703078fc4a4061a
194d055f963aea6
1e957d9c804aa94
82035d8aceb9663
9a10381e77e3c99
440c132b9d486b1
4b7493352d7ca69
4edb8467be555f7
9103d4403cd75af
21f106b9fa69700
579aa1fe303fbc6
7666b1e008fce91
855e5a13d421df1
6d65f6995ddccb4
033061c44cfe805
631603acb7d9cf8
792009b1d480705
94bcf873b78bb7b
4adb4b7442b7a13
55ff17f43ededfb
675fd9435b2cb57
0614e8654fb2a95
6307c9ac4c677db
11431ff75d06fa2
03bb25636e09572
9cf84e25922128e
04338f72fb098de
6f6030afe13a56a
1c94d5e6239b508
00b3f3003e8e289
3b7c249bf01dc4f
22bb67f8467cf38
9292d9ff0b5f0b3
5d33c75ea5f63b7
2a48f59ca43a12a
4ba00c6b5a0af06
9872748d7cbf2c5
6435602cb171194
7be6c0d9b2ff1d1
36b72cb16ba6b50
10054f96c214519
a2ddd9bb981640a
9cf3293e7f68321
4d584fe8ad267ed
87c33f1c22f4cf4
371796f7c280c60
975d1e5b5868fd6
88d1e58329eeb0f
3acf2725cabee98
5f1ce7fe3a1cc92
56dbecbb97fabfa
65c37dd1dac915f
2a551f554fbde93
0ae32cb03828320
9d03c196bb397d1
71b163fb6c6d744
649b7aefa363ed6
a14193bd9431539
6552c4be31e4653
6ea05d46e6f809e
327c49045bf6d2d
2c4e188820d3fd0
3942475f1fb739b
6d2ca6b63778b56
46d42c286f9f903
289653c9ace221c
787d0f9d8c805b5
6c4a8d785cbffc3
492f931a359d80f
58ae452ad729a65
850b572415664fb
74262216464a287
514375881e38f01
5a3fbac58f5906b
9f02597a462c2fb
303622f8777ce99
1205f1d3bccb61c
a7a68f8015e0b04
0b1da922c735560
9d18842d77f393f
31c0c664a7cb030
88a41352b5666df
2054f47d1f49496
1e68d761ae37ef0
4b5c53982103165
38e4a94480be8fb
4f04dd1dc2e4405
2bee767000d7f87
9097eb28f2007c5
502d19d0bf0ec6c
02f078639d00178
13da65b17658a51
04abfd3ac850f94
05da8177854194c
708fa9340b09a76
3d44cbca1c3ee12
1ea6db6ae9e6561
6899c9ca0b3e5a5
98435c7571ffefb
3d7e8f062b5c613
43a107f16803650
76f009b3b7e7976
3452b9d6e1d72b3
3916e927b2a5ba5
1c94362c831dc6b
02952429c233e8e
8accbe88cb5b5de
7bcc677fb8bdd4e
4266e04124c26d0
47a09e490650b9f
15b6f51585d18c6
21da91ae9968095
12c9e96f35e439c
3ab87e7a89ca7f6
4a899011d44730f
12cd3509de8919d
8f006fa77ab90a8
1375b6c75176d24
8bba910a67751cd
10fe227ef03c1a1
5493142ff2b332c
a76d8a33b17a8ad
2cdb1ad6f06ae8e
2c7bed27410b549
778fd64c44eb914
6f82b7168cf7bdf
4ce30d01dd4c36b
95a290023a8a215
56b72952fa06a06
7ef8c9a649b864e
06e2f7cdd5775f6
5c96cdd55acfa64
87fa5b8feaa194a
4377957f6f28f26
7ec749899640a51
7f03b126a9e6633
0a6a63329d3571f
72df1bf5edee924
6afbde3c95a8f1b
4585f414b908e46
a566e93fe3422f8
5642656173420e2
1a86e056a612662
809c1a0b4bdb8de
1941db5e3c3143f
4bb330418bd513f
0f780197305dec5
94cc109dfd32b4e
12223fd1461db6e
33326f2b4d3644d
8a89f6bc25aaa89
05ffd1b907afdeb
950e5c5bebaf003
7ce8f4c2aabb9e6
5003f09cfa1f178
06aefa6b434a3c2
74a5c86cdd17202
2919b65ce310b7b
4725ac67f328f72
60a91cae3b6b5f0
9dd51d6cbec7768
03662fc5b2c8235
52da9be14d32671
04b113ad862d461
05f00e9b7e8357e
290c953879ce865
5d2199da673decd
8d5777ac6918b4f
6669e8606d7ffa9
70eacf1d14b260b
38b73d6393d85e5
a9a0a4826bde892
6fd470661341312
61ce0916250aa51
01e23f2f6a9f37d
529aa03bf371dda
8e1321fe243cd78
9b01ec19be8efeb
124bbb1ca700672
5bd24d17f41a452
0f2b36571857d73
1181b4d5e568425
716bb0246f73f26
52fcee6403f7d03
a5f6ec15b49f9ea
a1336b6d3d9739e
97eff6eefd22c7f
66a1d7637ae99a2
900c294eede59e6
097f23c1c90d430
4815a75cbeeeeba
2c2eb9840373ca6
4d316b80cc74e2c
29cc8be6ec58cfd
14b7076017a5966
380d31f4789557e
47147b7a05db6cb
3f17fd6e6960d66
09c27827f0b7a5e
43f5aae9c238b7a
683225c16d470a1
a0e4cfba6a81b66
883e402d35888ce
0667e55519dfa4e
43457b267f78f1b
4a82baef4cf78ab
23f5de215afc2e5
17acacb9e5fb9d4
0bd3e3bccb109b1
565386d27391d8d
53e381801856d85
7c6ae5cc5efae5b
70f3ee7f58f44a6
10ca0ae60e6bb8b
1398a92e81c088f
8cce1020380f122
9f5de7e38a1ac99
34c1003bf186347
87526fafd41198c
097102d8a8ce63f
7341957ac989751
0ccb20644196b49
179808422c3eb9c
4c168947f232858
55f6d1731221496
77614e98e586e2a
a9b73ea8b7e87fe
005cbaeac7be5cf
60e181cb1aaf56a
1596b0a20943f05
5db1263c0a71349
a55f078e02f5777
4ee8591d1be412b
953dec7eb56e0c8
8f8c180245d7590
56bc39f63ccf76f
a697bf122c5a379
32b4f07aaf548b3
7d975e4f5da9b04
96a027665c238dc
841628404e0ccd7
33f837a1bdc49c1
5b3d7b15d7decb6
5da7c279c96c580
87708e2a65f3d16
3dc5649211efc40
48b3b76bce818ff
9b714b813d7ca25
919d0455be3e10b
3b476b8d437ad87
81608792a55633e
75e940906bdc639
70067b6d92b9610
5d21667771a8261
703004f5e348660
0b893213d70857d
a3737e9b47dd5fa
4a15b2bb4c314dd
4a1daac6d318582
9c0dfa897972a57
51ae7324ef78572
5f0842726bc29d4
45de2949dcc6449
3cd137c99e06912
804a0faa6c8a390
1db53801289d6ca
94559e02335403b
99d14d000012a47
6217cd9cb8dc971
8a1b7e9917b05a6
1e6da3c67fa58c8
13e0e66d7bc50bf
347b5380edd13ae
983bf82741f7a64
5114ad3f603ad57
86432674e4d03fe
55b743cc1106260
5207a3d2e4089e4
874261d37f2ecd8
3fa2ff30bc2ac6c
4fc8c93b724477f
2cea7fa0c052be1
73e06369bc5cea0
38d3bad26bb41c1
53a777d841106e7
6c428f3cb6d2e12
a81bb7f03aab0c3
6287b136d6e0371
220b45d1e97ee83
92fa102db010d3e
062de9214ae281a
7780d01a35e33aa
3fae25a229a1428
3b8d9248a76d20a
a183467b85f1dd1
9117d9998b9e533
4f64ae1da68bfeb
434f7fe887c6316
9c250dc9cc8df6b
64a1c85f8f3e46d
1d55b0d0a99aebb
297eb2c1663aacc
53fb2866deafcb1
18d33dc327b8a0f
6e07a1323e6a2dd
37629199fdc8acf
7f474534cbda4e5
8aed61609113e69
0c2c1d607e393b9
737786cc4439d2a
2ebcbfb492fa3f9
9e94a87ab32b797
1a6d48b7b71e236
272214422bc8a27
a7eec676131cc23
781abb53c302b23
8cb64df9aa50df1
29e513f90eaebb9
6fbabba4cf27d3c
96ff629c12f2cf1
7d127481df74dad
8139710c09b942a
1c2cb1ad37f0a80
468bae3f459fb13
4ecb93f48f333bb
90d8920b8356cfe
2448b7389ff6a4d
4705498c36311de
99ab3764e83b0a4
2c18871da9dc76c
3fa3990325cfe8f
20fb593bb389b19
88251b26fd8c12d
3321190d00094f3
0ae3855058baff6
15e6d6008b8ecf0
6111d2d2952a8c7
1616fa4c263bb8e
a342baa998bec59
25e628f66dff305
6d46f82c289c659
1d7554e69bdf871
8f5f5435e612e6a
87e7cf93aada790
13141d4315985b1
a4ceb23c1fb1486
60e01394374f9f5
1a113dcd1bd16f6
010faf7816936bc
1996ad6cb3a33f7
0129810d3bc408c
1b97fa5734e202c
78da939a912c2e9
a649a13b1077ed7
6d006e1ee6f32ea
5530e6c17a95ae6
311fb14636e180d
0150db9dbb66e45
576dbb17f0ce669
35c118cc996b325
3aec79e5f749371
2e84fa647af6ad2
336f7de265ca5d4
6f4f5613a40cf09
5d046324022a7a6
99dadcf58a1718f
4f930f5d89a6b18
233b4a92fb00d10
46732b4c8e9aa9b
8d29a886ab0c73e
889cb2693eb0cb6
7bb79343963cbae
7c0f4c5da78468a
4d9d000c47187c8
58f1bed3438b3a0
9d006f03eab23d8
57c1805b76881a4
8f4863e317f57f2
031afdb3642fc0b
79b882c6644cf2f
5c86dbc0fb92f7b
2035a669592f731
4d9ee3d3fcef24a
0aa32a92aa7a243
7be45eb7a0c8d0e
00c910bc7eac9f0
778b339dc6b72b8
6899a84f3a3a336
48f394de53819fe
2ca0515060a1f12
30fcc96c8d55376
931e3ad1efaed15
5485255d7c9f04a
88dc3d2368d9a81
6c2fdce7aac9c0f
3a82d99a824fedf
4b79c3857806c6f
17889818e13f3b7
8f3dab3605621cb
07660959c06759c
94b52a5bab961c3
963516a3b91a9fc
86dd4968d5f7fd7
03e5f92335951e7
3370cbba49850bf
4bc01702e1030e1
55dca3281a756e1
87274cc36853fe4
5314513e91830d1
6c72f815131da7d
04a9f8a85b77607
3c347fdc737a0c7
53f6d34479ad0c7
771b7dc18f41450
9e7c2dc05ad95d2
286a3ba02cdf883
9a5f88161c62a7f
7cac42d03dac6c2
0142a59022787b2
72f69819931845e
a3ebded5f0e04cb
516fe2a17e7b5cd
7fee53ce78c3b5d
546081e1c145ab3
8c2013df11fde85
186b5d0488a0902
0186b80e0f5fbd1
6185731fe182cea
986757f040f62b5
a4c8bc6cbadaa4c
64fe4888e7270a3
6df8f5467f7e715
16cd1ce0799cf7a
758d552c8b79029
795b3b385cd5f90
0bf3403cf29dd3e
5c86f92c8f1a66f
a12285e44656558
62a2399be18cac0
61ce36cc7052697
20eeda948bef98b
441559164e2e8d9
52f9fce3a3790ca
0f0fb3b4ab76a09
622ba8f78ade9f9
5c2e812d26260ab
3755cfc965db4c2
5c34149b016b9cd
297b374ba791f79
6bafc6fea92496d
83e5e7a0205c183
8185ee1a86d0b9c
96e58573cb180bc
8488b5bff299b17
5aa24dd521487eb
303c900884d89ce
4d864c0b11c16d9
7336b47d9087c1a
806949b11b03ec9
4b2a0f814cdf4b4
5d21e5b16df5f6a
622f911d59342b7
a1f45dc89c62887
2dc2322703634f0
0baca53a3cbae28
630e3f1c752f5b6
6bb15223157eb97
25bb67d26d8c12e
348afb2de124662
512eb2fe449e7f8
88a38cf482b8219
775b209ee9e7eb3
50737f1a445fc92
5a2ebbdd643cf69
94df9b8468e0f11
a4912a4b94c916d
0168d7db26463e3
a343d65a2cbb4ea
359219589d09ac9
93624a7ccf12a70
4d95e246feefe00
46c6195cbd2de90
408b9ff6f0c8ddb
2ab44fba9517ae9
2890135977c77f9
261a7c740269c59
6cec859c4a91689
54bac33a0da9730
64b7bc74bc27e58
5a659b5e23e4acc
0533e8c2fe027ee
824577a2b26aa6e
88c959add7f1c09
286e90a62902398
3c043ef655d2dd1
a3ff8c351f63884
4e2cad8ecdbd793
974d8a99a01374f
a2d6892d38cdb6a
208b755d1ed38f6
3199e472c00c400
a08f8e7cac4901f
2eb2facf01576ee
60576cec9f86cb9
a47d73b9ce325b2
065eea1a9006524
20ed96f0dff469c
84dc4aab3d938b4
08f6d3c02339993
2c6ab691990433f
70e0c2b3603bf16
84a7782ee0882c7
6cfd5d81df79f04
364390934fcefe1
0e647286fa95e68
368ca84e5510294
6ebd82fc7331b8b
0ea32c4257371a0
1a71051e27c59ff
8a0f05863af62a3
4242c3e1841accb
7266c43c04b2735
2774012e3f6b9db
49bc139de853e11
599eafb3d4c575b
24c9db3d3b410c4
7fdae730355ad92
226f47291e2fb9b
a23f5cca3613237
2379dd02e92bc14
47304d3dde737a6
9f40686cb63abe7
4be4d986b3c4627
8594036474056de
019280518ca4bf9
1ec9752c47fb946
68ee35ebcf8b3e6
0afa10b492dc70b
91218efb56fa777
67353b6e10630c9
049724a4f166366
a0d2bbaa5af2ae6
8f159b0574eccde
0eafe9d01f9cacc
9e737de13f7fe53
26b5b35f4d2d1b8
34a730564294d50
88622ada858d7d6
9ccf114309c6caf
a6e4932d155c353
1c4d18c0f5c3c5a
52e5033b0ab55dc
a7bd1a9f8c19afc
a746776ec5a203c
7e8896eedef18b9
6daa98595037623
3f619d19918d3ad
3dcfda30ef73938
9ab102fddbb43de
7542a20a1538ce5
45424db0f90a35d
18127c949fdf83d
431b3d524bce9ac
802d93c41465f6b
75945745432368d
61bdf844fc8e38d
05dcefa7a3effe7
36a34297003fcc3
754c842bfa8375a
36dc5a19f77ba72
9daaba21c0e1b8f
02295cf3273cd0b
0e78890301dc3ca
1c771129d35caa6
5e1f88a4a2b6d35
7b09e3611c7dba3
69e706bacf56139
85fa589908bea46
29c39fefbae3164
030b183bd792bec
2ebbd53ec4b496a
32a7ee06d5e0f4c
786fbcf5df8ce15
6ce97a9ef4e4666
94f4986e20bbc35
68c9a65f0256316
53af12c2c471735
0068c6aa63acf92
518337bdc839c92
4d2efe99bef82ef
656711b8c38cff5
13758443d498c59
417ba2f82b45bc7
56ee7befc250c43
085c18e61d9791a
3ba36e7e82acad5
5a7fd176c9d0b0d
5c9d6a5509af661
18e2b47ec15bce3
62d07ba13902844
a676d81fc1f2d28
4aaf050c7877adb
6b800cd80840e38
8520683a620e869
26cdcfc5db29b15
68c8f69073dfbd6
2cb22ba7d2f2a47
84e3c6b383963e4
867a4dc7163e9cc
223a9aca6a641bf
63194a62a2ccca6
26f2288bb843911
24f3b2240e51e5e
19c67141e1778c9
72682e4422bce23
8ade612edb9f8ac
63279f1f73912b3
6274f1d314a12ed
906723f7f885abf
5ed4e62a569989d
4fe928bd08bc60d
569a3003bd02f79
6404ff23280d222
9b20ef42d6cfccc
2bf847c6de9da23
a24020380d21128
a3803cfca01a2b8
1676cbfb15d5620
8e4e3f607b31793
a277f9537edefed
7d0021f9e8e85bf
3a29a6aea600734
04f1bd65d7e6b53
543b92958ea5e1e
0e2a047d4aa3e19
0d2d9e3ef5f6dfc
1ac7e1583f01ed9
5cdd4ba0bc4aefe
1da0ff13899f3f5
6408e61fb138fb0
512bce264474004
07d71c4109f4898
231596757a4dbb3
55b4e60f17a770d
3ec088744cb8838
74487362f3dfe91
96cc6a15744f094
63319c310386ffc
3928108b1094e77
07bdb497939e530
2f05712fcfe569e
79c28beda80af28
8872a9a48495701
74d4561fa4e8b60
a95bb5212a090b6
5ca5d158b9aaee9
66095e5d0190827
a6c616fe6ecd480
17cf292b56e9cb3
882ff97ebd244f2
9eb18aa304d9739
29067153eaa5664
2602c4a7e2ebbeb
16649ac6b6b3a65
227bc2737f946a9
22901f813dc7370
5adb4918011cf70
4dde8b1dec66672
592402cb3c05db9
7249daac5788a83
5233dc4f1d0e4ff
0b8ba8ce25de602
2954298a9aebed5
33393438fd6284e
86299b810b1014f
682eece51f9ff17
07b1c89bdf361c0
264c81e6ec3cbd6
2bee6668eeae93d
9dcf9dacc095d6c
a71e7c00274c638
6de2a2505777c1b
5f0d450c1d279c2
078f9e3cd7b21a3
884a9560eba74af
a8a6775679d3adf
5d24a4a1a4b689e
2450c345c4e0127
79ff33b5426b8c3
4591b69f14bfad9
608325d9bcd70b3
63d75133e822ff8
38d778e916f2a18
73d11a8257a3050
8c6b2bf2a5e9b9a
46e735718c642ce
4a3410112a203fa
0cd661b39686744
38df1be1ac97563
7806c54c33c0a04
039c23888176bf7
2d2ea7fc2cf9f4a
3e2752a67f533e2
32c0bb324f80e8e
a5e4c3c7b11f3ff
1d6077a4089aeba
6ec714fb3b947dc
a94aa62d619ef81
6e10f6348f6082d
219958cb637a88d
6f53a33dac08c01
2b20b6cbb3f6a10
29b293839db55ae
4805d7da2b3b881
a09aa6823dd9c15
11711d6e3e0f5d2
a349542cd32650a
1f3259eac8c4b65
9793cd8637eada2
7d077211086e83f
5715058b1399e7b
611bf0a37b838e4
295ca58407f9836
1834f8573196f81
5ee46d97f63b56f
6b07ec929ecb237
9c128ba44263b81
7cbdaa2703ecb81
4194046269e7000
20f5cbc906d2a1e
187e17ca22886af
0ad3e82c34e9517
7b333543cf4261b
39ac68793c6137c
9a0ef27220d6e33
04f28d4cabedda4
7b394a45361eab6
77ee4c7638762b9
992db0446aa48ff
0143ceaac0d7e08
9152af0e4d62322
89a4b661fb2d1ca
6deaa66a5e93ea0
4621984e68abe19
27130d7d612604e
9a2ee15b81f1353
023dbcec646aa68
7acc85289897375
885a770a2b8498a
9f24fc8d7e01c99
8c968de7a12ec3d
658cfa4febb54db
4544b5c777ac0ad
89218d42e7bb5e2
9b88b97fdfab83f
276e7893dbfc1f8
46e00ce7b0dae61
6a8e9b68c50ffaf
85df1b92818c198
1133408e6e55bfd
77c004178a281fb
2b4473782a6675c
232102ad697d030
05e0aaa3c3e29eb
543dbe905059b9e
376f9f7c33ec0b4
8776fd68f9ead8f
1b86edee6f62bc7
55ace6841453d42
07d2c3631c2cfe1
4aa7fd67bfab0c0
13adc3f5c4441a4
1f8a242bea3231a
6810d66edf2863a
7167b3c9143c18c
a4237f3b5fa5d8a
93b6f1f180d109d
a06a23540e61e02
8d56ce46c194efe
6e4427ab25ff80f
89c2ac8eff968e5
1847847fe8eae76
871dc722bae76e6
3c8560535d8d24a
169d6e065eb4e3e
5c8d8d715eda9e9
803d1ae340cecd9
09b8cd21b428e03
7d37340a21b03d8
123d1f91606f115
81bb79e3c016e36
3370b71e8652bc6
61445d8b349c252
99c69c455e327d2
66bb8985a18d6bf
079f891c0c2aac3
0b1ef24ca71ec32
4f6a7e24c78bba1
65af0641ff8ef63
2d329953a94dad5
29f9730d5be6db1
5962fb4bbe5b9ef
46197ac0778468f
0cdac8425e0dbb1
1cd13c3c4e66d97
3995f9883931d96
88e4d3c77cfe869
8dde27dca347510
945ff310198127a
5ab57f2f8d2bb98
3285fbe8d095487
0835990f4cee183
90d692a53226073
68344fef661e431
596e206c4b9360a
3319974daa02fed
0e760b83ef5ecc7
856db70cbd738c1
7997c156a2b129d
549dc09ae20be2b
39a6d07c16fe9ea
03817961fecced9
968a7e3a5da5ad3
32c2eb1e2c77736
a3305c46e8bc2f7
2df5dca41673738
3accabfe5cbe2df
a22be97e4c7b67b
a486e33f0357118
349359dc09d8d69
7708c4ed194f034
6b8d51c0f9fc7bf
197005f383cc8c7
4ddeb9f973b175f
44281456ab90e0a
58ea4dfbd9b97cc
65da482d9a42753
0898a9f007e590d
4ae6843144c25c4
6e3602f6129311e
8617ca635358dde
02f566239dc513d
19dbbec9b70d18a
5307ce02160eb4f
00e790d81c02a2b
4f03f3884ea914c
635eb29838ef5c4
57f7765c4e42317
19e6198ec736d46
161100b63708be3
1f07175b8375bf4
94cae93dd4fe908
8227e223e2a82f6
841429f63a45efa
8e67741eeb9d771
83596d8ea5d9fce
1133ce63ad09ccc
01b79afbf92292e
8243086d9adab29
3201fdce3cc2136
1f4ef3a13bddbb3
084dc8f07c4be63
3e6bf30a0c2b3f8
75558236066683b
a83093ba064d1c2
9549788ff465fa0
09b3b50af8005a1
1ef159d89358e1c
4dddd7aaf08b0b0
4271a1547b97f20
219b51054f5e39b
78442f97efc703b
7e3161722b2f3d4
2f71dc21e1d3887
35924e937bbe8c7
84a17d198472e7a
88f104593b3079a
8327f0347bd4b63
0679dec618f285f
06c1cc642e2a528
61c3031f4dd0f5d
5d254cc08c5100d
71a51493d9e0f26
440e1ecef68732f
60f20ebe4018993
17e26e696bf4b5d
111fb0d12e87a9f
0655e028c90b65c
4292bef3e2638af
310d6b78a87d978
96b58c125d5b33c
717b7317dca644d
624ec70615d9f70
40fcb4dc43d8de8
25e8a06a22da2f2
0ac711664d1e6ab
2deeac42b4c0322
1ccde07434b1159
98da4880bcfc2db
18bf8ad7d8d8564
a62a9cf7383ef7e
73630630bac7bd8
41daa6c1843d91b
2f93c161584c5a5
0ccc130362dd5b6
8f9038c179bfcaf
a96504a356dce22
59b16751b336703
3cf03ef2cf5027f
a442647be23922b
4bf42727d7e0e52
4da6d6965b1dfc7
5274af0f5313c18
054d2f58262a532
8851abe20de1259
0e1e061cfc8bbdb
8a7936235b5e601
267a7b79e5aea56
36447427fc95a70
44aa7910794179d
2c2135a76ba2ca9
a7de70236078ac6
8ca5c06247f3fdc
98c5c236f740bee
4ead00a4ebbed83
81b58ea8862e70f
48c24f557c7964b
07ad4469a9c0e0d
630a496472b834e
2537675a0090978
4e6e0cce56f76eb
56a337f436ba61b
00d4d0604eeefc2
5ea3935f460617a
61c7c7678794621
304004f186ca131
9ab4fb6b6c3e0c0
9db05aa10876d7b
6b5eae598901991
95dd9d8a9d474a9
4191935ea8c0c46
088d4fd104e05ea
a735333765e178f
94bd799cedeaabf
386686778e0a5d1
86079467ce61e71
550a07f711a8370
35c6330249b4761
523cff6398847a1
796505aa96a8340
58090311bbb69fc
942d4b62283dfb7
2a2e789298c47cb
466f7e2a3ba3078
35a3b37048c92d3
41975e891f2f185
85885684f492edb
7a6246bee8f2f24
438228a90f1804e
47b83af296be06f
a30ca780319a268
30973619aac19f5
a62393de4c0b977
68bd434c418573f
9f8927d4cbc1a51
94f527bb4786d97
82dc83324da9e40
9555d47570b92b2
670b825092500af
94f47a7ad53a7c0
1b1840bb4cff907
4ac5e955e9f8b36
1fe7da1c7e6a031
1d2be7da9d44c80
7f9f241dcad0a13
5040d078259cd54
609efcaa91dfc29
4a6e9e6d1b92bf2
418d4230e2b8173
41762c3fe821007
57cbc2af4235c8f
0c2f031c812eab2
485638c3eccd3f7
122561822c7e53f
103ee6dd19a74b9
97f15f95e7e2a27
648030c4abb350d
86551615a6f2866
80ca10e53fc127b
07cf32343d71b78
2c8b802f554bab8
557047f02e3520b
9e586fb0e9f7485
4f130114f2b1aa8
5543697f6d21647
0ec4d82764c5fc8
9e0b81af243fa76
2b346ebb63869a8
8668c9ad5644219
0219b9bb30960d6
3b45b90d6240219
6e742fc34458685
85b4d8d443a2805
97aa2f059706cd1
8bebe465960ab60
7b4f214c17b02b2
8756fd5859c4c23
876594abd6a3a3b
8f84f77c692e924
1d45d22b316fdc3
4dc03c276b050ed
768fe95c33c5454
6888c8f8cdd6088
753b1281bb8407c
3f4dc75e0aed4e4
8cda525ce995ff0
23902474d49b7a3
8f1c1f8ba3ca569
21ce12ef326435b
a46675a6ad6e392
966ba8ea8a4cc54
64ea341058a1934
58340e9b24f4e50
9dd0fcf91959db8
3e1540cb506c93c
052fd1f0b60a298
32f636d476d4350
9ac353ec3e9ddeb
0b302dabb0ea7c3
976bce37d169d6f
8e06f28df4b6e87
9e29d4930a984bf
5c5e29665027afa
1340166f094d26c
83b05c54b0be4af
393d8ee25160388
1b0c54aa63417c6
7875ff198b546d1
a1723a792eac2d8
a1bc06564eb3876
138e6aa00e44d20
8db146becc922b7
42c61b7237ba46a
2d197827dd1f6f6
1e95fc3bf86cfd1
6f5834a2cbb4753
a1fb0a2428471e2
9a0ebdf32a1e913
7192ee67786b688
7a1e2f919ec34b4
3f62a87d030e86a
984518115bbb8ca
a51bd071cfe2dc1
9958a1a4f8c0bb8
a16946a5b255ced
99b4d0bfe61aa48
4e07a2537c0260e
05deab6419bac0a
201581f43dd509c
110bb3007b1c3a8
4ee58d236e609c0
80324d9f5aedb52
35eeb5c0e677a79
976c6e47ce5d386
5966f75f4d4c1fe
29310f73c118fea
a674d1a163c4bba
1361112ac10ed2b
38405491d44e4be
563759b786f6979
a9eaed933d4f75b
7520e93b6468319
7c95f4d6666794a
84fd01ca4e54d04
0b15e13a0d6e9f7
a9318b66b4c3040
874f369e5817960
1c794bd8aa41368
4fc45ac6459d4df
27e3ccecf58b476
8ad42e3f2c1ff20
569d4bd9a687d8b
26262cde12d916e
02b71fd5f5fffbc
52e5ee06d62ad75
9cee6670e0f4317
5636d44f514c0a7
83d80f20a172ee6
89dafeffadd47b9
315152f1a6327e8
3a67c203740f8b8
9793d58858375e5
9c1f9641af51f4f
a1b15c86b26d39c
23b758a429eeb35
0e7dde25691b0f0
7d27199944bedcd
9ada9dc3a7a57e8
5dce3fc2252d794
40ed4e0c08c8784
49cb53c82f0d275
811340b187dce88
622082a01a76639
975d39a7dce204a
75708a1355e71cc
13389bb9d677efa
29db02c7b05a167
52d3c326601454a
2db0e78111759cf
2f339434bf591cb
8694636d771e309
9767f9993bb8afd
77ab95755b042ac
9a7095510a3cb01
4049c56cc9d6fe2
884d978db144046
40b815ad17c9d68
3778f45f2f1f748
4cd427a6d273f45
363f2407ab88c14
471d038ee7f6619
8441d3ace161b45
7998aa6880a34bf
96d05be5d8237c5
6875b9a98882227
97f19f9164f560e
51f82af8d8696a4
3fcc9677e69bb93
46621e0312b2715
784eff0d0785b61
467486e0b1d597d
7b96cd8c744eb4c
0abd3886b0a3744
44cc19b2b590b04
6a1a87642d1f82e
5d55cc0bb5ce656
342dd2b89bd9ae0
07ff92a1f1a0a02
4299c3ee07d0340
5585deddc4b6c27
95e1df0e398b820
4a5aff0e8e238e9
1e2d51abbbeec1d
5255afe1443188e
5fd2bb0ba15b53c
a6bde8383b2090d
764b6a920dbaa2a
8951b9e3311f14a
1df04e23f035ebb
a1145f55af52f7c
a18e65815184dee
3bbbccd68b385c2
378169baf419d40
9800e7b0bccd58a
57aff77ca756117
8b13d6d23967444
9be5e41cd9c7df1
618f9c71ae695db
972d5d9d9b2ba02
8694d7e422f3b40
2402eb68ebac02f
7b07a56dccb0653
0d96d205e26f64e
53390899814d10a
00e8a758cdc84df
8c3630c2546e3c9
8f1538b146e28bf
55bd09be6a6f3be
7d023fdd282afb5
49baf9d32d74758
6255007f6eada95
a1b5c73ee22de36
1e65a69e19fba20
a6f0e3c2f8ad109
551e2f82804dd6f
7da324532d244c6
137ec9a4f1f3be9
731bd67ea11d65e
734ed3a533c70d1
4973d400689adff
94dac88826c55eb
18b786040d81f48
9febc26cf255a73
5d18795b23bd781
99d84cd24179eca
3a3541c3630a52c
764181c0e125385
6725f608b4d34d6
09eae575c4e9117
7807dce24712f61
53cc12953128386
07f743e1bd69903
6dd68c5e1eccc89
227137ac620940f
7873c8b71e13cac
32c48559e01b596
9678d10fb6251fc
62c75817e379887
7eb3a6df4fba58c
00b9cc978a0d4af
566e2080716c776
477865840e63bdf
42f85b87a6049d8
3ed3f0af944cbfb
49f2b18ae50b7d7
44944c16b3324d1
868fc3e02812f8e
79b2636139b6d89
5bb462377c06f5c
1f2143bb1be85b2
1f147bd2a4441f1
9f1a808e1d801b5
593c0897af73f7b
3f769e96b6794b6
4e8237a27242d67
8eddd0466d4a9c7
185d37b521d3f2e
500c995bc1eabb0
1747a071c985c42
8a9abdb397d506a
0243af28aa07835
7dda225f1fdd01c
61f9e7bb6055b69
8de497b3ab27109
7f9dead098e027d
874a749f51a25f6
87e68e7fff4e7be
70fedd6dde8c463
56e7212ec12ba50
945f4e2b2b76d1e
3abe80f8ad01541
a7b4fdfd1c02a0c
4baaaf840651be3
693802dd45f88b5
0d48cf4887178f0
13ba9c99d699380
111583fe58d4cd5
8faf2ca0c06fb13
733db3dd98694a3
8667bfb3575e6c9
11c95392b539f7d
55cfce4f8ab038d
6fdc7b12a3b07a7
01cbd4f617bd386
7c524229857b38e
9bb19eb702c1ae4
58a972f3ed13d94
297888f98f7305f
87dc8f31a02e6c9
5c2a044a744fb34
9393a077eddf7f5
188834910fae710
6f60e0c0efffb8e
3fed1a1ae098cdc
a66eaaad467c0f0
3ccbf262fffdd3b
4b42a179d1cd870
31f833262ea232d
334f4d5acbceb8f
48ac85a8d0f807b
14fb847e28f8443
20f1500874c3ded
721ac5a999933be
7b30aa968776392
855db435870b614
44c602e60c3d045
1f0e7e55183d310
8a6bae0c9d21556
154d41178d62bb9
625bd86503e17cf
5a1123d1a827bad
81e7ba98faf16f2
2e1b1edefc3364a
6469a25177738d1
7c9aec1663fe54b
10957c9ff96b8bc
999f3800b7f6161
2b8c438cb2222a1
7f6709ae9bfd96b
763e800ec9378a5
3393e9df4d715a0
5e3ea7b85cbc7fa
4589406b6ddadba
3eb2313de2015a5
77686d76b857a60
3d7bb4e802fc2e4
91ab55b74663dc8
a7ddba4f1375e35
91a0de9b7d95cbe
05bdbc4be7e3dab
a95abc2e282f309
78f30769fa93b47
19e995775343c0a
518befab06ec672
2280c5db0efca77
243f562bfd13139
2f1a50103356eac
49f4fdaa40a1fe5
6d922175b256342
674713ae631c2a8
3f7bc305876ef61
5fadfbbf7a6a486
19b014decfa9e09
3f06eb44c7a15cc
18a70dc340ca101
792f05d1969ffb0
1d03a5937adde97
84afcb275d37086
a80a9ca6ebc8160
73e1fc44037c2bb
a3c9927a6b9f20e
940cf2b8eafc367
53a196efba146b3
4d70d03a59b8e82
27b8399f68440f4
8294487ea86cf5f
22df85c4ef2cf6c
3b7ef4ba323b107
8bfdd03ad1a7951
187b8187910cb7c
324acce3681ee9a
12ab2a36bce6c2b
68133f580f32734
9a0cbf47ee62e52
870d25c8e6062f5
8c9684027a2b575
12b5ee03e660bbf
76d9227dadd6a63
83438b0e6419e46
29f917efc9f5132
9a5c2dfdc55952b
5c0c3ede863dbcb
4032df40d90b72d
0ecf3bda58ad226
382674b4ea22d9e
81a1cd61a058c4b
16527bde94a2465
a713b8871621772
70a402b323b99e0
2344fe76dbfc16d
23bb81b22d631aa
6cd8ecd78e6b733
4d04087accf1e47
4b3b1e222e65639
394095dd1c763b8
1ad39e476a36df2
6d27d34312ae3dd
16cfaadf2e100bb
7e5f3a076047a72
3939fc4e62ec721
7b510042635a97f
a01a6f757829f50
1d907eeac7459d9
401d68c061b1612
84603c37377d9f5
71b379fac247744
82420f7de2312ee
900d0313572c478
3103ab691f7be82
73d3d655e2a244e
39053803d2fa6c3
80e5414455a56b8
293e761de268b47
5590d0ffece8aab
165e965ffee082b
8110f88072be203
9b49ef594dcfe06
948e602b862d5d8
4c15b8ae04c5109
090aecb3c76162d
06239a92b384d27
0ab6566f1db5707
1c22cdbc72118a2
9415e05d2054d93
0c1a2eb057ae97d
64edddf675bb2e4
53525657fbffae2
7040a1be0fd756d
8d6efaec9886460
04e2b91646149fa
9e5476677244fc4
8f9af1cf0c236ee
37876168512cd7c
8125984fbed703a
2600d19bd843d20
558510cb93b6dbc
45e6aefab5fd0c1
0a08ca6f07505d6
3466c1aad736283
2cddef1a98f5408
8f3d4af5b27dd51
81c05eb5c8bd6bb
47850cba69752f5
6792d7466acdf7b
66f42a33c16cb26
6a3a22642a8f7e8
37460650c7f0262
a706298c5df265c
905d7376997168e
12528d8d039fe63
a0077ec58b498f4
74c7ed71d083d7e
3b018cdb0572877
62e66f67d62cc9f
91fa3d39705bce8
672eee663150e13
6b74081cee3e547
1d2a4eb87080f4b
587f3a5f63e8f7a
15a76793e7327eb
36fc12792afe1e5
99a04fc161ef1c3
3ef0cb64cc5d7bf
a1b27e26ea8e727
0b3b81420f27e3d
03ce080090ec44d
3b151c8f7e034ab
3a6c542a22b498f
9c467080a4db334
8ca7c442931910f
2da36172bad09d6
38a0786da5fd4f6
5f2c51454171c57
a7d0dcdc7f27ebb
a7a784ef0d6cdc8
a06ffc7b339541d
50ef29ffe5f432c
82858c27c307ec3
9da8a421138cf0f
6496f28b5bef097
5e4b226b9ae820c
148bf222152f2d6
2fe53c82e0fee3e
1da991a15c054bb
13ae9c782ef467a
6e3afd98a5d557e
a8f7e9e00630572
722b9a4aea68090
2b1d823f7105ce2
38b2d344788867d
8499f6c9e6abf05
841c37b02a2843a
7abe9fd93f8eaf3
32290e859f0f613
69aad24abf870ee
2e1abf655f88370
a25d1b6b50f41f7
8137c245472d3fb
3f6e1368b5211ad
4471814b1286697
56bc9eedac1bed4
9f05336da191721
49cf1c0dec5eefe
40e21157bc7c5e9
88ec9acd0957250
897b83b1c23c960
994bfff19fae7a9
231b20ec0504ac2
1f1d1dc3ed28e9d
8dd1ce1cc26f8c1
a59f232a51ac154
59402a42f8deae7
474be56ab2d7d90
748a8b9bfe8f5c7
9637cfcac20b13e
0237a6f7a608ca8
025096a110b3e34
8d8dd54bc28ce5b
0f35c787467a29c
969199864d20c27
5194a6556374f85
98f557c0d967660
973d650339f85a5
047331290640036
285fd74789dda82
7918debae14c615
9d5694f1197a9cd
82c0a136c4a36ca
668a035d206f129
7e7984b2ad96af3
7fe70fcc57d2541
5ec73d3c36879e5
8e4f0a02396b3c3
5943c33c0beb5a8
16e34645f050854
a564abcf784ffcf
0ed1d9df4a39394
7b2e1bbd0b8ef76
42c6971b76790bf
902a57d4cabb2fe
544ea0e5b7b64a3
088999b7ca64841
2446a93407a2ad2
18f7640c544eea3
9164f0b3e7a467f
3b2073aaf9b9166
170bc93b986abc3
22b235c815dfb4e
41b6f6428adb136
4fd222337db73cb
8cb9b7ad78a6216
3d29720ed13c3bc
0d73fc1f1906373
288200f803c343e
58ebb32861723e8
5480a3403208f12
202c88ba3b03180
144ce342dde211b
735bff8cbcded9e
5704fd72fa58c5d
6608385e96c3df1
067e5eae4a8f34a
5c965a4fc8c9e3e
6ba3594ef37deaa
9f07cfdcd13a499
89016cb3dd5b4c8
87027fb75190268
a7a84eb75fdb2c4
274ad4061ae3170
72c84b18521d763
49cd8338e85fef8
39a5f7368abf452
49bc858ac5dac16
4e81065ed31d04b
619e58a96115f7c
107ac570a6facd7
19544f5d3054558
09e645f29f84d6a
42c6d738b00dce8
6cf8ef6484f82f8
7fff4075d2f236e
304002613dbea82
00bd6a97d5288c3
88abe607eefa796
230cb30b21ed8dc
301f8f76cd9cc7b
4a68595860e9297
070c522469ff407
7e6f6e48d518004
3016dd3eebb9eed
7cd1628e5a1978b
46df5f110081aef
a5ac52431f20f88
906f5fbf5a8663e
93fc0689f0e16ee
11cc8a8b26bb0a0
921cd0b5184f2c1
21afc070a5cafa5
6234c3ca1501372
4a3e4b9f9f590e9
686bf8a2acda61e
9b4b50aca87e227
a3d48ad055689da
453e6fc7e93a2ce
a0c43975a8ecc0a
243235859d1f22a
20c8e88ea25395a
681c660bdea0d4c
a1d1ee809a2188e
9383207d7a24918
2e2dcb16ecd7194
49841e93988db95
901cf644f4fd84e
00ed62ccc902c27
5c8f7aacf62860b
3936213ffe9ac6e
207bd44c51a548d
8f1e056fc25ad7e
a6cb7f373ff0895
6b980b634d7a07b
602d5ecbe6eacef
6d8c2df36aec8a6
3fa98e5cc31c880
3850e2b63fa7c56
97a618520ec831c
3afebcf5e8fc502
2167aef1e086a96
6e7d8d6146fe1e7
346a25646c9b8c1
203fbaf979a58a4
05d2d5f65f10021
54d7630471e2477
087dcb1126fadc8
a583b855d86a351
75779042e8324b6
263f67144a3663d
57411f2aa38fd5f
3f36fefaf429af5
2ba68e1e816b0b8
a7338f0fb02fd67
35b1e8e4815cd01
18bc60e35e02b85
8cf2ea6a1cc814f
969e439c3d0e688
487feab018b01e1
764c920e4635e88
09420bfef4666d9
9f7aafbab02ef27
3ae59224fcf31f3
5c326c043022fb9
2e8e0d45f06fe0f
91e226e672f0c8c
3db5347167f610a
1bd4610bcd756de
3a0cedf785ceca0
35210d7f4cd2276
37b687c167b5c2f
0017ee116296a87
46784a41f416e90
7d257c6e854f07f
77c0fd3a45fc121
a3ae4eb061bdf53
0485ddc58a8ef95
097412faf14a9e6
3634c8ff45571bc
a8142f5bc4cd74d
8d2ecac129d7575
87356ad7e091eab
a5dcf2e556285a6
15f9664635f1f41
5377791ec1b88fd
62c720b0da63d36
94ba69b44d10ac7
442a33427290a95
31055ba5253c72f
40af5ce33b2d8e4
5b2a8c923dbafa0
729d79d4302ea5f
3702908a56b16c4
a35fc35c5c292b3
7994e7864157853
8f157b63e39a251
7b087170896c2fd
5f09c3d80a8c747
54647fa063a9a21
27ae8891335d6d8
018740c7a4b995f
1ac031785f4a987
a17b3dbe3cbfa02
97b2ca324dc7d90
80eeccb64d43ca5
64f3e82c80d99f7
2509ff02ed5b1c2
03efee9eb62b968
358a6f384275fba
a0a6df1426f8c37
4326a781bcb1df5
59224a85a25b0a1
265e799180dd152
2b932de126e6304
401e23d53401e9b
39dab999b1f57bc
6ab3bff3917c7af
6686811c418f047
6ea625fc74da6cd
04e8e133f4313d7
a7c07899b369295
6ba19d80273c7c3
86f195349d64155
7cd86a6a802d6c2
93230c8ed6edcf6
02b8dd3e16e3ed1
6efc13d29b841be
36f6569d03af99e
46652429f4d0e38
0820d71535774cd
921b783dec16bdc
63fff00c399d8e4
363cdd4fff3bb82
4cd31d0514e37b4
7cb0e215b5b1dc1
534af5f03810e63
7218ada1e5aa7aa
5069b14fc6fef4f
0c82537a5d22cc5
a7427dca7869ccd
462c312cb3c5c8f
5614a2ca2a4024f
252156aa168e8fb
402d48b61efbec0
30e3c7580789c64
16f5486e28d2ce7
7d9f04237b1290c
1515ce2a27e5dff
2777576c2eb1853
509baaecf118803
50f18ab1afade4c
7682074540a4067
1593b1a2c06f022
79055a8a934f379
70f9ccd45884cba
0dbce01254bac68
902adbe8c97b40d
8e49bade74beac1
7ceed95fd032140
2ae751f5fc4ca4d
03835a3a4cb573a
66e2cab0d41a898
869c6f565322a0f
69ffde4cd32e760
44130a26f0238f3
0a4c0d7ebf7e823
9688363f3a22afb
1f80ca9b35d1c6d
29b92167c74c5aa
43b792e14c6d448
a1774f811eb06c5
830a56b778f1474
0899bc22bc678a5
6ffc55a08ea8c4f
0ae80900727cd7e
739feba7f6cd492
3fbbaa2f10d4cc4
60e9c7a08d5b812
69b783f3b2d5754
0502926386c334e
a9c1bcafd98d8a3
4ddd437950974a9
04bcf0b65f57d1b
61c6d9bb8d3ec4f
3a51800a423f509
14af443868cb52d
a2c6dce79823e69
3beb3b0a4ed48c5
58de18fa52a9d35
32ed5b71b66883f
76c108ad1d715d0
0c418ac9d0e89cb
a8cfd5e425e4a03
88a281a42dbb4c2
a7f11e98ace7186
6f923ebd4ca29a9
4ce41c4fd61f266
1f507ead32584d5
2c1d12a85e3b968
1b98c4245badf41
04711bdc3b9dc84
9fca7a2baa10293
11008f21c54e9fd
240e94506be1ae9
241e5b8a42e03ec
294e64d1093000a
7859e97dbc61235
417c90b411a6400
00e1ff74e2c58e5
33e6926f3b04dfb
89bfc65b2b79990
5306cf97b8feebf
1ad277544addcd0
63276b5b742efc9
2b05e6f2d8a996e
15089c24ae3ab4d
a2b96e40de0c20d
1b19d9d8cccd79f
0e5a24ad12a5c65
35c576a0d045a03
348ff5305efe6d0
1db931128179d4a
8c7d782c75099a8
4cf0b6ba45588a1
6645d8a24ce1374
a18f388f9a5522a
8ea73facf3ca7ed
90ca382b4c5c192
56f3208647d006d
8a4a2ddd8a5bfd0
5b50e007d463cc2
287da23312d6969
98f9ded19622b4d
0d2fc5e486e7ba4
a9f6bbe40113563
a68f9193685ddc9
a6f697ce21696c4
344875def8c4590
5a4d096b943ac82
04d78bee268541c
052086e2f041ebe
04fb464e8cc205d
12eedd5def06bfb
2f478e4728e374c
52f7a772672c8c2
34ae0b2f0bfe7c4
1af3ba695b12b4a
59833abacf4be6c
7bd56b55e53982d
3d4b47c9ccbf394
40700c032dd5605
137978153ea6533
1d4a90960197d9c
6d87166c789c91b
0cf21453066bdde
04bb74f2727c9e9
3126c9bdfb07e2c
781b767ab43c60d
173930051891983
0ac2dfef446345b
524f9a314e9d0f1
2a62924da9b6142
85fe60997e006dd
6fbf8576c34f8db
57201473848bac4
7684ae0009cff0b
6af3cbb9393b1d2
6bc75d2752b842b
6a75224c260a9b2
8f663e23302eba8
a2ad276f14a38a3
63d4f7d0835b9bd
4a730735d3146c3
4dfeea527bbfbbc
8d95fa5a23972b7
7ae2d89631a3861
06c08b4a2f126e4
7451a05af68bedf
a0d10e2d7d4a9f0
2a4b0c8de57a19f
2444c26bd96c361
7388570a82693ac
7789cf28f7c60c6
62f2d1b92ca9d04
60a53b2ad6d06b3
8b60d66e5a0e2ca
3c16ec731b0f062
7a98b6f9afd3371
7387ed9b6947a3e
9a30a1a586eadfa
039475c5a974dca
865071909d4744f
3414c3c88ade30d
9a67960c1da0df3
2e1a6de13d5e22c
1983ec5affbfb73
39718f955499a43
649c3770aecacf2
0c8bf864dcd842e
6e7644c3f086944
5c9c0d8dd234772
968c7ed20c38211
7a107af311a1870
776c7e118c0f35b
73ce43118dc9b0b
a7507fda5e59f46
a68dba1a55ae0e1
9ad202064962a9f
16b857583de84ad
a901d2ae93beea6
985a55e9d1e77dc
623ed2dfeece5ff
a42fb8f4d966594
3419e9b46b88266
95f504c5e9db615
9c3f4442ff43fd9
6172cd61766e295
62a216b5f796818
4804c7ca8b00f65
448f35071fabdb2
7914173861a2891
61db9bea01d81c2
592a4264eca8ec2
85d79a7c58fa4b8
47a08cebda7007e
74c8348c40fced0
560ea18fd710966
6b7865eecd9afd7
9da9181d5d7da5c
7457dbaf5f37db9
455f0a4400a4b11
5d9be6e09f4d3d3
60a1565e999dc30
8325e5dcf2d6af3
77fc44d46f582d6
4d0630e1743d7d3
6d3857d5f58cc55
80daecea95f9ee8
5bfbb855f8a08ef
5fa16262a94496b
499e4acec795ae9
698ecae3958bd7d
8345eae0c1aefa0
00a43ad97710741
012050b7a88bfc8
57ec9ee842141da
038e149692aa0f9
a406878f0e42b31
55cf38df4c9e427
1ecc2855cdf58e4
5fb7c027552da23
2968126be8b1ee6
5af8394a1bf8e5e
5c4066d15c85224
436b7efce0a01c5
4f7f4533c2adeb9
6dc431a444b81c5
7047df315f92b31
01e060fa6da80fc
a9d1b0543cd6d2a
111035377593f1d
1dfe1fd51ca1b3d
865d22a5f34ca5d
59fa67176e2135c
7592dd63880c597
7c423a9563c365e
30c0d7feadc73b2
a4558d196ae628e
2d7d36cd5cffe1d
69ea0ad189c9d2b
9e4f1c1a6925251
7d241211514cdb2
72bd02cc888d9e5
37c5e46189a7c4d
57c8c9b45f2f947
755482734537e6f
57da53d81b95c9c
5d426491be63365
10a2331f1f5b5c7
641e45e3df4ab96
408074de0c18ede
81301a5706070bb
a2a98193f6279bd
01c63a614bbb1a1
a0917e0ea1b294a
6ce2de600b8722d
6f45a76bc5fc13a
6df0c6b3400021c
1e4601882734c0c
78f7034e24c4ce0
40176eb036ec8da
4abefdc21dba7e2
9cfa4cf51d5b452
41771aa72e751b4
0b801ec21a43945
058c037bfcc41cf
7e35e05a459fabc
23346b33998750c
0cfb8c4fa04f405
28312966235b136
50df2f131fc5440
6a7fcef3e2fa261
49108e813c45f08
9c3a35a99bb60ad
483fa7448913e7c
746bf9f1aa42205
7873ef3f146c57d
3052c8611d40399
5287e2a3f98635b
627209857f84337
461b9e27d3e6611
46247940ec4553a
385d1b3aac43095
5d526534dc09e22
9b3b45fa56ffbdb
841a34ce2531fd9
97a6b103e957c81
01133d34f1710b4
86116fd1b6070f1
7afa790c6701be1
998b68dc7b73826
4d83a4b1e8c1600
5f49661649a1349
94e5cdf9d49e3ef
7761a315a16752c
1ebebc96df2e652
577323947bfdcb5
8e9aea4ea5b8247
89513fcc93e4d94
70d88b85e0960c0
6c932e660e7f750
2731065697b967f
9840f5483836990
a467c79f01868a2
0d0a86b4937a345
0f5d95f035b89e0
4bc1ffe699ece01
8e69e67cbf16ba4
34c148247eb4306
47f728a3c6daf96
4261e40cb161a67
79d65fea975f4e9
641f1515bca7889
5d1c935a5eeb914
37cabf24167c7e0
6de99c0c2af9231
45381408f151d05
4d0b3b2d884dde3
9ce6f9498ffb593
1155ced0cfa76d3
50ba25d250fbef9
4336048f74190b4
396685a00350520
1171de018e21c62
7ac300c9528b419
65a02263ad1d2c5
563fa86b2335820
27ffc48146a99ba
1f369ef7483aaac
a4569faec444792
969cefc20173756
341d4e1ca2c0916
7ee64df81033e67
99f80cce857371b
609378788591f31
533a6cbf0559d06
63a1c36347c2789
92fe1e0f328e1d8
6f14adaad5b2659
64ac54253e6eee4
85610f79abf2550
29930c9bdabdc4c
059b33fb3552bef
9884d6d0e844016
7b4a2be96dc6df5
5267e9a8f528502
8d67d7f1d4fa01c
60df3cad0a89b28
3474815a9eafbd2
8271bb0fb2149a4
2dc14c6b9e598e7
102eb9c1c6c32b7
32a09e77d1372cb
10b7f873ace1c79
22530759526a8e8
0c5ef8248ef72ac
86503ea04888303
0d4e3e2a68878ed
6c22d2ff675646e
8c7eee4202c289d
00e057b476f5aef
0ce0ae960f8c7d0
06a752413de0bbc
3dc7733ef959b97
144de01880f2226
3af4c4599282f9f
83a1ab057928d8a
6cab95c1a842352
12c99c9f88a02bf
2938f906604ec6d
69254d3c1b81475
19b61bcb0d3d99d
62536df902c5d7a
96c811fe245c48a
6ca01ad740fd8e3
08cf7f0de0def03
21c36292ab98eb0
0f28b519bdbd5c7
59278170333c9bf
5e8e70ace6971f0
2d08b42ffa85de4
70d88d8a6815527
44d5ecc4c664bbb
86e264ee47e9883
2a3e9d0268a6db0
69960a2dba278d4
29155b4d98a0e89
4d9770e104d15a8
a1a59778f020431
9debe2f5c5132d5
214fdc93fe88b99
656a1ac9309f9a4
a641b0d5282ec7b
5185843de6caf02
6d5c78b5d470644
8204ae72ebf208e
298fe72bd77086b
96a445004167741
0b43b54b2659762
984555677c0ebac
9d15e43b78d7ed1
436700361f8e67a
a9633bdaf55b6aa
6573879af2482f5
9b758737c2f7a02
7ca02b809993ecc
4809e9865a1aaa9
204057979ad579b
200e4d6f4e1f92f
93dec4b7f1f4ff6
6c4dac983d5c55b
27e767417041ade
6ce38e8bf24a439
730b7b40cbd4d8b
6429b79bd7e5ff0
53f813fe22f16ed
7828132ab3abe9a
18630538c59d36d
45ef482e135c03b
83c60d9700ae217
38ef59747aca4a9
76269212a98a44a
90b8cbc6599689a
185553c8366c803
579b0c1578c7be8
9dc99654fb79794
101a166455f1110
7380007b953ac7c
7e28eae43abeba6
485ee9ac3202593
4ddc6b6005d92f6
9c429cdd7043987
16d39b6aaffe172
74ed63e5e1a6434
764c9f8bd40f267
511bb3677c05520
6bb82e74f327216
873dcddbad57af1
8d25c6cc65a82b4
274dbd2667fd4bf
62e0e9f12967959
4304ccea8d88a15
91c387545bcd37c
3f04afd43674f6b
a84af3128a71fa0
5eb49b959713e18
7d46d490bcc0d27
12f4f8b48cb88ff
4a4f7d700c8bd2b
2647e85a8e09b0d
1c20ee2122c5db2
4e87599c1443c17
8764f9ba27fa900
44f33ffd9c5ec81
51a8aeac596c597
7efa748b8a70245
711b66dbe9646b6
8bd4e81543e017b
20a7f37ab2d4cb1
085716f6972baec
93390494cff65da
16a8f43e6e19d2b
8d29606f1ee789a
43b5615b4c3d8df
2628c4f0fd8a9da
655067d7bd535c0
3d43fb823dd941f
4b95474406113c4
64ef4565af10a09
409a9bfc1849361
1d9ec078de2b010
173c7e8020ec324
750d66470b4a956
9d0db090ff404c9
72747ea69221493
a27cac4c4d45762
67782209258ec93
8ffd3e5f2b7f9ac
a74e52b781a34fb
7b7e5616a67cb3a
47f6b4719cc29a2
1244f716bb2b7ea
137fb263034b233
009fdf369dee0e9
74828471d597e9a
3e0a429cdd9e113
6109434134c76ee
8001c9a8a59fce8
7d5846390ee5a95
7a9460493c5b71d
0d365fd7d1063e5
65fe75a8d905759
298e74fc0286b11
15d69ed3013b2ce
0db477e3555cce9
342d33360f34227
6448e9778be6781
27fe3b84a67a4d4
6673df143ebfc4a
8d0ab9306a44ca5
a80f34872d4acf5
5bc03f1b31cba7a
23fc0d15ca8aad5
a52153e6948cd26
29d07ed785f8dc2
9e9c2ba0899afd4
5790a0f037a6ab8
89bf753722ace2f
408d2b0f00f9073
39b8aaa8e06d1e7
0ef7a61c52c3629
750a84efe8a5188
4e2d4594a0bac5d
9b2d084b7558758
20112090445c50a
1ad3bdbd7b85675
2636bedefac4497
68295440d760645
35dd51810ad89aa
48c9cfa9304429f
031a28bbaaba868
90f81df6e580a82
3384170989b7386
158e4ab9d53740c
84da66dfc5a58a6
41c932499ad0517
a10807e037d6b4f
4346d2c7cda36d8
5672e8d06177bc0
23b4dc0814d87d7
565d16fa5bd8fe0
a5c56e89eafe688
461a9ceae59a7b0
8fc7d306a5683c2
92aabd78a5b8a0b
688acd2f473b993
358eacc9e476d95
98c43e87848a607
4e67702dcc29925
7df13024eceaa98
257ee16523399d4
0fd4d4157411815
4e8cc76e921e196
9bacc77ecd9f98a
79d8cf84cf07593
5a7a235cf2ac5b3
624a3f8c26053da
a189c1e0562677c
a45923c3bebc7fd
07c0aecf0135c6e
505ff34b194ee2b
1adfe70a8a7110c
4cff1205d194fb6
2c826097b9f1555
520ae1a9b9f232d
162098707d3ef86
a5b4b704df0a198
214e665e3275da9
4154e537233c59c
67ca897034fa1ea
a8dcb400992ca13
689719bbf0bfde4
a6380e0c101280f
4fe6c16785d36cd
a855b6051eb01a0
666ee23f7bbf6c6
8053df4cb03d65e
8a15565c283b082
97852cb228ef6b3
8d49fec943a2191
2e2928c5ba2a249
96bc928d18818c7
a4059b7cd755b91
84bbc415e043cd3
229c691f7035521
518077ac37863f8
88025cca243ac62
52c4dd97e4c416d
44b8c67b7e2b7ee
0d3e72573418fcf
4b738d8c3857e36
89237cd8e8bae47
7dc03970e2307f9
2bc7ff8444c4557
326b407b59c10bd
8c64343b4b182d6
87ee70df895af63
4551c2792db4503
895b621624c0530
5dc747b89bc8f35
6f97b3874df3661
706354ef1455215
a50663c03ae94da
94103c40c3b9beb
8ade892c87175b2
954b314793afeaf
0fd9a4dda007350
6ca43dc9ce217a3
a84835c4365ce6c
4341edff94dda15
615cf6c666e8d5f
68e3911bce20e4a
9b7f2de113c20b9
821aa70e2ab8453
0675398e8068c96
734d1bb221fa9b7
11481df712ce021
a31112e5a45dfb3
03e4e85f553bb10
03d27fe91f6ffd0
954415cd924f32b
15fed56f349ecf2
9f2c59529d08acd
1b781d74773998b
9db0dbec669dc4b
9ceac8e225f9e2d
6d5ca6daef9108a
7a29c665476ccd6
71aa6a209c87fa6
1085778dea7fc55
383babebba74948
a952576fbc11965
3eb41f3977eb87a
2f796a4a5184699
70e98e00a10768d
61c3cef49230b00
466e451710adb70
64f02c707d9f698
a55c6d1e6c22be1
92a15f6b4517502
1fa96092da964f9
01cac651d2a775b
9c9e6117c3bf9f3
a0eddec6057a011
1eccc09d5851d12
48066a80141cc63
97172d53177b243
846647388a9179c
3b861444bf13bb2
2dd91a0c43533b9
11a0e920189aa2f
8ef689d5812f5a5
513228e2b1ac59f
9dfe9adfddbabfc
2889df9efda1242
96a76f03979a7ba
22e1aeb5c3bb354
5f53702cc2097b1
38adfee3b3505a8
61b2c3d8b63fc48
22de088e70bf242
0df51a80ab97ac6
5e02c69df4b7f5c
1323876f34e0fad
a3db3fc5cc213e4
53e0b3f5bf47353
1885c65ab4fa48f
6e92f5335ac3897
71adae524084ec3
1fc5b3c90e5a9bd
1a3cb2c7835388e
4ddaec05280da69
78b1a6aad17c966
4dd182fd19ce0c1
4cb7b261969327a
0fddf344ea6e588
901fc8f7c6bb8c8
4e92ce12db1bd3b
9e804c76aea03a4
175adf8b6a33438
a8abd9f29975443
35cf2d197a13fea
2d0943a172c21b6
1e913cabecf4246
062e3ae836aae73
a5c20d41fac3cb9
75fec7574db1664
61c78ab8c255f92
6a6b5385e17c4a6
721fae115b769e8
6a3bb89c54a79f7
7c6c4623f636cde
5f2411b8c480016
74414cf03c53981
147d18992c69d0c
7570960e9477921
1e38894cadf9280
2281315611ba5ab
83a21866d5e36b3
0a59f6b227c29a3
23c7ba983616a70
87dd330f307e4b5
8c3a69f29e6b116
a2b2d28e09b687b
8fbe6eea5ac5714
