56016694cf8ffff
144f209705f1414
6f2fa842048fede
9e18ca8df3ad255
92497131becf8c6
9c0073f45d99185
84ac27684911703
278fc164633272e
4e41895d98c52e4
2df79aada1ff10b
9d6075002445263
622ad42c5fb96ba
2f36e8bf30e6453
06e2d2f3045744b
2901263a043495e
595aa40958fce4a
1be4888e979e843
2394eb118a41060
1e5a8d8ebe13d8d
23d76c540d71354
9e37be756072e03
146064161526fa5
3790ab43ed4c329
83e7eb7031d658b
81177c459646883
1fff5d41db0543c
a52013ff78c85c4
4dbd3759d556328
2ccac8b2dce5496
3f670c939da38cf
4f985c5f45da515
0982a23ec07afd2
846eb5c5e8a6aa7
2819009bd4034ff
6a035d6cfd8381a
7a0c82174cd5715
722234435b16430
1e6c24271437921
2b0860382d1e384
81b6fa15712a657
27b7991fa2203f0
1281ce83146b4b5
765dbbb92bbf2a7
8596a61bf089c87
64668e88debcc6c
4dee4a1100f2fe2
436b0b0c569558b
0330ca448f9cbca
614f224a5f22325
6f1fb02eea8ed4b
7114559983fa415
9e8bd9986ce5a94
514da1090417831
2f2836a55c2731e
48ffb67442b41ac
7305c52bfe9b6fc
7f92cb0ecc826a9
a20aa785f2efee2
2217f1e7cc0f028
31c3713ee347754
66903dae7c7da25
668971734b1bbd9
0e42ba0d62a7016
000a346b9bea355
91ee9465b58e8d5
73cf0fd05266e36
3b1dfaf08f44289
286da88f6f09180
97e958815a46328
65649c3a87baa8e
43745e8ac344083
7f2fff5868614fc
27cbd678de3e982
7076e8a34831c0f
155198748582698
362de83435d68e9
38d72c4dfa1a649
3687cb14af5f40b
911048501cd2fbd
3fca115b741ed8f
4763ba23fb2a0cc
3c56b10074fdd08
356796b6287810a
49d7c2729290a41
898c1a97346a24b
9b5d8210959969b
61906e4c75249b5
a31a0f2e2992b6e
099616a8f8c4ac9
8453659193ea224
0ff321bb5121d50
090f5e370f9b78f
0e594923580bfc4
5190b0802a19f3e
59f74c5fae1e8e0
316ceffd4e6cd00
7997db7d2af1c01
5c31e530444c4a0
2f1a957fab9570f
6dab5b38431fa30
75af6a67d0e2476
a5580308480af82
28a9da43ad459be
87656209f5b6d86
a91215f998bbdb5
0be2a1fa67b9c96
867c3aed5b9c2cb
9ef0f69315b6f0e
96d8c02d52f3c03
3b3e65011a6dbf9
9b50576b98c732e
8824425e231cdaf
07057884b9d7ffc
4f9176881f19f67
15c95ba9352f761
227129882e8cf92
a30d37967e7ef7f
07798bce902c148
5b48abba629ab24
4d220ae6efbdcbb
0e87e3547ca8edb
7c9d19ab4fd6d3f
0f8f21323347407
50fabe91a315968
82fcb38312898a7
5f7702bbb27dbde
4a37f8686f4d514
9e149701fdd7313
00675c32f0ac7d1
7cc54c19435f7f9
8a4a820262dd294
5c75f6896a4b6c7
276359037e6cc80
6c221184bfeea89
35c44f276310453
89fc2273c61b1f4
a416cc57db72ff3
8a9686640a8f9e6
643f5b2c79048ff
49ab41f8bac9895
95570974210f2ec
43826856fc5e630
976912ea9e3f6b0
750b1bdf59fdb18
1bcbc5692a0ebfb
615c8ee2602c7ea
4c79d3fb1b1e1c7
7be10dcd201eb4b
08b7329ac263e97
168d588c29e8f56
2f2d0a21b78ce8a
0c5e50ca67c5889
a78b81f92be5442
3ead07658ab224a
811b707eec850d8
394ac0a0a7fe788
91e2b0027f1fd7d
1bca6a6ce9d7b62
72dbbf757c12288
2bffe55728871d9
7171b23a13d04c0
5df1efbc99ae9af
79f5e2edc98be23
7ebfd27ee0dca72
10d873231852ed4
4a17085d88a8b0f
1e2f472385daa58
3b017d495e36e98
23eccf22ee1527b
0811fff77c46c56
13e1b7d215d7ba9
19a5f3042ab1447
298c41d2b84e459
21b11217301c697
9752aedde25742a
2f64813f7a79e9a
606c10f28e12056
110d804128053a0
8fd0d15d45c5cb3
1cff73a6c00828b
8fb8f90a45c71a4
6e940ce05793868
a4c4bb49a57f702
9d9382038dc64d2
6a0006dd2423470
269c0efa8a30bfe
6390d5c0ca0896f
5874fd544e97739
45ee84d44db9464
5436e3040583d56
377e2f470fd630f
7e1ed1fcccdff8f
2efb0cc50bfc117
8c5d533adb04e7c
5b7edaf1e33f3c2
92b5996bbb3f537
6fa966c3c17128a
3baf1390c87fd38
5a04e7cd37d83ea
0d941f3b90bd5e6
84f2532f1f357dc
7c6914c336c07ad
76675dd9884235c
3aac7bafb759d45
4b55bd2346dc1a0
340c40f6cf71ddc
2c6223eab7b2631
1403e6a0392a65e
9b20889fdb5ae47
124c33a4c00baa2
9da9e2980488030
19c38ce9dd7d907
a56811b6311eca4
8976dd02000269e
0d3db6f368cf83a
1b547758b052e68
002a1da6463fabb
9915745b5c189b5
20f36a3030fd518
32f38cc169c3f35
62e2fc1f4657dfd
120b58b05e33748
953d08194f0606b
75eef9a5bfa4df7
2957ee501e4350c
1dfbc8b5c6074e6
92226e9277b98a4
3d8616a114c3da4
4a2bdb3a9109a07
8aefa8c45ba8cde
4a4706ce728234d
1d3d9cadaff70aa
9a3a20614f4f154
8e190d9d5cc88ce
8c7d05ae2e055f3
46b8db76c0412ce
8a79c433087c159
01ff7c1fa9843f9
91d595a2e1fcd82
6c8b72271813452
401600939de7b96
224d76d81593a14
5462f38b700daf1
9ae2c178c59af6c
5e73cb0e984bf51
45dee5b0eb72ee2
317c5e994a97bf7
98d3f7454b8ffbc
3814f2226fed0fc
2610798f1ea44ff
9ed16735f036dd8
9fe8160e3a6bb6e
1cb73c925ed4bff
58eb502341421b5
1ff0d671f2ca519
723d801b583bfe6
98fdc909b26463c
a0e054857d06f45
45910706eaec681
1122ec553493cf4
0a53ee83da7b5f8
21409d418d4b651
66c92d495063dcb
6ba0bd8316d7d52
524b742be3ca394
80b1f4fcb34b00a
553f1e3b83bc928
0903f3f299d1bb2
3a1be8c9acd4467
6df1bc514c2ee62
151e8d6dedaad36
083dd010693ddf7
0bc04ac9a8b1dab
6789bfee65f033a
72a950ddee50ab3
8348bc4764dec89
78e1aa5efe30fea
1d1c654d3a4fd30
226411b989c07ec
119769ec5c41435
65297ce0c84cc25
5213ff0a5fafb11
4604ef8244ba186
53e53d3146c21ac
4fea6f50d4ca7a8
48cc86aca341984
6f0a028835d02e7
91f7cf0d268b658
37e06ef859df134
8dda48fe08548dd
87d2dd82a9b4bc1
1d1499ebd13b861
886ad2e2a94b467
12a8fc8cb75cf83
6924ef01bb4f7d4
231d984c4a8aa57
1572e868fa67467
2fd7c88cc7d05f5
7611b2252627c72
95147563645c520
2c5fe1786f60da0
28c6c88bad27fce
1d0141083e7a264
7d8488bfa713831
3a4f58bad533dcb
755126ec828983c
50e14904c9b2c0c
466bfb9526ef1ff
7ff0868b2ae8306
0319613d02c6163
41f6aa84b38a079
a2660ece9007edc
240e95d49a93e38
466e053b1a743e6
4da6b4df5710404
6d4116ab5b857bc
6833719fe379fc3
3eb04d069dfe275
72498ab9c989268
4a277181bc782ca
277750fbd260c3c
1c373a53e19f031
a28df9a461ca3ea
44503e9257aeb9b
062644d76261942
7992ac65ab46876
199d67c1729f61d
5972093faf1c976
48b71ffbbcf1cdd
5920b54b62fe5a7
86ec2830b4120d6
7f32f9ecad8e655
904c2a4a7b59f73
41720a916b4e2ab
07c7c9a3f5f5eb7
87717d51bd3e078
8394c1f50511918
587b88be054897b
04cc6a90437ef2b
2f055d4810f5f3f
52c8b72117b370d
1b742aba0acb191
6c148698c9338f2
0876d5831f658f8
2e1296355bc9f15
66194bdf1239da0
5225b2662916f17
8aecb6bb715dce3
53d091999cbd720
708d09d1d6d27ef
53bcf60b77ca6a3
4782267ac1263d2
627a76a1df18c07
60621f4b953655a
7d13a05644b5042
56a7fb6bb155e80
8c1c891700a21ec
99fb0de50796212
951c44b772b7cfa
9896fecdd598fa2
a7187352492129e
26cd8a5733f27b5
32e3b6304c821bb
3d1df6965befdee
3139b3e8ee6140d
80d2af60d105d82
790eee531e5123d
31d7c796ee2ab26
10f32076add9c0d
82b79e684565151
7b50b824dfa8094
a40064525842a9a
186152e2409aa0d
8f0b2b0a5c3bea6
3be89886899deda
23cc32eb3219e98
7873be1ba909e4c
2d4b13c1163b18c
007a6f0751c0df7
697159dcd2fe825
1898f7b025661f1
78184f81cb2af31
7c536683db769b2
99dc98e1be45d7a
6d2dbb8ff6baa71
21aaede1036c81d
944feb2c5d459c5
37f7510dad9a260
45bf074102c9baf
24b2a7d0cdc1311
3260632beb3c093
4242aacc93b3218
783a78d485278b7
05fcaa5dede14e9
5b89adea4bd3eb3
1c2da0a7d8155c5
1e95d186c21974c
18726aa6a819aa4
4d1accb02ec7b51
734e66c8b00d554
5faf6e6e438f574
92e02449d27a2a0
744b13fd08a428c
512aea5910d14fa
7c4db499ca469d8
19d90662768af2b
594f8511a4d410e
268556e3fbe6c0a
572113fcb462841
0c3eab384a37cba
958b283c4b33ea2
94ef93eb99641a9
1ef0c82ad1a260f
157d8401d6d7c55
2e039246b82099e
79e95a0ad21ff9c
a6aa1bf72ad9b00
62595a5b4d38b55
9c9a250d586a218
a053c49e494cfd3
9e002741dd9afcf
89ce6f03d374a3d
909f207fb149f59
5a38d891e792a9e
890a61cb91c785e
6959bd84752e943
5946363c5ef6d43
61d9ca10f839360
490e032d885be0b
596d4f4394171e7
99f4386604add18
928c43585e1466b
93aff90aa3835c6
2bcfd1378acbacb
a6395fd856d5782
a176093b6d373fb
4aa74c1dd5ef542
6a25ba68ec3df4c
15473283241ad16
4f4b7bb649b9efc
6545d1e9b853e3a
35197c8d343081e
49b80009557e615
1efbb45e3b15cfc
98f1e2fe57259bd
876af6297ee6d30
319f5965a6a6415
171dbb804e4a86c
2d1e2a8eaf6e914
7c8731677aaed7d
0c0a4ccdf71d7b3
767f168b1f98057
3c35e73e1b50582
16f7d9fb5c58995
53c193f23ae7b10
807980b2358e0c7
72992b02d186e6d
6993af288a66725
9e945bb4e6b1a70
65fada4ecae8830
a292b82f72c19de
701affaab189a1b
8b1105d125e0e59
71612287376d993
18884c90877d5a7
0de9885a4c56bc2
94243d1e0415e47
4f4337f7022ce82
875eae586b6c501
6b9fe80ccf48313
5176f7bbb0ee586
4051f1fdf06ca18
3477ea59afc9081
48014ea62871be5
754d8092d44183a
37a7216fabf6ff0
66fde34a153b5fb
2d01a8a1b668b0c
1f51763366d231c
7dd55e5eb85b9ff
1ab841b58d0d70b
47f820c7e0c1208
3e2a1365aa35cfc
a8c2044d22e5c2b
8f7105199056a25
789e8b30f64218e
8d27ecf4a11c38b
7c333d5eeefebb7
4dd72df52f0e768
a55a39372d9a0c6
29467ae8d32ff51
91ef9dfcbd62ce2
19e59b2d21d1421
2bb82e19a533e2c
5e85fe049c6c2d9
a94b9ca12952b80
2ccb0c1e58586a5
199fe0a6774615b
786a6aee6c606c4
06a3e83e72db0ad
6f1223fa7736e53
0a80192e0349013
78af745493569f0
310c1c49ae49de3
11615fd3932840f
20276dbda360dd9
08807757f24d990
20b4e49e9b1e73c
961b947823aba6f
3ecf4421866246b
21d2718b089b343
2a6f0bb9f83168a
8fa905ee20b53da
12ac2a21166a3d1
7c54480a805b7e2
83a928fdefd3d5f
41c64989ea5b636
16ac5700481de6b
2e12c98823cdbd9
11c833bc3752894
7a41d97996a4e25
801eeac490e61d7
83f8aa3f65c1da7
28d33f3c791953a
9508982b864d751
95e492bb3a1af7f
94e35078bd9bd85
012d9ff00818d45
7e7c1bc8a337bfa
9829c55200b7646
6322da2ee65524c
6214c7e41b295e0
78736bfdf3b81ab
830ff0cfafeda03
0272e0d9d4ae40e
83086d196aad631
6642277c773af28
02232d78c1efb80
3e113ac7bdec713
3696ad892a16689
9bf7df984b42ce7
574bc46045ae856
14e9617bafa8cd2
1a543b43b5ddd11
5b001803944420c
1ff6dcf936e9e00
3afad9c87677644
25a6be12b921ee5
5a6ea8e5f8fc962
278b8813fe5efd6
8da4623fc4b767b
78affa9417f9474
259c79a3930c4f7
38f3f9f6716ec7d
214c29d61c2bb53
812e0624968198f
41ab3b7cee51390
8e3dbddba517fed
640967eff474fb6
44a6261a1761da4
276f4df72d66eda
172400619cfb7a4
519c44c5739649a
60a9f5567710876
a03fee45e29ac35
318ec9f3ee2e486
826294f39720e40
875aef0a7b5f034
4b348e101d85ef5
0a4467ef82147e0
3b70857ac47150b
a22fb664b8c280e
65bb586e8335d37
7e84d1df9ddc3c0
97deda83e0f753d
329d58ae653e9d8
7e9f4378c24621a
0ad1185c5224d72
38da6065e4a580c
7a53efa3e048833
6ebf5435e868486
2484d4d4452659c
6657fa5eb6f16ed
828e7345f2ffa5f
74d5ba623452793
7fd2bf31a0af675
928ec92c6cddf26
2fc8a40ef988640
4465de05bc5cf7c
5feda45fcdf6714
a35061586ed21f4
3f82c8e5925e805
97d3496f63aef61
68964902f94b96e
a7751184d463f52
42d209c9409de15
77893525f8d7207
055e8b0f0d15210
482d066ab491bb1
4175e96c66636ce
835da9d0965c736
48f8e7d64b2de34
8e1f9e98640614e
6058cb538208e6c
68eb44269f4cdb7
1706b74f77cb0fc
459bc1a41fe48cd
51052635a807a12
1cf0eaf37e0e0a3
75da94f7bcc72d1
2752ca70e0acd1f
9088497c80d9078
9683edf39a587da
6660f6af15e9908
718636603f917f8
335c3cf03868110
9f4b63290c0245c
98c5404250e32c8
84eaa78dfff2e36
4793620f09e3459
a90c5bc89e359ad
0e456e20041f4d4
602418a7f011884
2fa11e2c599206c
a3cc745a4a4ff86
28d0f75007c3038
1d153766db4a572
0992e5db05b9df5
827c137604bb9cd
09cc1e5e182390b
93ba87d3284de08
81595a669b39f8a
98a9d4e95636936
2153b179e006dcf
3c8cab005da3200
3809ebe14f8acd6
000c939c1a9b7f4
2702c986ba987c5
741af269d801d3b
911b3b059b80d9a
7f8a92875e7175d
6bc3d5fce877198
79d8b33f3622fa4
0cfe67d07cf0e4a
98eead0aa3f86dd
187996e7f55f69b
0757d36ed7358e2
26cbc8f5a15f041
606845f3633b650
4c6dd219232ab0f
32b759bdc13c141
3cf6ea517b5bfa8
2924db2bb45a5d8
25023636a7f8ee4
0c0334018d380d1
52c0d6e4554646c
4231aac6dfd452d
8dee5f5df2e41c5
0f316aad5f7a461
4b86065970efdad
3604b00642dd814
61396b7f499b006
961960275ebb021
57261584557598d
a178ad25f2703d4
37db75de8da58ff
7de839dc411db84
8fe9768f67df0b9
a23fc814e7ff56b
7eef227fa92fd1b
53a89cdf5a5c04b
88d1610aeee5df8
4e50d00115941ab
1369853760f1dbb
59810c212c398ef
9fcd0c43a648dae
3de540f496efada
434956881daf6ed
825deaef9418e76
676ef0b93e720f0
15e34aaa292a24c
a0fa457e0836697
7244965e7d9a848
9d36d273864c90a
a20ff75b0fcb846
7247cf341576609
2252b9f7c85a6a3
537fbbed0d5fa78
45af973871180e1
708eef8b2388da7
2243223238b992c
4bac28b5b4a8ace
396785e1748f8d5
13b2149f8b8b068
2ca7b8512f62bf3
56bdb2950ee4d3b
797532ca9a4367a
78db21ef8ee250a
a5fd347d79462d7
8c2458625ca6a57
57a9cf6ff2a9853
7f05f87eba47ec9
541a9bfb1537f24
0e348da001c53ea
8dc6e96ccb08821
1291eb6352de56d
53a200a8b0d733b
5201e7379dad2f1
3ae32ea2974a12d
403a42c98085b88
211785197618c5d
7fa52eddeff6074
90f63af51c759e3
82558e6c2eb0b4c
9aed958ec013fb1
807fdc6717ac42d
44e357650fa6456
5b58b73fc7d3dda
66e9f6bf123d9ac
057a451b367352e
87fb76c2223621c
999d71cdc2ddd11
7e8f00c91e5fa6e
184811d11aebec2
67231bcc8f70920
2d064ff6c9af970
341b07bb11822c2
817ac79919e6237
9bef26d2705df2e
6e6083a980dcf8d
322ca41e51e44da
31a1e9d2d867ef1
2d1d3a0f66b0eb5
2218710803df89f
4109470a1d426f8
7f32e8078677bcb
a3e3595daeadcbf
04844387bcef4cd
14cad73d39b9037
8fa5250e61184ca
6457a04184883fe
4292dcd84d41da1
a93a274a4ed7998
82bc4628c30d465
4958fc3cbeb2597
7dba554d0d7f4e4
0ae69541840f876
066b8636a1ac4c0
688b4cd6b0a2a75
8bf676130a63391
0971535524963fa
1793b23ec1912f3
0333ee88c009356
a74a700dbf0c40b
45bff87295bca39
33eed09431b0d6e
25ff5045fc1b7ca
1c9c0765932ba13
493650055dbf598
5bb772c6bd1e831
404fe2fcc43a54b
4cc90bb5ac46e65
8f938110027bba9
a6652638a482dc3
50d10a36a166816
381f789a7412289
60009b5d494a7d3
90209fcf052e13b
46b4850e041e5ab
6426c7db8864ca8
0132f1d1376e40f
8a384946e7cb8c9
7f1eadd3ed4c239
82c6cb601ef92a1
34effbb1cf30019
6d5e8a534c1bead
372e9e0e4aa64d9
8f28f6e547b6b48
33576d28dbbc554
5f12c511a627370
a4dddee51326b45
31f28dfb370eaaf
22958381e4834da
007e12e0ba995e8
9432b33fd53d831
5b6520c76b16c62
9a636e0567f1faf
2ddda246a2468cd
4aa7b711e8fb2a6
0c2f070422009b0
4e94889d3bd199f
0468ee21bd9f9ca
33226e98a0d4aad
65ed886a3b10fe6
6c0cb2685c865e0
3aac5df04ef8d09
2c34a87cb77714c
1ad976b09b946b4
3ad471ca1526bc1
95d2cd629d2dd86
8bb245e6d493c07
51ce05e8caf2f23
62afccf6932aa7d
99b45544c1ce946
60baf4dfacc7c41
5185362e19e056b
237bacef3cbae98
8fbb9bdee89c104
58dde06dd570016
1b8e842169fab23
42966b8afd585d3
108e3f05f7be402
569c9ddc38413df
6ab07b28eec0271
2646d4e3c3af721
5be93cf24d0e4d7
8c6b6a22c3d09db
9aaaf22ce271a07
1f09744d0b71340
66a500cc73df918
163f5be5dda5446
58f44de075fa7c9
9b4cfbbe3f758c1
7ee093455349d26
3cfa78a2ab703e5
1f7192d59987666
86bc6d979d3f38c
819d8d4f2fb8ec9
a6eeebdcbc772f7
1497af69ed79793
618457b35374ed3
98657081621a096
a04b145aee9c1f4
3d756b1749b70e7
388d54ecb19f707
99c0910278e639b
a750e531e0de600
45d951b30cff963
26bf084432ac190
a3821767bf9abc5
96305b280f21b72
9605cad07463e41
72c32d6bc1ea2d3
1cad7e27a85cecb
217f2fa97c897cf
3d23d77c0af759e
880e104e75d0615
774bc6cee6b6205
2e4114921299501
28506f1d313fae4
1a409e443ee6d75
0bb20ab0810d230
40ce4700300be1f
9160e00ca384e09
068fcb1f06c6a00
7e6ffd446878dc7
220e48b8365ae2d
87fac9e4d9426f3
6fcd9e9aaafd5c7
7de0f2c16a00c4d
a3194ee8d87ced3
7852d68f467f7c0
6cb3d0349b418ae
0cfc96bba95b7dc
9e6fd16c44bae17
3a9e76b89a2f89c
2fd1b0458bbf0c7
a87b9a0e2e67f93
3a852cafd58b89d
73e2ff367f193ce
a91496bb12cae3a
65dae95123b9c7a
5e4978301e49970
639892ce762cf25
604d73f44cab8c1
2a704983892b686
288541731060681
26b7cfe5654587d
248ebec178d9e47
4adbe1be638e598
a4b23b194205e7a
67f1ced65cd5918
410debc0363832b
a89b56fadbabeea
092884f8a3e7ddc
413976ccf7a3c99
7ec760f86de8395
87e836a90ca5dcf
4244d0b0dccadba
4a9975359db86bf
8af543a3c56522b
0eb5df051f56211
490a3af896710af
94d6ba163ba5fe4
51273d1696f9f18
1d60214ef5dcdae
7a7193f9f915cdb
2a23ec46255229b
8bd56209a61a51c
1ab142f3dd80dd8
619c97bf89bf1ee
4a0f5e4ebd5fa14
2f21a68f4714370
8f6df8e0a044bd3
582353c31aab3a3
38cbb213a183069
050ee1e980ec992
735c292fe6501c0
7ed2791b3c53b6b
3aa309484637640
a35b1cd644f7874
20dc9174e777a1c
4044e79ed640e69
0e9c8f0916dbb64
0af757c57fe3c76
7852571e4cc9be3
075e4a4912cfd1a
4ebebf966d87502
4a8b7c2c5bee09b
41cac1a7d9e93b2
a9606f0ea998ad7
89a42791f74d778
6f7bf0a28a942e8
9f04e54af29a226
4aeb80e386966c9
100ead0f83faa0a
36747cd09b6edae
33466ac86cc2e3f
3808a04fcd06111
a5f621867b337b6
0570706cbcf33a9
47dbaaeafb0a563
20f6401ecb22776
8e62e2ea3a17802
9423be2f6997cc0
6ca8ea7a9234830
73111ebc92053b7
3afe28bdb3313e8
a8a80d9e27d5cd3
0a492d73b4b5fc0
039473f412aa49b
120d052d461bce2
54545a51e6bc3a1
0c183210d456110
0714d089edc6fdf
9a5aef20a325cb6
0ba7ab70835d3c4
59078eba6000a80
493c317c94a2c47
10fde086d8166da
3954b662e1e7fd8
850ac7ecf5a6ad5
56877aa06b1164b
6c99a8a6682cf10
51c90290e3ed9da
73b9ee7ad9eeab6
47b20026932bf74
2edaabe43705620
a3e2d3f2051c462
21120b6dedafe50
8e9fd190d0dcb3a
687c43d13bd930f
6af37b7fb4b1b85
64e18666d2d227c
909691f19db9e1f
a43b174ebd7529f
46a3c01dd05f142
9f93c3eb80ab9b6
23561e4370ef59d
749ff954b772a3a
38c1d11b476a6db
8cf8a0b48ab3da8
7d29b255fd8a03b
68f83be8211ff1b
948dac054170038
304f991a1cba920
7585d5eb29e75b2
42bd764610b7544
a6f7542f08526cd
28795342cb30938
a83b5edaf5ebdc6
a1efd823ff0863a
230cc3f9f5303b1
8733d229d645013
95eb731f59f997b
7c5fe04e2e05f0a
7e4f95d94d5bff0
3912551adca04db
466bdf8bf5c0928
18929daa39f06b9
7ded1233dbe28d6
357a2d322054cce
976369dced9fd85
0f6190f9f5c06ae
a24e44f25d7808a
302839bda5c60ee
448221f62d4c391
95c8e5487b55699
964fa96cdadf3a5
8b08399fa7a668d
9536e84faa144e9
23cb5990ed11c9b
2b625586c641970
77ffda0f57c2cf1
8539ccf9447fd07
04e7b85668b92e8
9efdc498baec06c
344c4f6a038d415
8885aeca4a13ba6
924fb01084aa717
735f291452d3a3a
920fdb9e1baceaa
0af3b1ddc8f2772
3631ac75cbfecfb
187f193ac4d5482
30a381e608cfe22
6088bee37c4c6c4
128e653dad57fdf
00e150fde615980
12c85893852b47f
1c6f4db998b4f8b
28f8c3742c16139
93ac5942a205585
496b74d139067b5
715135d09a8cb14
9d23f9f0c01c9d8
1d6998f25f1b8c9
3852e23901abfa0
712d43a2ab036fe
44899e7dbe1cc68
698daa6f59e7176
586c0eca18717bb
7345ce4d97352a3
30a042f2477d009
20978825b381430
43214ab5f600aaa
6988f995827deb1
9b66cbe197ef22a
65ad70d3491cb1b
342b7ed48f5a7f1
47cc033773ef8fb
10cd947013128e2
97a7419a5642e13
682126cee834d58
34018f1bb8b942e
8352cd9c89d72c7
33d5d472f06846b
39249753c8e8cd1
323a7b1164ae3d1
45bf10799af2f75
2ee1330120cdf28
3aff5e76cd6099d
89e675411b4fed9
3d31890a85b5c3b
6bdd70a2f6a4b4d
14c0c2875855d0a
a0bf2aed2ee99c9
54bb1a9706dcd14
6359271640156ff
298d2f5c0d171ef
993145234e3d46f
7a3dcff70225daa
3b390d536faf20c
3fbee6cd00575ab
8999cb8508f615e
2249630f8bcdcf9
10001e74d4d0b90
727214e47c40b66
396586bb5e0be35
31a6e406e51ddf7
92dcc4ccd062b4c
4ec3db28f23f401
89b9d03915aeb26
2dd7ff4061f0acc
91b75c9372c5f1d
61463a828223c11
2fbd8909ee83210
14071c84e879ad4
96b0b03e251cc13
3ffd34e9dd6609c
8feb54c4e951cdc
10c24235319a16f
24497a63c1a6cd2
5ca7314d780da3f
479012394afbdf1
9c7f4bc35d19bf6
577b3c735e39ee5
544ab31531e4d2b
44bd9cc7eb7d854
6ca8aec12ee549e
1efe3523e5eb7dd
94016221e88cb5a
a9ab46f02719974
98fd5e24e2604c2
445e7b2874fe1b1
7831168124cef4b
1e2b1a1f02529dd
0ed34f265d1a047
805f89e8c2afa9b
0e7902b086b1e1e
8e485d6791cd45a
00b170ec332406a
161c6bdefbc58fb
826e9dedfd35a26
24fcdcbec1f3108
6889e9933f033ea
3fc09636d335e5a
6b6b2da3f4a387c
14ff8f0560fab33
82139f08757167c
6f34b709f9fb5b7
753f3d916fcc2f2
8175e55b042ca10
7fd6fa080a99795
7452c740cec92da
346ff59df7872b3
7395a3388e6eb0a
7a0c87515b9792e
56eee308877c5db
9c44814ad907e41
4dca68803321022
3fafdb2723fabaf
4245f9d063a1443
79859332ef0ba0b
6491e34d9545031
1ccbccfe367e0bd
8c4ba24b3b0f125
2c5079ec1b9d931
0b2cf9f42cdf5f3
6217013028569f9
7efb40b3f6ad6b1
a1832f199d37a31
5bb28173c9bea2b
49fc4e002136eaa
26c673a6adf5304
5275cec3ed846cc
19da6fc8ca6ca5b
08d6d34f851740b
74401272829744a
0440e6a4b39cec8
3b477ae0cdf3b52
848ac8372c7c244
8d67c8c352a4d91
39587fb248f43ab
a83503f716a6786
3c071c8776493b6
a94df5790409d18
751297291bcc661
346e255f372d55e
71341798816e05a
557218f09a0dd98
5293645b8f76be8
29e52ed9fe821bb
722c9bb8c66772c
7661f6c5c4b27bc
68bce4bdae18655
28c484b804d1b1f
09ffdfc6175a9e5
475d952a0dcb0da
898949f2b2e81b5
7a1ffb59245f0f2
85422f6e1d7e846
a35831cafaf2679
3d7573eaceb77c4
821639bbbe66dfe
493c18929ecf243
3578222beeff035
17fc2f4098798ba
45e40b3b5a06330
7d7f54edaa2fd4e
58be4c53e3362f2
958e17946150e94
94aff34c2565dfd
a259d26936094ad
8266832ac18b43d
68d986c4e963c1e
7d6adefd006b086
1b762b043182f40
5d4537b9b8bf30b
125ed6f938ed811
13617d40ed65a4a
59900b143c2a94a
30fd979b37df27d
1822545218802f3
8fec95e02307183
4a7688efa483c92
00738f5a57638f7
8c263e97d031078
a6b42402ff2f4c4
839228d6386d71d
1c5ea4450dbe918
5aa3798b408554e
52934923eb5bfc5
0bd16e2c13536d2
3d4d86b07391e50
582af2ccecf7e80
4927ddf8430f1a8
7962bdd0b02dc85
95c7b164c3422d6
65a931585d5d429
8b39d880fc3e77c
623c3a97b949d77
179e9981abb57c0
766fc6fc4e04921
2fe8e9571937886
9c8cf5c741629ca
9d9c17ebcff100a
2324afa88d0bbe1
3eb750cf0a531b3
450398475fdeccb
88d813abcb7f03b
1cb38395279d0c3
352e25ac17c0212
7312285c07f9026
729bcab81aa5458
9ff0af44ba046b9
1d628e01ecc1eb8
41e5bfde1442393
90550cd0b746c29
1739ff67c8d5506
112d66fa90931cf
39ba3b23ed0dda2
a3e5665e1eaf69d
56e51fb3bce1662
19c2e6c12da3715
45c3ee5c462895a
7e1048e7fbe34ee
6e62c56912d5859
80b1a33ee98b849
43dce5db0c3a0aa
9a1928e93a1c884
5460c08b2c06fb3
881f6ae6a5fe43a
9aa7749824eb325
789dac063b452cf
882218cb77e4a59
4f9ef882c7541d0
06d38ea1e91cfb2
015f635f574b15d
8b26b3c0bc6ea3b
3cc4a32740d7127
322060867323ae7
a95c31015b11040
3d30f87179ed325
1afb5436449b21e
8e6e07a8cc1b44d
7add4c53a1824ab
28093a4d8fadd28
1858ccf692d767d
318e6eb4bf8acfb
a0af155d1b3410a
3c8ad186da69fa6
7cf622fe7544ef8
90bb4957981248f
1db46051b11992f
a35382b4fc0f896
935f662e2390d4f
21e1c893ebfd55e
25d29b70ff827e4
39a436a3cb75e3f
079de55f14ee673
9c759f4400dd2ac
a6e052006429149
5e6d7a8280f2168
8c230c99520e1ef
0e986a8004bd7c9
2375b033e8b4080
3566e1ba862652e
a002667f3c28a5e
1ecd1ea851e7346
3e13da63c39ffef
910a2109cb5a5f2
9539c369324b7db
463322c3e5f5022
a4ec70e69cfbd7d
7dd15b5cc269476
105891148675f84
0e5b37014bb20ff
09388e15aafd8d1
407d2ae22351a18
607c8e5b71d5360
3038b311148c288
0c2b1cbf3fda3b6
04ca7ca1a7723d7
8a0a002d2b2a007
384a8fcac1ff120
7c52811a830693f
975a66bc3fcd9e9
1c0d7c51bc328ee
3486973142a09cd
6be96ffa824cfbe
9b792721206539b
961e4d4768e795a
737e9f1aaff1b7a
979c2bdae3aff8c
4713be27d00a2e7
1d4a19429ca9fb7
851e0785d1c858a
06c204262dd6b78
6a60944171252d2
78d5793b0ca2e31
8681272032faa8e
84268f77bc1b2a4
7b5408f62ebfc04
56b884592a75a08
44111318046901e
12f5641767786ac
9f2932d4bcbff7a
a6dbb12f61969e4
6f64f693304a216
67cfd66fc8ce00f
0d64b3f68c98778
07f815a6fa4154d
6b2512b122bc56e
9152090107ab051
823cb016e98efca
5725fd5a43d3b23
91905b2601da616
54f4d4e0379a9d7
08570c7a2b4efb3
85dde9cf5930964
01d09b05efafb7f
0f86e8b3bf61966
93b635ad21cd487
846a34cebbebba6
3df24c52f4a12c8
565a699d5399d81
6dc4fc36cc5dd09
72ece95848f1e65
5305ab8f786919f
7c2b9901a857ca1
67f61d181e242a6
6be83439fee0203
090c12c5f94700c
a07d8760f25c5fa
0927bc37b32a64b
2e62a52e83815bb
a8c18d262c23999
9872a3a594a7dad
50e69e23b76a1f0
966af0e4a2874a7
12e778cd333e0bf
204f4ef1c45739d
00cda60ca39147e
913d706552cfbe6
1b6d091004bff3e
66d1807658b7243
65427ad70ab75c8
073fc0086e767db
7d11bc19a4b4387
4b13fa95580660b
1e0cb2ab9305dba
8aad7d460610f2d
8b66aeb090151dc
2f3b88d10c96bd7
8a47a9169e891e6
7cd914dd365f306
43c8a214b03e669
321e5afb25680a0
9ff102a3f684840
1f49ce31d8bcc12
1b55c2c516f0788
2beb9ae38afa192
170cabec7b61cec
39c15de4e8ffa25
8a67db045e85c65
07815f0e434ab08
7f261ac91f6cab8
3e2aa9ff087d5d8
9ea2ad3f276fa01
6b3e9a69af9c7b2
97ed00997d577c7
39765c99de5d5b3
0bcf058eb890f67
9e568d47ecba3fd
0a170b99147620c
07ed75288a9d9bd
31b1f81a540a043
7fa557ebd46a0a5
07d803eecc21e80
3289fe471bc272a
68419612d676b39
5d3b92af49768d8
177fd9d8eb791b6
0898e9b5e950bed
52b2909344dce93
2ac73dda18cb110
178ba6de90f4a1d
8a610d194f8050e
1f0baa1a272ef96
67f9f1bf071846a
0974acea7e35249
28d933d1a923216
54b1e9aaabf4f33
526b34942f71dbe
a07030aa2237978
31a028d55d55c09
4c03988de509658
78748a99f13be36
767d8a5b7cd9c30
89a86561997c9a8
8b6173841515448
5dc8d0d314626e6
039b86e1d647643
96391f946c6e224
49b3a4f15c7ebe1
8cf8a48b64cd5d9
24ca6386de21651
5d964c0f857df6f
467a7e6f839b8bb
5bbdbd1cf349669
25ad981c9466649
8e4352ab7aa057e
022835fe51ab220
75db3e461db4c9d
225bf8e4675c5c7
7a592477d77ffe1
1b60d40cef92f3f
134a0da0f698a98
6785cedc209e1b0
5adee12415f8472
0b44cc50be14407
88fd148334eed85
94ae1e72716d4c4
8f80ac6acd2f5be
25f335ed4a1a7c3
15fd6017a826098
6596d351cffa469
6fc06a68f0365ff
8006dacf31635bc
215e89aa0bed157
2fbd7d05f7c3655
7d3df96aedf8e6d
1d7162b597879ea
a4329b8133d43de
3f45144475ed297
3f2b42bdff50fdf
408a2026496f4ae
a2fc322294818b2
8fe1301f89a83a7
18e222e7b929fa4
48f5e3683886eff
966452b2310cd10
84ff51b6e43b6cb
9e3b23ab136137f
32b011fbbb0130f
7bd783d3d1ef5a6
16b02999eef649e
075a4ce90330669
082262e0a9c4ee2
9e87ec8f4e89825
404209d143a321d
38af19e68ad6ad2
85dfa23910d7f88
636a25ca4e9c451
31d32a392a8f768
5d67c1e2f2e2629
26e148518c7dcbe
a3bbf74966b6047
7c19de452f464cb
19305676be91c42
6658ae9414f08d3
842bf15a2ca2b1e
28cf2c5be8e86ce
09fa6b1316dc044
095a66f6d21cb4f
36703b879cb9107
4a932f8dbc6d38e
904b132d1be0b14
a4da7a18c52544f
5189d07e9911780
39a276f730efcdb
1760567d816c739
8b4ce9294bc7e76
8db09f096266ee2
572ba60e5aefba0
5cb212dee5baf02
4e962ec1c8c7d2e
673cb04e70dbfe4
187080c6c6e1a10
1d49340a3acb12c
3f98bdda4b08c45
5fb87f0a40a2ad7
952e65188ece104
3d9d470b9dcc0ba
36ff48352732659
8e1d0ef5bf28bf2
2546362ecf4689e
35b3f5b7fd255fe
4acb6d64a4f1856
2f2eab054088ea1
4283e41da59258e
9ad61de49f85b02
20e8ab47f534df2
366d7dd530bd08e
6f4f9c3a3f5ebe0
86aa20e27c00fd3
7fd0e4091a78160
9cd7595345d4a1c
58860494728e4b0
7bd4a1b4a927f45
9d33a82d26257d5
3aa52b85957b309
5844c7b7fbb05b0
96ab772088f3dd6
0aa2bf26f706eb0
a22edb8f1a0de4e
726196336295727
160c957442011ee
49592c39bede555
0d031898ddc35b7
7588d7225a0b847
7c9d43d70bce66a
6117028ff25e6dd
7917f111bc2e239
7b80ee4a76259bd
664960423e19a2c
9bbde7f54428651
9e4377ca53588ed
052ea98b2ba2b15
201ba92eda24543
0fe527e78c64333
a860aff5dedc6a0
8182115a90c0bed
2c4e2a951c61630
62095f7bc555606
93d55a9e5b460e1
4fc65506f87dce0
5bfa9304e125e72
4fa4600fac9091a
2a27fa078b34057
3cc62a2a1aea9eb
3afa8fe886e5af2
4c6229c6a779228
167aedba9a05aba
6491c346964652e
7c46f4a275cccbe
6106713a50ebafb
0e4df2fc792d883
897eca643be56e3
a3e241467c2d421
1e6cce76872f9c3
96a58ea3b174683
42160c030178175
2e74cfe20a107e8
52609e4d84d1c7f
35fc215b7257d46
7b5a055070b90c4
59642a92e378485
26db4ba7798583f
8a7a2379876f94e
8a77e869af7ce38
06b32e07a0ad2c8
154e2b1b2a2d9b9
7b005c56c282cfa
1ad473c6fa686df
997c6161ddf9aec
50dfe9303856f7f
9e9c3e8437a3a0d
5d4bdd10fe75ec5
25904deb5258aab
994efb4e9bb4f4e
18c77119ddc719c
810919660779302
5f6646567d20b5d
4b62a7c0b674597
4c7c0b0807154c9
0a80ec840601d76
8e02837bdd0f8d6
3aff2941307f55f
557bd0fbc377f5b
a8b29a5973c82e6
3f6bf566b3c7574
07d7b78a4daa480
48a8f2847d0d4f0
6cf5bf31f5ae35e
18b745da7be9294
2de4eec796cbd41
32c1d8578951a36
01af97f64cb105a
a931fed4a3b1fc5
899b367ed1e223b
0ec9cdfa53a6891
7416e5938c3541a
8e5f362924bf2c5
076b282835c3662
1060058fccdf63e
7b04bd1d41ee84d
4ce9641acee0560
1cbef57d68e663a
85be1d789200698
699da1bf9558fd5
4709c61b9012bfa
339bf2de01f4f29
6867e24f17b3a33
1ca1cf10e273253
6ede3ce38b181ff
553b66e3da84a84
a6ff03618a1bfe4
62ecc174b603dc0
5660717fb650a19
a9aa14dd65b3489
245e444ab9bc85f
823af6d42ac03aa
92681fba2112aac
0deb9c4597a7941
9d9c4a9bf2d8323
31d0a1bbd5967bd
81de30b297068cd
42ed9dadad57301
1c7ec341ca9c3ca
6915b000f5a6e22
9627ba6e3d1107c
94d1c03b4a91f3a
618f33035c78d72
8d0e211a8ce4ec6
5e3f32e2fe91251
78ad89788e8033f
a850ea4dcd937f7
a6ab9220f9f301b
2e3394a938fb902
09af99de42d07c6
1b85ad001ffaa11
1a49eb674b5ed7a
503c7f8f4784cbd
417ac471673022c
244db4ba5da1108
75f27cfdb11f54a
0cf4b0132526637
0880f9968e0d572
6edddaa0fa79e2a
2ef5c7dc3ccc136
7464ed5e1deb854
3b406af3a9fd618
007c9457b2a43ad
8c7b8dfc4ed0b0c
20d1cd8345b5a8d
25acb39f64b0bbb
7d114c59abc1025
68b4fec1e5229a7
223f63d30dfc019
924467e8faec485
a72794f9ff111c9
6b54386ecb468c5
76365133a5bb9cd
38ab8dce38bc766
04a5a9eeaa9e0e6
a67d9f74d256973
3392bb05d5d6f29
0571dd986387ba7
54319f34c23ad4d
a028bc1e6899fac
a562d8320b76198
a9900ccaa487c62
a176bc720dc5e07
0aaac3559da4509
5dacca1bcd53454
989164fcb477cd1
980d38685f271e0
36ee5f161859245
5f924c32f2f752b
34735e66546fc44
41614480817b187
4a9e5caa9401b19
5d60f068d7b665e
26778a13179b10e
2b554e2e95ea124
289ff052d9794d7
0a500c88a58c4b9
1ac57d45cc6f243
7397f8f10dda1ff
4ceb1e18ebc5d57
9b5360964b11b2e
6dde9bd05bde72a
3fae1b39d882da1
91402c5ba41d635
4e5a1683d2f274c
264b191576a561f
52e6c8bda04f601
8205c3aa1896c60
34ac71ec937404c
45057444a3cceba
1c21a579bc9d467
81975f5e35304f2
2f2b6cce08b1324
086c9566c3e561c
87b7dd6f99a7b6a
044bd8bc1cdaf91
956858af5892b1d
900452bdf7ca5b0
1dc70dc0a0571c4
99bc1ffe473e099
12562c96a3082d8
9eaca432510d7e1
21fdc45c9fea2be
9574eb77c4a7c68
6da491c17210218
a38c0b190ad6da1
5224c211fac89c8
84a32ba6dc48e78
822248da05a9a5c
0fd8a61bd34ce52
77a96323e7c54cb
81a8ead584122b3
010a140db05cf26
00592be44bb90f4
92cac76bd1d6aee
42015415afb5c93
95b4d9cc4e30575
9b282e80ddbdb42
23921a315dcb3c9
498f90162f81fb9
787f40223912866
970e323be6d6e32
13d30dba3be92c2
5632ddbd6dc03af
576fbcb34443406
47c708d9692f3cc
43c96b51bfff67c
83d62dc10c10b78
9325677f2e454ee
7d010fc8fa051ae
358ad93a912ff6a
3fe0324ab3a4ee2
86740a7fc46dce6
2bd23660c582211
4b2fd3ef13b58fc
4bf2f9368870e0a
7f8c73b568e0243
67ffc738225d5ed
3e74c1a70599f1e
2d755ebb591344d
971deb3f96fce89
9bfbffa6d4f41e9
731a06c2fdf3a37
4de8f99e2381bfd
5206f46c1293e9e
418a5d213be3b89
91609bd00f41ee4
39467b5bd4f993f
900a267b18fe8bd
51ef344390d78a9
301fef33eadc9ed
1e9380c496241c8
59acf0019076399
273e74c64badc7f
3e594c9dffd5e20
996b3ffaf2e8902
8155f666a3c963e
12772d4749c741b
0f018a75c9ee6a0
31709656fa8008b
682661bed4d6615
650fcae39467b9a
876b68dfe960be3
51a98416f065b79
8e05faaaab7e4d3
40080a03db7936c
9a086a4f5c42f68
3c6a074a4f1a8c4
7ebb63ed7f05dd4
943f60055d60ec8
a0b49afd0cee7b8
7db0d284ec835cc
883174c11ec6ff7
9e64802e8f7dbad
362fc5cefbb3143
93cbd693316947c
981bd9d8f41273a
80b6172d626567c
1f56cba928280a7
1caa0f91735f2cf
9b5c3436c454d54
6c8fb0f5f9aa217
5b5f602669b5777
9f924ccadbfde20
5cca956aea771ad
217d62ff7fa569e
7467afb08177a3d
89dee4175ec591a
026267cf02e2c45
0ab128179a1442f
a0b76cda600097a
0d42bc4008e6a0e
015c4d1600a2f94
7e9ba3f4dc2d9b9
a78502bd8742a0c
7c0853038907f95
4bade0ff4b1fb8e
02969dc9a4a8b84
78c66f4922f5650
486439f3daabbd9
1b054f58ed058ef
05e5c4ea5a39bc7
714128e4809819f
a550204c8d133e8
28e1b6f421fd38b
50041a26893df6a
9cdb4f6fc5b41fe
609d18c780c9cb5
9b7d66fc40f5127
493c3bd39b29d0c
8f449b30edf8944
19a3cc466c3af0a
5dec79242f43fa8
6326251fe5c064e
0e2fd98f6d0190a
22d2ca497a99e97
291e08b4338d143
9f5dbbb093718f9
78f8e9c73a8d6c5
660b3e536f44228
927617495a50ecc
771c2721e83e2d7
1b8dbbe6c610e23
26f813d03f4c303
764bc0446f511e7
9069df5c9d03084
3a33874e383cff9
76daa604b56ad6b
98e7a35102613b3
8a0ffbcf4a47cde
5c82496d2b1a995
6640d5ba1aa9d65
849d9c42bf4d4a7
641044ef6974a3f
71c9942513288c1
8324879f74d19e5
724bc327d5fe03a
19e8afc596ce667
0db6366cfb70a28
050623317854cfd
12175c85a10d6cc
6bed69039953bbf
5c7e416f5911ee9
5dcf58d93d6b098
3981d0498d53f20
6d57ba335da17ff
396845f5c67ff41
89ec954bb488d36
26f79d7b268a359
0ab6e965b56ed4f
64127c3d4f7004d
854b578f58519e8
0c01f1a3e5f6b57
3765be53d72dd47
7eba90962f46e5f
26056136197bca1
4c101764f7e3514
6b9298e6f4262e1
9f799e6c39a904b
0ac90757f123cfb
61d920d7ea6465b
0158901e3543e38
5fbb140efb8f71f
49dbae4ba06d39a
4a1ca6e768a624c
359a4d1ea9b2d8c
87bf718956e7c2e
56253fc36cc3ec3
7c53150d27b338f
2f27230c20c0f21
71f36f07618681c
8d4226bcc7eeec3
26f32c46fd0816e
06b3756f0c9f072
2e3a04a5884e50b
849189501885af6
049c1f5c1a49e48
07d9f4f44d120df
423796d1c5d15c4
5039d85eefb729f
5bf0866141500de
65eba835d432836
99316cbee33d574
2c5decd7fcc01b0
0e30d3d6f84d53b
50f147c5a8ae7a3
21c3a21c379531a
1e6871c5885ffec
8eeebbf993b292b
5a09072fef565fc
5679cd4e6461687
59aca3c779768cb
485c24227110b09
5db03880b081f88
883126dd57b7061
533ee41a924e444
7fce8ce90a364a5
260d8245642b2ec
546706c5a2bfa0b
2b64d3f78d54a95
377cd556742f6b2
8da7ace6fd405cd
2398cb048378c46
30167493c7a9d94
0badd13fa0b03f0
983dab3b335c096
26014bdabd31126
57d95207d416a39
91a1fc1cf3c8fef
1d2888c4ec51abd
598c656962b2179
a26d8b86f8cbf21
20d267de92a15e6
5726fca4544a6d1
a251ee05d114c06
578bf6d3f50eedd
789cd3239923bca
3b0a981059e23c7
2c42abdc9b299a3
3ef55c4976cfba6
75d16bfd088c18c
4bb42fdade5403e
1d080e0550d6da0
346a4e20e5c5903
30cbddd7c9e2480
70fbdd9813c5635
5c334b272843461
89ba95a35fed310
3252b0b2663f2f5
62145dac1246b0a
6deaae56ed51b3c
654b103a32c1872
a016ae3f0bc0588
0c5a04d31a018cb
8800698acffecb7
99a600677375417
6a39e934ae13993
a269893cfb37ede
83d4f73910deaff
758bf9ef7476973
6f41eb63d301d3f
685ba445bfdcde5
41ea0b6f259b5b8
6af670ab8d713f1
6b51ac31094fefd
8fbce41a47b1740
5dea8dc55dd3580
65819108b1287d3
41e878fd8e6da91
6a00d515e962c36
67338e778391907
63c7b09807749b2
3e41ed01b754665
31bf8f4f208c128
600c899850cb308
06bb8c1a8756b12
83d57318c93e66f
2afbaf945a88ba5
3229affc3857035
67f8ffe057fb3d4
83c021b54a484c6
43bceb1fe410ec5
a8b3b4ec2ec0bb5
69470e7b4a0988b
70eb25eb7841b22
53d37b7589cb95f
5a83623e1cf7974
01f383847504abf
8726aaa26cdce32
088a53dcea10a97
78f7034cc9df117
422e1aa3448bf94
02f275cc5c0636f
247f711605f843d
7bb523017fd6ba0
8465d753b1c7928
5434b196fbb90c4
a14e1ab333be069
285a8000776d72e
470329086b8f546
7936c439237f104
9d841cb2558b2a8
6edb3f8a681deeb
77e2dcb2a731f58
89a07b9d9397c0b
122dcbfff4a36f6
2727fcd045605fa
982522e89e7c237
5da93182438a63a
5457759a81847fe
76376d7a65a22a2
55b7a41b7ba8496
59dfb5bb3c32e78
6887fb1e9ac21b6
4e413da0bb01580
0794859a4bd98f4
9d2db290a0a716f
1db7dd5ee440593
5e290377f9545ac
7577a434f16234c
180ec0766994ec1
1b12daf3d801af1
9167e317db50275
6b98fd9e2545333
0296ccc1df94009
01f578b7fea3fb5
46d159f5b14baf7
87e82a9351133dc
07ade609e52e624
21a68360843e571
a59f62579a91a4c
615ad34e203b2f1
5aee92e43778aed
91b0bcf5ebd430f
82a083d022a40bb
1a300c5305bc036
8c63e832644a764
0a9cb83b0dc1aaa
98a8314bfd04759
67001903f26f0c5
a117717d2328dac
a7baf903e4916b3
9023b48a768aca7
83a4eaefe3128f2
a0788be8ac4dd1d
9eedd2c6a012d1e
34a779c8b4ecb17
a5ea9c22f4c9505
51bfe4cef2b8d48
6018404ed976bd4
4f5c22578f436b3
454ad421593b47e
497cbb579efd542
2b532ba97ce8a79
2a3da6a5e3ac151
8bb7a9861c306dd
9763ae8d3153906
55d886a2bf9fd5d
2a6a99ba7ea7423
2ada7884f18041b
4a97055265343a4
6d585560ce183e1
6659518dd60b5c0
8ea2236cb436c66
566bbe150eef9f2
1aa7f275d09e875
0f0d4be5a0f43f4
70946a6d37bbcc5
209ecb05ae5627a
3919d731e7aa3cb
6f47540e162e0f4
4d98e59c123286e
43c120a9b6a8f54
039042f95c88bde
293cb26821bf138
85a6c3bf9246297
459b97a75e1a757
47c01c1f1ecde2a
68c948ae4d2ce15
21d528414e89c66
11ed45960252c25
1dd65fc4c33b388
71eed65827e0caa
1ad68fe026b2d3f
53ed71adad5e89e
9c91ab28f0a7f7d
6058c97455d5d69
9ce0babc27c7e3b
4b1dfaca5d2796d
86ca0f03b48aa55
74e0a617e6f6c39
2d67a8311cd314a
5e4e6501315c815
95a6ab70e9c58a9
4d9b1d2c2e1c5fb
18686d6af3fe058
448d5c453d2533b
180c24c632ad911
275ce60a7559f52
8f9c167cc2f1e4e
a15df6b55e46cbd
38e6ecb4c5788a2
175048bf8897166
390b631220712d1
1f16123211ae352
45dadffeefdf264
2414a51ed8877ce
6418b4b2edd1d6a
99914e46a72e16e
5c8c1ca061f059c
00181749974bf59
7a1f70555fbd5af
7a584b1b2a54688
73c38f942e7af4f
5f86d1195e986f8
0a7323a41bd5a25
28130f9618cf4eb
8f1caa7455c8ab9
4e4ed129069e3df
46a1a843e22af38
0c5972ace39fc40
11e3af3fd5a678b
9adda4e437a5517
5dd548c4a4107a1
71c02b8a7e60023
42340d2904864d1
2578b7a5d687c44
6c48bc46dc4139c
5eb63f2c58cc941
52abbd46647001e
0da21a36dd82f90
1558a8496037531
1af8231ea3d2548
25902d84b6bc259
61beda05e805f87
76636ef62c668c5
42309f486b46cc6
414593bd989db79
40041fa5a935343
3b78c3412402acd
4081218e84f5435
2de687b8ceae603
8dde5d767c33634
a8d4da0da226256
68c356eb4fc835f
8d78d80a99a4ca9
58c278beee22245
2c94fa0d4e3b351
29afbd4973b228d
279be538bafd95e
502f8086433da85
503ef153581a6c0
932981be90ab9e3
3fac0aace53ccdb
6696d996989f9d6
591c9ba63133504
4d3c4e790a8f63b
15d0992f9592d8b
264c7c070538aa6
98e4c791e481ad7
1c243545fba1f9e
1cab08e795cca31
53de560fe773666
261cd1289aa0f23
567e7302a75e6b4
89643c845198aa8
9cb160cbcce72d4
8b7e7f09af4ef7c
9f95c8775bd1372
239601748788e77
993396c3576abe9
059c8c66bc740b9
2fb246792c7a722
627f61e9af3b753
7ca6c968698a20f
3ed5b907652a0c1
29beadf0236dcdd
3b644ecef9e5f04
372cc716f206e0c
0d455b8c13414d4
93494b576db10d9
3f84787b2f490bf
a02dd134f2cdda1
07b22bb3a81c077
3804d97704f1848
79c0e9abaed3998
100a40fe1473028
3431016d10fd439
0a975461ba6a03f
89bcaf0204ca6c1
2d88d333e6a1b61
22227f5f8376baf
7ba52b16c71c577
898913ba585aafe
3b7d5b795590a5d
209b4daf692f00f
09be89b26ecddb9
842624275ee776a
3821bb9750d875b
35aed4bce89044d
1db7197c1783dad
7a18eb186ce3570
5e159379f33612b
0663dff8390fca6
685d02a4447d53e
36d82981e7e7dcf
1f81ade7c83af2a
a09e099c5967b8f
82ba83e515840ec
4b0dd2185e1f938
83ab4f424bef500
0c62a4819dbe237
5dc4a5a78f11187
2f6546579a6a721
a3d3f1b84a887d2
36c1f9d729b2c4b
13a7515cf34283d
5843d83db6522e0
a5b3bfddbd5e98c
70eb1eccc0ea43d
5d31918b069278e
740e89c60649fed
7b610d4ef068de1
935f5e04f7d2bb1
428189ed9dfb9fb
2736c71f9207370
210696fa33a03dd
1be38e7dfcb2d90
462a37b66e9f687
3d994525dd22819
80e175ab9be2332
73b2637a40693b8
3f37cd0ac2254c2
63874e243dcba8c
a1d260b56773470
64f961cd5f62ba3
2d19650229c429c
074bce9f1a76d31
a07eb86e00e4ff2
2ded9e621fe4abb
27fc8466b42f7b1
a9385b882cb5085
33a96ff0bc49ee8
7acdf5dd4adb70a
39570434c8ea86a
7042d222a64996a
78b0ccd610a8b7d
508e8dbdaf1084b
169bf84ae318357
73aeee55add21d2
008f5cdfdecc0f6
231d5e8a9d7b327
6682cc77df6c9c2
99dff0d886b2e25
2c58072a13c03e4
2e5c932bd5ce916
58f43e9b101d60e
2f0a0812fc2b5d4
5b6ba01ee37e226
2ccdf22a3857340
8f3a1b375516f7a
4e06f11511984f1
044926b8865725d
6bf707bf61e8894
5e8e281a90ee0b4
35e3f545f4c8a9c
9637a9fd00ce270
9b9e676d2f12bd7
89d53585f7adb7b
87a2cd6d98d32bb
64a0363f37abb0a
7aafdba917617b1
29af78615e20314
71271a5661900e5
0f1353addf17c67
6f17235705515d8
22e4cc76f2e5cdb
0e2d4b76abd878d
20d2d548e43c893
68ed64c911071e9
7d7e1526ff881ea
5097c246e193d3d
74eaf19dc63670b
2267e709df68e66
74dc71586592620
3c7040831f9a619
629608cea26750a
81af7b99ad65136
8f1b15877797b19
1a3ff9f7db72b58
0d1806af83685ae
94b7c72eee3914d
796ac3903783b99
5a95a6c041036e1
8421a5440f3d7a6
491527090be7353
2af69c7e5ca220a
4de4b29a5019347
9ae73cabbd55aac
7d6d0f1c4baae5f
03b285ffe2c3299
2509208c030a796
74f180b11c9a89e
7764f5f67b437ae
80ac2f5b3d96f3e
206b47a18cb8121
68d5754a72d78d0
6fdece4929d5f9e
2f9e36c88e706db
0f587d3a6593076
3a412110ab2ce89
9f736bb9c078953
40df02e2e6b46e6
1cae4c0eff1f279
9e00a8de4a1ee38
6ac80d37ca8e97b
47da0b94b155ea0
7612c06e310c95a
61669d3e9abf09c
294181faa08fb0d
1a74e387d6663db
01663929dcf44af
3a7a55afeb095fa
55b60940e7f50d9
88eea40cf383fbb
330bd286d1847ac
a2917c076c4f543
95edb70a8698f5e
6a4467a2c064124
7f261aefb10ac5e
256885fe2de9423
63e81bc3617e0c2
79e8088765e8b21
09be9bb6f54ed42
5bb9a3399593ed5
9208d68d369e0ab
518da26ee9f0a22
4cdc05d75ece1be
4550b32fe3ec21d
3c7b1ab9a34f155
96a43c7503ee6ee
7cd3644f2726d4b
0c10ffc8ff75250
254fde125fdcc1f
28b7e3fbd12363d
9bdd3af7f0ad129
74d19659c2492a4
702f81c22d32e7e
7673e92a0af51e2
0da31d6582a5430
9888e7a3b31cc7a
4f73f3e7757ae56
3125542168b08d1
a541b4f4e3446f2
418cd49ee616b3b
3e0f1428e223306
45fe33438d4c6f5
0142cd11cbdf03e
388509724fef454
5423ab1ddec3465
4d44f6e1fd39dbd
a76fbe8c2754b68
7577db999aa4e48
5906a08cb540418
45ec0873485ba97
2a000e9464663c1
0982f6bfe42eebf
3651bd3ec86fb2a
3b51648fa88c4fa
868326320798861
5e79c33dd658645
2f493b49bbd8e7e
74c44beeb5461db
a838385622375ae
775be8147eb9cf1
1f7f27253d9ac3f
5911bec0b736f65
7fab391d509fd5f
5fab194574eec36
1610d584aa03d71
48c88e56a26ffc6
664a2471a297f00
35db0fc5242655c
a19faba1c985269
61c6eb01869b8bc
5a3ad0e658b4bed
7920a162069c805
0350226eb50536f
8fcd7eea57641ac
6f10ec1b9841bd1
299a0c1703712ab
83332198ce84c19
9a4c7c663c41518
2f0f81631c2ec11
4571aa606b4c062
058aaafc0cd6b0c
5b5da77956f13e7
17e79df8701d4d5
610b8f9d477bd3b
70b092f96883d71
43957442dbfe241
24871aa926dce1e
526f7982c955685
302f58b66f77874
3f9dbefe0b4d841
2042399e6990286
3b2fab2e4333670
262a5dad2d1d349
8376afd97752164
6ea63a12a1e9b2f
4e02e20ffc84cb7
a8ebde03c6df280
744118e2d34fd78
a04bca7b260779d
88637a5fd28298f
5af7a95c7e53017
796cc7ef36cb1b4
3a0ab70ac446ed3
53faf246fd5b340
41b9ea613f06dd6
66a0d4628dab6d5
8ffe64702f401fe
54835acbf4b178b
316e86ed1379825
a1a599f8c16c8d2
7be77fb683a8cfe
52987f3b026e399
4ab546d3b6375a7
5a641548a7c3bf8
7a24391696818df
8b4b6e039390c7c
38c37a9f78b8157
0123a43bfd1a662
656aa22f3ff907b
87eca2979bf2003
a713c5a56ac6f4c
45194521117f9f2
80f386272260398
5793fdcfe54b230
1cc38d83c1faae2
03f2cde7fce6f0f
1f64430c77214d9
952bbe42f66226f
5220a2d953626df
7aeeb469711c02c
262b12050e7053d
18c70b97a86f96d
0f4b0a21c929c96
613089703286b4c
16d9fc9c43d1f60
682272afc62ada7
0473642d49e5d55
12448647022e08d
2933b833ab1ee55
730f6a2292009b4
165d4c37c912b8d
488f97e4d040862
420187ce5437f66
3a5114f38c859b9
1f7a6430d12d8d6
2650cf50c2accfc
973fc05420238b0
3015801344c99a7
0dc1aeb203be03c
8f5aa2753c2cab0
6632d79f2e815f9
7d295270ca73a0a
7d26b158911f011
17a861a1eb72510
5427a60342d1971
683621e3600a9f3
365eb1e27b383ad
10dad8b950058d8
8f8149854ed9fc0
5a3b5edbb978507
61283cade3cbcb8
131821d24565fb0
54c6fecee8afa12
a10b35971e652a6
2640be147bada59
5e2d8e79381a1b1
110b1f9be653627
7573907805b831b
076b56b634750a6
2f1f93160658d99
3362ce2caabe408
34bb2d2354f7c0f
3b5ed4114159fbd
83ed446af3b06e5
86d95a467b5c542
903081e2c304538
8b54852e214cf7b
264987ab590f956
115eebd8521a353
30681738213be71
8f30296fefd25f2
357c77402943391
973bce5920da196
20da4316c0926c1
0235904645c2aff
846fa4c9aa7808a
9d538512b4833ae
8489721df6cec33
64afdc54b9ecd76
2b7d1b824ce8dc4
510e1d681409970
a823ed5ea9ba173
9df7eda6e215987
3c848655a7f7d2d
a784349d1ab404d
754a976552793f0
122dd9e159b12ac
5c46751af6e6081
27ed990f5d50552
10a4d1217d65371
7687f51cab389a7
872fa5954ecdaf1
0da27c33a72056f
a68bb455cfbcab7
9ebc7efd381c1aa
81fd54067bf2edb
a6c0a637c9317a9
37bb51b13f75c30
2faeb32f61eb963
01ce7ec7d7832f9
978d46efc3d413e
50bd58f467d5eb4
63bbd0e55c94649
57e20eec1c3ae59
146599d45ab5959
a18cb3d34ee0c47
56ea2cbc5ab6f70
23067fa1382f572
00df444a48d3f96
7e5c5bccd0992ae
83b6d1f26f31384
8df2e170027d5cd
392bad9bcd0b006
5699625940e0f69
24aa82ee9e55be7
38f8f3efb299b4c
3ab3b48bc3aea6f
2b664c162600450
87af8ba396ea5c8
76a959767bfc14f
588d5631f9614d6
80f5379b941c3d1
5f9ede96f2bef99
6b84087a40d7fb4
1a0d0ad71468eb7
52f76cb4401c75c
68a0c72e69ea06c
6a3ff033e3ee11c
8b14a029eb2845d
1f4adb5326099a6
9f80a097c116d32
685c27138cad817
5b0aa4120b5ef73
65e62b77b68683d
7b07f844651a44f
6de20871eaf5d33
a58e66a0350e5c6
7f0d5efc099aee0
7795a2f9e84bcf5
448458c0ece5e47
327b36700728b9b
718b23d6241452f
0b0e2096adc9d2f
0c5414e35164ba5
28b2d6fc02372f1
4d2b12aabbf658c
3a1e19c87b0bcaf
4375db7d239ece8
02cce20e6c9c82a
3db3f0d2b3e84fd
5aa4e68a5f01fee
a9b32faae7ea8f8
6d90628361476fa
2690c9d21864624
3ab5fc3e32dd2fb
23ed84d6fe6a15d
8a113d2dcf6c10b
9fa4410fb9409b6
a465dd6888560d6
5b57a0c5147258f
2706359d8a9744d
071a50e4874ed36
285a15f939d7e13
76666b5342566a2
544124f7825d39f
5f82311c8180527
247f7f21d414d79
626575fc4d9536f
a5e4b10b645b55b
70be6851d5985a8
a9d319cf233a293
6278de605ce968a
5b7fa0c2d06d229
4b48e3c33742aa6
3426d271c2e0e05
493eba10547173e
09ea44cc84d7552
6ff02d37d75f71e
a77097b9f2c31e2
27ed0a8feacd818
538aa529dffb495
9b0bbf4605e195e
9a999462ea74bc6
332922add57b971
8223a664c1ad0bc
63b1980d66f1cae
a28511d25c42013
019ecaf49833fc8
787f5d1336aa620
5c4a63882b00ecb
4f5f44a0626c994
08567e767526ecc
664bb769d23c8b7
82dd22e64c419b1
2cfb991332599cf
95e31de6c6c9db2
083845e81f37006
72ab787dec5c3b5
484cea1ef357315
32fbc23ccf2d041
8e5a0881237c443
a4321bfbea00eb9
4ee1546d3903137
96b20c421bf00d0
112cffa86e4f081
8136427e73bf377
4c3e93a90abc06d
4af429a91044429
9482c5041cbb4d5
031e74ac9d42698
6c19f878f8973ad
0e308f15ee095f2
4e397d53f3c6797
54c748cd7707ced
41f09980509fd33
483b6fecbf04650
5e2919fdaab1d81
69fd79a201f405b
0300a67ff2817d8
a13526ad275d616
6f4bb92b09ce1ac
519b9adf779953d
36752a31d2b798f
307c50175debf4d
a62d5fd10ae0b3f
919b74adb44b119
4133c33eeb38dd6
82211b78eee851f
1b9e2f413aebca0
417e79954821ced
51470f0b0582595
0a83290d9d7c876
9de06ed757b9601
195da6fe9f26464
860c255b468903c
4b2f7a4830ee819
28c08d91ad114b8
3580fe0286d5246
9368d14aa816da5
17d731940e4c1d6
54ea01cb96c0075
478e08228976608
4625e793b816bb0
598f38f96e5b9bb
9c21305a447164e
8f898b6ab6d17a5
5d5f3fea0774dbf
8b51fc35b71db18
631af6f3ed97eac
953705d731262ca
a31fd0729904587
23ef66710d437d1
3f80cb8979317ed
3c228e6b63fd452
a1485589423ed51
8e1cc87a2a0c01e
1aad280be790a6f
a85737fa1b88ebe
0d1ebd62baae0f6
3623a5da68bbc4b
5fa848c65a618a9
71099edaf28a6a3
a105baa74f2782f
11c6a347bec71ee
8f3498de49f5df8
2d2eb75720b087d
15a6f5997c3f847
9f22981773a0e1c
345db355fa53b0a
0d8ab3df6890b65
684f4499358e7f1
830c0809aebb78b
3277cc3e0398e0e
4e2217fbc0690dd
291bb8c059cb4ca
7c84fa86ce1c618
158c94a7f799753
08d7bed6032d67e
96d79349667ef36
0270e498947d93d
a9a43fe9e1224ba
8dae7a2c1f674d0
28c2f30ff2e7db7
10fce28074c3fbd
580b9d81a32fe73
5c596f43d5b13aa
9632dc56501090b
9c6d49e4a3a3f92
58605307b8809f0
7d28ce5d7586bef
22f64e8eeaf1d02
a4129858471b4bd
008ccab3afec860
143cc2a7629c035
0ca8a49bd417742
475ddddbd44bd7c
5954f12f781b43c
7b4f6804b3a173e
82800b8081c8361
5553a8c404c6c5f
5311d1bc08909d5
48e5ad7cad856b2
7aae07e333ee3bc
16524ab2a3441b7
482a2626bffe32b
397ba55fbc22b12
0746fedca2dc0a3
3a7f85ed3288776
4eac26b1ed6d619
33346237b946bb6
5a6f81c395776d5
6b836ecefe804c9
6794d390e892736
47c83021d84291d
8530262dcd116d7
16b6104bf0ac032
8bf3808b1dc9965
442e07378ecf861
302a9ba7b1a3e5f
8b2b4bdc471452d
5e803a4803382f8
36d1bdb819300e3
294ac91e07cc590
7101e96a881fba4
43136f8338c6a11
75df9f500073e08
4ff3efcb405415b
4f6cc04049ff2dc
67bed999de001c7
a17527ce59f87c5
45bf6d15407e72d
6a47857e2a74eee
7f960dd0a137d51
19fee1f3ba01bd4
2eb17b150aa9dfd
48534cf9a4282f3
822038794a52759
8881c55ce02d8df
8af26f426534e0b
25d011dcd6dc5aa
30ade0da3dca228
8dbb66cb0b062bd
a5c07922e8805bd
79537b41449b6dc
a2a3ec0ee38f8ec
6dc5b99244c4a2e
2cf6eff1555a8c8
34d9ce2eeb4168f
26b5dcbbec79cfa
64f4d3d1dcef3fd
02dda631f725876
7e2ba7c7953538f
84b86ff135c633f
5ddb0da7f65c84c
96348ac9dcba3ad
210d21e2446e57f
0cc7b8e11095c2d
0089c7f7d66443d
565d7fad4a8dece
1b1f1bdd3d91006
61a059c808da334
5e2c25a5743ce6a
11bfed24d746298
865b811093d3390
70a9130b054a988
58cbcc343c45bc1
806d1231a5e6e49
5aced7ae3f39d17
28f10e585342d70
01aa800f399909b
a8fa561938e28d8
9b569323cdeb73d
50d30d5f45c2d49
33873d6bc6b04c5
0da94a7610db56f
0a26a7aacbb14a2
5f82dbb9f9c7fd0
0f84c2945b68ccc
0b327fa134d45d2
9e93a650a73aadf
5a7b0ca9399a805
85763b36bdf21ab
95698f0f9b770b4
4a06a3c555a86b3
0a8ca28beccdede
9f9b49bdd052414
2f794c7affff0be
54577577b3a9e0f
a961e52eddb7036
7a7d4a1bb9d914a
0c77979fbd6a8d2
a81454e68117f49
4f4bad8b353a6f5
57ba3d45ccc685f
8120be144de8f09
092325b4fb18a3a
631289c4109b2a6
47bfe93d78f9cd9
99c6f610e90322c
7c8f2669097cb4a
0095b67669a9f13
a606234dd712bce
73826a9f7da2ba4
2c7ff1e671bf99f
129aea0e661bc24
8d5ba2b6357727c
2f6fcfcb5a97c15
a62562d30af7648
9f088fe05eb17f8
23f9beebd97b463
74e194fa1e5bdf7
426fbde47297a68
168c86e3a5a082e
82875c33fb732d8
633610f255126f2
44d8dcdc4db5be6
a6ce48692e9e18c
74cf59cda472de0
2d882b87e91f451
725ed96b698939c
019823b750aef7f
4eb0419dc399154
4e6ab2d42af955c
0363aa5d715e785
7d8b9517cee0ef5
11784f95c385957
56ce3aec0de3b56
7218650f5804ed6
79de2da4238d89b
5f6adc963c52d7f
561409becab95d5
8d3ea97781ac418
63833d2eea80a87
29a77c94a8d0241
10767e23fc832f4
2e957837f0a70ae
53f44a57792c9bf
15bd56f3dd8d46b
4d373b6f86c1238
46fffe10ab49376
31f338afe0b3517
7c456c271ecb307
0e6c9e9a90829ae
750aa37045fe850
160b7ba015dac90
12daaf30e7ac21c
0a541d76e2b24e5
71b8831fde5fe20
8038a1a0020ea88
13f22dfa5c84a53
07ba790dcd4f330
696c5d83bd824c3
918e2e2b00a2fb8
0789eda12dcab42
3513efd65aa2a3b
6caf5464b0d9fde
80fd37ffb57ce87
302e15e46644daf
9ff6150663f748b
5edb8fcb6f5b701
3c1c27cf568255f
601aaf7efae026b
0fa762f0cc717a1
55cf63593e816e6
691fc4bc4dbcd7b
a72a9891d9637ce
587a67db104a498
181448b231d8442
755913802265c67
972a967d4d3c41a
354031535a64a9d
8d41616e9b8d695
60c83a63486c872
26900bf3bce7c47
164062297f8744a
3a3d9adbe0e9f46
88b97f28f9082b0
651d4f786324098
29085ff701b9df4
9a57c635c1901fb
5577747fdf3185d
06a0e3d18deaab3
2638dc05e86d7dc
14f1c0588f120a1
5f9ef201cefc310
1266cb1dc3519e5
7fafb7e50450cc1
9bca4059d1a507e
8c108b71a5767a4
9fe8a6eb4b42000
54313841bf0f341
222585e6fe747e5
5b3a0e0452d2d5e
0fbbc0b6dd648ce
4be0a24d28be1bf
204934e8cbc1bb0
37b3b54362e93c1
45d930650860f82
65dbfd9b2034e60
6dc730fa2bf962b
a6d65a4b056e00c
1397104d7e62f62
31d96d40c3c27e0
6bcfb95a098a513
9d66a8140438b56
860b8ac56b396f1
091bc1dcb06013c
a2f353caa29711b
3fb16a13a742f7a
215f1ee1c5bfea2
466e02ba510fb65
1ba2c9b6bf3ecf5
38d396ba7ac76bf
81aad9be6027f4a
1e334c175293996
8d8050a23d0696f
a839d415a78aa48
a5fbc7d6f4d16f3
054005bcda9fba0
2beb59ba3d85328
03e249d94e142a9
5a71b7a46546df3
9c841fa8dd49e6d
85332ed879a6ab6
083ecb2ab48d07c
50f33316450a0ba
822eb6a469c3724
1fc9cdf6bb631dd
1935475c5fed26e
a6911fcf24778ae
5fffa5668d8363b
29bb6de41ffab0f
3b3aaf58e4dc1d7
783d0d78c27da5c
41dbcd30f6d1e0a
0b385f40921d0a0
5537148db2bad1e
55e1100918302b5
9a21b80cfd68805
9a19af8b3c3b1ac
2a07704c79ced03
8ec5d0a56964f95
7a969372035def3
752acc936cc6828
1ec91d3584f2a60
8dfc2c6c06070f0
15499240130f4f4
5f969a620835577
578d153dc23be56
1938bc374a1caf4
5853511bd5c4e30
3ec670f862f53d7
4e71af315c73db7
846ac1d41af753d
67375ccd0ddb580
6fc4b20f6b949fe
95ed296eed8387f
7d43dc3478c702e
3c38354199f9958
05a85d8d84d615f
31a0e663eecf927
a9393520ba251a3
98ad1efcd5ba2af
6efc554500fd71b
0d1f9486d798fd0
393aeb1c83f9029
0c1d3929362fb26
682c012aa5f173a
01b3b92760f0ce6
1febe21bb0f155c
469f9c4dc85c785
1acff799d4ca8ff
777ae0a8039984d
6ca133b50dd157a
02710116382ed8d
81e5fcdbb1f3254
898ad2d3058583a
a1f6909cdfca80f
51f2149afc7ce62
0f355a7aba48710
2c2e5e4790b7648
28ffcbc4acf9522
26d030780ee4423
209db2c308c25d6
a00ac9b9447a917
7b284232225af9a
92314564a549cd4
93678a20446a42f
6c02733203aeec1
011408ee82a2e50
a1c00170a3be614
4dc2f6322b248c9
9ec5f409eba1a25
501543aa362268e
1f46c99b1fd3899
4346972a42f18cb
1c73fbd228492b8
0dfedfd4d537a69
92dd89f62169f56
4073b12845ebb36
87f311d104fada8
27efd858767b0c6
15fa8d64e5ae23b
5c99b071e2ffebb
5b23ff721256de3
15a03020e5d96d2
4dd9d46fa2f32a5
94e46aba62160e3
33b81c0962d109e
4a0e3851870b843
8fbee5b2021eb3b
668e4baaee717a0
8af89b9c927f592
8089a7d4b9808f4
a65be00a2bed79a
2fb838f62748501
9700874e119df83
002ca5b16e4d9ef
5e6b40786c14377
4f65c4553695b7a
8da0c55f84c1d18
5654c9f43e3973e
41b47b8c86628e5
a0e86038410c4f2
383f353b55c0329
a95fc6c767ecda4
1bbb0e67b93917e
418f34d5b3a1dcc
1b4f9fc1518b19f
5c73b50e48315af
6f64b4c0403486a
2e63dd669602d71
8d7e38f2d4310e9
4a1e679d186955d
5cb10ffc12dd711
a48d3e81dc5a1c8
794624ca671c098
4f75d9c4052d6dd
7414deac916d6a1
1bccc9f5d0d3307
0ec6fc0eb3591cd
91451ded3c3f4d8
74aa13f3aaa280e
9ebebc5adb40303
00cd40c60d53848
814e96093c07ecc
202effe28cb989c
1d509a0cb7c5d57
17a49241b7fc82e
1f6259b73cbd19e
9523e7f53444a79
90b9e2358c9bc46
68c255ca20db317
a34349ff69405db
8959c9a42b1def0
2bca3ab272b3627
5a1bc955d7d7def
9efdb3ffbc2fa15
6d153556afb8c5c
6eedc6aa1ae669d
3e09aaf7a22b7ac
705f95276af3704
15008ef3db27690
6d452bb03be9fc1
8c48fb2472ef83a
7f85aa2f408af3f
7e08098dddf37af
96e88195d1d14b9
4809b6732255443
39089fdccf28a27
1f4267e4fc62b78
9bed3a8478f4ce8
8fddea07b3ac11a
8c13f8757db6bb5
4a5560e85cc7803
12ef06e8bf4d126
2805bc3002a3f81
2670f1508fe264e
854df564a6c9d5a
70ab2736bf819a7
173b97a329bf860
0d30129d6049b49
988c3eed2d15b78
5b03887f0654755
2262537ef25d696
8f80a12ffd1b98e
3606fa79d34f8b4
295d2ac4b5f3ccf
2e23e3d1bed8caa
5e56c669e271138
12972edea7f3b05
71066058068cb05
31406cf7ff940ba
7a150556a7719d2
867b7687c8c4303
13b29f95197c255
312c0e815c1de9d
9361f5e26a63b50
12321da7ffa799f
a8124ab24ac665e
18e97d39c96a0e7
3b90f83a1cd0182
73f71157246432a
03afc17a4fd6ac4
2459b7cf96c8645
3df6704fa40080a
5f04942fc018c29
808f9c8e0018335
55fdad2a36e8301
6bb5f1813490588
2a26bc925127815
87dfb459e2967fe
6c58f9ffb669427
3b9ab91da82bc2f
29414d140dd85ef
8fdc3b16d6dd660
5f2a72f28417d56
841e4636faac1ff
78f15c56fd8be13
77688e08084a273
81695d9533a5d89
3cdb9c7f2fa00d9
a397a6e20e31fbd
04225235aa8af58
4bdbfd04d311a6d
4fba072765faaf2
4f60243e5a89680
8659754987ed11c
8d8189621e08509
51b0cc22532545e
99b9afc3df5a2a4
9f3685266eaaa1b
78d26b3d9bdef4e
42b6b6cd5cc13df
645847782c7819f
72b56a999c494ff
6e1c2b433cddb43
85cb1b0aa92127c
58d68405330cdc2
137c9e2cb718266
8b2a33cb865332a
342d5b104229c2f
4fd654556c95451
3b6877a71b33b51
0b2d00ab1d2274f
2ab781afe8508c1
3c619c6751e0390
7364dcd432dd459
a7c6d81d6d46377
27263b680901507
33403faf314fd72
28b66eaf20b3368
5c233524641e098
2b92b7333ec49d1
3c8c3cc88eff215
455fab2b371f104
62e375e08f809f9
203342562d5ee51
35413abb8f92e19
2a3ffc0a0189207
38cde85ada2853d
88737d1ca55be00
6f7bec81ded9475
88f3346faa972fa
a8565fcda6824f0
79aa05f42ed2b03
015a6f68788ee72
6298b875188fb5e
a524bfa8126d5f6
01ac7be65dec799
571257639da0abb
9e5f8ce26b9f76f
97e1bfe7b93fdfd
68f2682874c7987
44b31ee88bb855d
38c6f470907625f
437d61bb5c46cef
8555d3381b32066
270cff173a13ca8
8aa6e0d5d92fd5a
0621c262314fe5c
8209ca2fa083271
8979306e8844794
8c099350bdae467
6255a3e552b7312
241f4673e469bfe
a2e95310513d6fd
a7f4e71c26ef11c
a8a92452cac1c94
26e42958c7fdf39
84e55c63a6ea3b4
39a911b27ff1f40
87b4ecf9422a9c9
65436b3a685126b
234db403b177c64
3d53e9db3f72a78
04ec6a66b291c01
6dcbb99b9779d63
28db905f9cbfeb3
97a18aebe9d0f1e
242a7158e4d8bc5
778033941d5b527
7e5008b7b7b396a
8b8467203772566
8bb59c5eaebac6c
9daebd22e95232a
227c26bd52363a7
1acce6127149ffc
433ec102732923f
3e9bb103cbd0201
28983d6724bf150
6a7f0277eafc3a9
3cb9dc0deef391c
14781374e43dda9
2b6d14d5b9110e9
90f8c5323fe80d9
4c9fac985adface
8ef6b52585eb8bf
5f55edfeadd97ac
37fe6432bbebee0
0efad9530f5a598
503857d98cd4355
34fff890432c37b
81fdbbe00914f0a
72dca2b87ea4ba9
4027460b5819fd2
a1a770ad1ce690b
09d53f599300419
7fcbb78efec3186
06e46eb1609426e
2ebca2dcd88be85
627e9429edb8378
9d956b10c65e543
1d29ee8d4e842e0
2ad363a51f19a73
9b00bd435e526b3
1bab7549cd31d1c
07bcc5526f7786d
93bf5e0e58d1bb7
6f2ff1897001408
6f01a4d436ab591
547114796d02721
a7cc4b00b7d0170
332f91a69d56d6d
968a5132210a8f4
5cbb06f6dcd12a9
6285d1011a12d33
5b5b29ec93c7aae
0048d9d7618c4e0
21fc379fbc744e3
8cebcc916c94f5d
44513d4622fb4d5
89eda07ae40668f
3bc181186623903
02c4cd055a24cae
8d6b8989c4a3809
a7f10bcf7af4c11
0787af0f66257d7
103835a73b08e8d
4aa720eb09d004f
0dad4e4933c7401
8fe99424d7a54ab
7f0a368a0c9a14f
90e6484043c18ef
96eab184200a6f4
295fecf65e5a267
014aa2e1652968f
59dc67cb242b0d2
3bddc7b928f7f47
7d66e6aaf91df70
119ee5190d7de56
5dac51b567817ac
076cb7e058a046e
120e8d6859ec077
11e9d75b6075012
8afc3f674eaff92
753f58c721322c0
75b43b80533aba4
1c26027d2db8aa0
2dcde40453b7017
a3c3fc47150bc97
5140b38a9f6c58c
5ff5bc1197d5e84
a3e487c1cd25696
246d57661d11577
49e38c4011f3590
7a608dbe2f6aae3
2befaa66f27b5f8
5d3dae14c2f2d69
9d6f355489c86b4
4087db836c26bf6
483ca6143c6831e
05d1a553606108d
a259d5e074011de
8c0cdd8fe969760
4a8ffd54d63cf09
0572cbdb88c42b3
13320bec085a925
02c798c161cada6
8f7684071280b2c
3380c6fd1080b97
39f7003cfaf2539
06ef6c6834a9386
9ceee5a9e08886e
a2df9f05a51ad00
90429fc48ead52d
38b3c6e27bbc55d
59eb98b21aee359
5fd69849c444ad7
080eb2ff3fb75db
9d4783daf03f76c
45dae81a10aa7bb
16f4daf4d687580
701f5e7b849f8a0
2951ba25c56706a
5528876a3a34771
6686972601bf2d3
6b62a308c168b06
5a4fa8b1f837f00
72e668839a3c34f
72e738db98d0c62
54407668dc8b0df
1f9490f762df940
97efeaba50704eb
038a08e6ed121bf
18db6d06edcede9
a14bcdbbbb7fe35
66b14bb6aec151a
0fb06da09f911a9
243f9eebbe2cb92
98b20c3ef7773d3
227ed8bcca1875c
78566e609632382
7b519c7df73cbe8
63b905bf89b54f8
3f38dad29d7d6cb
60c0c29de8e1282
86422b58b767992
5c0b32ff75fcb48
90434af280d4269
05366c612ceca9b
3e1d69cab6d52a1
26d4749332f57b5
6c39f98e5c9d9df
095dd90c4186c27
85712212d6a2d56
07030a30455ff47
132b1c10ae30334
0add940ea018906
1ff6ae916144d11
48fa46e4d556215
9730cab2b99bbae
46909cb170e5997
653c135740852ff
300819bd5d23f53
541a1f83d4556c8
323d95e0f3f9835
8d39d8760a9d25b
9aecbfae9c8d6ef
894a03e4df22d7a
0ad12a177f1cd42
a8c1dc7106ea0e2
01efda4b0a19bb2
8c11e163dcda865
a0b88da1a18e487
178c6c33a150303
39a2e97071cec57
42616ffa8d03211
4cddcd612936f7d
9dcd505716b173f
73c8925c53d5821
4500006039adfcc
38800c509dbfbb8
4dee0d30bd8512b
5084409380c5fab
a3948f56dd39baa
493fdb404cadf56
6933017012d8773
3ed3ff17d7df5ad
401cdb1b8ac88a4
799151256f3d235
2d468033a301a21
5e36e9f6ad394d4
a65f73db4732fec
5ea04b3256d65dd
54358ed89ffeaa5
3057d3dce48c896
a8636b9e90d16a7
a1b10073178b9ee
31dd62cb0d8dc74
4798d98cc5908af
0658092d92d2f2b
6fa4e353c5e483b
844217a68449c47
9c34184a9fc577f
1506d502e5a26ef
0e5c478054633f5
82366d21aa87df1
08d3b5dba0756ba
a4cc7b875a0a806
4be9e798db432ad
10e539c9788858c
6c039660d4c64f2
723c87cbc52e4d0
14e99ff17b65721
938e3ad4db12607
4c017de2978f417
38a2bc8cd97e68c
392fa74568553de
38902e2cb31f0db
1e6be51e73f1b9c
6830e14dd86045d
675b392809bf43b
9fcee96b511a3d2
9ec4b9d1378ce7b
8f659c9fe58ac68
04da15c67fe8fa6
840a3d6b561cd70
8a61cc0e0f2a3a8
35ed6efeb3b40e2
3c5749ec8c74c0c
a1afe362a273e62
27c0314e67d1a66
492f3a3adee5398
879084a13e99ee6
543cf417385df9a
76111ae85cee190
a9bf7c88dadf872
61e936a87a6e4ba
03fc1cc63d495ba
99871b173f33685
06084cfcdd717fd
0e3eac61623c366
4a53b9fa777379f
8f2d9884d58b713
1649e8c7fed3017
0d4238f30a28bc5
9acd0ced58082f8
22e604e327c596d
7e5f0bcec8c638f
0456003abe08c9b
8e614c7923f24a6
90ba1a2532f6480
5abf9f6ac53442e
0f3078b848a3edf
3de93f3d07d8075
63952c3bc45cb8d
6faecf9af6e507b
a9e96c35d4fb589
97ef94fee307e69
675773fff1f305c
40bb5efecaddbc3
017ddf4aac7bb8d
1162547e8916311
97a7a1ac715b3a9
1b8d72da0535502
4c9d6072c339300
9a5e80416a16032
568396308db9c0c
0ffed22d8bafae9
3fa6252d29824f4
1d07eeb15836815
25fe98edcfc3ef0
9f55161fb60eb5d
18a678bd5f94d91
316348569efb487
4fb9a83cb9615fa
940493ab8bf9f7d
647c9f10b74ce81
a768bbad5c91b9f
5954fc6f51411cd
589fc9ba0a0cdff
84bc7218001ca67
5577dae7d8bf65d
343cb02d86878a4
a7ef2c34c63cff0
78c2d75c23fa576
482a6a7c6b448bb
79aef3bce261ba7
55402c87b43fd19
2bad9c5c11d3298
55cc0b4857e3bd5
a22426f30853d45
60b282cb14b2f26
6f01bd1b3bae183
02dc50e4ed08895
3f9fc7fc68b2d3c
89191f4365d431d
5112a54cfa77874
422003e4c93182c
0db6a85d411b538
32744556574e532
75c368607592883
72db2a234e7abaf
15ba911ba40c969
4a15ba8218f54dd
4353529e265668c
0e264bc1059ba7a
331abf01c6c8449
87489f05bbf65a4
912b0947d4b1c0c
15c671cf8655a66
79c2707915ea88d
862102c4cc650b4
42aab9e1e0e52eb
1a4cbb10f868951
6d6a358605e7349
5b7c0c35e857127
3db05b720196704
6b43ce97bd96fa8
4654bab39b887c4
08ff0a3ef5affc5
709983d0b38b8e5
96d53557fea96f0
73131274ca0f47b
7a9b4ef8d33a563
1ad55cfbf82463b
35f4bde91a0ac86
56995585cd7d7ac
5657d33fe92c5d3
a195a5740b0ccf1
8f8f7772e0b6584
8510bcc4a7ac317
75eff6db9598eaa
6162767dec8d6a3
542fa92548a492d
479c8825a8ea60a
a34562c3e9662e2
8e9c6bf8b6e22ef
579263f09f7803d
5a69597633c8fde
3a6f5b709dff6c9
9a65c5a6ea296ab
809499b774c670e
3eeb4de437ceb03
6ad1b3b378900d2
44c2b171b32402a
3e0df6f08097e1a
508986b8bb340b2
782a4aaf8a7e2f1
0a841a14e05ebc6
547dc82d03a2b38
944fa9de32ab8b6
a49289de3a09beb
324c8d545a6a69e
4f08ace158cdfc9
27637453cae9f18
29ebb9019fe0a55
3112539c337e494
101f7b2259e37dd
0bc1a0cc5214374
90cfddf3904acb9
9d71daa88d94b64
2fc9a7862bfd51d
4456eeefd348c16
22de8aeb3557834
6c3140e1487fa9e
3153da0548042f2
a1375c2bdc2956b
385a02eca1b2d44
34ef304cd09c490
94dc9234a5eb883
8f86203746358d3
1a481bc65fb6c7e
60dcafbf41df8b1
4efc9dabb0d65b1
69a33452989a702
78dfc5e721f5961
8e854e1702c0bdf
0a67a349d15310c
6f686acd95cfd91
017b0e8d4b839bc
51a670f3d77cfc1
7a10f6abf5d9da6
5582a9fd48e1644
48f0a7b44a6a74a
89d71daaab03949
25c3c2381ba2493
39010861d202599
402086fce1e3b87
77c384512e48333
1158300f8bb3a5a
9ca44e99958ec2c
496615aa734bad3
2388b152ec4a3c9
9520ac62ee672d8
8fc54867c08ad37
42b46afb0b62445
5e3de16550c3e27
03a75e4b6e66c36
a1c8c931561edac
2e50105873d66d1
5b4951881f27d3c
2ace18c0d80b7ff
38a9f8dc593c4a8
24bb5213d86e363
230fe11056c172f
4064849d5efde75
8dd3cabfb5cd0c7
168914062301ff6
5c6a050bc4170a7
74b06e504954228
992f14c2d370d69
37d9df87daf514a
31ab6fcd65d60aa
5514bfd82fa791f
91716f3314cf294
83001daba6bfa09
424ebeb187c5718
00d7fdb367ffd53
034d241b2e2b6d4
3181ecb9596d7f5
88c6b9515a869af
273bc94b78de6dd
11000c855451cfd
89c1185372720d1
61e1a7bab80321b
3a15380586a38f8
3a93dd192b3c231
83960dcbdbca1fb
03ee796354b91a5
590ceafceb26c4f
4e383db50fcd90a
40f51bd2c4bd7c6
746003b24018a82
5640430f374afa3
18c2e4125fd67cc
3f342f2e91df378
a623e53124becb0
85fbe157b980085
20d4bd50708e196
925823280b8f6a1
9d89136f0f48c11
6c9a31dd2e4f464
2a77d4d4b2c3feb
6f45ce319f8674a
1c14fb8fe077d3d
1ca16f928e7d8d1
54454ec23bbb5a0
4f188b45ead597c
6901084f5750f59
5f3e740aa5160c8
7335e95d707fe0c
8bfca1c1089b163
6be4ea2fa7e8175
107a7e01a20387c
91d6f84f4cd659e
7afba116663ca24
2db3e7defedab71
826e4ea89ee603e
63c4e4aa77db096
56d464deb906ad9
7bcc6adc0d7d418
14edea296eadc58
4098a2758565212
642287a4b2211d2
567fe8de34dad85
30340bfe00384f0
9c22693477e180c
25a251feb0dc703
7ea9f2b39b3a3aa
7d9551474ec955f
03b417e859adefb
48105c8d53d94ab
89e2e10a32c89bf
4e625439fb21ab7
7d98ff24b4a31ca
20b4a0e0369468d
3e9d19e931adb17
543b24a75638dcd
3e323e778ed4b28
80d83fbb8ebdf38
0c48604c9a638f0
690ab7076a08819
1f1846643fb8102
3f32bd8d93aacb7
264cd55a5fb808f
27f824a8033ab18
1666e762c9437a0
a851c15b7c50fbd
43e39740f5c73c9
3f3b3cb8c6c6ac0
94f9d1c4fc21612
0adac07431bdd4b
66a5886afc781ac
7d8aea23b13c2cd
287047640fda967
8041e3e2b0af63e
88bbde47628c27d
28b4c44bc9007ec
31395201e24c1c2
948da3d09c71590
0f990351982af88
7689e70795b2c92
36dbefc6f4bd2c1
a0c23737775c672
882562590183ea7
3a40552a86136fb
2871bc8937eaaae
4c2243f2ebde663
64867e46f52a57e
853fab91f33fa33
7108fad1177517c
a46670c8746f5cf
758a5f5eed6e7ec
7ed2367436b37ca
78a294e674a7005
2310670c583d9fc
55d6d0e93aa0e3f
8c13f657f17b042
61f07bece3d803b
9cac2a1c39a3e1e
02ed5c3978b927f
001795cad98a64d
9c442fc724559fd
3d9ad77d135345a
2a08b308840d41d
00b8f0e9b347fe0
8cef8ad28c12981
7381004d66bbd76
9a9b0c848668128
52ab5dd13c13d3a
1ab3126c3fc4e9b
8a7295aa5bb574d
9fc9d54046e921e
15e2676d1433903
725209725ccb16f
3c62375974843fb
0441874c38b4d45
7eedf0ef9fd26a6
870fcf959f86d67
526191e6775f630
84707abad744000
7ec129d80ea9370
81e7dde1d6445b4
5781bfd66b84b52
3f50357289cd791
3d5765130836019
34faceb953d73cc
398955d09c855e2
479081ee991889e
0aced44aa0121b0
5b1d47d93ca236d
32f9a19b8ff48ae
9b605de2741423c
199bacc3f03cff7
499c692b7eda35e
285779eba17b72d
76b45f3e137ecac
8fa94c649600afe
1340dfebcbe753c
875c70f0f311429
58f1ff688c7a324
05e79bdd6dd7792
8696d88af746bf0
a5735b0b5d86e8d
30573f906865670
84cf74eb1e12c7c
0256f5d1792780a
6ffaa4b7adee718
a3c3792254b2ac6
918579333420f89
6a9bb9b7bd3e2f9
018060fdf0b5548
73b2d407ca20677
11843776684f2cc
79d4ccd1206fb95
2d55dcac11cee7e
023486ba7be0fbc
42fe1c28edb3aad
8028b5a9e07c004
9b50ac68e065154
670b7525ddc3bdb
57ed04aecb56ae2
6085ac0b3e5baee
9d8b7426f15c5fc
7bf65506920f2ff
a321095084947e8
03456ffbb8a0051
2e39af8afd8dd5c
05737d01c2ecad4
1fc17f6bb53e41a
1eee81f528b6951
78853775307fa28
93553255ea78d3b
a44fbd8056f1762
750e217a337b211
956bf8ae1b9f77d
2177884f68ab73b
079b53d821d0617
9c570f4faae92d6
414abc13f61fce4
5bd327e3d8b9f91
7f50c4ecc7067a6
804171732668074
7f2eaa74c950bfe
2f7c28b1e81da14
7051b536d2f274d
8f1acddbf918cd2
8ea7d45513c4c6f
a1eb0b5f987f9f4
50941dde163abbe
0f54a5a116f04ea
1a7847c8e27f2fd
4ad43ba12bef3b4
878885a0446711b
79a54eef874f6b0
5917ac77298adcb
13e9dd531f23b95
779c1c0a4c05952
7a46c78cfdb4a44
a3a0c7d9c51a089
32840d89b63b5f4
7ad34e67642f23b
9488f579283aee3
807c822c7591fa1
218921466f3edc4
64d39ad124b400f
2498323b76e4083
9f275766fa97e09
417c83a4aa57485
115d49d1ebce792
70a3206022483b0
a319a60317f04d7
96ca2f9408634c1
059823dc1195791
8bfa4d2afa44d56
a2496772e63df37
4c4feb42ff6221d
6bfa24956bf080d
9b12824a4ee4eb5
2181830f42c0655
63e778705cb5f05
9a0006006375821
07b64c10793e396
3180705799af410
8cb01e0e8a5ff79
9da65282ccc4614
1aed5cccff0d5e7
86ee62c21b48d8f
923eb0fa98aa022
864ec810b0c1497
8b300b5b0cb1ef2
1ab8b6c493d67fa
972547e7fdcda4d
1e4f638fdfa34c4
21a1e21ad4c48c6
65d2a6142a166dc
5b43df91cc5ef25
5262f350d0623d3
5d26528f3a04f39
22ae0c23f6c84d1
518994af9a97714
a33b3f2ae28f693
a5719b8c7e3d7d0
48c2b2f5332308b
19286515629b534
a012c54eb3f707f
33d74a718058672
06ffbfbca811c9f
08c99bd7062752d
243eea74ec30ed9
1f755d512c5c232
64108c3d060a077
55a8639793f55b6
85eeb9069869202
7d394b14825d2c4
73ca0e6ad70fc61
031369d53b7827e
5b52ef8d28b585b
0063d71ab5ac9f7
9dc7c4fc7a3de2d
8d1314f1e1ed31c
892ee09d9c1a462
09f846bd534ed62
7c6d11c1c355cec
2bb3faa7f24699e
1b7457ac62be8bb
240b1c059fb58e5
4387697cd0b433b
6347c6d71b82620
71d23248753c069
8fee19804d9b6f5
3cfcb0e86a9c16e
4c704de8f1e249a
2013001191dea89
15b685b0f234d3c
42faf4e19f71219
32bdb71b8cc3dae
9aa0c6ebe7d15ad
8b537090b8ab304
9958ec0cf244ef7
27436be842c083f
71defee54e461b1
2fe1f8132d267b9
3dce1ef1f13851d
177f1917eeb01b2
0815c7efa86cc0e
35e64d66026dcb9
253f333a77d98a5
2a16c6876f4f457
010dc91ec1c5d21
6e02d90b1fd29cd
5c9da53a58b5487
21773b0eef48e85
5bf89f2563668e2
59ea43d3da855dc
4d93eb9776bac85
3fd643649ce3bec
7a286e3d35d2010
089786cf2bb790e
30fc1aed5fe5829
398c4d719c03f22
94ba4a8ac414c23
52cfe76816e6453
1107093b5ad8aef
0640be69dc5037a
0de149ea7873dc5
1c83afcec0264d7
319fbbddf9f229b
2f22e42f51333f4
53f3d34750e55fc
12d803a86869297
4b0d89cfb98cd3e
a5006c48ae351ae
88b6c37173147fe
3bc16ad7700d6bf
5d838ee1a7011b1
196c6885e69f006
078feb6293fd050
5cccfdff62988a3
47fda82fd69d1c8
84831fe5e82003c
7ad9861638d2ac7
5787602052ae492
16020af35eb0b83
a80efecbcac5532
1421a3cb63a3df3
2edec2f5c114c75
282375e3ff5af07
716e47f18f493b5
386f8b68da3e651
5e12d7845935ca4
4aa553b38f2d771
6b784da24ebc769
5ca5340312b91af
625310fcee8c4c9
802e20a7cfecda1
54cebefd665fac7
2c1b581b823f133
54b36e96a27c48f
6eb3d33bcc26c15
7a1d2bdee92f8d2
a4e88af7f873019
21a1761dee12162
5e89a4420045e02
2e21bc3c06ad780
a2f023d31906d0c
58e40f76801d38b
723f012a5a2091f
27e672650dd70ce
67b29346773c0e0
73c575aeb3db3e5
333ae902a1be5e7
96ec3ac0451427b
55562071599d76d
05ab9428fbbd13f
2214ef4849f0554
5761b927a6d167f
393c3a9096fed5a
95a142003767dfb
23b1694b42ed12d
428d72daf7089c6
89e904d0065bc6d
1bdaa281a7ced76
73e78ba2e123b00
45ddc72bc2fd909
2b6b9bade79e468
007ad4a62787e5a
69add08a2d2f2d1
57d59668738a3ec
7175246be11e9a5
571935229ab294f
602843e8bb9a4e3
24527d9b1fd9eb9
2a4237b554cc92c
8bab9e359802726
6057c63e7217aa6
02217999ebb2f93
2a0d92c03d0a59c
1d6ac0dd07497a1
2b5f4ef43e4ce9e
3144e57fb863236
18a95cfef3d9cca
0da6cf0a69f69a2
264f125767d304a
96f241a98d4be7b
549175101710eb6
3b5263d4f075589
088e419c3287e45
93cd3e62c4fddbc
9e3ab8340a2ec4f
68e8522b484e097
3e7196be34f57bb
0d92891915e1c92
674095ee49deb1c
1fb005fea594bc0
66e24282f5a1293
75754f5ef7a7525
9519ce02c23adb5
223995e78775c43
900def80de5fe17
6102b38fbbe7e23
4fd44aac40b673b
9c19cb26c5b569c
6578129fc5cde01
757d09ef2fe7298
58026a1df1898ad
3d5c017434e2eb5
a3b3fabd7101b6d
86ea9c882537e17
2113c9bf20a9afd
6e0900069e1c79f
65674d0b660c8ea
5a6a39839f4b5ef
26b5f85a7e173c8
45751593d9b4a66
58bf819cf68525c
1e450d4c8db9beb
2bb33485a75b7ed
0c6bfac3519707d
8ba04cebb6ebab8
67eed918255ebb1
05aea9e9f5d8a71
5bbbee2e196c308
939728991325e2d
0ece3310954a14c
5fe36c7449110c9
21157474be82173
83ded753159df1d
30c1e7d9c8f32a3
0403a01fd53e28b
6be63bc176d1237
a4a084de6616fde
6765ef87474aa49
6804546e8edd1b7
74ff5e0431dd07e
31505de1130bcd8
2188fda6fb45146
8265e70ff0aed6b
0e74dba12260393
076154d4782e631
0169d79ceaa5e43
8e6cc8c0b8493a8
96718df0359458c
334ae2ef284ccf4
1b281650f11412a
4eee2a86a882956
5afe595fd2fedb3
781a5ddb3b42479
318967f6cd00ce9
4f16ca6f41951de
6127ca4b03e0a47
207d313a94688b7
8c4c0771c6e478e
2fc97155aaf257f
80cadc29f7e1ead
6d37e066ae16e44
3769a9beadb5c31
61b80bdbdf66c39
84426277079cd1c
7e47673d0e21254
39e2b7f13680bed
4fb517151238765
3e78c32227f779d
615bfc85418069b
1a6eac19e78ec1a
59bd607bd921e0c
986a21d8781f076
61a43f1143a0d02
0b47c4850a26647
322b5fba41e9905
80d0d1272ee1fc0
a33d5f692419ceb
0aa2302347605fe
339f132c27ef5b2
0404f3b14ae5acc
0f2fa67f5983e6d
088c7089425dd31
3944ea5544fca44
895d999329b1b6b
8042bc0fd950c72
10d4efb0f514c0b
7f4373a7054eafb
59cfc209ec927b4
4bcbd852dc9445a
2c2fad64d729887
6ad3db139af8b4c
9b6b95107d9a2b4
1a402a80d5aa8ed
074bc6dd26b9786
1dc42f789204eeb
2221665bfff1b4c
8636ded2fa59591
9fa4a2b908ad65e
265c81045a8c94e
877d68151eb5a56
8bc6101e8276d81
348e035c9bf86e0
958180d204062f5
35bd4c7af41c680
4ada87b26beffeb
2d9253473a39323
3fc2e0cedbc860a
37deeb59d4f9619
3f9345e54ef3b5b
48370eb26e1a06f
33ffd213e2be99d
043c8c2935ac348
a3d05e82f9c518e
8b6d5cbf437bdbb
7cf555c9bdade4b
742f6c51b65c017
0152bf7896fabbe
92a3b9dfc63cbc9
0b7e4cf481cfc5d
5b6bcb5855542c6
19ded07369b4739
9a20a6264601a79
5d46e70999dcd87
5c2d166e16a1f40
314cf2c05ef369b
5c23ad660862598
8fc1e6a3ad1c773
8a38e5a22215644
3850eb18efeb13e
3b6ba437d5ac76a
9178d3107b75b72
561de5757128cae
062359a5644ec1d
96db11fbfb8f054
4bfbd2cd3bb80a5
9c097eea84d853b
872090dcbfb0dbf
484bd5927a303b9
71509a877d1fa59
4aab293e6e66850
871ceab56cb4cad
13572a6798d5847
8174b9cc32cedbf
0bfffe8b52b5405
58cc70887ec3a62
1b080f95af40a5c
985db04b17d55d2
7c257f5eed1cc48
6e788526715c44f
25985232a5de865
12e76c1818f4dbe
61f82eeb1c5339e
8b31d8cdd81e2ef
0910baa52af5ff0
0d6038536cb060e
a833d3195dc88a6
8a5538d855d9b08
175d39ffeb58aff
04a22c4cc44d420
450e6cfab2d0969
639054541fc2491
483aca769e3f501
39150b6a8f68974
7a852f20deeb968
6b4a7a31b884787
00ac41fb745e69c
71c2ed7f75fb6b9
997921dd45f03ac
38542f4a93e805b
2fd4d305e90332b
3ca1f29040def77
0d13d0890a761d4
0c4dbd7ec9d23b6
8e867bf6b936676
0ad240189367534
93ffc3fbfbd130f
14ba839d9e20cd6
a62c19821100031
a619b10bdb344f1
06ed86858c1204e
98b67b741da1fe0
36b17db90e7564a
a3895fdcb00736b
27e3f25d05b7bae
0e7f6b8a1cadf48
411b084f624f1b7
48a1a2a4c9872a2
66bcab6b9b925ec
01b663a6fa13195
3d5a5ba1624e85e
9a24f48d9068cb1
14b368239cc0152
1f20103ea958a4f
15ee5d2a6cb6416
04f835aaf586b27
399b447c1c1adec
3a66e5e3e27c9a0
4c3751b294a70cc
20a337550bafad1
64acd6f202bbafe
2210288ba71509e
1d9a652fe557d2b
779358efd6aef44
7e3699e6ebabaaa
2c3e5ffa4e3f808
20db1c9247b51ba
5e8b0bdef8181cb
9cc02713fc57032
6545d2efb244813
5739bbd34babe94
21fc3ca10c3539f
587e21bef8e9c09
8762304bc03aae0
2542d555502c32e
05f8fdee591a470
134206de17ee73a
7bd570a57645db8
1cb49aa1eccde70
12796cb9078094e
1fe9430f0834f7f
29aaba1e80329a3
438fb72bb4b093b
01a8e36611bfe61
5a17d803aa9c934
03c68b5f205d7f2
41677faf3fb021d
0121e56a97435ee
42340ffafb75e17
68a9b4340d33a65
88b0330cfdfa258
0449e2665165e69
93de00fab33107b
57f3b7c1767dcd4
7d7c38d3767eaac
5cff87655edb04b
8f1eb260a5feef5
599ea62017211d6
a23dea9c2f3a393
05a575a771b3804
0874d78ada49885
47b459df0a6ac27
4f84760e3dc3a4e
3025c9e66168a6e
0e51d1ec62d0677
5b71d1fc9e51e6b
9a29c555bc5e7ec
847fb8060d3662d
2c0d69464385569
5b97293d64466dc
113a5ae3abe59fa
746feca14bf926c
4173cc3be93466e
1753dbf28ab75f6
1a36c6648b07c3f
63e3fc804ad5851
04392ae14571979
53a18270d497021
8649bd631b9782a
538bb09acef8441
66b7c6a362cc929
08f6918af8994b2
68356721959faea
2524328b6aca75b
94704eb15b38bf5
767a8261a6b8c7b
19067b744aef57f
a6e470af85b5799
6134c9c2002bd62
742147ea2597657
41d5452a590f9bc
83c7da8c35abb6a
8f2adbadb4ea98c
89ed78daec13af7
0ed1911fbb178a9
5bd153d68fb53a4
34f4147b47cae79
9b06f34eddac9d8
7045eec25002e1a
69716e5c2f76f8e
203f24340dc31d2
526df87af8c9549
0b626dcaa6d502d
802e1a93aa7723f
04dd45849be32db
86028c5565e552c
4e3e5a4ffea4587
01ef64e4032530c
1cf3e03ac62b35c
438aba56f1b03b7
82005de689f5b2d
45b5aff3a489880
75d16635213bdda
9c4a2187db13318
9427fa982f34d33
8070246f2de94f0
440023c2576a8a8
9cc839935f69c1c
2f6a3921f4148e4
2ca65332218a56c
29fccfc28ad0319
48f55629fba8913
6bf456ce52d1eee
357c14f95ad8167
a95eba349281f18
967ee7082d24dce
97b9a2547544817
6207e4f993ad65f
2e80435489f34c7
02b046b3aeccb06
1a015b0c04f0655
428677620ae136e
0781ed1ee32a89f
378a1ac49e4eb6e
0cf0e8da312fb38
34f1332425256ab
92c21aeb0f83cdd
8c5fd8f25244ff1
6963fd6f1826ca0
450f5405815f5f8
5e6952272a5ec3d
6cba9de8f296be2
44ae3193731ca41
83d5d47a32e5627
6649380fe432722
1cd538fc1188767
9355a52cc2562d6
16c594d66079a27
a1a782749944515
8956a5f07d9b350
1e29b155ec8fe86
38e3328f470b94b
2b0424dfa5ffdbc
5855eabed703a6a
650b596d9411380
22999fb10875701
5b773fcf1c2c3ea
8dddab4a0daa24f
83b6b110a2664f4
5faf1bfb23e42d6
9709a0b6a3b7702
2cb7c4da73af2da
4b49fdd5995c1e9
01b3a658a5fe061
6af9e996f9fb096
183b1216d4a2c85
66f9cc80a2e75ec
471daf7a07086a8
82b0dc44c872b42
1cd8d29ecac7d4d
22c0cb8f8318510
3e466af63d48deb
58e2e603b46aae1
33b1f9df5c60d9a
351135854ec9bcd
932afe008071e8f
0dbbfc8dc02c67a
5c222e0b2a96d0b
619fafbefe6da6e
2bd5ae86f5b145b
367e98ef9b35385
99e48306da7eef1
0c35031634f686d
52638d55b7a8419
91a945a2fa037fe
1945cda4d6d9767
33d8075886e5bb7
710f3ff6b5a5b58
26388bd42fc1dea
640f513d1d13fc6
919b94326ad2c94
31d686407cc4167
5606856d0d7e914
45d4e1cf588a011
36f31e2a649b276
3d1b0adf3e25bc8
82173229c02e523
3db0ecd2f313aa6
161fd4b33e7b00b
89f04bfbe2506d2
89be41d3959a866
61f4afe4d655558
2d5e6dea96dc135
0e8912336d785ff
448b11d03e27d0c
009b5d903b14957
6697993510e1987
0ce8b52fb798130
11b94403b461455
9ebae4200a1689f
135a546aef088c0
806eb23f58ff796
27f9eaf8447df73
3ca220b55bff9bd
5879152d49a50ff
03bce8960841386
44947ea1ffd065d
88aebcd731e7468
0c12b6756b5cd2c
085901f2404fbd0
5c67288a2b9ea59
80e93e1d97cf178
40688f3d764872d
7fbffc68c7c9251
231c347ce88677e
6528aca66a0b446
39260be0c85aada
7cf5e53b35ea21d
4b7028be49d8e11
50d717fafd33642
9ad5e45172b2a3a
883b36d884d7151
a12f1a5d4f910fe
3d5e7e93ef7271e
1336876d0c13b77
47ab2b722daa287
90487da02332664
40d94c2f14eeb8c
80c5a064d021394
9734fccba7cfd42
3d5303a9882dcaf
265cee65b747277
6f09d5119ded062
95b0b952af7dddb
6c37262c371646a
a3574729f28f445
9d1dead520e3831
a91e41b6b97a512
1d7fab292dad764
3ddbc66bc919b93
9cb05b40c7e8714
23ae5acae7e7cfe
9d9fa146a178d55
87ab9211de05719
9946a0f7838e388
775dfaf35f38d36
99cfdfa969acd4a
7c3d4cff921671a
278cde5b7e5b65d
758a181091c042f
491f5cbe25e64d9
1c96c1795b75fe5
5796afc23b47aff
2eb46d81c2a920c
1179c29a482bfeb
a463656ffb1d412
806b8ccf55b23b5
249d89f1847dab1
45524545f20111d
3ae9ebc05abd9a8
17007b5bfde1e29
465cd607e8ad878
56c42cac2b162fb
496b20f2aade0d0
10068c9caafc8e6
2b184b73203c19a
75e14b4e8daf6eb
1361a9a92efc8ab
05a7f9bc6c2b86f
8ac7fa73e835555
81fed4e9e9c6647
53bef1000d3a7e1
445e77078352d3c
2f3b98a1dde4be8
988cbb69a24e39f
709813cb2d1fae1
66c894dbbc56f4d
59447398df74108
98a8ca9a60c892e
0d17a021a074a6e
5cf35e3da82221e
64c685623f1e2fc
3c14fd5f0576dd0
7233da4719f3821
4ce20610d1846ed
45df845573c8778
302839809910b18
679cb55e7f0e59a
620770c7699506b
753d5146b1bbcfb
1b94b2ee715945d
5e3c99849683200
9aa1037afab7621
9cf412b69cf5cbc
0596d1cc2ee975f
11bda422f839671
82cd931498b6982
3d6b6b0521f08b1
39260de54fd9f41
20ad599e9c8b26d
1b63af1c8ab7dba
528b75d6b47234c
8b3fdcd451419af
329cf6558f08ad5
1518cb715bd1c12
4ab53354e6cecb8
5c7af4b947aea01
1073308eb4fc7db
2f04205ec96e420
23ed29997a68f10
a8eb5c363efef4d
1257e8674718380
25e4649d0b3e028
0ec35370d970426
4cac343654661df
71a17e30842cf6c
63da202a442aac7
63e2fb435c899f0
478c8fe5b0ebcca
5776b6c736e9ca6
79abd10a132fc68
318aaa2c1c03a84
35929f79862ddfc
61bef226a75c185
0dc463c194b9f54
60ee0ae9f42a0f9
3f7eca774d75da0
591f6a5810aabc1
81cd70050d14ecb
9d030d1b9020bfc
86ca2e3796e8af5
2bc8b910ead0545
a47295ef33abe32
9e7e7aa9162c6bc
68877ec401fae4d
0d044c761314baf
5f3f9ba912b581f
69e72abaf983727
3107961d0bab321
8bb897e3093b3f5
3c0dd2b7f06fde5
3ab8f1ff6a73ec7
3d1bbb0b24e8dd4
096d1b5c8ebd6b7
a8385f09e4b4e60
075517d73a48644
28ce7f142a68f46
697e248d2457123
45e05387512546b
995c664c1114a3a
4cbc34d9720cc9c
5224459314da365
34aa16f7eb38192
5235cfb6d1406ba
7238b509a6c83b4
3741969ea7e261c
2cda8759df2324f
0baf7d50c74adb0
40148e99a6a62d6
7c81629dd3701e4
05a90c51c589d73
793dc16c82a8c4f
2dbc5ed5ccac9a3
346bbc07a863a6a
50043253c24eca5
23a176c53d235a4
8c00799613ce4c4
98ee6433badc0e4
002ce916f3992d7
a81e3870c2c7f05
39b6ba39d0dd4d0
3c3a67c6ebb7e3c
5a7f54376dc2148
66931a6e4fcfe3c
4dbe3299d3eaddd
4f06602114771a3
809686ff47be11b
4a46d943db425de
8b327115627a71d
542f608be3d1bda
05f811dc222d4d0
a67084d49dc5f08
5211fa82ee5be27
a8de48b387e4039
a95a5e91b95f8c0
26b8ae8a6ec1061
406fce879ae4284
60604e9c68da518
4a5d3708872b696
4e02e11537cf712
2923ac809a76119
3cc641953ae33ac
5cf86889bc3282e
32025496c117d2b
26d8b38e3d9950e
495d430c96d23d1
4c62b28a9122c2e
649f8f272fcb4f0
35a6bdbbd138248
0c55814dd2f25a5
3e86337c62d502a
53eff7db595f69b
353664deef73131
625e0c7f55fff83
2426feeed775b49
50d4570643c713f
4822fd812e97e3f
30ea8232cecd770
656f646410c424f
61f9d1a0a56f09c
475c82b538d97e9
488bcc09ba01d6c
0dbf5528312c028
140994a546949ec
75e4afb6c4e7d9b
05cee0765709a6d
47bfc68b41a1a02
11a443815e88825
00fcc6bc9cb115b
93464212f287b54
0f2c9764e70d562
0370df50dac1f20
02ae1990d2160bb
36305659a2a64f6
32921b59a460ca6
2fee1e781ece791
13721a992437df0
4d628bdd5e3b88f
3b8854a73fe96bd
9d72a1065397bd3
456261fa81a530f
708d09d5dbd65be
907aad1030b048e
7be42b89f311dd5
0f97035f12cf20e
75e9d5a2a591cf4
23ae27da9328bb2
a66a23a586fb237
0fcdf7c5a985207
3676abcfc7285c3
2f65e271809cc90
6de7acf81560f9f
1e9dc2fcd661d37
49595e40599f94e
470bc7b203c62fd
3274ca4238a9f3b
36764260ae06c55
85b9d6ff5703ca0
7fb38cdd4af5e62
092d8b3db325611
35acf91039e4122
a33e0e21015d91d
2f1bc0d4fecc7a0
1c689f110cd8d4a
5bffaf18b4b0445
5f8b92355d5b93e
4629a19aad14644
075171fc1bcc75e
1a985b480041459
3f89771f0a6564f
3e373c43ddb7bd6
3f0acdb1f734e2f
3379eb6b26a00f6
52de84f7abe453d
3a3f13f46d20726
240038d1b26f924
7f9c071d86b9ebf
57aeff39e1d2f10
9f3bb97bec0cba6
92c5696617de67e
31e322f07c339f4
78d7cfad35681d5
a5432478bdf3618
9d0c85182a04223
3c7782feb7d36e6
8cb408d52ed8265
96852155f1c9ace
698e8d68029a9fc
6cb351a163b0c6d
2e292e154b367d4
507b5eb06124195
8f0adf01d55d4b7
75508e3c247183d
5706f1f8c94373f
7ab70b24078c8b5
970fbc0d4169406
a503531ca3adfa4
a4de1288402e143
a5270d7d09eabe5
4fb18fff9c3537f
75b6238c37aba71
0308019d0f0693d
036f07d7c812238
0007dd872f5ca9e
9cced386a98845d
1104ba999a4d4b4
8180f7381d99698
4eadb9635c0c33f
1fb46b8da614031
530b78e4e89ff94
1934613fe413e6f
1b5759be3ca5814
086f60db961add7
43b8c0c8e38ec8d
5d0de2b0eb17760
1d81213ebb66659
8c456858aef62b7
756ea43ad171931
743922ca602a5fe
9ba474be1dca39c
8ee4bf9263a2862
07452b2a5263df4
94f5fd4682354b4
7ef8b27857c6693
46d72e0fbc41038
8f2c2216e592331
56f7c9d37771142
203ed31004f6671
761806fbf56b206
a91c99f64daa71c
688208b71ec9c01
31a4afed740edcc
80b0349a273fff7
85e03de0ed8fc15
85f0051ac48e518
98fe0a496b21604
0a341f3f865fd6e
a58d7d8ef4d237d
8e65d546d4c20c0
7de186c2d234699
8aae1abdfe17b2c
5d1a7d1b5a50d9b
3a6c5aade3cd658
020d7ad28388e7b
215c17c702b4b3f
012ec3870a8b5fe
9dbd0ea15f87636
333d90be12fea31
77113df97a077c2
51208070ddc62cc
6e135e60e19b73c
0737bc83984c198
954f5532c7a4ad4
6fad1960ee30af8
4837bfafa3313b2
a541a8b4d1182e6
5c2155f1dfd8b58
003cdcbb56e275e
a4fc0707a9accb3
404715777d9a8ad
4914d1caa3147ef
6a42ef3c1f9b33d
365eadc339a2b6f
9f16906abdf3283
3a0243caa1c73b2
a164dd48740875c
26f442b3b77eb8d
088749ea11bf93c
66470689e402bb9
804578036923a57
8a7dcecffa9e394
1376632bf64d506
9fb28bec70f17de
65eb8f44404c70e
3ffebb1e5d418a1
23622a14dd4d5f2
431bceba5c55769
a67b3f30e3ba8c7
7f17477534235b4
2d0fc00b603dec1
1bb4de8cbbb1540
19d3bd8266f4bf4
9c41b958dbb5399
3904cc96d7eb347
30f93ee09d20c88
946ae7c87000fdf
337c9225efcbf9a
590d0eb980c21b5
5962ee7e3f577fe
828741ff01be7ae
94e8cb41088a202
2c5f9547b55d6f5
930950fd079d31a
791ad21328e639d
69d150b51174141
84dd42c119e1706
53e9f6a1062fdb2
63d2683e7caa372
02bc1ba0b806334
9d7c45f0d34d33c
5994e81b69710b2
37e5ebc94ac5857
56b3a37af85f19e
2d4db7557abe240
5d2b7c661b8c84d
73c1bc1b313447f
45fea95ef6d271d
17e3212d4459425
a1ddc255faf8b34
639975413b9f1c9
730842ce2cc0663
3b02859894ebe43
a745bc2d198c130
16db8cdc598230b
2d262f00b04293f
230d0436930beac
3e5cfbeb093383e
023e20d17d06d6c
a515b8373c3ec2a
3b58736ebb95934
4378184eeee0fba
3f4ad9779ef3852
7023dfd17e7a845
69e07595fc6e166
7e6b6b8a0989cfd
83a01fd9af92eaf
50dc4ee58e14f60
66d7f1e973be20c
0957ba5709773ca
74742a32edfa047
a60eaacc7a44699
84f49a684314e3f
450ab13eaf9660a
290fccb4e32c35c
124bcf38e2a8271
08835bacf3b05ff
8f3e67f2d12567a
a87758a38bb66a2
825010d9fd12929
559a19caccc65e0
4af4d59325e38ba
2ef627faa703d04
1ae91e074cd5db0
3069b1e4ef187ae
069ed60ed446d4e
72fc08e0d9be93d
37611f9700415a2
4ed40cd8f2b5061
694f3c87f54271d
78f93dc60b338d2
65d46628bddf56c
15442fb6e35f53a
473778ba560c2cb
5687204c6eb7704
94053324fa7e0c0
0421a685da47a5b
22c92e934fde156
1ccfceaa0698a8c
01ea6a0f6ba28b4
73c9d06beb18e45
a08a86703f2561b
a578bba5a5e106c
06504abaceb20ae
323d9c30ea73ee0
2cd91cfcab20f82
63864f293c59171
a9e6ab59cdd957a
724811a9c8ba3d2
74dd8bebe39dd8b
6ff1ab73aaa1361
8e2a385f62fa923
6c4964f9c879ef7
181c7284bd7f375
7b708c2540001f2
4dcc2d67004d048
6f190746337ce0e
0a83e9b080410da
a0bc8d6c3c09928
33b2075cea3a179
617eaebb17bfe20
136055cef361979
1d0baf0113a7eb2
91423887d26d47c
744cb086af13300
02cb0a5b804029a
7e580b4caf04f49
6ac79a703c4650c
52bd7a408ce02a2
83bf3256e6399c4
34870928483db4b
047ae1155805cb0
a180ce5a0975239
55273666be8db8a
a42bc374d15ffe0
89bede71b6ca75d
75947406c3d4740
3b810c09e971e1a
8896ea794fe956b
6effdc754773aff
1258811921a7ce5
71adb6b4f0c83ab
6a550b0e6d53781
3c726b77c58375b
49d13a9f4985312
3e668e07e2f5f86
03331a33f07f76c
1ae093fb6e15283
8982c51edecab74
70c8782b31d5393
4d6f1ebe3a479f6
a911369e676d3da
19e1a3263b727b3
607a7ad797e246c
7bd0ce544398e6d
167b78edb64b6e9
082caaea964e773
41e2335f51cf2b5
8935b0dc8e1c6a7
85cc63e59350dd7
093a5ff587833f7
64c029a34735d33
062a0e9adb07627
0eb348be87f1dda
4192a0c883959e3
5fc04dcb9116f18
47c9d5a11b6ec8f
884ed8fa8aa505c
17e1c8b61820d40
98320ee009b4f61
160292e13f8e913
198f39abd5e99c3
04524728114f079
631f3a5a2fee512
2d2d36dcd656876
79e7bc2c44b6114
2b8f2b225b57ffd
a2f24746c670bfa
5f964012cf86d6a
79df09f462d3386
86f1e6600e82725
2152b363417586b
a9412ed35b4773e
79be9709f2b157f
29ff58f55d7dc93
3d05aa06ab77d09
6737c2328062319
a018537890eb297
90aa4a0e001baa9
9983d3fa897532a
486040c1cf5a085
5b7d930c5d52fb6
604213e06a953eb
7058a234a5b0baf
603116324810109
37364e52de5289e
82b3c565158ce91
02564ab3d094d3d
22fc19b3dedfd99
20fd2cb75314b39
0af6c98e5f35b68
3e5b401c3cf2157
4d683f1b67a61c3
a3803abce5e0cb7
43f6610c99ac210
52f99bf836173a4
36a299de7391263
95b1b628528dee6
89d210b0f56ce81
557df62afe670ef
5112e642cefdc19
817c98732cacbc3
9c8a9d4c1769c8e
6cd5275c5f33c45
1d44e1bdb7c9deb
5a2c7737b2b8c36
6847a328a594ecb
874c63a31a904b3
92f2d02f980543e
6ede25c036b6e9b
1899a8b748cb982
9107355edc2115e
85b7f03728cd52f
a174ffb3660b7c0
55aff88578b9b5e
19d4419665b4d03
6738024fb9f6f42
2ed07dae24e108b
9b2cbf8be636c6d
0499ed9bb820032
931b5325401f7ad
50bad62f2484a59
1baf8f68f704c3e
4b375c2ef9e861c
2a17899ed89dac0
2b8514b882d950e
4374960e1000ed8
273df8346bcc937
0ca8047a16f5634
30e5bab04f239ec
819ec223a69257f
a58b68422a2ffcb
12c13467f677a5c
110941aa57089a1
5869f315ccfb07c
136cffe4e34f3da
9ac8d1e3e9f5d65
1c70c41f6de31a6
a7ae02ca1fbc1cd
a7c6f2738a67359
13c6c9a06e64ec3
35740dcf31e0a3a
62b2b4007d98271
50be6f28379151a
045f7640dec3ead
1c2ccb4e6e00740
8ae17ba74347164
86e3787f2b6b53f
10b2997990c1858
208315b96e336a1
2111fe9e2718db1
691c881373f3a18
602f7d5d4411103
0af965fd8ede8e0
5341fa7d845412d
658d18201de996a
6a9086027b4ee54
28c6d725e942c06
07a17dffdf7be0a
7be3da05d0e7c91
4053c72070e8f13
77d58ae591609ee
2f3ff991f0e150e
25e261bb0647bc7
2564a2a149c40fc
714bc626b7e7984
7ee1172bbf6a31f
37d2ff204607f71
0106af8b2a3fa8f
3bc39bd28a9aa83
964ffcf3017b987
8c5507c9d46ab46
7a195ce84f711c3
9572a7491b40d2b
4bb376ff9587df5
4567a6dfd480f6a
0c55f54a1ce30f2
27790d436d6813e
590f6f6b4a7bcd5
098e9ceffcdabe4
0257147c2303239
022dbc8eb148146
4ad24825eefe3aa
715e20fd8a72b0b
7c5b37f8759f62b
1d56d5289d56ef2
0db828ea8b94ccd
6f9245410dbb672
6ee97cdbb26cb56
a630916a9f83bb4
9ec3182921481c4
084c1b4445e18da
6b0dce066412842
105e49a9ce80e3e
730286f20571e1c
945731d7493d816
517f5f0bcc87087
8cd44ab2bfef0b6
3e8a914e4231aba
42cfab04ff1f1ee
18045c31c014319
47182a035a43362
6efd0c902afd78a
3536abf95fec283
09f71aa5a52670d
97ac0bde2cd019e
19a125f496fe973
02f86fded27d9a5
72b8931a687fd9f
3fc4770705e0819
430a6f376f034db
426bc224c5a2086
62798cb0c6fad0c
283e3ab567b2946
1ac14e757df22b0
7d20aa50977abf9
7597d7c05939d7e
9ff5cefc291fa2b
6417ea707a72f40
5479889f9cb9245
83fdc7cf582c2e1
28d9011b7198fc7
72773802df43285
1a63a79c244c913
0baa2303be2b03d
a51be054ea5b607
1c8f9e7e97e9ba1
39bdf7ad2098a94
56ac4313347051f
4510bb74bab4d1d
9de46abad8c1684
15e8b90e101b26e
8ddbcbaebe5e75f
9f4842fc12ba8fa
a3dafed87ceb2da
a0f3acb7690e9d4
5de8e0bd2baaef8
1570393faa42a29
0eb4aa11e2a01fb
28eda0eabdb1dfe
93a0030b318f7d6
546dc86b4387556
80c0234d4e074ba
29195826daca949
70f961675d7593e
362ac3154dcdbb3
78faee0210f417f
19f19657d943b89
27bc89ed4e3ed13
384b1f706e288bd
259e5d33f8f260c
69e130aacebe9ef
8c6e1a80692a628
09e429f5b8460b1
2ead9928cd15682
70c49d1ccd838e0
2b9f5f63d02858f
932eee8c025ff46
3cd6c6281dc1c24
8f2afb23c63920f
70be038e13f9c49
5ec37b49020a9c8
5cfa90f0637e1ba
3d25ac93a2048ce
864317b9030ce57
86b99af45473e94
395a96b80cb6621
02eae0e41a4e88f
93ac1d8c9bcdb9c
285ccc0990173b6
71d824b6464d263
9b2f5d90d7c2ddb
69cbba2a57648d4
4df25a8caa32436
0fa26b6d6b16ad6
8005817b667aecf
26bb0e5ccc561bb
332576ed829959e
9748ab674a0f442
1d681568b644a8c
22f173a24a69d0c
0ff1da23420d1af
41eb5a13213d8cd
97536f3473893d6
77b3cc87c851167
918317e39f63485
1e00c9305ec86b0
6e7fa4b0fe34efa
871f13a64143095
276a50ec88030a2
82465fcbc82bf0d
5c8dc930d6b717f
565d027b765b94e
15f1a6b24573c9a
063506f0c4d0df3
361c9d272cf3d46
01f3fcc444a7ea1
254ece43d338f7b
8cfaf3d7b59216a
30cf939999d0051
91578ba7efa5f00
6af7ae2668cea35
904e848c60c61f8
4a509dabb605b7b
6a82d665a9010a0
42b785bccd53d59
3c6c77f57e19cbf
60099bc0efce01c
7ae4495afd19155
85bf433f335cec8
877dd390217358a
5872a9c0298398f
901503f3dd2c3f7
310b920135dc4ba
00a3dd3d0840cf8
a440dd1f488c256
185dbacfb2da343
0220df1c1cfa1cc
185343b3ea0c239
6c82e4832d73d1d
32962bf478185a1
6b4c682d4e6ea5c
647558ffc295247
4bbff1b2d3b3807
766aaf8be2fea61
33c0195c673875c
2a978fbc9472696
7e7255de7e4dd60
105f616a7879ea0
99691ccb3704745
2d63ad54cc71ab6
4594f719b8fc730
7be37a8c343c9b7
2816ded2357e90f
4fed75998848454
47a2c1062c8e832
94b15853a30d448
1f92eb5e934eaab
8af01b161832cf1
653896852432fbc
24a0e535a9649ed
2ecdeed4a8f9c6f
37e3d3c196dcc43
890d4962bbac214
950314ed0777bbe
615213c25f77f86
76af4c1064a1472
7806664501cdcd4
5ebbf7f15ea2791
6d32a70830722c6
038feebde9f3f11
6a117f504fd7325
3a9db8aa4070473
917664da20c18f1
166af8f3429080c
4dd49520bc204cd
22220a399041938
80861071a0fcfa2
51552677435c26d
0e4cfab42dae51d
2dac5741aaf4c73
a832c47518b2c7b
3a221e588cbf85a
542ecb1ba5bfc74
983545d87b36084
2396d9b7d911938
36c0e58d9806b5e
1a4f6cca70004ee
98e9156cd79b32c
9643fcd159d6c81
9cb5ca22a958711
40c6968dea7774c
5e53e9e72a1e41e
02499b6e146d5f5
6f401872836eac0
159f4b4004f92e3
5317783c6f445b1
38ffbbfd51e3b9e
22180aeb3121843
22b424cbdecda0b
2a60ae9a978fd84
1c1a01b78548ef8
4804b1afd01a498
2c24770c1092fe5
a7baea4286687cc
1f63dbb7989af97
92b6f8f966ea3bf
59f2000f6e85451
91a161b60e9c0d3
1b20c924c32563a
5b7c61c8be2d29a
6a87fad479f6b4b
50c290d380fc086
0ae418dd12efe4c
8aea1d988c2be10
8add55b01487a4f
4e4a3733b4690a5
304c3609f6b9278
236ed58b085d073
656a4d547d3db30
600be7e04b6482a
6b2aa8bb9c23406
67063de38a6b629
628633e7220c422
539078eabf0388b
a944ccd3a662b52
2b4af28be0b5a75
473741534cf677a
1385c85b7a4ae05
773a14115054a6b
318ad0b4125c355
878d61bece66bf2
3c280d0d11a3378
a207558973066fe
563286d5ff47c7b
31f6bc88e95d0a0
a013b3f56b86eea
42d8a3627b9cb2b
33bd17aa4f4ac7c
6fc957a7cd65ad5
10264c98eef6137
4ce620100cb2880
0a12d6fe3e1a58e
9147136722ee0b9
1523d0e309aaa16
608ac56ac7d5202
36afc5c5fca8f30
36e2c2ec8f529a3
967fcfc63e7c418
2c5b7518034bb3b
54e069e8b022292
030db5a837c2ef8
8b98f2cd16745e1
0848d22c4e421cb
47a998ebc1c256c
60439f9802fb8a9
2cfc598e084504c
54418facc600c43
1ae960b9e98d742
1dc868a8dc01c38
a915f21262a7b22
56c590d1af22ef7
9c67c7654e009b3
2ef6f3fd63bf9ae
85fbae0244c3fd2
2369c1870d7c4c1
12d13bcd95445ff
486efcf98206a26
0e18b54e56a8210
1eeac298f708bbd
524ea1ee8919eea
11fdb1ba73a2a77
727d2fb03c562c1
6e42cc94a537a3f
087033e9deeb213
08ea3a15811d085
8c0e4b47403a146
20acdf87ff50eb7
33b32ed922b55d7
0340b132f54f6f4
4a2bde5f8f14ac5
57a8e989ec3e773
8bd147bf74813e4
5fa39a5ca24c718
141cba5cf6e47e1
5478ba8d6bb93da
6764d57d289fcc1
a1ff06c93ecf5ff
75d0c6b29496521
4ca8cd5f7aa19ab
3fe4120703507d3
65327fb87adf4fd
9f4160e47fcc8bd
2e67cbdebc214b5
638a128a7e9a684
31af9a5e28ea4a0
639c7b681dbd8ec
6a3202f349d446e
58066e72580695d
120cf9d9cb7a9f3
4188dfc1a7eddda
132e3d85584c83c
3065ef02afccb42
25bcc5be4f0e4bc
62e195dc48799e8
73bf756384e73ed
5d2a71c45dfc0bc
7285a50c01508b9
694683be18a6299
21b101dd7f2bfbb
69b4d3fe669901f
0f8e041a2633500
325303f5d56bd55
12969fd1f4b7504
236a35fdb951cf8
7acb05367116e36
7c4db1ea1efa632
572ad644d05bab7
802396a38015e9a
96c5fdb159f8107
348e0f57da88e35
12a15fc3538dfb7
47de16cb15f99c8
28eb58b9a893179
603345a30162d8c
69114b5f27a787d
4c3059a90b4286d
0f23fba788ca819
2cd77fd1ebb1234
9b80bb45c754f11
864740c706814cc
084d3ce47e02c65
0ddf0329811e0b2
126ac3e2d838a1c
6f96d767bc60749
78ad46798a3d819
20239a6b829b848
26268a4a8efd11b
53c7c51bdf23f5a
0d1032fa4f7bcea
5718ab645a4528c
a74779953a70045
83d86c8d1d96e93
53614d9189e8276
1f2a6b2c04500e1
821acc7e3ae4b8b
5a3a3ea4ead2b22
8d854d92862ec99
22af62ccd8586a1
00cd0e047bacfc1
9ee8b831230160a
250197a0e21b2fd
2d68a494ca086b7
34ddb02fcc07ce8
0013abd7f3208a6
53c73fb3a979688
71be44d95c21b43
969d88406f612d6
0389c7c9ccab447
80cd89f76f57017
5097a20be323e03
12922b236212c7b
740fe3aa49f8588
29cc4bcbd5824af
5b190c47c20f641
98f2e66ab553c59
89e91776f29af65
a41fee0716b53f7
5bf6f717b46d9f3
1049c8ab4a555b9
089552c57e1a314
10a5f7c637af449
04e2c8f9608d240
11b98159d4b4737
6a9bf0ee2d61797
2fe069d991acb4d
386bab03b804979
0fefdb7806516ee
08038f470828e1f
3aa664c864bb8ae
8b689d2f3803030
7ce52143535090b
67387df8f8b5b97
1c4d52ac63ddd4a
96702ecb222b2e1
08429314e1bc78b
088c5ef201c3d29
31889a51a51b930
8ef244c0cd2e83b
70c10a88df0fc79
264e3d167fb1b52
96be82fc2722d95
4da07004e048507
0bd4c4d825d7b42
1bf7a6dd3bb917a
1292cb335f06292
9ece6bbf7f8583e
0f3b457ef1d2216
77086296b99bcb1
a4cec77a7a65d69
6be9589fe0036c5
0c2d9c721716249
51ca8ad00b7b1b1
4514655ad7ce6cd
1392f080a6233ad
059823c48301c6f
8830867bfe0bca6
1ae279df8ca5a98
866e74f65bd485e
1d24470e46da011
6ab0d20d2582b1d
34c386e974ebf85
4175d0726299f79
336eb00efcaabad
5c3e5d43c56af14
8cb8c73fff0023e
1a79a1eec7416dd
229904bf59cc5c6
22a79c12d6ab3de
2eaf781f18bfd4f
1e12b5059a654a1
12546a659969330
2449c096eccd7fc
3b8a69a7ec1797c
6eb8e05dce2fde8
a7e4dfafffd9f2b
2395cfbdda2bde8
7eca2aafcce9659
0bf317bc0c3058b
9b39c143cbaa039
54bb2febc34e9ba
5aeb98563dbe559
0ba629ba4678b7c
548e517b023adf6
7d73193bdb24549
a22f6736f2fe489
29348885f0aed86
23a98355897d79b
457e68a684bcaf4
120d39d5488d5da
99bfb28e16c8b48
97d937e903f1ac2
61a860a743a2c0a
9dcf964eaf4154f
5232d6bbee3a372
68886d2b484effa
6871573a4db7e8e
5f8ffafe14dd40f
495f9cc09e903d8
59bdc8f30ad32ad
2a5f754d659f5ee
8cd2b190932b381
8a16bf4eb205fd0
5f38b01546774cb
8ee658afe3706fa
150a1ef05b35841
42f3171a9e1ff52
14a8c4f5bfb6d4f
27221638e2c61c1
150971afe8e926a
0a75719664ae5b0
4141561eeeea8c2
03db058ce46468a
7967635185ae60c
06f1f1eafed5d99
62465e7899b1f92
667c70c22157fb3
2f9c52ac477d0dd
247642e63bdd126
68673ae21140e7c
745ae5fae7a6d2e
638f1b40f4ccf89
7fd020d897ab836
15d14e09083204a
51f5965974b9605
309993c099c7cc1
57c19a0797eb860
74386668e6bb8a0
54f491741ec7c91
23f70503620e190
719812f3a265a30
15411fce4285542
02c96633ca8e872
a171499a2b8fa17
686d060c87af3bb
1420fbe09328b58
3e9feb11a76e670
0c4e3eca27f9286
0f499dffc431f41
79be9479a9a5ed0
4836d203a8db9e0
4b5b060bea69e87
a929c90ae18103f
535b6176f9b59e6
5b908c9cd978916
84c732112fdf689
46f45006bdb7cb3
a251550186af1f4
613c4a15b3f69b6
28490ac2aa418f2
5b5198c644b127e
1138d734392f413
1d58d908e87c025
02202947cff753b
7ddd63c3c4cd358
6554205ab72e864
73ba254333da591
83841df14ac15ab
1f856347d511a00
9be0934e33e4426
21aced89228eda8
a4b16a130a45acf
5789ea5bdd5c3e9
5c57c2d4d55203a
5e0a7243588f1af
05bc34ef4e36dd6
6d0e5a78611fd82
504d32197d398fe
009994c7d9931df
1a6e60a9b6b0352
9d328667cd92a4b
7a6ad809d823a5c
6823f2a9ac326e6
369b933a75a8429
03d3fc73f831083
913f0e935797a9d
112450ea7373d26
8d30b8f6fbbeea8
7c0fed287bafcdf
9f378804e351956
8415f9010d95d0f
6901e48eec97219
47afd2651a96091
3883265353c9bb4
13490d58d314cc5
78f12df287f2689
676bda774e0c752
a3a8b94267649a5
98dee89a01e8562
921c2b01c47b4a4
490c8aacf05766e
65f07a9c39e8cd2
385984d7568f0db
4cd94caaa41eff4
483b964be29f0a4
a33ccd070245ad9
a384baa5177d7a2
26d6a936b49b49e
210d9511f53f867
255d1c51abfd187
746c4ad7b4b173a
7a8cbd494e9c77a
2bcd37f90540c2d
31ba69d340a8fc6
88634865e111c66
678cf816b4d80e1
5c20c1c03fe4f51
8b0d3f929d171e5
a04ae460386fa60
14b520db3c0a061
01ce05b12a22e3f
34a917352a097c6
6b92a6612444c09
a1b0d07ab42419e
8aafa5c9f49244e
77fc9b9cf3adecb
27bb90fd95954d8
a846fe6f374d6d3
98cacb078366335
26a52bdc8a96033
1b97254c44d2890
25ea6f74f62a107
27d6b7474dc7d0b
1533b02d5b716f9
8af7820facfa40d
93ed98b4f96741e
90187fdc69392bb
5207230ee22dcea
469fe6d2f780a3d
5afaa5e2e1c6eb5
a9170893146d5d6
56f6cb691a614b2
9022daa17962e77
a709334792aaec4
23e6cf07dd17223
3bc896751ddcee3
5f181539ebada3d
a165ef7b288a6f4
4424513d962d8ae
51144b6f56b6835
65d6851484df1f7
5c1fdf71bcbe8a2
908e9377aca373a
3e7147aa3673842
32f5d47e1720fcd
756b3f8f2697298
0577b62c2d18ee9
07d2afece3f4986
6f31ed6cd3b1d22
7c08bcc719fc8c9
06ce3d2447b3d0a
773bae4d03f88cb
13741b30d2ca52e
a67d200931a3128
7057c8ef1971617
5560d8d04e641d6
3066d8148dbed64
2490e25e72fc740
9b888de7411133a
76e5021d866d014
509078fee4dc9f7
41ca497bca51bd0
192806c5fe49f8e
a1c9005be381e7e
77789d825fdab7a
4f491a3ba344469
159ea65b16eed87
1c20718e8d28af1
2119c5a3b371798
70689fe2f73e26b
8d2d5d2ee20926a
9d23d128d262450
63e51eaab8eb972
509b9e1f7214612
8005265dd489250
7ccc0017872252c
444f932930e109e
5a941b4668e4460
9edfa71e89513cf
a25f104f244553e
43430fe58ee2942
1037fd25d23d82f
48ba3bdffbd3daf
768de24caa1d43b
28431f8770591cb
97c179d9d000eec
2cc765610ebfc29
a045cc497c471fe
29c17e87efa1328
4d710bf9d195618
93612b64d1bb1c3
6d793917d2e2db7
22e0d248758891b
91b714eb478518b
203becdc30d971c
3bba71c00a707f2
1ca7cb246edb103
09947617220e1ff
1647a779af9ef64
05db1a2fd0ca277
3896e5a21c33e75
41edc2fc51479c7
8a74753f463dce7
9650d5756c2be5d
5f569c0370c4f41
a22bd6081443020
5451b2e71c1c2bf
8e77ab7cc10d43a
22879c023685272
728ef9eefc83f4d
55c0dadae016463
a41deec76c8d616
86dd96bdc6f2fd1
7eba25f306098a5
323e9553a647e06
98cb58dcc21a404
241f7dd8aee3e69
3f6ffe026b60052
631e8c837f951a0
829020d75473e09
0e75dfeb50c47c2
20dd0c2848b4a1f
64b9e3a3b8c3f54
44719f1b44bab26
1d680b838f413c4
0ad99cddb26e368
21a4226104eb677
2f32144297d8c8c
a7c0dc7ecc05599
0fcfb80fae7ecae
82eb8bedcf49fb3
63dd011cc7c41e8
3c13f300d1dc161
2059e3093542e37
18abea5ce30dcdf
a8bacac06f981f9
10d0e926c5cb702
32104cf4f7f9d48
2ec54f25fa5154b
a50c0c1e848225d
0fefa6f90f991ce
705230f1f40ec85
2ecb6427612d9e6
9f2ab13efb86aea
918081a10de7952
8908cda2299d5e3
686a9508c689001
2d40ef442c83480
0dec0dc6ee0c480
3ef6acd891a4dca
4b1a2bd33a34a92
91c9a113fed9080
80a1f3e728767cb
48e2a8c7b4ec71d
52e993e01cd6186
2cf7275a28017c2
126acbe4f88525f
8acc3f8067ab49c
06b5453e5d49af7
988d7bfcf260a2f
0963f2e8f2963ec
61f8c1910534780
804c05e792baa53
7edde29f7c795f1
3aaaf62d8467400
8865409fccf5774
3beda336a10f7d4
00b3f33dced1080
3b37846ff4db825
8c9e21c727d5147
0419d5a37f50c02
773dde38e0ef173
6bd746c4b11cc1f
7ccff16f03760b7
a66275e2aef940a
31f7d41efcaf5fd
711f7d8983d8a9e
9d2837b799e98bd
5fca895a064fc07
631763f9a40bd33
1d936d788a86467
362d7ee8d8ccfb1
71272082197d5e9
46274837484d009
497b73917398f4e
646ce2cc1bb0528
2fff65b5ee0473e
85add6256b8feda
4cd9f4c98bb9763
01582214b69c522
21b4040a44c8b52
a26efb2e58bde5e
4af1545f134863f
3c1bf71ad8f83e6
02e01d6b09239c9
0c2efbbe6fda295
7e10330241c16c4
83b21784443342b
a24cd0cf5139e41
41cfac8610d00ea
23d4fdea255feb2
76c56532330d7b3
80aa6fe0958412c
9e72f09d0a919ff
57cabd1c1361b02
37b4bebed8e757e
50da969ff46a248
5c200e4d440998f
4f2350532f53091
876e79e9f2a8c91
8782d6f7b0db958
9399fea479bc59c
83fbd4c34d84416
80f8281745ca99d
0b4d0ec82b968c8
21ce9fec734bb0f
922f703fd98634e
0338826cc1a2b81
43f53b0e2edf7da
4d58c81276c5118
00a2e44a0666f4b
352a434b8b874a1
218befc6abda900
303c0d7d88650d9
7af9283b608a963
a240e4d39cd1ad1
70d688e01fdb18a
46ccfd3a2ce9005
13322f55bc20f6d
35b626083c90170
6b3e10f6e3b77c9
5449b35c18c88f4
86e902f5b62244e
a2277d2a267b769
58d2cb44ebfbffd
45f5b34b7f37051
8c5d9a57a6d0c0c
4d214dca7425103
8f36b812f16e128
9cd0fb2c3a79205
9bd494ede5cc1e8
55c306d5a1ca1e3
a50cdc0558894ae
6fd4f2bc8a6f8cd
2cfe77714787a42
0786a017b191014
1bb05a0ab53e86e
9387cd701a9a9e1
067e5c6e9055d49
07be7933234eed9
7e0651a451d25de
0eddaa2859a0335
45f99a480862ddf
53646967736d088
5a1570ae27b39f4
4b29b340d9d6764
1997757337ea542
4789a7981bced14
46d6fa4bbcded4e
1f20383c54d0755
37966b270db31de
903828294ef8738
850ae747221e1a3
830c70df782c6f0
46e54f088da335b
87c3fea0c60be42
23844ba41a31635
251ad2b7acd9c1d
7d4c6dc35d7d5ba
4135a2dabc9042b
8330c9a555464ec
24de3130ce61798
3e7e8c93282f1c9
5f4f945eb7f8526
0387c14b6e7d2d9
472e1dc9f76d7bd
911be4ec6f1431e
4d612f1626c09a0
4f7ec7f4669f4f4
6e5b2aecadc352c
a1a2808512d86e7
53101d7b6e1f3be
6882f673052a43a
968915275bd73a8
449787b26ce300c
5ccf9ad17177d12
587b61ad683636f
a995d2c0ccc306f
564f86a86bfe8cc
4134f30c2e19ceb
150a00fd0fb43cc
3d151ecc3b8b99b
318edc7550e31ec
7756ab645a8f0b5
7b42c42c6bbb697
a6f3812f58dd415
803af97b758ce9d
240440d227b15bb
401792b06119ec8
2ef4b60a13f245e
4bdf10c68db92cc
8d8788415d1355b
9b8610682e93c37
a7d53c7809332f6
0c53df496f8e472
73223f5138f458f
34b2153f35ec8a7
735b56d4303033e
a421a9c38c8001a
4840a12633e1c74
346a4225ed4c974
29d105a71c0a096
66e35c18e4a1655
91ec1cd690907c4
64bc4bba3765ca4
34bbf7611b3731c
0f4d966d54bbc23
6c2ebf3a40fc6c9
6a9cfc519ee2c54
3c540111e0389de
2b76027c517e748
02b821fc6acdfc5
02417ecba456505
5719963025baa25
8db180aa3aac3a7
031a063e1b13cae
0d2f882826a9352
219c6e90aae282b
75576914eddb2b1
8348e60be342e49
0b8b1b89f0f01ae
9b4eaf9b10d3535
1ae8fe65bb83323
092bddc0d57d51b
a56774c63f09c9b
42c95dfd200cf38
18dd0a6fd97588a
9f0488b69d938f6
4110637f60e4c1b
8b35243ee8746bb
a86c1919a3cb408
246a9606bc6a923
5e19bfe47cab9da
0abe30fe7a3541a
62ce4c2d51fc85b
8684bc6847443ed
07bf3ca0fa5cdca
878f52421240466
2a23b23afb1526f
8534be2df52ef3d
505fe9b75baa8a6
604285cd481c1f0
828a983cf104626
3797d52f2bbd8cc
67bbd589ac55336
1fef93e4f579d5e
8f8d944d08aa602
9b5b6d28d938e61
3b41166ebd3e476
7371f11cdb5fd6d
9b9a26e435da199
73bb08d7e0a1020
3d013be950f60fd
2557213c4fe7d3a
391dd6b7d0340eb
7d93e2d9976bcc2
a107c5ab0d3666e
25224ebff2dc74d
8911027a507b965
a39faf50a069add
058125b1623da4f
49a72c7e90e9348
7b4b9e9c2f18913
096f0aee8426fe2
7864b4f87063c01
8973240e119c70b
0728103df7a2497
12b10ed1905c8b2
5bd1ebdc62b286e
05ff0d36110c77d
6dfa5a74da9d230
819008c5076dc69
21353fbd587e3f8
27b921c87e05593
a4cab0a8326d813
4f98fe0d0c8b535
4546dcf674481a9
5543d63122c68d1
3d1213cee5de978
83e41cf72e063a8
816e8611b8a8808
7f4a49b09b58518
6972f9743fa7226
6338800e7342171
5c68b7243180201
169c4eee615d591
746c80129366538
06bac31103b4b17
a895c1900a29c1e
056d6f1f9ba6e94
151efde6c78f0f0
4fcfdd8dcc33098
598b1a50ec1036f
32a378cc468814e
215b0c76adb7de8
58cfe66cebd1809
75739e3d4f4b99f
84433198c2e3ed3
3e4d47481af146a
46f05a4ebb40a4b
9e51f430f3b51d9
7c3c67442d0cb11
080a3ba2940d77a
47cf084dd73bd4a
4cdcb3b9c27a097
5ed489e9e390b4d
29954fba156c138
36c7e4ed9fe83e7
5c784d601eae928
79c20962ab97633
4f5c4b960f27816
2575e3ab3dd64ea
131913f76557f45
2878ab50a99f465
2618b1cb1013e7e
3e4ed26c874b694
8083621f88de088
4dca84d02f04634
72a8c9a1ca94b3f
4dd0183e0a49f56
47d2f073a591608
9aeee5b684f95f8
57049c878cf6f37
65e94054e241728
890fbed6a480676
4830629ec01d96a
475c5fcf4ee3541
08dc1386ea19aa9
4d77a03ea155992
9e0b592e3dd22c3
30a35e32d39a071
3471443ea4f6fd8
93317c8ab6d3087
3c05a424b0f18ec
450050e24948f5e
0535dcfe75955b5
1197417aef79d4c
4879264b4eed317
a877e15d2110430
91933c66a7cf6ff
1dde858c1e7217c
559e17896f2a54e
2a10459cb7ac4a4
588eb6c9b1f4a34
0612ba953f8fb36
370801519d57ba3
a8bbf3db0df784f
2d52569af2c393f
0f9f1155140d582
81945dcb039077e
0b826baad596a2f
32e31ba9a12ebb1
5607c626b6c2f3a
6dca198ebcf5f3a
a554a0c2d4f89fa
3d8ba1561d52584
56ea482c9eecf30
22d74ca7c81c01d
5421f64315fa920
5e3e82684f6cf20
768dcdb0e6eaf42
a618a047fadae1a
232150025a7802a
13c982c77755605
15496f0f84d9e3e
a29890117008a65
1ac0ee352b0de36
927601524f30c4a
5e84d5e5b869392
6f7bbfd0ae20122
3dcebc8385a63f2
21225c47c796580
5579740db3d0fb7
16e05e9940c12ec
7901cffea31ac8b
7d5e481acfce0ef
610b048cdcee603
4164f11bf635ccb
327365cd69b8d49
a93588aeb1c3611
2e1a3ab38fa72f3
9f5b6ed885f5dbe
5c5fb5973380db7
89c8f301d7408d0
4d77bdaa34dd086
304616a4cc230d2
a6e39bb7cc403f6
1ab63588187a80f
523d190fb9e7e5d
0cfe2a6745bdc29
510cda97ece4c61
5c61995ee957839
2def4d0d88eb977
2e4706279a33453
2161e701f1bf34b
1cd4f0e485638c3
638b6e1ea1d5566
86c34ed8356f2f1
5a6b8a0da6c94e9
1023bc75a658e72
4cfa36472e4585b
3aaf43578c630f8
768f1b88caa5a2d
7b799f06b57952f
6f121f853926c90
743d809e9704cdc
5290de533fa1998
a8adbdcd75091bc
78dee824f98e7f4
54cdb2a9b5da51b
3cfe2b4c497cd17
03b4f8301ff812a
312405d09f43d18
8e669f13fb8dfd5
a8d5185df4abf75
9067ebfe7cccc0a
a8eee9f319dc945
8fed5b9e149e90b
491e85d6f92060c
052fe72f10beb7b
96ea7c281ad7a50
2216c9d78595871
1a9f45354a5d197
8c8944849490790
3cb7a13f07d39a8
84187074c270cfc
06bbdec197b13a8
93e79f1f0a34473
48ecc6989b4573a
9417c36aa4e1311
9f1b141ad7b500b
76dd805e3066b0e
21d97e4432e3ed4
8903402f7ce64e8
6a5b00680aa0172
7de6124d8693895
105362064834f5d
62f94fdefa3ee23
85b5e23290795b4
1926075fad19303
5b330576a13cc46
6372eb2bead04ee
8dd1e7bdf87f581
28c5285f26b6bd7
2cec24e950fb254
12ff36cf1d7d310
3a43ddc661482c5
8019857221c1448
1d484b71861f210
31e3de176d6d4de
020fd2f51d533de
82dc852904a75da
8f9150b37951dcb
0b69f0f07d4486a
7b41d9b69d75c08
3687129eec362d7
9dd27c0ab236c48
1f11380a9f5c198
2ab754366495b1c
729c07d132a7532
3bf6f838f205d24
912b5ba808b75f2
5603710451c0350
807fe6a9ca35535
8ca8e89a86d5146
455cd10ba131b94
0dd98ba163e2096
66af1982a8a9ceb
5a99eb4d89e4016
18e6bfd1a4d1ace
087b52efaa7e230
6e7107228902df7
6a5073c906cebd9
327dc950fa8cc57
a3d0b049e58d7e7
1704893d805f2c3
87f3539946f117e
4776e834598fc90
01e2e17af5c4f3e
3dbc0a2e799d1ef
56572192ef5f91a
712ade98c4bbe40
361e36017413161
7d1419ca701d420
5a35d02fbe2b882
6a5b9a3a7445395
22bc3797b141329
57f6f5984c6761d
5447559f1f69da1
23bb72f64b9fc03
58e9ec2bd0352aa
11c2a143ee7859d
758345ea429ec53
961db2fdb4aaf42
8b90f5a4b0ca739
1fe31ad218bfa5b
47e6cbce7793690
102d4c6b305d5ba
15a8fb68fd1bfc6
8c49616a07d2937
29b489c0c3e5c71
6d2d61a192696ef
6420702153a9bb8
4af656f8c4ad62d
5850264640f7a8f
0df09ee1b6fd5aa
5fe0eea45d57a7f
5fe8e6afe43eb24
068b1acfe892a07
9e7567575967a84
39ce94754d279a1
4cdd32f3bec7da0
39f81dfd9db69f1
341558dac4939c8
289e11d88b19cc3
6eb72dddecf527a
186195157231ef6
0e8d4de9f2f35dc
614ae1ff61ee702
6c3934d91e803c1
228e0b40ca7c2eb
4c56d6f16703a81
4ec11e55589134b
760661c972ab640
25e8712ae26332a
135e7204d44c725
2c673b1bd2c64fd
7749a8f0811b74e
0366da590415c88
53425f74f3a0892
1a728168ea98a71
14c0acec7b01f39
5b16404e148bed6
049f91dd2d7a88a
4c4d732f25fecb8
9467e8c9272c0fc
491d17a015c0a97
a9a1de8068b1a32
00475ac27887803
329d4ad24ae91d7
5407c7f81e4eb6b
5de810233e3d7a9
926691290431465
9d337906eed94b8
36bd03f066e68b0
a08d969287a19c2
22ac29bb5c5e675
753d992f3ee9cba
0aa0b187a655368
1d30894af860edf
9665f03caeaf772
99348e852204476
390aaaebd77bb5b
2d93b39ed1751a6
561b17eb181927c
53ab1298bcde274
9e2ab5ae655f650
9251ecb14a7462d
8608bb49d573d1c
5f7bde7be378756
66b91e44b0f70e6
a396b41616905b3
21c0593dfae7733
0919c9b0c5ee49b
41cc73a9c328f60
6608ee816e37487
a03c21433fb85a3
6ae69bfcc70f29b
62ea1df12a94936
71f16776b7daa83
9547920b18ca69b
80320d844417304
5ccd2dea63fb1d5
7dcfdfe72cfc35b
61e8f20e7181147
a07f75a96762bd1
19f2701c428a61b
435cc207b58665f
120ea27c334d382
08cb2dfdf2d8c63
0407ad557bd0617
5701ab072c782fe
3892e946c0fc0db
987ce4954b07bdc
9ad36314181828e
4e2c4c533c55baf
97b2de4e896f98f
0efcad5171e1016
1beb776d0c33289
5763f92f3cfe227
a81c5a3bc5d0c84
483090550b655b0
3a2a29051d2ecef
005df4e8c49176f
71475c079c97a1c
3913ca4e1bbd9f6
4394b10ac2f0058
1ca721bec7574b2
4cdcff90c932134
80f20432b6a179c
a40e8acfb1eca83
a54d85bdaa42ba0
5723fd89e33d990
a69869a57da7dcc
0c297bfe71a8899
49557cbcf504a11
62d8ed033d4708f
80e4e30e4d5f486
3558d0fe5358dff
a34f9effed25c3f
59faa8ce3650e89
2d15a4a885b461b
14f03d0f44c0ffe
a3fec7b228c0216
1f74a2af0ac5578
76cc2a3fe339bb4
97dc5999ea52493
153288cd333d4b3
9a8697d4001213c
5e4b6929a49aec2
90bcbe0cf43ebc2
29627f5fe494723
8f77b9148a5d99f
53bc3409bd2df1f
0497b02b4d2dd09
6478a55677671bb
3f02bb2e9ac70e6
371f7d7542816dd
9f943638933a8e2
2afae84486899ce
2b374fe19a2f5b0
668703ebc1470db
22043ddb45ce6b7
4d67cb95d5a059d
a31ba19d5af8a0b
2b05cfc4e6b79b3
5347701836695fb
145c0968f5e5dec
5d1b8c695323c96
3a7be254a378422
326ec31eeb846ed
7d82ac43ef64ab8
7d237e944005173
02910f377ef5754
556b853b3dbccd5
990076ec4033e60
1e440860c8fae34
9688e2a3def92dd
1afe29c3b5b6f59
9731646151e6e64
5f7509595c28cf2
6f461af0a6a580b
9734affbfa8bc65
882407bc9707f6c
9447a455aa9e73b
625dfb222a1f462
6797b92a0bad931
2e3231eb77b22b3
1f31dae26514a23
a76975416e3c173
8d6a633ead52396
70e7b0437dca45c
75abdf944e98d4e
330e8fb7788868b
665d9179c86c9b1
6c800a6505139ee
11bb3cf5be70106
4164cfa12531a5c
8b57be004689aa0
6cb9cda114311ef
396ef037256658b
a42417f3ab2e6b5
a5529c30681f06d
962433b9ba175b0
a70e2107936fe89
59d17f9a7161395
1966ae423e6f83c
7e1022fb2f9807a
5af9bc4d6d8bbfc
7119f026afb1706
5ea245d30f6ce9c
8b95c2098238111
89a9a4ee1126b6b
215a86187b09922
783dd30688a4fd1
0ce6153db87c6c2
9ee0f048693aaa1
025809eb1a8f4fd
97f8a79773a49e5
79c87672b8f3168
0afc3ff0ea43d06
4fbedea5a116f96
58bb23e31237100
35d87754ea25d7a
24f342471b09b06
51505440594659c
60cf0650fad27f2
3db40bf2d3b003e
318189cda3efa4c
816845a1838dde5
632a6d42c0d06fe
3cd1f2b4f8f74ab
70bc520c10b8c66
7db080e30f9c031
77825066d4792d4
3b5e3c244977f63
44abd4acfe8b9ae
08bd05ad9c3eac8
45631e7b8d0c12b
384d356fc4028bd
0cfad7d47536830
9f1b6cbaf847ce1
7fa97a15e0b216e
443b1b9955a6ea2
5322acaf9875407
4ae1b16cf65336f
6f2f724565b1169
212cb3e806814f2
12a17b0fd80702b
72e702736def3a1
223b5a4f0d7b30d
5ca649828349814
0d0b702cb107ce0
0720bfaf9859bf7
99f949d46e5bae8
73476cb9c4c94b1
2e17d8917d70e30
45c9393e7efee6d
118c24ddb3b0d3c
5e5e8cffd6650fb
7fb5a3ce8c35ed7
4ccad20c8a79c4a
176bbf6c2510f4e
87433172e9f30c9
6e8274cf40523b2
a94aa66af1e1d78
8d69c3850cd4af9
3a9e68bb4f35a97
a5cb09f83566723
0d064b459e4ed73
a6437407c266a8f
98bb7973d36905f
46f6cfbee408826
a3e9b105e0bd56c
429ec027d5434aa
53ff8176f191206
5f234df6edb85ee
1541a0f778e4486
30de8fb95bef8fc
46e895be7896309
a6ce37a6e3717fc
3c98a2d1d29334d
24a03f575c4e210
3397e78b2773170
5263f76d003043b
880d92b13606901
18fac52af398a52
5b231503721aa0a
5e8a063602f3598
65f2863f9327950
0fee614cb88c368
27fb3be061b699e
8b691bceb02556d
90b1940b9a3515b
39ce206ee62f9e7
a223d7f2ca7973b
87b220cd7df9440
1fce2361116ab9f
32e7d59169f3cb8
326cf4fe6191c02
40583800530bfcb
406c92c43bc3bb7
0798e0763c9cbef
a236f3f0d8a6ab9
721c26e8c9f640a
a5357041141a948
9d5655237087ec0
7c3d18b7ec0be54
6ca1d6f6371bac5
863fb9775e5d937
a12a689f300e1d0
304b7997afd712e
689278a0ab93ec5
1d44128db3c604d
5adf0610dc8f37c
a6ae28a76c07b91
a9d408ca34fff36
60a55ce235ad171
16fed2f39241540
25092742f4051af
6a7b2c479043229
15a4b65bfb41169
0cbd1d95210353c
17295f9f87d41c0
9a0ce92da4a9902
172d1d8cb2dc938
7f68292706f946c
508088b9a722dd0
96abe0dd77ba91d
9c4fcb7dfa427b8
4dcdebe1a6c71ca
86f7b275a1fa034
63e712f3af2c704
4d153913c9a0aee
65434169d332693
68c7d4dce75c9b0
6a71ef125996175
a9d68535ece9a87
17abcac6eaae1f5
73836980eb3ceb5
10bcf676e26c1c1
425fb140a4512bb
5bc931ed000eeb6
1470153910a2f35
a85e23ae34da901
61872ec7d6b4925
8232ac938acf522
5e54ec6f19ee13a
5919d0905282be0
4fc7197a07916b9
54bdd7f8df8d800
26b17e9ec03ad36
093f094b31c3487
3be780eaac5e168
8eefbdfb88ca858
8e1115f5280a934
085fa274ac50b38
4620591bf4c0cb1
a8ed0b888636193
132cece7096f2c6
6f47ed1f94a4cc9
2dc4989fe04e591
284c5fa5c34bdb4
36a22556f97daa8
37fc4873a1549ff
37efa52b9bb4072
784c80f5cc3f148
1d568b0f2028db5
2d194d2a9c77621
8db1f9b5d19f462
a87d1d787e8d0df
3f954ec50d0338f
628e80948132316
2ac108155467180
025785c7513fbd8
880eb3da4c46a26
3e49a0645323559
57c8b961097d4c2
3aa7e30257c487d
4a0087a8f439464
49e6be836baf7b7
3638c8de7d25e7a
6ea151aefa4a795
89a16bcee24e660
3004e43d0c16fb8
14de996d719eae7
970e1d9007fed7b
0fd92f4855be1f9
45af59519da97d6
00ccbef2ed6c3aa
269eebb68965be9
16631fb4342fd84
7d97802433cf37e
73d00ff45198828
650d7f62d7748c1
3bbb715a8fd6d2c
44cd7ea1eda764e
8a39bbd253e2869
072211b705b2cd0
38838e68323e30c
03ebe9cb2de1e5d
19f96f71b2bc3df
76a9b8024ff18d3
28130850be488e2
00716e32ba96f35
240549d5c419cf1
799e855e1b0fb10
44173415e757e68
313f2c037b7288a
a9d4c628af1b14d
93f9f05e6cd43c7
5f9fa4fee6f14ee
7d663e0d55fbac5
2b26d99eb0d66a7
69d2ceb1a361c42
3cfe72aacea9723
02bfa017bf2f788
79fae8b6f1ae203
38d7449c2e1cf89
a3bebbecfaeff9d
87993e74d5f4b1b
9818328fa5618ac
1d67495852f29b2
046dfb5947fb147
876fac7e0611fa9
7e6d1f56e798d9c
8d1101af18df171
6664a05ea91c3e8
a48885f1fe6b515
287408e1cdcde36
11bd0d51cced56a
7c22eda652039f2
93762fa539a2161
8bff71860943332
a483653583188cc
6f78050084cb133
0a6efe0a1604b23
738dbb3b6ec665e
22d31cf82bc615a
76f70f2b3af0755
4244d6a36b7488a
2a3e06169aea39a
2b492e658205514
0c5a6d855f3de3b
5089f0d5fe9f74d
053b93d5fd4244d
3c10c82ec240b7f
7997232348a94f4
757c7dc449b0cc9
08072c758092755
797068bcaaca9dd
017d5d8243c5a5f
12cd7a762cd05ce
8e4ff5984a6d2ad
22568c1aeba9fd8
218b3c0c468d853
21156d831898741
06291318563e84c
29df19e42f284c1
6da4a6164e64ffb
7747223daf02add
4372bc97d9fa5a4
a0d64cc06d91467
0d3d30d1b210e27
a0ef8c3bcce3e18
36c6199ca23da3d
6bafd30ca5f019d
550fcc84d43cfc7
0a8969d55f8c82a
1dcb7a813ec0a50
4717504b2f9b43d
93541b34385e6b9
a76c2218fa7378e
71c562625c8b0ca
a954ab68bf27fe4
477004c7a591139
67d7076c99d0cbe
736d6915afb349d
27393c4d5d3c463
779d99563d1437f
769d90bbbed05eb
93568a9d57224a7
438c418a73d6dd4
777fc7db5dd7243
3428c3c5c473af1
426ee8566373047
5f7acc5ef6247d3
1430a82b60b1eb7
2089787383e96c8
671e0f769c2e39f
19cb7654b22a9c0
a665ab33fbdfa20
396789b80e57374
76ea692067c03be
3387ed05d24850e
6c512e78c4e4b67
0be06d7be69897e
996437d6e43ee04
814ef24fd68ed64
2948d303212a70b
68b459d92896dd3
6aa2bd45cd60600
3a56d7508700733
a52b983c7e98f67
95279a4a141ea91
0b62f5baa3b5c34
21da217b80976b3
8d0eae85e455818
484f340702fa3ec
600a2349094959f
205a7b132132a95
6bc7129b32f16d1
32f9856d7b5aa2a
7c25c2fba710d97
44fbf602d72c4df
0131251abc62e01
964b80c34143b3a
260675aa6d1e749
778ae4d71ba4801
9e5c51995d9f590
348cccd07212c54
92cf1a6ac6e860b
7026e0f70152db2
3b2bb7dfc751691
a6940c4265f5f24
77ee3fbae023145
2ca0ee2fdb075bc
46ecfeac5570cf7
8016232ad66c8e4
3114f34ed9e6cd7
5d942ab04fbf18e
7dc5d5fb171e73d
5d6f746a03603fb
90da3caf753900f
618c2c3c74a727c
34ffd4a21c57d2b
7b8f5e64d078152
497296435c85572
24788387203c790
5eff7fb80cbac75
a4035606f5d3b7a
22c99cf3a6fdddb
1ebdbac01997c74
275a4274f5bc2f7
6eef85352de73ba
6a5fd7d9c2a5cac
5a43e96de67957e
87006f360757300
6e6c65736ad9582
3b952227dd6f0a0
74fb2232bf64d5f
5f1feeee46d786e
3cf7d048f76f512
440b119a0f001c3
066b2398433137d
74cb17033190e85
5063622909ec188
4e34f28f64e4973
7372ad600dbab80
5da415cd4e117bc
4369fe7fef29226
0072c9267b3b4b7
80c7df300b33c9f
3f15cc73f087c36
8c634c3aecaf1af
32b4c98a5ced5f6
125b82e41a5b11b
153f62bc3e9a430
79af068946b8669
5b1febd458a3a93
91451e54fb731a3
9921ec383aab8a4
0d7372855bd500f
85163a2b2dee790
8d950a6b4d1b6ca
4d218c3670e2f19
4731d22c8f9de0e
1a5498da26b00c3
9a716c753296870
26f96e3a693abd7
6113e4b1b415a7f
0637ff5edfc57ce
0c21a3ea4fbd9a2
83ad58643066efd
2c070c8d6bfca9d
2407a9d6bda2e64
196ae3208d0665f
79621bf2d93e43d
536c507c04be7d6
2d4e1efb410b6e3
69345e03d53eec3
0c97587d4eb33b3
4524ced73644069
3e529fc90c589c3
25086497ab94ad2
5bbf86c0bdf5b88
6a62cd35831fd8b
02aacd4b01d52ac
a3bcc13dfa2ba98
02f437c65dcae17
31600c077f0d6a3
020beb8000e0835
9077ccf0db10d3c
169b37a113843f3
274e840adde45ae
4775827a1520d2c
568dd2f11a1ea7c
192fee781c942c9
6f64fc30054d1fc
478d3b47b0279ed
4dd9f3a5cb21b87
7d90e4668e03576
527b233441a1cf9
55fbda3ebb6ddff
58bf3912647a845
304f78db79449e9
4e8c63d06c1c74c
334685b756e8976
5a78b3936ab46b5
603d2a8aab5854c
516a6fd7bea660d
a9802fed7638105
2ee74012df4253a
6c1b950698a57fd
5cdecc764847a07
48ee12831fae16f
28cb3877a6970ae
9403b774f2a16c4
46c471585c0117e
8f2c941e33720dd
a7e88087a7c494f
124c9f5b617088c
48d288fd31e4c8f
2d3403d05ff73f3
748453326f53ce7
2ce18cc602928dd
6c258fae8c7af15
5320489ffc69c27
24bede7c0e9059a
162c1d777272f0b
5785f44c40d32b8
89330be29e19581
527e1711855e50e
57a2f6e114e975e
35d886500443e37
2bb0142342667a6
1437e6014b016e7
8f5916b4317b9ae
9afd75742b96ece
36916f1c5fbddbe
5a176c3e91d8549
5398e1ab7a32355
93f98ae0cd14266
65365c796c47a96
1cb975b0f295b78
75d80b28d44f919
2b6b60df4a8b666
29573b919eda006
7dae5e8a5ebe490
23f6f9eec41dcca
628397e4d966c57
a6d2d870504e2b9
692ad8d9a0f3f2a
55a7f054a3a8612
0f73e0428ba9879
68602d6cdb0cea3
57654f7788a7e90
9362b1a1a112290
80dbf91ccb29793
1d6afbf69e33427
a0e4bc8ef7e880f
7b641fa524021c4
17522d95e496dc5
19deee970e66d20
656d07176a67dc8
40c87ee65e8533d
82faae05e27c984
8a81245228da3ea
6a9047911601d5f
85bedf8b875c47f
34439d6c1da287d
5fdbeda61fb08a9
2883dfc03742540
0a3ae8d0e3d195f
6f3024383e20684
2e0655a5ec38ee0
8a70816e47a6952
5a7f446c7d86d17
5db9c5ea4c752cc
95e3e9f3fa267b0
4c042d948f13e0d
a745e739ba065e2
491a7003e96e737
7fc78027c2d9ecc
40044a149ee4da5
2124a1d7ad8d55c
71507a4d27bb41e
66b672ec0a315d5
1b70af2dddfeccb
47f59de8792788e
9338e536a53b136
7a0cf1dd2522647
6e7deaa3ff956fe
006022c84a935ee
27469023c8197ba
2e635688cf90fbc
a850c29e68ff084
15ac4f4a1e04313
98eb2067d5268c0
748434e623e84e1
786e4d67c871655
032555f3c360a05
a534608cdb49da1
78b1e146dd15d53
3083c068b3cc6d6
43d830ac0c6eb4d
4c2db4af881156b
880683148cae5ce
310e1d2902cf1ba
551207973d62aef
87ab463b3727ad2
40ee691b3ffd340
04cdb5c7e8a9995
12c3331d7dbcb41
3bb67d9311e739a
273ef55e18d4380
1ca7f32d35f7ceb
0aefdcc16e7e3e3
5c7ccf5b2473fb7
87a87889fb4c10b
6fe162100fdedc4
531cfe775bb5c3a
a4b73a23500a7d4
243f32716b06e4c
8c7683fbc26e35f
591263971438151
84150b38691981c
131637eaf2c870f
6cb5e511d3a5797
7be4257fc6d52a6
838a9e4c4d49f47
6aa55019686e5e9
58d41e3cfc451e6
3e5a8fcd11fadc1
497f9021ebecb93
1e8005a5ca55e56
37c876668e806e3
7ecb74eec7cda34
03afaade557608a
205e0e8d074abc6
1c31be97969fbb1
5ffb08067418e18
87f5964eb2a7b92
859610a47d9ae72
5db969ce97f4b56
5eb38d6a7e47c2a
966c0c22dbeff47
7fcc652d36cc9f6
2e1de8e7a7d1107
287624ff8945f51
2891b50b1c56271
26c98f569c7f5d6
1382d9cf9252cbb
019696d603d0f5a
4a1fec005fea18f
5791abdb380908f
45146239bff77c3
9748fe142ed8a76
824b90de833e1ca
0cf3a214be75dca
47f40fcef746120
2974c8a80f5b484
9eff55d874f5101
20aec902940b6da
30176fe862976ab
8582e2a4db760a7
346f3f0e12b1b12
11924e033f73fcb
54506d578973290
3489c5e270a533f
368adae4e3be97f
9f7da8b83cb8d38
7a2b5f41ff1fba6
835ab92b9c9f686
9f98d2ed998d6de
54ceda10ad245a4
65d1fddb5683158
01021b3602cca7e
9fa738e27d73071
94629c5b70c26f1
0226a44b4815cf9
51c6fac48bd0efd
17482ffeb2c6520
672c183a29dbdbc
715842753d2cab4
47f0a1a347ab43e
5636816e8e1508d
079225d2b826c11
69c8d2dfba094ca
7f32efdef7f450a
0aa44396dd59f87
1c3e4d0dc1eca7f
3a17b65ad4c8951
00a56ea14ff8500
37c8b1676ca9cc5
173e425a82a46dc
85e91b3f9efd7a7
a281fd73dfdad9e
748837c3383c8ce
505f46e2fce423d
24939a83b90a762
52b3d61e68400de
978a760ba25cd68
1c4f4ba6b0c36bf
7a29cbb722cf4ae
5a49fb9aa46a3df
457e5f70fd09e6a
810d5061e2d7d02
784fa99eb5d4318
1c115f972df7d00
257347e6d333b4e
335f920e361c987
0e9fbf3b44e538a
2d012352ef14a7d
0850b3c356ad91b
2db3ee2fd076db6
63afab9b2117c59
182862a6209e0c7
2d1c40956c31339
19b3be027f09281
29a56ddf2aec88b
93575ce695a7fe7
0231dc19bd1eefd
7a5fd27f29430a5
8e2a79da455846b
0efb57f2d9d7108
25efe3a561283de
5624788b4718bd2
6ebf6195b667034
167bd15d7b718de
50364123681e6cf
2b932f965b3d502
4921ddf125df626
0157137eef3520d
576d21d3ac0881b
1330fa4c74a3c36
534c10cc93b4d9b
a61c20ec4e03b50
20a1e48ab623e3e
934c92f9ed45bcd
343b32b13864101
556396428fb0cce
35be7ca3870fd26
78a5f18fc1fde9f
35ce3698a9543ad
43c30af19f8de88
7ce6841b23b35a1
321e0663d75a1a0
65010caa9922df2
9249627654b8245
a777d776a0890cd
79bd2821b1abbec
a06010570502c28
05655af31508696
073046cab3c08e8
2938cadded9b3cf
4c7a32c247be076
149b2917bbf572f
05d0d94ba6ac66b
8f33c05ef94691d
705a8ac6cfd4893
85515346e3667ac
2b473a5dd6dfc55
6fa2b198faa12ca
8242923ef5f7ff9
3444188d99bc290
a59c8d0951cff4f
0b167e6bb62fc89
64593e67cdf9a81
24975d51c80f056
468ac39f22b17bb
9ce821753b06735
2df618e0dd2720b
860c3ab341c8f42
865487bb7ca6e6f
563829b25832bd1
1be79cf1db076f8
52b03617aee3ccd
469e3cd60ef72e0
4582265f8ee462f
2821380d0e15027
2098ee9b3cf848c
a0ef51c06778bf1
9dadf8c628622d3
868640d42f69070
6b4ee903b001d19
98dab5d1e2e460d
14360090a389d4e
a2d5aaf6a71a7be
40716b9558f9cb2
6eb80f37552f3d5
01df999f24bc1ae
30672e0ea801fd5
64308ec570ff3f6
184ef42c08c9eea
7999683e42a11ae
2d5107af9c49d80
a6ed45ca2523d1d
9d324d2c532c30a
746ab0a9445cf1e
45ab98e8a0b4da1
09ea3b5dfc7bfc7
478952b6e160971
1f9596bbc7afc6d
57004805a9e2797
22ccbf461c7ec78
77deabd43e7955e
a5f199b4494d9bb
87af44032b0bcdd
19363d634bcaced
047687872f28479
95d290d84a39817
159f75e9b322199
0dd5dcf5c2c92a7
56b147ebf5b27f2
6c2ffa1042bc21d
94d3927bdc64573
0195e099c380701
a854eeac1a92b0b
8f179559bec8d43
8b83d2d939cb4a3
a554832b63c0636
6e18d34318f96d0
7d8d82908d7b2a5
9dcd5e977cb6e70
842a134543ca179
5f5e85481e27b95
3429cdba353313a
3e53c0993f05461
30580772c0a9ebf
2d7ec102c109b30
24ffeee9ed1f99a
070888ecdbf1b6e
1b6ad2dd3db254d
02f9e93bbb25bdf
3cc665a51599bc9
66a5a9c9073d02e
701c24c1f540743
18aa40bcb627a49
4a13abba54ffd0f
0311f692f279301
83d536bec56ac82
9d15add7f864bcb
9e53a9067d4a77d
0d63842c9b909a6
4e1cb8c027904c9
86e2b4764588b76
445fbf63984061a
1d5d88cc4a49853
5103058dfc2859e
5f158b0357903c7
188d17880640972
4b79002dc036509
4ee61155a284869
55939e72dabbf09
86b46111f693088
130b381c43d525a
8e14f31b466e7ea
8ede6e24d489a6f
9fd511597a9ebd0
9603200a1c20da8
6460e798f91ca2b
84f72e5255577d9
36e69c2049efb72
0a096914ce6a20d
264738e84478ac7
2ae4e6f1e1715ec
20ee0e41cb43e5d
6a8133a5988efdc
93951cc3c06f6d2
94b0c73d6a2a14b
8125506f2aa18f1
6dac48dfefd0a30
1a08fb3ce4dee4d
3419c6eafa0434f
89f18cf4ab563c8
3c77b95b4ffe64e
90082868676167d
1b5e236c9bd7169
6505287c9206f5c
1cf0ea55f2af6e4
393ae50fb167c7c
458393533d5f38f
4b93dfc01ef0b67
915e093719bf9a8
61303fcaaf2da84
61f3adb134ca292
a52af40def734a5
0c751a5d023d42d
a59e731244b07db
4da3d517c8ed3b2
052230315222560
80007448a0d5487
399b37e3de5c606
0e2a3c86917e069
96e178ce08e85d0
1e994e2bfdf6d14
2752bda66c167b5
652c6be9456a8d1
530841d29533929
599f5c301165763
4a8b7543ad46766
007545c79037638
a330250a797e631
02f183c0e00f205
428c2d747ca7b6b
040aaff2ef6da8d
508658cb9ad7830
47f7850fd61f3a6
01a989c7fde1323
976aefdaf860a6e
a5d7355c120482b
6eb2f845c54f875
0b6ac00e84a79cc
48fd7fc595ee5e1
a8387754188b9df
087569121cac641
018c3e42b23b892
5c5c52411152ffc
8782f9be118c96e
651804e7813fe0d
0c430c29ea5a379
3de467cee69e4c1
73e71d4be553b25
57379624437a071
9746c8cdd40e78c
1a27506a83211d7
213887e77c6ea00
37cd5bc94f6c9f1
a9d10898b0bbce5
40494bcdfb58e71
1fccd91590ee421
61c9560a22ee783
0bc858df095adc5
1eaaf82243d228f
85decfbcba96fa3
6976241fae806d7
98710ea30dab952
064bbade7aac31d
92ac5c36d08f099
0b28d416eedea15
6ab569eee2c5c66
6476ac55c304ab3
75d00ea206cc6de
9ad948b650a4b9f
55ad3b99387c679
65a084a4dea0533
133b98e05d823c0
073dac16cdeea1e
5afd4ceb5d2685c
45121ab0549c451
10094e41f432aa2
301499f0d6113b3
04c392e13f02e04
3c0045e6b94b254
22809ac5356e7e0
65806beb48bd0df
a0c710a6229cef4
248afd3a1d92074
3ebad932c025717
5d6f1bf308862ca
5b1dff8c581b614
7b518cec4cf44f2
90666a7dba8b99e
4a056442a1e03da
216dd66c93be4d3
a207590c0201319
85f9d3048f69c3a
612f44270276f9b
49df8abe59227a9
94daf95a992742c
938682b547690a3
337c08308a163b8
a9250117f4c587c
89831a907f929f0
56b2be1415eeab0
62fb68d6598a076
0b4a6bc3fc15b65
5c0439cbe3f1a44
0819dfb04e4300b
6e198751c4d523d
3950a47d6c338b0
98ae7c9eb30fb42
1e0e8e9c7b8f4c0
5e9adefe8140f60
427b5e21982664a
696222545faae8c
5068e4af8e6df91
818843cfdc0cf22
6cd63088155592e
8d653616b2545d2
20cb6a5e9ce6571
008bcc376f9fcc6
3081648cda2e491
9ac0387809be625
82378932bda5ca7
9f1d45324fe75c1
108ac429b99487a
7be1af5b8b5026c
3e526fdc6ae38b8
855b881624c5b0c
33818815a81f064
6dbe8d02b87709e
0c941db648e5e6d
16795c500e2fabd
a54f3d40f0bee62
0d45b27e4191511
68ec0772d3fa97d
24af3638e4add55
29cad4e0c15230a
8b28d767b812924
00b3eeae5482c63
4eadc8bb61fa614
538afa804305c55
012c9746a9dc456
67e3be9c89c2ec2
585f214c9243f6c
885f45a744d65bd
450b86c478e9986
69c84fe5c2d5083
3ea2fec25666f43
476dd370d7c1186
676a038801c24bb
7e653d4bb610b36
30fc46c15a1e5f5
10404543e3b8931
35ba85ec6f642f2
a64b936816f6174
3009fd114ef921f
594adbf4626b9ef
a02696186d36275
286fbb0055356c8
52c3905433f722a
4ab620b4d11bd60
4186cbef1795cbc
7ffbe8bcf2362da
98bdf8c066435df
9bda7ae5634c9ec
a3165466d705ac5
97e3ce4f38cde86
731396c3564c780
45551208b43c3fa
4108a2c01da11b0
6ecbc4ee8e262e7
a71f25a6b3b723c
4aea1baa6f295bc
89cfe3ac7f9ea6a
3fbaaf0a2e87b56
a32254d7dac89c2
7f35706d94e0e3c
1626e6c99fe4caa
3319870074fbee2
6d23cefa37b091e
2845e57056dd2bb
6985cd03912c14a
2845b3671885ef9
0bf742dd156deab
8093ee11f283da1
3bca54ea02a7b69
7978043e4e41eb6
9d45ba047e0d36f
3f210840079ae22
206888afe450d60
4a8d129cd60e1db
42ff2e3169383eb
492cc478b47c9dc
7ec93dcc0d724eb
1fa91cd6387f525
433ab77c9e3b00f
8f496e4f882e310
386990c6a20bab4
243f61cf6e1ba55
8e3109ed87acb66
97625dc85c0c5c9
7befc8fa16bbffb
4c2a17ea195575d
4dbb383ed185e4c
430ef6cfcc01b73
857007f85cffe11
99129ea24108586
83a95cd20300040
06ce2b8d776df29
26e68429db66208
489daec7c802041
9f76842ef8b5fd7
3d35f3baac02878
7f137166624664a
5dbf0e881dfed20
34f5fca33a44179
28c6d8ca7a9a4ed
5083486dfedcc89
8f6adf98cefff39
04a4567723a42c8
9ce7d328db0eeef
9ff14521e2b6fcd
372fd2469121104
8cff7c4c5a20fbd
0033bfc320a947a
64308d591257445
1023c7580d9621a
2ce1bbc7885ba6e
12e00c35334c575
3b5180a8781ab6c
4fca6f7e8d91ff4
23114ca47cc079a
9729ea248edf7c3
9903dab7778934a
800c6d86a6fde74
75ecbfa0cc1cb77
59d49470dc253d3
45220861542c746
7bb4700b79b3e28
9c70e17eb13e505
5c54e939ed8c347
78b6011b85fc5ec
299d02381112253
7cc887dd2141512
25085c33ab8c5bf
a94d71c6a100c4d
40bd4b81dbaa7e1
56d6e56b16acee0
6d53f98fbd7e936
6c6defefafb9e8e
5583a5b7337dfd9
67c6c76787651ae
1f8304f8002b335
00efefa3033175f
74cc9edc67ed835
0980b763594f2b3
951c0ffcdfae2b6
2be468e605dd066
4fb37ec6ac004f2
4064d46a59cc858
9736bc4e03dbeec
805de54b37e531b
01ac520a85d0e09
975b36e88a1849f
1da2443d88ad63a
92536b21fa12450
34ca772016a2fa3
3e99d809f78c3ca
229a83f8c60d6eb
a1ba95fa5aa45d3
8f5b71a279d54c4
79bf9a7e2eba0b9
77ef0d1dfb41036
34c806a44b007bc
5a28f1417bd1040
2bc253e2d828efd
9ba95902bdb8d22
6dab894632e395d
667738a5eb1ca57
0771fb3625e5393
555a14ad8251b26
87ca8d09ec10c68
39b9eb58b585de5
7ebaf3a2b174c1c
68545b1195b1cc2
901e5c61e64e3d7
730c600871a8336
5abd42304473470
757b19ce4fe4563
5610ec6905ece23
499356beb380245
9e298c4535278ba
855d5d08646b422
74c580ec9851d6b
6c7e29ff69aaf4d
75f8113ac8eaa71
873452ee466b19e
14424607b703bb3
9beb56dc0c11c04
32c01ac4c0f7d5f
01202a48c4288b3
1a459d0757c6dfd
042bff654756625
9f8fb0566822adf
274d360602f97e9
8964f6b8a208801
92839e864a7ff63
8fdac75d7525e9c
004fd68580f386c
56017fa294ea8c2
6fad202c03a8ce8
90b674c549af2ad
5ddd292e5cff681
6fa4daa06bfcf24
3d3075dee095869
41d177caa79dc9c
71505fc6eb84e98
19ae26e3f6b7b60
9c9553b02638ac2
9d1298300f51bb5
63d42156effc953
52d66e7fd3e3b6e
0ba0fa32df43957
8dfd36d62f8440b
a5ad21b16209736
1fc3e23447499bd
0e7d8a39a85de59
2b1c1de2f1b9166
7337a33f0b0a3d6
17a7d83186a3b89
717ff66edbebe69
2d245823f328841
6254e8ad62ff812
575cff562ae2e12
a52e4b3115a3dc1
9594530e3e74c40
343d7be227e9f09
98fbb7220d8a693
4415785d151893a
4540f3277b20347
68761ba09cf1f72
44a0649d3fb7e5f
0b6b37223297ff6
262ff8270600682
7f6bd484f4571fc
5373314a7405739
a84f009de12d372
a25e9b5ba3988e2
6127ab7a89848ac
2ad4faab2ae708e
4fc76421d2fa7cb
3e21bd44cc2638f
902857e64026c6c
3f236d93bd5ad7c
1ed6e586b440465
0dde9f17aa0f8e9
a69ec2b146a5705
0d2275ff3319876
142b5fdc7e72552
6a2c4ba37f99073
a8c56fb4072e024
309498b22b79648
1bc28514b6fdef8
520aa43dc239810
41b5d83ce5c65ea
948cb043078a201
52450d7c0648672
33fdf14ab00f0cf
345afe201d86457
66b1ba563934a87
610c40520f14934
4e59ca5dacb7447
731df178394bbb3
5171a40c8b97b67
512085b73d54285
339bb54c8027bb2
7fcff29e3a2af00
2601a04bd99cfdf
9b57e6bc29bf33a
a84a35a00fa01a0
7ba4bfdd05297e5
9069d1b463f800c
a452d12acc527dd
36ee90734f00ba8
7f4c7ae3534bb90
0b2bfae0605a820
715d3982f2d871e
0626040cd141abc
125fb40774f8dea
22404d830ac6cdc
08c55216ea2f37d
13c9abc0748cf2f
4854012f8d5df2b
633f910a357f72b
7b7c716cf1020b3
5b0d8ba4b4f8c80
0d5c2fdb51aa1cc
4318ede70bb8412
62be3632b91a3c2
1e4bcd4bf281765
30fc1c9e5d73782
9fb7a57cc8dbc44
208d4eac31f0b05
151278f57827d87
67a771925d4bcc7
3db8cef2a743a89
7dc60343c5af22e
35f78d0492cf449
a72cac1638b6d55
2099d5e8b922398
662a685a6ad05e8
a27ad2e075f12be
04c863ccc24d6d7
181a1e67107c498
3480d085785dc5f
a80844e84db4d96
4214a7645f83617
385ef0d52d87bee
20b229104a8b9fe
6219ff90abd2e21
006c92d5d4b4a41
0b7e8f0f52c1115
1ab526a4c2657ce
3f032c2f984828e
4ae50c0bf582304
68c214a098945e0
8a785aad7493881
21d80a14841569b
4689ef467c02195
285b17de0e97c62
3c6ea46bf76f451
9cc7e0af5071c49
03a64bf37ea3603
405bffe7e4daa4a
9f1b8bcc5b3efb7
12ab1eec9547a20
8230b8aa4df5323
4b7fa7c06d1b024
24cdbd17ec485a6
598fb410bed2fdc
0899750b1b4fed7
89ce80b529f3d10
67389312eed00da
5725b9121ea03be
8f4646f48b65e95
5181c7adac3d3e1
28fd716f79651bb
95e900382ced1b4
61d776acaa7bee7
09ca92d975e7858
5adb201cde59949
35a7c38806f0194
676954529b025c2
6a53b98bb67341b
0199904c09babe7
9900218003f3c78
a49a0f47f766c7e
82506cfc51a6950
4fd19ebfe34c787
26c2797e654e91e
1121c3eee04ad7a
7945ed5460e7312
52e2dfd1613bb27
5062426b42e3fc6
72a2e1096379b3d
5ad081e96099488
86a2cf20a9f1da7
62e313791087637
77cc3c7336196a0
1829a7195ff6cee
5ae4f00db12e323
4a0cf2cd03ea73d
8fd4580f8e38319
7e4c3ae73fa9da2
1dbf25265d38f61
58305b8f02678ce
2b992a7338dfea6
a7e6ca85bf2ecc4
2ed9530480f8077
3b841da412a3ae2
5ae92fdca9eb1a6
9a2561d8f7bea0d
581c08e781077b0
1116ea7d7161feb
378332c4556c523
595e2afc6fd1193
a273d082403ada9
4c764cc88eb476f
a78098b47934f41
14969dd94f731d2
7a6401a0215c811
6091f4890d0d2df
4b5385a0fb880d6
18f986d98f8afc4
9e6000a5bfe2483
1cbc1e4ab0238b4
829b45f070261db
4c824e23e12366e
87b1744924c4af5
1919c5b4a6522be
7e2729c214a3641
989f51a4076d1e8
5b5ea0f977415fe
66e24bb53768fa6
62541fddde1971d
a8498c46b047f64
7bdab67a65b14dc
747f956d93d86dd
4f2042839ef531a
1d60dcfbf8b25a5
48e875d2ea0045d
09198fb187cf111
2d191369a7a6275
47914339c8376b8
1164f73a6e9e7c0
10ac2e0aca697da
0e98fdf85d276a9
19f035d04e76b00
52b9d7bc8b0791f
94f0a25ff571226
436650b535f52db
6f7757385a57e74
513ad29b3420d82
2f836940bddc295
445b944922dd533
67a9ce0c9d05eb7
75c544c45192ec2
35e69e6472d10db
984d16268c030ca
a7a64a928af3503
a1465bc3610abab
80a380921f09e1a
1b57c0b1ee2b448
35d83845ad1f8eb
1a4b23ae7bc8071
4354413805ef048
0dbc06e5dd233bc
5b9663ae9589028
5e3da51a3faed5c
29d2a3b7c8b1c22
1afa93d5f43ba79
a702d2692f536f4
0e888952764ee02
3f2436186b244a1
718afb9e91e0cf3
881b32e6354828f
4112ad74b731287
28c536e19f6e9f3
79bda75ff144d46
09a0e2a93b6821a
4b469781294fbb9
543d042debd60ff
0d0a8bc7a2c8711
2347bc60b605225
4518c19fda6677c
089723abca4402b
6ea3e6e95119769
96a92eb2ea21b4f
152a2a652535e1e
01614a90911d2fe
2837a3b47710786
11af05993d0603e
22ba59bfdf99fb1
a2dc176ed7eb0be
23458e1f6c1669c
61c4417ba67c8ba
89ba8080490b817
6b151b860802f90
a21bacb3bac9ce1
a895b0a6b454392
203a3a0bb4e591c
44d7a35a029da11
5c66ba608129799
105f1f493a7ce5b
9805393647c9e40
3dc6bb7e93969ba
610b5a12ca62378
4775ccc1afce73d
162f9e54a70fa71
3612427a5e79937
173d0be801cf483
4dc88ff78cd16b1
0bd073f047adf07
271180c2968d8eb
6363d26cf8e03dd
114da359b35d4e0
0a7b753cff2195f
10a5845199ba9c4
1cfa6343ee647a4
5de474257ac1b9c
9ac2b3d0d73119a
80e1c25a56cdbe0
55ccdb631b2d746
60f0600f5ca8a22
065bcc8f355b0f3
8ef8f170647955b
a008e363a8220db
6d0a15e5244c7a2
954272c34d2706b
3e803d4ba3bfc89
9e17fac7b988489
92e6c92246f247c
39a9c5686d2c794
10f61028fb27dc3
3d08f42d6f60eef
898dc55517c8ce5
384f41f97fc635d
4ca74a168f1360f
80fa53c3227110f
4cb431df37eecda
8db3295c1bf5fbb
a44bc0dbeee8ceb
099d126261e7327
599774187c32798
0d3a95250fc099c
462d56e3e600b6e
9f1d814bed9b217
2ca1080f6ccdd0e
6ca3572c8545163
0be610fd67c7211
681cb91a7d58fbf
81e4c29db7cd465
4e78bcbe5238aad
07b21f4dc54780c
35355fe45d8e8ab
3af96523a050fc7
30c2db6e9ec6b1a
19184af6104cb62
62b7141128dadcf
4c5477298e2e13d
2d5fb0d7f298409
3ac14ee84fbda87
790d40925c7890c
8fb52e8cfe6affe
0504cf4c68d21d6
8a295b572d52856
1fd3d50f0148196
35238657117abb5
8e41bfff12484df
39ec420bdfdf86a
9037f0843d0b906
362e18606f61c32
26f9ba0fc0b5fd4
87810c88f401c3d
4b93cf087ebf7d6
5f0667522003faa
27e449174c05172
7500125af198167
96f476cdb2cb1fe
186a4dd2ab960e2
4e4c91f6899fec5
02e85e1c9c1526b
417f9cd373b3a71
2e2b0fe8e0cda85
192bf4a5209cf52
62a78cc06ce166a
31dc1f25a3a4bec
7b73d18fec3b221
57cb31341f87050
843f0d6a145d635
6bfbaaa1dce0bcc
9dc7a10ebeb99d7
128e3f8341502ce
4248c3ae1a72b70
076fb0f72a1f309
76297cd1dd0f83e
9670c6afccf10f7
543b3e5cf651b49
6555c712329fe44
9d2aeade6dc81f7
2f045fd81664b62
6ab1e1533b9367d
77e53b20107511a
a219d3d18f2ebb4
072c3d438011fb5
39eb8bdeb071e57
7aed999fddac935
06a07b995684b5f
1eff535880ec73a
6a32ae970798dd1
1a2da0971252c40
3b079e1725735ff
8926460ecbda936
1e5deb98daf86dd
3ef20fcf048025f
527da9a889aaa34
0b7640d47b9382d
2dedb19f3df5694
986b98fa07d5287
2d1bef5ab263bae
81ea98bd0e069ae
29f2ffc3b087724
7799390d391bb6f
1881b0593cc53c1
40bcedfc1a68e92
981ece775d87440
75dfc0bdedc1237
1c9adce147a5e4f
2019eef08266661
8d17c4c92cec110
61f68258eabec7e
9f75df3a0dfeb6e
1bce7cd6a2515b1
5d4b109a59cb636
35c420032514fb5
89efe2d345cc5ea
3135be367481ec0
547704a5b015299
31c1ac5e73a3e82
0879c847f97aa03
7d09e85f5abea26
33a8df03d5d07cd
51413f52bd073bc
a0591c5a6d923ec
3ce2fcf4183ebc4
18eeb7f841bea5f
9e1c6ae1bbb29ad
125bdb24af7707b
1062fadd9f06b3b
5fd446d3832bf3d
82bb47998267cc6
5323efca90aca4c
03ee2235bd98278
057f73b6074ee79
0a9cbe538ce3182
3dcdc52b3122dc6
6c88c33eefc5a9b
03b376898e3f059
33c745b3c6523a9
72231749f5ea789
366f2df74ee60b6
15a11b874339f0c
445ffbc93f2cd4e
a09ebdf2512d990
2512244b657af30
911e0ac56757b2f
258d83dddd2b6cc
591ea6d49de72a5
216cf63b8bfc455
4d9508824589d31
2cdcb127ba022a9
63471fb6c5a94f3
4dae849c9d6e65c
714e7c9603bfeca
2eca950d50523d0
0a95fcac1819561
3a1706023786b29
429e15fafa4a2b0
78b7f591a267fdb
3d0731819be1cd3
155b761925b551e
5797eb17bf6f5fb
23db095011cff3f
7be58645da58fc7
a7b35223447a1a7
71452d7049c7697
1390bd51d9a2ed4
8d2f93cca603ccd
85c0ceb843956ce
a6dd1afa3918495
51f711d495e9105
22a2ce0bba4b1ab
5a680319bb6393d
7ce751b51a027fd
a634395092e2029
8f321fbf6ae0634
0400f2aa555ea4c
8cc99fdf4f19a67
6382eaf5400b035
0f1f75910cbe61c
4946225dd2f3238
42026557b706fc4
15683275963b5bd
9601f916a8eb08e
2aa70d9758464ea
755e79501665361
91133b062402a5b
87ec369f8cc0e25
0453482a54c44ef
5a7f9c8938ce4d2
815c1452d2f869d
5419664433f04fb
9bf34bde42d5d5f
4b850439a0ebf89
402545f9bb18dd9
7ce66659e7a3839
52e064a7cc2c7b2
3b619b702c48216
18d1c0d65d1dcb5
312acf0e35fb707
2c16d09cd60f1c2
54d44adf20b0bf8
42e7c1648f1a117
4a8517d55fb3594
863616c411ccf53
3e5d5218458e7e8
9fdd1ebc33a1201
2690903f73cba2d
86052ef8c96d6c0
09e3222eb5d8d80
23b6f827f506519
13b10c3df806fae
7860b14969e05de
1ce7f96aa46b719
497f7a3733c9355
47cc4190562640e
182412298b04921
5c2e84fceb34bf3
18873cc162e99c4
120c72ce70b5838
5e725f230c664f4
0f9cb93c85cc1cd
3dd9c46fd5df22b
384882ea6ade174
336bb4968dd9eb9
52c18125e3702ff
2570ae6240c5087
a3c8d236516f2a1
6fbe5523ff3668d
92c443d37eadeaa
1d64ccf7f352659
8a1ee393ac304e7
2cea54fc99d67d9
52f958649e36c81
8eb5e567fa9b6b5
7c70966dd4968b2
99dd82a5b86cd27
8682a22ef2ce203
200439316f65213
6aaa35c789a9bd2
082917bcadbd6e6
0bcf095f498fbc7
6372f860deff9e0
26b43d0c89afd01
430302745694312
17884f64f9a73c7
032ef1a994d7d16
a14ee76c0b2e8e2
1a7cec4a1ab2a51
8b69d4fdac49bcf
7eea7450ac36fbb
9177968bcba82d8
9dfa996fc7052d1
0a8fb103c166bd7
395ca5f147e36df
3e66b4eafb28906
685bc99cb2c93c3
85d985d6695daa5
13d646275455332
805f6f3a53fe155
50c037bb8ca67db
5f67bcda9121a3c
90777aec8550b9a
4ba38d50c6de4bf
7be14361a12a73e
9619e1b706cd280
2930e628e1361f8
37b7273fdfebd02
18a68902634b45a
a63f356aa8318f5
264fae6e1a198cb
8c1934ff426e63f
a2a332af2176bd9
023d1b878329707
9fc1d8300d2e83b
5491b2a5c42b37b
a2f8c0c7dd027cf
8d4e14b0f388b33
8672fe84d3fe887
4fefa548c19c561
099fddc475fe9c5
00d94c77698f0f1
577c43cddcd3b78
398f47299039e5f
2cf611d16d03ce2
214611452bef27b
52e132a8d76082d
8b656d468ee9fcb
703b900dc748564
02e393cbd6b424c
8b22676b339eb64
54c88242067e596
2a2f28528565b54
1da275f5b4b7741
84f58fd64aade98
a341bcdf9813e94
5b39a771a4cf1cf
50d14e84008fb49
5a0280b094011ab
68bd38466372d93
091b8e802bef770
5e466e618e9f6ef
63e48f288e96866
7809f3c97bb00e7
64320590c72b3d5
155b0062b396f5e
9841b9e36da8cf8
22a478f6663048e
91dee0c0d97f519
a7e62d83138edd1
1d94c545834b09b
23d832171c1a105
515645db8decf57
8bbe1da6761ffb8
280fde25c614edf
494687d5e60aac3
906cceadc497570
6d4c2fa06473649
28ab9dd8ed67904
3216187e1ab23be
a861f2a8840358f
a7b4da6623e876f
50aab9c167827f3
94588a05e8bd50f
4e48278b86bff09
5226156e16c61f8
6af43e1681dff48
603d75270717fee
6ec5111510b291d
98ea2c913ccba14
9e0be842093d7c8
54c2287b14a8ffc
8855648f906fca1
a335c96df481b60
89109cd2c7c3225
5a184943f97dd91
301e0988f218a20
3a904936cd653d2
a52cec58fbb622f
862545d2eaa54bf
1ffcc4abcdffa77
09bb86529cd9bfb
276cd4e15aa4c27
24c51970ebdce77
30101f79fd0d4ab
638c16ea40803c6
35a8ccd51ffdc8b
690db3e40ffb313
647e6e4d3177cc8
45cd7e788d7e045
9d5ceaeec4f9993
82748cd83d995e3
a2ca9d01b749db8
670fd464551cee6
967a2f19f04045e
1c0e8fac28a8d41
2d74a0bb37bf4eb
422d771efa08348
404879f4e1ca685
33b1e7a71cc70da
5dbbea8ddacf9d5
8599b4af5fbde17
412228c57417d13
54ade6af8817201
76d280d966ba752
5f2c6bff322e1da
52e6c4af6a0c775
84b681722a6d6c0
6cd654d0af55202
7a9da247e7cd45f
a0fe63ed8af6814
a542d236153e445
174cf9d30b592c1
a333669e329c48b
623c237a1b78d87
2327c7d9cada322
01d3f7aa4d6525b
6eb98c1b7edb4d1
41794286dcd10c7
6906c707b2905c5
5d1fed9ff8e03c0
2033503f0acb43f
8ee5e9cc47473c1
6282f295ed95d26
a9c2a272b165b6b
3d25c5859310f48
437abc2407e0a4e
6a0cc531d9771a7
18a847688d8c288
2e7233172c160ad
7c25328a2a48157
0fd905b81cc8329
0cac036d428a1f8
462c8f3298b1234
24e664e1a1fcddc
3b7439980a2e6e4
a1d4f1e25b7d249
08ca51a9b33fe61
0cd5c26afa6cef6
254128334cb07f1
3a5f94e61eeec31
589f854a409fc03
2bbee08abb041d5
132f429ece5884d
a788191e29f5c15
1fa3dc20cd5654f
3bb4b7e2f3afb7d
8835a1d05f32ce3
5ec50d1ea850d0a
1ea9f4277ee8a31
47574681bbc0ff3
86a9751cfad05e6
9460ad865ed77e7
a792d44d6e7b1db
2651efaf796c866
506af2353d1ed6e
7be23b99863316e
1980cbce8efed47
93fb6e7e0b590ab
4fb92c72d8933c6
895bfd1e2d3d337
5bfc8a458b056d6
89980e43e10a3d1
45e4f00822044f6
2bb100d003d0b71
8147086219d9012
40ee7f3f82ab202
45e85c6c15e23fc
6cd5e454d79fda9
6692a5ecf311049
074a89bc4a0effd
10b40829dee42d5
6ece58d0b6999c3
94895dc29c7646e
189b60b3425958e
261d60ec7969bd9
15a8ad911d25241
4272040246fa8e3
961cd9ef6cf7fdd
1457143de179ba7
4cfdedf08762918
3298a1b59b6a553
5bc163c6178f1bb
23732121bb8c5c6
35141177c4224ff
6ebdcac3dffcb76
52a1d7e95d9a5cd
98aef3db7a2faef
6d9e9bd54cd8bcc
21bebf25619978d
2fe5f410f1a9c01
0fabc34c8bed906
834e7d736a9b36c
01f55148b5bfbf9
87f63808846ce05
616ef18be5a7dc5
366df753ebcb8ab
