28073066ba1ffe4
4dfa963ad684c8c
528311da813b3ef
33cd1bdbd481991
0232a20e03c37b6
7882150071451ce
791ff06cf696eb4
042b9977406948b
8c560835c96038d
5a353977906ed99
45c5fd5a5e85451
55989cda75ca395
18b7bb9652e2856
80e23bb099add97
16f33da51939c57
07008492a3279d7
1842f94023d8339
7de397628589403
24cf76f7f0db6d3
0b61c4f10511842
3f53e4314b2bd0e
61d445eef8ce610
33198df7dd29ab6
5eea98189e9921e
790a3a3ea4812ae
64da793dffa8dc9
3aa1e370dee149e
66f1a1e10b9a8aa
22611def5fd171b
3e64cc9444b59cc
7fedd468ebf5544
346f1e01574912d
422ea8f803d82ac
37b0fa33555c0f0
28291f46c88f349
7d7c8cca24dfb13
6ee51aa4f2f42e8
25ef1e7a476b37d
7d316337d5a8f2e
6ddcb475f479b5d
05f0a80a0ea2d1a
56ad5df48d4859b
6fd7481b08a2317
151c7b238154b1f
881005f46606f21
8cf80d6c57112e0
789561ba12c5efe
1dfd605439cb526
6bea1fb2a6de60a
901e4d989786ff0
0f683033b624056
488a2b92a480348
0d5b19340e761ab
56ba9b6abc72408
1167f507a8dadb1
6b5621817f0a844
69d098f6e4c8e4a
50421a9cbbddfd4
21bbe9b467defcc
2fdbb9f4ba63aab
630ff255173dc18
503adeee6de8f0e
4e76a6f05fdbab5
63cf8e76fbf64dd
702118bb2e5ab4c
71fe5157e28b0f1
6dffa8d3523a5c2
90cf5f151b2f549
4897dae54f7145a
2da9318174e3683
34ebcfc21fba6d1
54505ec9e7a997f
241a9693729d789
6d06342202df957
4c1608a54317f5b
7e40fc0c70718f6
5efae1789ec1711
0a586df9e7cbe98
05ea3c0f77e4909
1bb1f7a26d4cecf
4932ea2c0b2b468
2a5ccebc21b567e
3291ab2a374bcf6
67d015209b0c059
2ed46cf3e9bf49f
1ea231986ce0c5f
0b4bc0711c36dc9
2c4d7b62c0d1a68
47e0511cb1cc3ef
2e18e6fbcc4bf84
75c729a6b01481a
5d1a40dd85f3f64
5c8962f1018a10d
87126c58bce39c4
2f5684cff14e9f3
217f34037e3427f
2fdc790634f59e9
0e35b456b2be895
8dc41c416da451d
474dcf7667a1920
00529f307d25016
144e6d77c53b20f
5dd21b14b62db25
7e7a9054dbc9eaa
04f3c2840cf660c
03716b06baa33e9
386514f963852ed
8fb44fb3c3dba3b
38951b8abf62a57
676bb3abd3fe756
8b4c05ac43b25fd
2346e6bf00f1bcf
7f45db87fe10610
75b5ba38453e616
3136fd25543a4bb
8866c8930d9a895
00d53d98d0784ac
2edc91098bb6c71
73cee22edbbfe7f
2f0fe5913e96be6
52901f8e66b00a9
0453028736d7063
34826160aa3ce1b
4fd56e343e73cae
5e01fdeb8ac23c6
1422c278f95275e
8cd7312d0d0fa44
3e5c2c83576e9bd
2c18d1845f3dbcf
213d22aa0c0613d
0b3aafe3cea4c77
257e7f58558589e
8a6e238e482b663
2decfce6c3b8aba
03a15bb29ee92bd
78534340b9d4816
5ffdf5f3f4b6c79
1cfe4cfcb4858a7
6be6f95601ac9b8
6091df6e0df1114
10397804630fb2e
20e7ef47c98ce9e
7a9784584949745
634c44c2aecd948
6748427ec0b23eb
3d7887cf077a572
6033920ce05824f
41e8a936e1c6e8a
7e95c95103fa33b
1a6fb8aabaeb2aa
8ab99a78077f66c
5057104f0f0a637
201cf9fb873ca2b
520484b07efbe14
3c65839f571bdfe
81d84a1e30f47a1
47b36841fa386e3
61461fc43508185
1707e3b291fe2bc
83487133e2630f0
66d59e802e20b4d
54677b4af14a9e0
301e79da0a30f22
8f08258800bc11d
2dbe844bf343d05
743871a1177085a
47a3be8d863f444
18559b9d86df7d1
859044a123c1188
6a888a8120381aa
2ca63940458f1bc
6213fce8680c185
0af1cb84456dd51
77b520cee646e05
550ff5ee204a412
611954c9e6648fc
063ce54968d929a
60a9a54f55a792d
60068a53f0d36de
84daa244bfc48a8
57ed532ada1a76c
02e9ae543b98fa9
50ddd59f58dd5ad
832fb297c22285c
900a04c1612e716
2edccf29632eabd
2247065b295d09e
8e28a3f8074eb1d
85cf7fef307e25f
824c77e58b2caf0
65f5657a21d68fd
6a2a4381815e8b7
0325885f2b5d1d7
30062f258a8ba81
352234b71bc8390
0a15831924e9686
4b14216259817aa
2ebe86ddef1ac13
148baea1feb9868
1f4b33f9eee8bbf
53ed0eaa8fb327b
3df6722b90e2dd0
341156612e96046
7f3d61492de2d2e
1d0d4fe621aa8cd
4404e2d35699196
5ea088e674a615d
647ba0b5c9e8252
29c8f14203f7fef
0e9ac7038b011c5
44c17c659bbbeef
5e20f5333ae1385
225fae761d00ccd
0d22dc78dee23de
32535513846a127
6e50b860e980ad0
77b359cf29a9086
48dd3acede88ce5
13c2f9c61a6ffbd
72d1efad51b151a
45aba2604a3e8f1
18249548e0dbc3c
4a665d8886106f1
859be51ee1c5924
197f13276138d2d
15f84ee0966c477
1edd8b809c5f60b
0982d1389fd4eb5
2da9c7c61bb965c
8c1fddc3db5678d
2c3a5ec7db579f2
4d7be09217ba8aa
7d63b94a327cbda
5a7c010a10a028e
2ff349721074ef9
5a09604831c62e2
555c9ece183e55c
6462bae3ef61ea0
21436f0431f2510
44968fba6ab47d2
019c7c684c9d73e
0497a2683259751
412de5be7557ee9
238e5a45c6d4338
637aae01ccb6b1a
3f1ef4642646653
75e394fd637c1be
433efdf8f0f99f1
118f9adcf42e6cf
34add54a7fc7d01
74cf7f7e024c788
549e3df8d323662
016930cdbd26620
5354bdab71075de
9086929cfe991cc
5596fc87cdfcce9
27f5f81d34e7073
4d16c17efabdc83
83463b72c057627
4400ab3d7a01d17
22a58468bfa7874
002dbaafe6cc1d4
24045773970caa2
6d71aef3b82b2af
89347bc3d3af54d
14ed5ff8baa9add
37c487b8164d05a
41c893709e18e22
64a648d8768f31d
8a3040cb01b941a
2dfe0dde2581137
552cc9796bb147b
6113cfaedfa414a
12e486193b71537
186dcd43d17e3b3
2eee71c328ea049
1d73ddc7ed622df
7e2f574a9bef57c
3df446590bcc423
3cc9134f9b70cb7
49226f570d68d2b
72b5e5ce781f331
1014d479ad4d67f
34dd61aac3984e2
6ea5a0f8fbe48c4
8986a574cdeea12
067cc6603c00b45
7389e6e3fd99cf1
10f4297b37bc52e
19d5fd89dc4af4d
76e2a86cb84646b
3eb8237e1d6307a
39b3ec7fb9b3e76
82424f9107b2bb1
066c4394c605162
7db7d72a0031adf
0a518f605205500
8b4dcd39a362053
77681cb0223488c
6f6ca34af83b73b
842b39af0a699d6
1c2373d783838c6
031fde19d5be3dc
22f90db97a6cc3b
1bf8dd4c0d1ef86
3b0c811a0077403
5d9dae1ab1f9755
695c58ce510d8e9
16d92d2f889fa4e
76b8fe353895ce3
2e8fc1b27d11718
2b213b578e4d0ae
329b10414a84387
80337fd84af129f
291624f2d57d3af
871f2fbfd33597c
18f681a2610ccb9
530b0da028c204d
31b0cd6fbb0d874
024121466d5bac2
1f69b7b1ec089dd
566d6fb53ccc21b
3b14ca66fbde0f6
3ff79c96c91e5bf
2e877c5d00ee3a9
3bf777f6df5b36a
3e841616b3e083b
34545134f164b0e
60198d65d198626
6388e0e6e1160a3
3f0fe5c7e9b0cc7
154a231bad700e5
3d4956fd031e03a
8be617b6f0d1362
1489335d03244c3
7fcd2afc34ac269
10980064cbc2b01
2da06c81797cce3
27d042c9162f205
771eb82d3376ceb
61f128fc194ee5b
78c49e55eefd115
0478a4d915c0ef5
3e200d779d5b0a0
7fd78616a35adcf
298a04ebdcc12e5
416eb3d66374092
24196c36697fdec
8c35f1788baa82d
224f91d1ac3f708
30fdd3d70397aaf
72bae1dad686cac
89b0ad65c3fb31b
6787938eb728788
37c96ad6fb51399
74e678b5eb8861d
582ac0743f5ea36
25df97344f5d7c8
3184f6d5a1d3161
205f733abb7cd1e
8dafa37e8ee606e
7032dde5eb52d24
55b81d90104f323
1af6fa1b38861a6
9020e3d9030fb2b
746b7a871c42111
273fe867edf0f17
8e9e85f3b0ee75b
1ab8ef11d9f82ee
136f984c4499ac4
0095e567be77c84
67b802a485b4885
8e33be35eac0352
481825d8ed5b4a9
8a81021254cd76f
8bfbdef6af791b2
53022555f1d736e
5712e355608fad8
5a433cea08c1b0f
8c23dbaf0b1a38b
627c2667e2dcb68
0fc003424302269
385fa2b9dd9d29e
726f32b232aec6d
8746c158333efe1
3a8395fa7df931b
8536ce3651ea90b
320920d04468cb9
1646d54468cc567
127dc73b9428aca
3e395c9416e45eb
4e554f7c1a092ef
42fbab8d8f49e07
6563d3c8b98cff7
72f5d5a15119cfa
46c099f114f5ffe
8d72fe3e76932d4
877b29e8e33a7fa
597c3cb1d94184d
703548aa33fd7d6
689d4b43ac00d82
896e5c1399c21e7
5014979da9f4367
6c52f9acff9c324
17efb8fbb478db9
790207b8bb09743
5e81430d21b65ad
377a1ea917f0f3b
671f0f13c335f94
24d4f0be2a786af
3a7640e70e8a160
560f1e8b3723772
7324617e540bd23
779a2c6ed3cb8c3
5b3ea522e473429
7396a00d6ceab16
33a4e219849ca3a
5b63b2bca79ecd4
82b1157326423d9
71e2b3febbd3b63
49de70c0ab6c912
45db8463f1f537c
89834bfb60634f6
454eacf8e15d852
74cb68e0fd5a2fa
6fe90167b94dc82
036b667e9b9b09a
87c9d81790dfb86
661fd1983f4e1da
7bc5fa59ab14a5a
3fcf19dc6f85c40
0c5f913f043701c
59619fe24c270aa
5bc1268afdfbb4b
1d70e13a335da15
12fb22d021b4b54
49c916e132ab648
7ea1100a6296467
37e7ca4e9806259
6a2e7666b9f9e63
413ae5dce95ed6e
0b427accb6ca01e
4b21de4cd84dc2b
66a418917879f19
417e9c5f6a28a7d
84275762ba24521
26d9a5c69376e64
2e7482385278cdf
63b08e1fc106768
2ebe9bb28d4bbc2
0535ade68dfd428
28039f8c5693a11
14dd7ba539de536
2c05576f4becaf2
5b3de081772777f
4c14d856269d630
13c53e73aeed565
1837a0c86ed1540
6eaca4284a271a7
365ac28c68a0e3f
8e3b6da121d3c5e
72158e49d095d0e
483805d3431204c
5932783e390c44e
557b5fe8f933eee
537daa9f33011c9
1c0e3c0aa5a16e9
3d42c27f4bcd8d3
76235eee4a81f16
3460e2ac23aabfc
57e027fccb82fb0
360619d94516442
0b42dc908fe1813
572b932090aa16d
407ea617195d519
6bdf09e4e7c3315
3cc26906998a9e9
8207c3a39c4ce3e
8f69c8a47d67e74
76348b32dd34fab
88087ceb5f2153a
8396a55f94f2fac
901175f2df992f4
14e348a90f31aaa
2ef3e70d9ac0b5d
8978f0ab27dada4
8e13b94a6a95212
471bfa7b3d8fe46
8fe3334ed7753bd
12c9b7ebb1bda06
08b9aab91d298ca
308eaebff5f437d
4309e51b96e9ac6
2d7275c63014931
2a0f97fd8be3f6d
7b0bc97b155ed14
36911c9750a4c08
2073513e2ef2cdd
05ec13d14fb6f52
5829a31c65c9fc6
72ff6903ca1ff40
171792ce1f49979
49ef8bf9efcb235
004505a09a2c1a2
2d4d74e3f290420
7a8605bb4e20455
1a92669a7619122
16b2195b7185f03
14bd31adbc0d4d9
10942cef40d0e66
0f148bf19e28ea8
182e8366844172b
60cf0b3a7313b14
80b8f7d0265f443
1284f7e9d745d04
5528c56246e112d
42d2bb739933045
35a5812389b82c7
5ce6b000256e31e
87b23eb1622249a
4aa233c4ceb17c1
28743a25561590f
901b1aa91757c8f
7d797e57bc33268
4d294ad19fb9ea9
07445a813a239c5
7d2bb93c9202ff8
0928bfd5f4f1d05
687d2a1e6aae00d
212ddd0974d8e0a
619465c9f99b701
220a1cf7dbb9b0b
2d7491abdfe56d8
1ba3aca97f030a6
2bf5fe23d486e47
8e1ff9ae86bc9f9
664710e40b2d1c7
7d17d8f0e063ce5
78829e5e22aa818
101efd520f9b7bd
8570fd74d5ca5e6
29776f7a2614174
59b32df611b22e7
21e280dafa4e3c7
4484d51b44151c7
4826f66fa5e71bf
5205058739dd705
89032458f219491
612acee68f9f1c9
824e3feb59f1127
0d839c15d9cbe6a
8d46d2afd3df73e
6fecadac516e69a
57def8435f8ca2e
2560b67f59a2845
0a3b69078f2c50a
7b403aafac57969
0c075ca310ab9af
2587ee193742656
862004262cda3a5
265abcf6c09ee29
7a4423f52b4687d
8fd392eb9eef00d
29b83dcc54a012f
0d6acafe61a87b2
4194f15c7d0ce7e
1d65557706d6a26
143205a70d58066
48c3ac087d3e5a7
4b2411924eef8e0
5d945438f14270e
437914d877a8adf
4f8d887e698dbf7
219518166f4722b
394f1671a24793a
2f6774308187e31
7429209b44df7f7
0c6cf622e861396
496ae1d54fee3aa
275a4553e0ea30f
8ab563e851846d5
638b4af784bb5bf
5b928c96db1b193
432cd1270f67956
35ff20e22323341
72641671bbe7f5c
280fbbc29ec205c
60af722c26237a8
8c28e2aa501fffc
267528e69fcce54
39ce0900d8fd1a0
48df813bbad74d7
75948c0c1b6e322
8c08767785b5b8f
0600f62338364ae
0903e41c798a18f
85cf28282bac84c
8fd9d950b592af9
0901640fe813ea7
3838872c23c995a
1871af1b7c22d23
74735492dcc0363
660c9b6ea652d2a
69c0a1b63f95153
3f71ffa323e3df2
815097b72a95187
831b896301ab52c
813bc4ce5ba1b35
63e61dab79ee118
2b15f63e57960c5
5f89270a5fc845a
8bf9c4b5302bf14
546050dcfdf4028
58a60d07db04bcb
2d31bcadd59ff83
860f409936878d5
1cb7a334e25fb3f
1c528bfc893c0c8
7e4552619587334
0ee4ee28e5c4dd2
0605fb82b098ec0
305a1879c22649c
3641083097e1dfc
6669a89695099bd
8ff706a6768ce94
346e840547da3ec
82065e13177bf3b
2c590d54c815c0c
893c00ae88f1ce3
8d38df59ba6b974
846afb05bd66c8b
5c75aa71d586960
623c3c57eb64a11
0d76dfc2e3a80f7
112aa415b2b01f8
093c965163fbea2
335373913afee98
509173f3a95d053
877ed749b806556
4ddbec1bd519b1c
69a700082ec6a56
4a3b440ff1ad0da
04b0cbf92b2ce9d
4e9e731328caf98
19d9c5679157e92
4abf25da2b98ecc
8b2c3669c47f0ce
50acf791914901c
6e93ec10c585bac
1d2c55cd5d95139
426c204a9b17840
6b564dbb673cde5
8169b2a9e99607e
4086e31c4bd4013
0edfacbbd9cf5fa
5ac6d11d4712848
38fbee6e407971e
806983dee772e70
06e653ac1cf1022
5cb34b1de30fc6a
0f9ac11948c313a
59f2c562ff66d5c
63b8d01d41f9e7a
7cb98ba4c42d796
670ca84e3e9e254
407cf5034258522
7ea6a4d159e9d16
5c210f082794176
135e979b22bc832
0f7e2a4e9b21971
4db00718d199791
7311e2292dd259c
063e60cf083ab4e
5943ab7ac30c5d7
446b4f8f672db85
26f30a5363fc5a0
65e8b25a0ca28dd
2aad67cb2ca6135
66e3360877bda72
3638cebd99a8837
689df189ca770a6
658e61a757ac7ae
709f4169bc8bf14
03e470a98a9e1ab
5ff1a1b8c2885e0
3836c6afb63c1b4
175c098d672b5e7
0980085552109b1
8fb602530544f27
24e6e70008ef3d0
0d0123184c9748c
532ec2719658b83
487d3e04adffd53
7748bf894177a2f
34d9ac8f1cdf07c
53b1a51f920b172
6bd1671e986a537
506280de14e451a
2795822d9da0021
353f5f728f59826
43282362a111145
6798c523ea24110
39362dc7c9305fb
4b613bf7499a3b9
4423a16457f982c
38a766c8f555dba
621aea4a863cb65
59a7e39717e5eb7
73f4b8335fbba98
5aa2ff2ee8db319
1be229c62c2f476
7a0c4b614b053ed
4928d72292356d6
3208837b5fe1dc2
6cf33f0fad8c1c1
1c16280e74094c5
0237a1bb840eb7e
67e5da18cf86e17
63191f472936ea7
7c528eecb9497d3
803b445a059c926
7fb4f011ac6f8ce
0abbd6902c9bb9f
32cea4d8d128bab
2a44c5672624b83
4f894c6fdc7795f
3edf0a4a1deed44
4f358b1af2ed8a5
7b8c5255fda5642
3f7122c139aef5f
25455bb8ebb9d24
5dc7f4ba0ce1c4a
54eca3a5d6549b4
022d48965e86690
0e5395b9c5a945c
30fba78ec9acd1d
0811b0835bb5059
2136500026ec233
8ad1521d6c9aab1
84dba683c27bb0f
23b33f8a1b4e984
6aa3e5237166ca0
42e3b7d62894832
6d845d55f09a9e0
4a0cd2b4acc6c6d
315a27560958237
56f1052ffb16127
866922f37746260
3d33bd1de114015
0e7df0cd382db78
69b0cca0ab0b4d0
63398deb98babfa
2a9f7c925fedee8
26204d11b220c12
6642871bbe92526
0f43b2660c018d8
0b2f7839d75e712
248b962a3c57abb
16a1a359b1acd77
80de9ce5ee62d6d
435c62a47c37f05
0ed8607863c6948
5c55eae9a6018bd
0b0dccbd61f321a
76c39e90f3386a7
537cd83a9581ac7
5bcf8aeaf522e63
3fff7b3d5f5ef48
255d338e9e6fa3c
55eb8db5e4a4476
681bdf9e2db0aa3
807fadf9aabe13d
3ab99002057d8b0
56683c78d697b3a
0991672933fde5f
04dc46401514f4e
627cf044549dd7a
4b3d6eb87b79435
13eb25f2e3856d4
55a10e01e07f052
0fbbce406d51981
2e1c027bab84ff2
8f4ccd260f4adc1
12d0b8ca87c2eb1
0f33f4979590b8d
761218df51d7374
8b3d001f38fca41
09303bdcd06eed4
7b41c15aec346c9
6a38d46b13b3b1a
63293b636a75efd
77bbb50c6a191c2
306321310ab517f
3ca04182ab33515
8a4f7480cca14b2
2ae9e92aa9a3e00
46a0af3b126d3b3
0a977eed664ea23
7a27e392308caae
5f8f568bc35b8a9
06121c5d51752ad
4357f033cb7d0fc
103e85c57bb27ed
34f9599aa0794cc
111772cc80c83b1
0e7b7d98414e7f8
1971b175399eb32
635e04909f9d0ed
0ed982e4fa051b9
219e63af8b74a61
78634be1d991deb
0be71be6c5a51d9
8a50033555157a9
506963a7fbdf490
8329657815686af
41ef7e570b885d3
44fb70fcf8a8fec
0b828073d97e894
49d276182426a4c
638c8b2d058ae4e
54991949697512d
3393096338ccd4a
36d6820aca79341
1460b319e1e83b8
6ada907c777eca4
74fdfe24c0af15b
47615512a478984
26c1c8119046091
12b09b0e27d8ad3
8d040d8d9f6f41c
83e064e66731b36
27d356cbe45c754
43542ca2291683d
3df19a41f50b7c0
464ba315efb29f7
5e42a4abaec325d
23b6a2fbf93780e
683fcd14429c9ee
2ae6ca299d469e3
5369ad435a984d1
02c23918de0161f
708799d0fb96f32
84186ca48d4cd94
8d2674e0abed10e
21cd5ac93f73cef
262046c45a44897
65cf7dff92b28db
795490536730372
7dab08bf4e8954b
33e338093997bf9
563f66a90a22916
4ef9fe0fa8446a5
39cdb940b8d5383
4c9cf40ec0d6eeb
1094610576e993a
32e79fc427376ac
8e058c380d6c27b
6dc004666cd2210
29c563967c0faee
4d99e286e767297
4871af11e0efb1c
3600c37da17e08e
81e8deae90fbe3e
0ebfe5c50d6e3c2
75b3d0290b97ee1
2031140c3d18ae3
60782a9c05a8d9b
6fcc44f3b142eef
5181106494172b9
29ab34894a2b2f4
568cf618aa6e00b
62af2715152bc24
36809a6276c89b5
6e0a0a4c1e1df81
3493708c9649567
6d819e1219532bb
8a129cc5feb8fdb
8f58d0be3d80964
26fac6a8f94ade3
845322670e7abac
507d2c20bc8ca70
35d67003434bc36
611af4bda6a1398
31222fc60d39e10
3c1ce7f7946f903
6a01b506ea69310
14f7c5b911002ff
893be2afe9a1b5e
20abc2a91618fc4
01bc24cf4dfa569
9033ca9eca676fc
3a29bd4c1f4038f
1e10fe531fc4a1b
6eb2775accc857c
6876f9364c6ef2b
20525aebb61dc0d
2bbb0b08f02de06
5bdb7e76d553bb2
38a1885e93dab8f
65a8e4be0247847
4e9a39f7f917733
90c90f2e6d65036
7a272a22bae4b2b
175bb5b5b3e1d0c
5e6425f68dc2d3d
46c2b115914de75
16a70ffc0374571
3df86dbabc2bdc8
6516f3bbd323f43
5877b54c6bc13e1
02ae387da93d48b
60c8f383724c795
1cb89ac00ddf444
03567a03ef24102
764925484d40ad1
8c58928cd98164c
5c759a934050ead
577037c7963d962
08f5631759a8b4f
8fdb20f3bf5ad13
1ce21b4d85661bf
2cf68a36e903a7e
7ac79af002cd401
3fb4606d3df7977
09fd273691b7aa3
3d41afa366eb212
6baed1e5102eac2
6075d4b0cc529b8
74848e06c4c00b2
79323027c5f942f
6de6028c9c64bc5
08e33cd1d1f71c9
453a7ffde6f595c
314cd718c19123d
4434ae86d755ad5
0a6e7700887eaa5
12511408078c2d1
0c0e23e5ae3e55c
426d6e3a8767bde
7af7a858be7a74d
823093ec25755bf
1f39f290ca4f3b5
6e732b3c69afedd
0cc412ca2433bb3
398a1df371cb2f5
4bb31e37368d68a
3121a42d0bd7438
5a3672c2e29b17a
20311d83c84a307
0dafac4d6d4743a
444fc8e4884e85d
3b66cc538727e43
0df43082e4f1603
4605106b48fa3c0
8a416a13dd8682c
1da5a5027934d08
228f2d1269dd6af
05280f7219ecc84
3dc2c697f5b698c
8b4b780e0955cfc
708cc2e13d2f9f5
65a799085450d28
008b8f2750eef90
629a2aa4160aceb
59aeb9c1c715365
81d78aad305a0f1
900135b3e339f20
2e57423d12ad87e
4535bdf0342da0c
7453ad521689dd3
6b82b23432b662e
89e7f6f5f537fab
8cd860a744048d8
229363535d147df
6962691e0d461d7
0f17f843f30f75e
50f545b765d1e9f
06790b05a6bd994
8ec6748193e421c
5dc21b21c61e41d
17e5613ede2c2ef
8d3c55686e77951
6f02f712e985dd8
48bad4b5eba88ac
0b633c0f3a3494e
7a073ea39c95bc0
5fc432b84294e83
78caa3e818b8ad9
09a6d80db4715d7
8bd7a8a7980ee8d
611c23fc37c6db0
14c9ceb688ac8c2
82131027c022a20
029effc132bc40d
36a7e21126692c0
109088b4c0cc15b
584d9ce9684130f
2bef8bc9e798a5b
5e93f69957ce31e
0edea5461d33c8c
69b56830cb56d36
1639acaabf358dd
38f5c80d49f1694
0c7d6750b723943
167e6f578e6a975
1aa830c9d699e12
81d2123788ea993
4e107576de0cf26
834d4aba8d08eaa
87cee6ffd640180
5f37c52f2a0ccde
207db1d97affd5b
13710a8ae6e0798
679a32d97d4ceb1
3b1e0a6d7f7983d
67c9b3e9fb16524
00c1b4b47b7dfbb
6d46c01334d0806
471bbbfdac2ea1d
72342050fd341ce
075659864d659b1
212f12e31e1d5a9
6c9d36ab24a3e9c
43589e6998b3ce3
83f7b4970650041
6bc11320833cb12
378f89bffe029de
483b43314d128a3
104581ea41c8b31
029b2f0ed2fe04e
1f87e931b9b6e5c
4dba5fc960d4499
2f7f176876ab16f
4814492ae2927ff
654fc3979358816
8ab12455324e092
46e331173caf2f2
40719be170e5647
8649b6d3b7e3077
52c5f130e503692
8d9545b5d01a827
236173316b965a5
477446094242d9c
2b39f4d57fe605f
1bdc0ee103a8d7e
1bea900b153a67f
2956b9384517780
3f892c889c2d986
66871efc4863eea
152c057559e1a5f
603782ced7b978f
007353882e4b0e5
8d1bf73255a7ea3
83428ec77f985b5
05bdb217b4ae23b
7b388129600d2a7
21ed07b00ba9e1e
273244963e937ba
315ace853fb1b7a
4f63a797312caa8
7520a7faeebd4b7
538d7e5c3aaedb8
4f34ba437f8f8c0
6f93691b1f86295
86b7c87c77c7a79
12927ef2fd246a9
8c83cec5755d33a
3fb05083c95c7d6
281e778715ab0de
4c10a793bc58e67
4fb6d117003cb6a
08797502d88e158
1aa14bf030e7c19
21fe67888430e54
2a501ad67c5b667
3f8568f5b392dd6
73f5c08e8cb5bc8
51416b88e1fe8c5
2af172b0e09664c
591bb6f97284d4d
11635318653f26c
4b4b571795c0020
7076c628e0d6c45
4aa0678ae9c889b
282364ab5721564
3893851d0bde8ef
54a5a014cd42cf6
2f34061165dd53f
092869f75412f2b
4501e7bdfbd5e37
67fc5dff0ad08f7
035dec3eeed6ab1
57fd6180978efac
61280e1a5ce6489
6378e00af7a51ba
76ed68c20a70294
1d4628fa4be097f
1972aa66e7b80ef
75f72bc0003309e
077c97d5ac50e38
28c66529dfe7cc0
141c1b9aa5d1c8f
2a9835a5c54ac55
0eedebda191048e
0358db3a4df7c48
6efe1e537e9bd1a
612302054f2b9eb
89e302384634732
4fd87c5ff04faaf
2e64ac38b91ccb7
406edf29db10106
16f6079e332b9d7
6535e501619a957
6d0540b4e53532d
514bdcc16a9ae97
1c64b1714c1d6b1
0a08ba75fe11115
3a58a0aee6547f6
1038c9077c95396
5555612f7939df8
2f12bc73f78fdc7
392e6fa0e063034
0e55f9a239516ab
5afa5ba9c2ad6aa
45dc7787d3bebdd
765a97ed27f0747
639920126950e5c
8afb216a307b130
84bac0120b15b27
7ac49be6fce0b55
4c3bf9d7c2b7ea0
16c4d2f3ce49a1d
7dba670fe9367d4
6bae6ce4507e194
24f1544d98279f9
89811e4afb7f1e6
7f71dfbd7a64e15
64dde3c4da842ab
21b352d606f1932
6321ba456b584bb
638af39cdb6471a
4ed889fd6c93a1e
2b66b88e2d4dace
0b3f622abf7e82f
596eb484749202f
4af9793e27a7904
2a04ad3516b5018
1b465ab4d194733
6561265d7f596d0
06c2bf98b6c96bd
67b47e2c0d5ee00
11cde54b26aec9c
8e7efdadbf5b9c4
8bc110d171eaf29
33581ff5f26249c
7892bf1e94279a6
805bf4ef1494c74
06081dfc2c84313
849fd5186b33124
7987921281207ab
4415921d212f6f1
589f3d502fb40be
5919d6eb0f31ff4
178a309c5abf7a3
152af595fb0b423
6318a1a01a21973
07c190cf8b80101
5178748a9dc304a
63c4cbe4214a8d0
452fc0cddcb3140
6bb78d5020c16f9
51ceb3ee2c6815c
46b6f72084b3781
36eb4bbb09b0e78
7e8f562319dee3a
0010e5a1c4b2abe
4d8e37d2601491d
596033631ab788f
5abb19960a5cebc
3be5c9232653010
83cbdd55a39c108
0bf52ca0990eea5
723ad77f90ffde0
7a999f3defbfc12
47612400138d25e
1fabb91a440fa54
86a54470676544b
8733f2b0e00ff24
6e50b94fb95f4b8
0bfd295aa288304
351d509c64074cd
860c0dbd73e9e6a
4d58b053997cbd7
70dc2ba911bfaa2
21bbe137d09a01f
21fc92defd60495
016c0171347a261
3c41dbaa73e6573
8077b4a284ff8cf
8272e16a994c08f
5ed08a0539b9283
2da6c267df77956
4f5763652493c5a
4123a4daba98fc7
3217523e83086f2
019a97b4ca1ecd2
32f227696467b79
22b2b43bbb1c3f8
060e36c3aa63aba
75e53ee22730cdf
66fa77ac96e9036
8e7bbb6a4359753
35683d30d1d7b39
6d1032cb6e37353
1d9d3cdc88f9f60
333226031fad323
3a1e30e4b8f0150
4885d08aa5cfe89
650fac4e675fd6d
2ece72dcf4b09c8
846185ed3109ef0
0d2fdbfd5a00ec3
540fef10b1a7282
36571afd2bd88fb
1ef08c5e9cde034
69dd5f38b6757d9
4c47156f4898e68
7844e2ea0ff391d
030ecd04de96740
8a218aeb7ca8a8c
8fa964614420985
8b9e52fb0b7bf14
334846185fc366b
6a623cea3ad28c1
117afcf0ffc1bc0
7c92950900a8f68
765ece7bd10476f
334a711da382704
7c8a36260768c0b
87dbd3a47a086b7
818dda91e8d7e4f
7cf41fed3c5030e
2638811232d5004
47e9d19fedd6240
87dc18b99e8610b
8f826e45c5b0b56
23990e84411e401
2c5989d56a2e394
062e5cecd4dd241
5d4c43ee0c5408d
5bcfe18da3921c2
33ab0d3eb59b6f6
62afc9c9fd220f0
434b5f362bffe11
442509c7309e89d
12e94bf421be9b3
43c9d09c91c03d8
120b209ab396a24
5b294428a3d32f7
8e345ef168169ae
58329a5d857fd42
7da8e6b6664b37f
7a7ab5bf4ea111e
29b2750411ddd94
24ca619665b64c8
769585a7196ff73
42ac1537e1ef885
040bc44a6ed76e2
8da5aa45258d3ad
3813416ccc4e518
2e739f696d646f1
3a140bd50659ab2
6ff27bde4d61a87
832c7109e6a1c6e
7d0489d958cd993
013e2ffd665f8ad
411c2714e5db0ac
337d14b53a37164
5ce966bba7a3193
8b70b203fd4be52
2a90b5f5c170234
0a195138fc10e80
45613425dd4e859
83989a6205398d1
4db854a2d6afee9
2bd4135aba1c01c
425ce759d4c9181
2fba3526e49b00c
0aeea4ef798f0f0
71bbbd53e252c05
36b65fd67376dd6
5daacdf8fa9a2de
70a972be9904cf4
6398d51983efc2e
8143d5e34997e6e
6cf951540ba242c
240ab707503dc66
32ec21ededbaafa
43646e45422cd46
1ea4c760abcf6b1
0a6820cb4395012
1839e377df85451
46e5501d87add77
36eb768cd42eb70
0cd63e1835cbcbe
5a076fb82a46d9c
60ec47eb14192d4
5ab5ddd89a6dd53
8153e1349375969
70f230903466337
4de2127bd1d5350
37a465d48001d74
7f781ed218639f1
7c00f23c27426df
7eed28c6448cea8
44841d31e1ad2d6
38fce4fe3f9d9a9
33699bfb03a6623
5bbfc786257b9cf
57c344191cf8852
40a86fbb2dbb0fe
1cec78e07037217
09f12c8099f6ef7
2d463bfbcc24854
6db66041a4c867c
66fc271282a1409
717f2ac58df0a21
4ff6f38d1002e55
8d56ea9bff2c922
2a119e166b575da
75acad46ba5449c
472fe56f92459b0
78178e417816b3d
71e9c9b63a9d3ab
68221fd43e2efd4
8997b426a2a7d76
266b2e7f9db6c34
3131f32722e45c0
5da50cdf30de799
89a38c852cb92c7
4c251fc361c0a89
667f56d81f88a30
0ec276b694b0268
4cfcfada9bf6fe0
66a6b0a59226149
7ac052dfc994372
6f927f133b5ac32
2779239d2456814
649e7b994e8f3cc
66ac656bd58c848
42d152a3f4bf42b
03c02f15e8e568f
66b685483168adc
21ce7b464a16589
113da375962b666
71f946f7d146668
8dab57d3ee540c6
53e21e86b9845aa
110b4e073570d76
5d7d7f2dc8c2179
9081f4522326855
6a47fc19e79dbc3
653295262b060bc
76a33f1027e5c99
46aa5f13c6e8037
4dd10e1fabfff57
6659142f77cb6bc
1e6ae4eb1e4eb1b
43418a532b43333
44f9efef7fe8b16
0e2568638a8474f
4cc8d41633f5e97
108fde0ca413629
53ab91fd03ae865
4b27095f07c38f0
1c47b01fff99e11
67a381ea5627700
852dfebdfc41cf2
8622daa1e016fc5
1a688d925b2741f
0c8a2f723ff62f4
5b1b03e59ee80f3
8d2d7886c60e799
8a1e256963de372
79666bb66a3ca7e
7350bb01522f9d0
67ec2e2b4db9792
8a0d069ec97cf36
4dabed5f72ca0f7
4288e5299c12f71
8b709a479f7a888
33cfacb3df32cd6
3215a3f10e2e612
33c01c7312eefea
8e2b07d2d2bee79
0b66e6dc769d634
22d128e28edf36f
3a21ef5c7783083
6c006ee9af7b02e
693681405145d65
6f4c537e52a67ef
5ac38fd9e603410
549a3f1020532ee
8a63aca073cb7d3
4f4341fecd1830b
2c045448bef28d0
10ad54405acdb68
6f59aca65d7e4cd
76f581ac5707406
1bbddc9ec63920e
7a221f837cce18b
7086cd7567e4cbb
18e8d4f3e04b785
719713695fc7e86
8175f809f7ef512
6136a7bece59bf0
52b38f77b00ed35
30c7a9e4b3407fb
2e6a6c0e68452d0
2aa379580ac1d67
07294d4973459fa
34cca7ac6079234
80e83b371dda295
2e6d8783435e9b7
4b971ef74851375
1dd4b8d2d1f43a6
53b004aaf3370f7
4f55adde5d7d403
158643195a6634d
1e86700cf04a77c
1bd978a61b7e70c
5d0ccbedddc2403
88023b53ca6dea2
0e1c098a42a6507
55a5a4e295bd748
2222c5d5c9f9478
5b2d1c866f9c1d4
793ce921d2aa014
1bd9d6a0c58857c
0712a882214b678
497d589e1800bc5
5d6a8d4e3f320f1
3445b273a75d289
4552f3b6bbd63b1
620b2f80c9652ab
341e2262f6d6155
55e6259ad66823e
60db407647a14d7
2f092a421163d44
088f6d5ae484817
060ee690f818193
61192a1958c2712
169a1867a72443a
5fbabcd2f1aae06
317c9502a3d9d0f
0779ad0dad55303
83b0d95fd4fa0a5
031b76e91e60c0b
4742f9aba0e02e6
0de33d35c6f04df
3af8e51c9931fde
2c8917e5ee90797
61d0d6f60a68719
57e78ca97017d33
5521754fd311de6
541a5826547a4e4
63d135b5714e323
25a2e230df85dfb
82cf2b9b2b6bac3
6fd6f3c09c05852
77fb7eb5464467c
485e41079668a03
30ce9a7064b6754
7c968ba64735ca6
0748c5e69b48d17
032bb4637f30057
66c2b0e982c0439
24417f1e2437291
8f755753d5b96fe
2725b4eeb3a291b
8a6e8d5c88ca4db
8c9d1715d067c3e
89432d2c3e2c6b4
537abc37f71da13
4194290773d12a8
01dabc31b20963d
5c3453e256d7a76
093a5e8493b4845
4daf934599c03d2
2512c9e8be4148c
1eb6c51e0360fe4
23a1fc54a525954
5cb68b2854b03bd
1b5d38385d5116b
163e81f216c9ba4
32a1201cb093731
75714c43d900e01
4e7fae0d27b0215
4eea2c215aaa4aa
05b399dbbd97683
5531786a89e69b5
5b6c90123dac1a2
4d79c78073add64
03b85cdf3aebbb8
14dd11c22a887e8
8ccff7e1b28b4d4
744965cfc48461b
777eba7fa7332eb
71b0d129b1e9022
5a46f80aa6dfb73
82c95c90ce19f2a
0c52612f415dd33
6e6f0eb7ac0e123
0f10acf0a0f6c1c
0bdc155ccbfb5a9
421c7a36bd92147
4a1ea56b34429c5
2fa5bc6f0016dfb
308b4001b2fba1e
4d93c971954b308
889bd1c5632c186
2a796ec5620db4f
2e4d2a1bee100be
3afda2f6c7747cb
2743ef70bec1e5e
67e7fe239168bc4
1e2bff593c0beeb
6636ad02795bfc8
3d7d1c0bde5d361
1c38e99ea31a380
5bc8362516b9aff
8718996cec3e2f9
75bb66b6ff86588
7e26781d1456fc5
549b90fb7d2c8c8
5ce1b9bce211f93
716c3bb058ab7ee
1af52a144b0f794
153a99325ff5885
0c673f52968f840
1fe25c1710b09f5
1bfaa5a38526a6c
59752636ae33a67
4edfb5859c0a8dd
8259854f67da8c8
4f8707110ee2d15
2cfb610ed9ec8be
68da9dfb1ecdfe1
6073c378f656951
6627baf3cb93305
6fcb28a07c4aee4
65c7797b3cca967
4e3021dc8c1d222
87a2e17bb80703c
2d34206f9023f44
7a1f1aa528dd4ef
1b24f4ddaabd60c
5a5442c7a1dd185
73fb89d07320f1a
75bb2817194bb01
8b6c895fc4c4c53
7644905d16922ec
7aee6bcbb8f377c
797b62ead9ddc21
56b03ede4b9ae70
32caff5ad2860da
1283ee21c042ae2
08bf0b048ba654e
7bdc279dcc88734
553dbb75063e337
7ccd8b76de3bf6c
4efd54d8b206bc5
30503df24ed9aea
4169b8e98291bda
3a133417148d5f5
2df557dbc065ec6
1ee54662c27d9e7
44f89e250c807a9
59314f3d94f3841
6f23fb7487e01ae
49ae0c38bed13cd
04fec56d7200fe4
6a7bcb780df4530
05f595b6cd3f2bb
4ecc42fd6558f46
19cd9bcfeb39d7e
3515b906780524f
39dd8b19b49bd0d
0ee08d105b434be
043f5f8f6c8220e
001a949cd86fd53
2786336459c8f02
1d39764e26c9266
29ebb4813c29f9a
641113218a029db
116590400acdd25
29887bae5681fa5
6c6804d73c2295d
153d6d594169315
1c9f91688623a1f
20f681b4e7befbf
2907e2f0a8d7be9
0b8b6cea1a1879f
0e39c86f91797ea
1ad759d3dca3845
7f70fe50b6dc6e8
19fb7d6e94b383d
1e41519b3de063e
6d52efd4daf2bfe
24eb2cd66d5f56d
07fb95cd854c597
63e7bb73139be12
77a7123481a90e5
0b79184869ffb48
708a47c5cf41a6b
19fd3a2adc81f75
19b4a01654bbe98
8e690a21caf5161
8dcd886853a522e
8afebbcf330f41f
4b08fc6dbc78e01
89141f6cadaec3d
8cd15de7603b29a
4528bd0009ebfb4
3c74e6aabc04a40
80dbcc9c2879b2a
0115d0676f5fef1
0213c7e3377c1f1
025c85eb3438430
42d4b4acc9cdf69
89cdbd9eb003dfe
4739629d18d4177
5b955e9f961410a
12c80e359f17f3f
36f50eb906351e4
35db68313d0356d
1cb85af8710ba3d
44551b87e596e49
4c148a11fd6caa8
61ede8476d5a44f
876764bd2e43412
574e1311a2aa392
45408c2479aa013
27f5c83f9c048d8
688e143bcc49aa1
24f46f3974d1e69
474301d194bf065
37246fbe0ff1e6b
5110bb34550153a
0fff020577bcc5a
1638f4a988dbda3
3924b922741607a
1f5c50bdc7f4a2c
78d598497b25b21
43e156771410aec
5086c5fdcc5c88d
46f2780728cb0e3
2e1d0b92e25248b
20fb95e0ff07c06
0386ef676e502bb
76deed30eadc6cb
6b49faeb53eb465
83842957cfbb3d7
0466a30ad9dfdfe
3ff9d6d3988169b
8783c9d2f66c017
66689fe114ad8aa
13f48f6cd8b858b
1dda8f3f26363ea
8289e4e61e064ab
2dc3dfa0fcc90db
4356b946368bae7
2c54fda174b36be
2af3024a0cecc91
13bbc95e85b6e3b
55e965e12c93ec9
8bea13b19a27f63
46e9435902ebedc
7febb3e55f95edf
607c7f1a9e7d6d8
2f9cfffb7c32a44
1b444f28d724f40
2440dee91d19881
72e48ebfda1ba50
7f404fdbd2dbfbe
39c9da8a49572f1
84711dafb860a86
2db27480305de9d
049a459ca5a8ba3
54066d69461328c
537931a126b3f15
220bc26d8a2353f
8c3c23db2770e49
42e780d678f7e70
116a606602cf441
0a7ce01bf15b9ea
1ba6186439745e1
4ceed2cb538d702
814ba7a08a2e646
2eb5c488888adc0
0a141f8f5ba7193
05b271dfe471658
6f4df0ac69217e8
5e9d8d1acacc7cb
3462dce95969616
144aae469d76830
5dda64f1f1ff973
5e14fe2338fdc60
6b53d3a4b683a39
05b5266cb9b92cd
54efc0a8fea6c6e
71207eecec9244a
3537c379d19de68
4ab91c6e9af3871
722ae7f5d4b14b8
5334863e74c51d7
146d9289d94b336
8928c12a4a144ef
8ba04f4a9ab0726
37feab6dd3c5e40
848d15ca8036904
301789a7a5f782a
04ca141fbead929
3a3e4ef5ead7e51
85a625d7f6eca2c
0b328ae55a4fb11
7881aae8f2a720a
87c7a338a47afa1
5602fa3bbdb1658
00d88825525f021
4aa287fbb95182f
4d11be9ca273f34
46dfc7dc8fcf9d8
673ae08b37504cb
098ff13bf81012f
1f9e4c6e678c3ef
81d860666f14ab3
1b821d9278c323e
18a07051161b1ff
68aa7ddc012a2be
5b0accef3796d11
127623ce9bc4648
8f29aa458122591
43c796aadc3d808
0fe2a64eba66439
276cc4509e3269a
7fe27494dbcd731
4ace9fcf48c8915
0fe189172736d64
1272ac725a4c75e
3597d591068ef33
013bbf3dc17e761
875d9937bc5ffb5
661f68e35a96cd1
031aba4d2b7f735
15fac4d78e705c9
12dc9c8e03baf62
46e4303eca1c7c0
21ee760217b4951
638dc81c3f7cede
5a06aae4c961965
637cf7cc58e8f95
517d5f01bf8a379
4116a68bfc53715
655f26082d8ef3f
0e123ca85209362
4e74a64ca4c60a9
3d6a3c3dffc4680
5ed36dc4b63802e
2a2783811d52cb8
5882ecc03d55af3
16427d51b9fcb45
5cb6a12a432c7b0
30f09a7ab65fa39
3f2f47b230e7efc
8a9df8829fa07ae
1715ba23e87b2d4
494b58c3785dbcb
7369b541558a9f5
4792a73497b384a
52801ffadf56f4e
7b1f0dd59f25017
0868cab71afb0e1
858fa53f27a2424
2b26c813528c100
5669318756ad480
7ca8502991187c9
7c7a8a6432851df
881e9ed1c6786da
6dbd59b422e6cae
8f212c250baf783
80a6370c026c1be
096e6e0a89efeac
340cf4a846a7ef8
251dc8f136f5c86
3af20e4cbc825f7
596bfa0b881b01e
2d8041d33ecd789
87793741448e1ba
25563168d6fdb95
8e4be6ce96acb03
19f5c49304ba7c6
8b7f38a3aa906ce
32b04bc28b12906
705a55db640a57e
5a3edb1277210cf
30763477d6ecc99
191c8c191aa1f27
86bed7aaaecc412
8bdf3fb83be46dd
2e35fc63757f226
224c83f2d6d392c
38a22f53f0fce9f
90a0df1828dd381
61154e24edafb13
6cff7daf4e93f64
0e0315d08d11e9d
3881418799c1106
3dd02d3c578c202
678ca8c972c08dc
63346339667ce32
0f2bf3acd910c59
1945315b66ab50d
31ef65f569beb56
8be92089cba4364
761a3593fcd08e7
4cfe32f932a09d9
408941eb9ad10ca
15ef14f1c8a677d
5a760ae30e1ac49
6c4a0bc2a6ae5ee
7b0c471508e80e5
5b688a1c4553854
482527ddcec2845
61ef84bfd4a0d04
54baef66ed9c1ba
4b42cc44b288f16
56e8b65897d9244
268ea1df46bfaa2
474a1708429ebfc
2f19c41a3c5a4b7
758b4db0f7c9233
6548afa1c3ab2b3
71a378189a5d2e0
845f4694b360412
0f2cf193a9c79f8
21a62cb9a66c9fc
1d952b4b7ad1154
1d0339c60e4483e
3aff041f73c0b7e
168056aa05faab2
3de099dec07c743
4610e420ccb0ad2
4008d64e7e8371e
461eb902f2b6238
51a917cff1d227c
7dc8be17e2e35e8
752a4a630ea6f67
2db7453d23dd0bf
34774faa96dc300
7f30c9d321061ed
674c0bee89913d6
174d83c9bc7ff08
4d08e4ac993d541
58ac085ee923436
24754c89d312dd5
88087f650ed8263
671115c5200ac47
7ff11aece3c3027
6f85c968cc21fcf
6b0ba28172020f3
3204804699c1882
0eafb8bd856ad02
33990d0032fda6d
1e0613acb51d5c9
89705cd58de519d
51506aa64c77bf5
5c712e979b35215
5ad02d10f98181a
0ab7fab60140af9
70ee5f327a9862e
1fa480814a30c1d
4896c583cec9413
0ac3a28d4043caa
4d553b2fd3f497d
7012d1265cb60f5
4e4c2568f3776e7
2ea8cfffb994f21
89b8765e28f635f
462fec936062a45
15515656d4f7898
51ff022b607d0b0
8d42e30b4c14331
5a93e48ba5b1dd9
2f881ea0183592c
588f686ab7e83f5
0dbd42b92574a37
532111581a30adc
0b8f39dec7f0c81
487b3a14296135f
16b9f5388e22d73
7d6fbc02d5ddd80
1f944d1f0a3b76e
8061f8acc58690a
45b159499ff6cf8
0e87dbbeb33791e
1e50ccd756a4141
0b754fcf0f75c40
2eba7a786987d01
64b4903e5458d69
7a64378230037a6
606731f338df723
15a6228bcf9cb03
50141fb66697e6a
6412b915caea59a
6988b106d9f3c6c
15014e9fd39955d
3f41475bbe36b92
800b6c8c4e86556
4dd14b4a9afe799
2986e81c9cd4418
644d4fcadbf5654
8e2fb35a062ae4c
4d5e8b4ea2276d0
1267712cf987fed
47cecfd24ac6c9b
3832404067c8acb
1854489ada3b3a1
3e449c9170133c7
61ae71cdaf52c1d
4394c932bcd1992
8696cd6d0bde99e
1b2e9cd53aac184
310f7fca5bbd79b
7c6106bed105cdb
57a3e0a49283e55
147e88233b4a357
2e5f8b1c114ac4c
77d6eb40daa3378
1e0a3fc8ba1fde6
6fb7b77a904b59f
076544262b52887
0f64b6fa170274b
56bb1dce8e78b31
770c689e7f4812a
2424028fd7592c6
2eade0f85d804b3
5d2940b6951c4c3
2ccd053504dd03c
3db5b054f21e896
30791bd18bdb2cb
6b0e4de9833d2d1
69395645b8e3ce4
6dea58291de08fa
7afe0b4f96beda3
5e835c4a66b5185
0d65c315391c065
4422d3306da7937
21c82369ed41dc8
355b2c7fabd403c
6ff1459ab170ac4
0811ce2643a1d4b
38362cdfb2955f2
307e41cb9b869a1
547e1bb6dc09f5f
2dc389c6d78f9b1
3edcd1d49705c78
180a71cd2501ed0
1e4706719fb46ba
57a81709469f7ea
25b226a8959d415
07c172624a68124
52297c28cebb7e0
1436db9e23d4f0c
18f36f7f9ebabd7
7d6667d323b8a2c
129c96719b291cc
447c9dbe463b3d9
156b60dcebc2009
30390f9d9e35be9
6e4fbda25e9cb6b
1518225b23e250a
77db5389992f013
1fab676efdaad6f
3ee105ddeeaf154
21af57ac93a6b8a
67f2b0509ea5c39
6181a69a182d5e7
8c3c9db2f483284
697c243a3c55d91
3cf5ce6d55df097
6d657e0ff4fcb1e
6981873ecaa0ef0
44c9e9bce1a7ce2
3e8051a18f24ba8
2eceb14d808feae
095744662f5bcd1
801fde048f9d65b
420894a5ec285b0
85b603f7e46a24d
261e297d88b2f94
6af2f09dfaa9907
3fbdc7855f49e2d
6d9f2e28117dd89
846eec601c69eee
45757503a98004d
3308f089e6d7583
87e4266bb198893
73722aa91eef212
5e90af0d65289e9
086ca737ef9dc41
488f3ccc774f58a
6b470be82b83741
02b1c09e44337b9
48e08a6b88ed41f
11b4e90fb735ad7
00dbbf4a98b3f0f
6f3b1ccacb845d2
5bd62475993ba6a
5d2696a686dc33f
020d571e2f0c872
7dcde85a7fde19e
6edaf37b13b3d29
73d1696766d7df7
7229e9036a06640
4840f70fc842f3c
6b210832fb5c59f
0d4c0e11ff15b14
80b3f5f252ae17f
50854739554c440
844093dfd925cf9
4e32a5d85fc4121
45fc864b3a45b78
5c4f69440717d32
30c08926821fc6f
736e8c65e682497
31dc0c53ad551ba
187ae90d71411c6
06d40a40ef0ae5a
77bc76366590572
2eeec08ae089840
817f4a34b68a2d0
0381f4ac3518b7b
889f78c0b2eceb8
0a31a28085cc5d3
5d2992a23038957
1fe013ea9572cba
3062a204b357b5d
0a92e7e94017567
833f3d99e53fe4b
392cbb7d7a8f1cd
82763ba0bb1e004
0ccf73413ffa38b
0b0383a76fbe226
83f0543a709bb4e
73d3994c261439e
2a7b53c81d288a5
380fd1ccb0e2266
6a22161d45e5cc9
31f84fd3d4dba9e
4b3f961a62d320c
53a256b13764161
6991ea0350202c1
133bd647999a904
80733553f8e2377
6216155cd3e121d
79596fcd90e3573
544021693edd454
2ab8c86ca1e7784
52793014816154e
4402a9c8b5cd94d
0b991cfd01f9739
39548b96ebd19dd
8a0403c505630d2
28388b473c0c7e9
03ce9a1af768766
3e6ef140894b102
05a34fea532aee1
5b2f25b6b4d00bd
6885732c70416a7
53dd4ab81cc679a
4b47a1d2612ad0c
8383be2585507f4
366820ddda28a53
1b7ac3d68a13d2d
5866a579b1f512e
522522689d6085f
7dfcb7877f25331
2541154cabf4c9a
2eba3bd38113410
1b1d7b1d822e39c
1048caf1603a136
1012a565872e8bb
45462d01a9c0dff
2e3ecb7000ab496
3a86174bb316903
1caa75be96060e9
2003e8bd8a22ca3
85088d3d42a858e
899a1e467e43999
776be9aafea4931
2a5fbdd62c01885
809a16b2da7e430
1f0f568091611e1
77e501441b038c6
43d7823662a4c96
140f0a9318d1645
34ad8a5770d0762
316c97fef18ec34
5b9a737c0c84463
0cd1595544c0fce
1f9543f332a44bb
8e8e63ae1476d35
3f660608d881137
5088bf9a0431d25
42e098938faa50e
046444c9dfb17ca
8425f1cb5ff1af5
36e174f4d23d9b9
6aceff6f0996aee
3b0d4b6209fa38d
90701e882ef3881
375fdbecbd7ca1a
6d76ed7983b4c81
7dfaf91afca3010
51ffc67401b0b14
3ccbc8ba1477807
7f3990748a4fac0
8145fddec825c0a
07a793844a0bd27
45cf1837651b372
6f44b10392d48f7
8f345b0819b387c
8a581394971273f
47f759b02b078c2
03324cdf7b25a4b
2a1cab5977f1fb1
31bc718accd1009
450855253508b35
20ec969f3b0ee72
314529d29e72a42
44e08851618e5a2
904d2314a832f05
2ed7f53cf0e99f2
602a6dd51ae2182
07883c48c0d92b7
47469326acd98ff
4e197d2ede3bb58
34268c1ebada059
8692e73f51dfe96
8dfb1dfb9f19757
5ba06ef53e29931
4607cff2c2fd1a5
01f0e1f4024a759
426dc3528fb4ea8
11ef0e356d40064
33c6ffec70004cf
68db935fee529c6
28026cecf63ae34
7d69952ee420cd8
7639ef0beb81617
80991019bc70143
2ab6a3df2c4e02d
2cc4103f64ca3fc
4dfd19695e19ce3
63a19000c6da1ab
3fa5b3fb96482f6
05b64ccf606bb78
217d9602a9923f8
26d188a9cbe0411
186b5739ff75172
2b1a52c69e241f4
0f18f2bb4bdcae4
48d69ebdc3963c3
8a009f59cba0154
33aac502ae596a2
48eea0fce0c70b0
65f56aee837892c
67816a847ef5eb1
372e1595ac831c5
05ba608cbf36df3
79215ca3619b47b
3540feb7b136b1e
33c20c401bc9009
627dd03fa6ea580
3ea1453a455cc40
1d456c395489ac6
679a7cdf15abf14
7db9fc2a204b5f4
4bbac20afe8a5fb
7e8c30779c159d4
029108b6c6d0fc1
906b9fbfc4e2985
7b27d5d0a1fbbb2
08985670e7af772
43b161150ae98f4
3e75f848ab2cd14
78af4f7969126d1
2bdf553ec4561c4
2d285abdb4e46bf
3f2b4990b6c685c
651afbc398a98b4
6138fa1038d5c71
4d4005fcc590648
8737267c8a77831
41ae8bca66c45ba
7a2e8c32080e90d
5e644e903d35b8a
4215a6191f61b4a
2390327f8c9c15a
7af45dd795d6f1a
6e6d6cd14de415f
38e826310590fb3
8bba6b4c29ab895
24857be252924dd
244e20f8558053f
0e9a76cdb1f675b
11ca8a1138b8720
84409cf9f4433cf
2c12d6b9836f71c
642fd155cec2afc
26009777746761a
16da6c57f9e59c5
2610c745abfa1af
5a581f55ef12405
7b9f138307d52d9
8a5074a21b19c4b
42675f4b8e16399
221a0ce82b4c97e
11b2680c8cd98f0
878191e0fae1b34
254ea3be9639ee1
75a6fcbd3c68b16
1bb259b92f2eb41
20053aa515e58bc
72b07f657b6b67b
7f9f24fd087b952
7a276c51dd0d67a
399b231dd1dee3d
61b852f8375cf60
27a6f77e8af69c5
80dd0c79cdd08d4
794233a1ce57145
63ad0e50d778df6
901820685c04000
06262f11cd7cc6b
1f2b9869da32513
58560bde2e19b11
3365f5da0b32ea1
403e964846a462b
090abdef8715ccb
857b31e4d6f1a25
35bc76b57187160
5647a940a0db683
1553e2fdaae584a
7ba796cf29c0bbd
2021a176df3e616
034ecb37edd2df6
0a258f76c58dbc5
1a1d68b0a072379
67b23c16cf5890e
4c63ad135ecf3a6
7d48d710a13405d
531d13109475ded
3d2a9d08c5dfeac
77fcdce28f08b34
7ea6a401aba92fa
491869856408821
16f98623109823d
496bd85f3e2d1a9
7f137132ce28f45
53b1b93c295d618
25fe7d6de2ade9f
5521a06cbfc26a4
70b2b10645b4d38
0ba0979fd2cc0b4
7400e4943cf3b00
8b3d7bce1eb904e
69582017cfefe6d
31cb92dde5dba55
597d7f71075e63d
5ce7cd32a8ec52a
438999b6046d13c
4926722aa4ffda5
49d2643a3dc2cd4
889f35e69e0547a
879329fcb19c83f
18156cf02d40341
15447d7fdf18360
8d9cd0b369e3d60
154c17a66017d1b
6fd6c969abb85ad
2050985cfa1b75f
23bb708e3dfa54b
64b909f9916f44d
85a66ef92d47a90
655250bd8c9e23a
3ac1943a6af4eb6
2954ef5881a572e
2aeb5d8747ea2b8
52ad68ef7b7e410
2765f31b87fd2f9
1cd29dc779aaf00
1d72e0d14d033e7
0b447225898d46c
7367122c6017019
5c8aebb5833d168
591bb008530b086
0d92f395d1d0e55
6ae3929bab02f4d
11108899c601ccb
520f1022cdfeaa6
25931f707553ef5
7ce4800e0eebdd3
7c77540de2e0efc
42f2f8670be8525
2a3d3186c782f6c
357d3e0ac530302
33e353fd4ac32e1
3c3653964a1c24a
6c8ea5b2272c4a6
0e7aee4ec5c171b
64b9ccdd243e3ef
8943b839bd3f046
4b2fc10e7832517
220bdfdeac4b4ad
005d3b59d7ba2fc
539ac396b842524
21fb155aeff660a
207e6903b0e2b73
5a7e12c9c0f07ca
772b59fc52a2c9c
0f9f90f0625bc2f
36a912f53e7f3d3
6ede0dfb9128d7c
69e8dcae8059ea6
13cd196f062f780
6f679abf1d79f08
6dbc76c04f1d850
44cd718760c5260
85ef6b3e79fd6a6
40e733a7ed0780b
882784919ccc6b2
032f0e0571beefc
8723d9cfeb52d7d
55e5dc15b581c3a
53b77b21f6235aa
45e2a58dcec93cf
1be0769a79c268f
0e64664e61d71fa
6c7be7f199d18d1
6879997357b21eb
4ce8865a3b22692
348d7be8313f17e
358f7871b9ba323
793707af467caaf
08a1bacc60bb345
1b19367f9e4063f
00d3472b46df879
3e02fa6c01a2dee
72f23b67b30ded5
5cbd8cb4fca4f1d
5548d4a9a637471
1ef0a94190e7ff8
3aa82b1687be78b
3424940d93701de
33129e99b8516d4
814828aee0b694c
26bfea18c1ea459
608e5d145ed21f2
5dd735fb5601621
8ddbb833ba889f4
20e5f21cf9f79b4
1f5ff0bb170e647
544f3726d57b4b3
36942f85962a228
714a62fc81e1f84
3477716d459ed6c
59b9937c1d8661c
0fbb3892fd8212f
41602d57aee1bb2
09c8d04dcfef6d1
792e67cadc8de57
3861b9bd79eff87
0bec8b5a6e137e0
8351941b17e6bc0
208570239f6db19
1461b7e945681e6
8782ff137eeb3ed
4d0be4c2bec3cf8
5ef80e00167b51b
6902360ecbdb1a0
0aa09064e138c21
7ea87650256b7e6
4a358f6cb6c00ec
823ad528b29e79c
63c2776e75f8468
618228435c617d2
45fca0a45d4f014
8555e28de6f5a38
42f88b4f4d12156
6f5bb551e7d74a7
2ad66cc360232ee
8959444ebd9e0b6
4b4a70683f5aaf7
30d6ef6cfa4eac4
3372b9f4fa05b86
7015ddce0408459
1a5933f0fa1f113
791a19e505a95ac
18ca9a2e06d6dd0
4515e15b515dae7
8bf93adae9475bd
6913b4e32783f44
173b2c33acfc388
7dccdb51968c58b
132b341f985f14d
5270aa075edfdcc
718d3654ca04558
393f5f82e36bc59
8c126db590d8ec8
2045fd1399ee8d6
8a7bda0d6f96ab3
7bd0ec1b71c49a1
5196590a996b348
4e598ce4316921c
42c6e55353d9619
8d4151c9b99cc36
3f9a1fa861bf9a6
16c710f9abf95ca
31434573b9c640d
280556d49b556b6
834ca76b6edcef6
10181eba0d77ec0
36ca295eadb206b
64af4f93cecf1cb
8e2d0abf5c328fa
375060e352b72bf
60c8327d140a868
4ffa8138f10db12
3b9866a668e6788
07a7552d5b73f0b
4b8cd84a7965a3a
1bd176aa479b5f5
023dec84e444149
7a8373a35334a8e
62485f8a7ebdc9a
67acb5bc6ec0cf8
3a8de931aaaf67c
7c0fc36c9c0a0bd
6445ca447a4bc8f
84a2b4fa5168492
07439f55533ab89
19ca28dd318be66
555423909e5b638
50b5d71e25fca6e
4a1619b3227c924
691407266f2aa03
665069ac26d98ea
0038d618d72d06c
6ba66862820236b
167e7c7411af0e6
49481eaed680625
74acdcf009e5737
7cb6fbe98513d5e
40403c12835c204
6fcb7d5686719d6
5c26bcd6352ff4d
3e1b3b85bdb1ae9
599c4282dc8fdd0
1d8415626897c95
3bd866772504413
4c3e5cef8e2a303
60720fbefa4e627
14c443423eda7ba
45d4719e7433bc0
134a22451b71149
33590364091fdc9
67412b134f16d77
5a6844b33664d80
6568923f43ca8a8
038d5a6e4025805
82f91da074574c3
4f2f25e7b2485c5
7ef52f3ab2e05fe
0ff3204958bdece
13b0392cc01ebdf
0bf8b54c6fba4b5
1c2614761bb23a2
653d444d5ea1294
4ae7640d644ea8d
550fb46f78a7fed
63b7507b913012c
370aed066b4861d
4c776c396116619
1dfedcc24665d82
60fb89c044e58c0
3d1d0b6f4ec67e8
2b454c9b38fa3ea
151af4d66a29daa
05ad3746132494a
57b2f60cb72c071
710761ea480c0f8
27f491a8ef5b8ea
5f8387e45d5a737
46369c4a4b5793a
74d9e0b4b6bca02
62919ce629e07d6
103511a62af6536
24228a2e72fc5d6
3b0736c174fd974
2bf845cce0713cb
43cda00082f12d6
08b10b835dfd857
524d525d9e36fed
67d8f5940e86865
5875cb0622eba52
582dc3ba8c12bea
201623fd186c1c3
01a269c5dd38ed9
325a076f2d3bcd3
6928ce4528a3839
104fbe744e3d976
3e97ae2b7b5377d
63891f6b00b9f86
5f0610a1ed0e17e
07bc7e37ad8d1b3
67feb3f5d5da16b
6aec47001639754
68105caccb592c5
8d784f72143dfe9
2072e6d7f41082e
844b0effb8658cd
42e8063ad738d4f
30803d8672a473e
4ee499f7459601c
11a1866d7b051ea
662ca54ca7e50db
38cbe01b2df2317
5a90d9749b7f581
899aac618ef1479
213a8b349401552
3372e1d39c37dca
4bce47c152651c9
572dc6d29017f0b
34370496d2048f1
2e25bd331a88509
323c4aa038357f4
25e65eb40cfc6b6
41c5e37df5c2218
76a5f38015c2877
5ab66b163d83056
567d275acee4880
34eedea006a2cdd
40e39a86c1a05f4
3fe9ba5905431ed
4b0e1c550787607
4195bee498afb69
2ac30dd7b66f8e8
7346a481d9db338
3a9c5c4a403027b
50e302ad11bf124
57cc9c3e5411ebd
7774cc312c215ca
50be2d2ca8add78
277024769aa5c3a
018969ba15778f9
554ffaa6dff0ab8
455dbf2fe6eb4d2
7266d12a9b5d06b
3b96184dc23c670
674f69448a5eab7
428596c5e1af2ad
738946e6eb430e3
72d5a4b07c17640
5b995726b85887e
60cc2a9d04db6ef
86162323db8496d
13d05e6888a784c
7c429ff41084dfa
6291c8afd8f50bf
43eb8ce33f9d521
5a3dc7335f3d929
0aea11ae7acbdd0
45baeb7267c1fe6
5d17380d3ac0a87
1b96b1c814d8511
523c63af057983a
49739dd9d37bd11
2e7843eca79c5b5
88f855d9c6f3577
1f421029dca5d3f
2adbe8321872b19
3959318493eb856
33f025984d23d75
1cf1f8ac7096a14
8a3430c13fb2c52
42f7283b0a2a090
60077466a6cb2d4
20c4b1b604c9939
26aa5e7d2c182ef
0ea60d358ceb046
518170ecf4d3e28
04a19e4f2f33db4
8029fca6304e0b1
53b157fd83dece6
5b0f6db80c1719c
1b8bee885693f6e
5159b63bf644cf2
201f6362bfa5726
290f2f2675258ea
533cc34bd426011
021307148e3e350
1d2f37532eee8b7
2e7728ef05bec39
30ece27ccd06277
15119dd3ad61a68
15b23a6729e7b13
88684f8acf5fdb4
45de057f53be733
22c30b154bea7ea
81f823ef869a0d0
6bf6d311fedbf45
4d20e9010e849bf
1e3a5d25b0e8d5e
79dd96dcda195c8
77a0434da2c15de
418edc6f604a70f
720a5de46da02ec
5afcd0c74cad4b0
1d1e61d2b28378a
2fa6db0f2388b10
5a1de2fe452ff2d
4b8b41ef0afa07d
85f0e3719d4d083
014ec43637a2241
270e8204aef40a5
09057cef3c9a545
7167db3ce7661e7
4ac14ace35a356a
3db9fd4483693c2
7530b617cef5eee
8f122290266234d
3fc9b68095cc993
62a65cf1b208f80
669426b2d11dc7b
72feb971b4c5842
81e7318ac03cc52
3596e626a32dbcd
7970d56923af507
0887d367a36cefa
46c582b9a5abdf9
8b1eb85d312683b
2595ec990f4b41a
35a3cfd39ee21f3
16e21c0a7cb2837
2f3434807605b47
48bb439f58b5ef6
2ae34bd26094d6d
6dfe868ae9430f1
3cc4d97aaa977b6
47fb0989e7e3416
544a2587a322822
46741e18857ae59
3b902eeb5615e6d
6e713ea3e2facc6
44b054ea1923c15
1227cb82f246ce5
2bd34e69193b992
144bc0fbffb8939
27bfe177314560d
013cb7e35133291
23f46be98e71726
6dedac636c8c8db
08af8b4639c8e52
318da66dfe8d68c
64795a79d6c7c13
43e7d6553c24a93
36be5c674840e69
441c8476f7c013c
7e5b5552375e95b
7f8e0083414b171
5cc525e35cfc9e6
594323205aea417
01d4013a4a4eddb
0e784be7e9ef45f
6f2e05d358a636a
7437c0aedb50a69
61cf31f890eff17
0f4c4d385600d19
67e1f4ddcf8e2c3
887da7902f761b3
35ecb3fd3c75e39
2b4dcff0f77b684
328bc11b2a3169e
45a8e2b83d25c2c
8f44ddb299f02a0
64d22a31a5fc9a9
4d55cbfd0464639
0aedf8ace69aaa0
63761a3b50463d9
67c3d6dd8ed5818
2b19cf5bbeedd14
5744dd14b7a1270
41201a945ac5c33
2dc1f7e4b36c6be
7e961a65ee19aa5
0cea88067ae8411
1981101f6b4d587
6001286efb338d1
5d46f8cbc75d536
009cc364736776e
73593c071254467
6e0aff121e1c585
765094b1132a640
4885bdf760f42e1
86666c9cf80030e
4c0752d3ffae7eb
5e635c821f8b215
8fa1003c9824ae5
22e40fe8498f8b3
3a8ddc6a1b332e5
532cd8c8f080464
5a37c55487d9d2a
005fb7a2895011e
3071ce758ec031b
863230f0102949f
354e4dd9e7e19a9
8d5f14c486e2b6e
878c93b61f2ff4b
832dd60400d7773
03e751bb9a5043c
57e4f2c19c255e7
90884c4a396996f
343dafd4bab7771
727c2d151e0e25b
276d3575c6d35f8
30e0a4d2b374c5d
867756f55027891
505a6933acfe918
77084407af91587
4f8d0608260fe96
554631c7d6f0323
84db69cac3cbe7e
4b2e5e2252fe422
09165eb38f4d6aa
11bdd279ff6c5d7
49b37c9d4100a0d
452f1447f73e838
4f32a278c2e3979
13cd195db994af1
7cd19fb33701c16
3049ea93362bb58
3a31a6c27a42294
1b323f122f0f2b6
57f8ca6d49b876e
08927b8525433ab
6963affc76b8f32
1274b0faaf14a34
754221856e43101
70e7baa5ab5b475
4396a0446327c24
77693e590af9288
3d39c153eec6ed8
0309f4763cf2f6e
7823cf01c3634de
12733a3d0db10d4
86fe64db26b4116
7d6dc5a8203720f
4c739d7910dd4b2
75ab1079e0510eb
34e9bfcfe7303ad
8d59913cbf46d73
81840d7d13d7684
8850a5cb40358ed
527c1375949e4d6
6d2e6fdb2428bf2
1176427d59d0926
64314d6a847686d
19db27bb70ffa7b
2061976864792e4
0e4c29bd99d5025
3a12e1626d39334
07b6fabd26ab6e9
8afa577f270087b
29bb882ab982cda
70aad856506d709
52f526b945c92b9
082a74c5898d296
8766e7f156d1ff0
0ad3d259f3008cc
680f486e55f390f
1515521eb370bc1
1e657cb32936cba
21a246230abce1d
5c64ffa1bb2deef
713bc02f79bbff4
3fadb4c0127a344
8626e1adb9835d6
06f91cc63f5f6d2
43f1a977d90b299
2b5a3c2b4726585
548d73a7848ec79
5c486825fdc21d0
7ab85913dc2c1dc
852631f1c75dbea
7b60e90ef0d3094
49b1dbe65b41c49
3d194ffacc6d3f8
7dbc8b4587ddd22
0a23f7b9e7443c3
79fa5a52847a9cd
3768839e23d37b9
082e7e1a8103c0d
4eb0d4d98cef6f5
41a5021e213af34
2e13ff1070b6304
0852c4b7b1c565d
89f27b8c478bcf6
4fcec3d79b94627
4ca8f454bcb8b87
6e7aae2fe05def5
085e4620f42baea
7872aef418d35ee
2c4838c9d1e0995
45d944f43dc3246
0ae6ab981a91c36
2ca489691630eb6
07b98306484ffff
5c6cdda8eba2c90
8beeb5e7caccc61
2b78f13770fe756
3431cf3b6d2ad8c
2a274ded75d6e7f
233b0989753b0d5
4615c8cf3280854
5c3e89cd7877ace
5ddbc8dc6dfcc3c
6ea26be44b1f1ff
3917c057d172f17
19e92e2aaa451ab
6afb2713f11dceb
4cec2e05975567c
4d019a3a6c2023c
5656af4375c406e
260ce3153ca2d20
509e952d1cee90a
49c7bd44cff0d81
03b441c5d468661
39049e9b4923f06
1de443171a7b770
3aea89be8938543
8c161b4cb1d3eec
8f27774fbb04e09
5e57232104110ca
6290ba3b7221e04
261d70d22bd7ed5
7b7291c3a88a814
513316b36b3c0d6
3142024cf184e4b
721b5d07e9616a3
2697e4ff50703e4
595d1401557082a
2c5892f6c93654b
5f376eb4b1e1ea4
87cafff30264cf0
15580219574241c
61cb48044541378
0e572b2cf707912
744991661c5b875
8d1262032ef83f9
58db8c4306e1548
5590684a2d3745d
08b3341c955191f
7efb8fcdde67108
1a6261784626a58
3af59ce053b40de
02af3e231f29b57
0263a38c49f5008
62eb544e2651be2
73285a156718373
77889e2fb29366a
18f85a8195b7d30
87fd025577ed053
345cb916063e49a
5d59e19349e4ac9
0bd7e16c542e7e8
3ddd5214c27ee23
56559c822209c50
03e9fb6af768ad2
0fc8b430d9fd2eb
816eaaa53aab74e
66261c93475a817
850582f02480120
7abaa9de6f56c90
3cd5dda41fdf293
2ec2f4b705a04ee
01dc82b09d4b176
6e284067af29547
6818e4f2c2a8369
63a3275d8d0ce83
8c6097853de03d9
6b1883f4a129aba
608edb5a8304e9a
2bd87809c0b6432
1981a5017b07c2e
4b1671c136b7c99
7c1c9a8df212752
0491625f518ed94
8dc10cbb131e7d0
75f2ce7f19dea0b
000633c7b511876
8d621ea414ea0d9
7a70ee3929d13d9
24735bd9948f62d
2b8a2ad928bec58
855d2664373a2c3
2f2d192fdb4bdc7
5b95ff9218860c6
06d2d28d3ca5882
015c5811d75a8cc
6a0db9f2d14086e
2fb231b8b7a51d9
3e7bb42aaf0515c
24c1a1ec1d83168
76cddce82e240bc
07821dd2fa18fbb
7dea1f3a3dd214f
743e0160df1a826
1c3b2f21b1e13d3
63fc14d19aab0a9
6592717ea8aaf74
033fae9c2d33c09
22253972fda5692
1b41fe9c261ef0d
5692255b74b88ac
464e9e7d7ca8a96
05b2332686a6f24
834b2e6a0335fa0
6dd37ffc369d37f
6f3f5e12aade5ed
21f774988536f95
0f81aae1b8fac3a
5111ca48a7a9c19
1a6a41cda93c582
81c429064b0d761
29a9fe673a4ccc4
3aa2b6a4b12c95b
48887e40222fbb2
48754cb1e4bedde
14742176ae14e6b
41e04605b2b103e
6b22805f7f08c45
77f3e3ed23d791e
40584589005ccc2
22eb94c85d326df
11ec811edc79ac0
85f7243c17867bc
2ecdbf22deb11fc
18b473e85557dd3
7c44e813fad25c7
83987e72502eb81
71fbd50b735cda8
2f459392f82932d
839a1393c532779
2a2808159047c33
5340f78808d5e9d
47e659953919b32
8377498891083e1
66e4d3ab615efe6
5d0e592ed5aec8e
7f415f7a77865af
1ce78a709035205
6b1e3efe886523f
1581e18b4596943
67b2bd0196291d3
88f369b3700fb99
85008bcb741d22a
611c5a3393d70b3
7b2c556a0785aca
2803cd6b22e6a0a
407927846521f39
34f96cf5e2de023
1df6ccd2e65a119
55472cc781988cb
57648e3eb2a19fa
26756a1b601aa5d
87a792e437f1018
4cf2f34dc213253
5b44be659822133
454f922d757998d
0ad3e39b1e28910
3bbe2d85ee55f9b
766f7b65b7b8c51
1cf2de4418ae828
642854a87f653f4
7a89a6c6e8c8502
31388f61cba614b
829ba1b32bab6c3
7554a82dfe45fad
3d66be0e1c19f84
559843494c2eba8
0e7251bc4f1749f
39a5184ab887597
17237ba109c41bc
12145b1b50d0151
175b483cffe8655
437a2836eec5177
4553926e48744ae
8dadd7b71063a71
6570126ececa75c
845cc438a292d55
49ff7dace95ef07
393280f8e33c819
271a0c331078c56
24849c037d544d4
19262602e6ab917
66625925268ec2b
0e89b7948bd75e6
51a889c498a815f
6891188aee6ac54
77341bff790ad92
67906ea29e6a389
561783ac06e71ee
530e47f814b7424
3ab691a85216fd1
1188acb8efee18b
8c0f8023ca3d1b7
3dfee39247cb866
0eb63d940a4e0eb
8c2886867c5be1f
837bfdd178ea760
150ad2efad6ab98
1e0fbbe7c19a6f4
6b6de4ca82d1bfa
2f6da33f1e28867
40063f094c2d8c5
028aecfdfa43744
3594fc30d9cc202
332703bf71e77a4
251a21d16725232
565e1b3b6803bd4
4ea78490d0032f6
340cfe202b81b1a
593081cc0b5d47a
16eed31c813c640
54d0a67ab9c254b
801319f28d118f1
39311bb0be7effe
361cf5db11c2678
1c9bbecf891d830
3c3edcdf041d368
56659955a86a81c
01c1ff1ee31b16a
6e72488a245e4bf
84906927c3a63c8
7fd2c951972e265
7fa67e9027ba36c
0122d3f8b36e6ff
35c6e3dd224f385
2b0489e79d6c2eb
21744bea9e47e92
4a23a6b12bb3e0e
6bb36336202b427
6d82be3fb2fa275
10ddcb58590e0b8
61fa4bde51f6ed2
0442c65e589aaf1
71d6311a1de33c0
2b74e621f04e712
8159247a4788259
234b7383432589c
5c7951aa9882ca5
365f16ea2347cd0
50a81a5e6b77a2a
2d69cde89f89299
2e79ac3b72808af
0601a69baa016b4
8231af1c82c09c3
27a0baaad297993
543d60f65e1be46
5c826df3ccfab32
2fb56ec811f94d4
58fb1a50ec79b4b
77cd8f67899d3d5
00b35123a131959
7583d7a5c97c755
20fadec6cd27aa0
4df84d7a5b83888
6ecacdb0e66d070
4b73c7fcbe21752
4ec6cba463e9eb4
5faeeb8e7b3d8d5
1e6a3ba3b234f7b
0095888cc508d89
04bde6c2e7c70ea
742f66f5da2a8a7
136e27d076b5b2a
575820e2483098a
1706ae5ba0d343d
799b81047ce5e7f
5eef37a266be16e
7267302dbe1e9e2
3ea709a067e680b
84d4210d7f75158
8228a53853d2aeb
0a48fabbfea49b1
4091b447c6ece9c
0219e0feddb412d
57344a1652bf411
73a652a7bf4e7d0
305a39996b74929
7f01333739d2c6a
7148466fc79ca86
5df17338ac227be
1a55166358c62d4
5e9a3db14d31ef2
16a8a7f88e67d65
02e726cccfcdfeb
4274d645ad8d46e
2661c179b42c9d2
88d282fc347b249
1b1344b28c69ab8
0def00769cfc0e8
0dff7c6994c7ca3
67908b84d1e1f21
742aa8d4cee2a1f
2e7f0e17a20f0c9
75725e963203468
2970dabe52de033
40fafa45973685c
106fbf0a3e24963
57747d8b2f4613c
1bbcd32dd8318f2
6a0f7f2ed280cf9
455e6c5635e652a
73043f0e2d27057
7ab84a56c1f7715
04550783071525b
2dc5626a56f6575
3a4777fd97e35bf
73ee5bb6f920125
68baadadfc32b9d
7a86a61e7a1ae27
2ca594aa4f0b0a4
873555257ff10af
67eb56d7b07b62d
7711709c0eb52ee
88527b58a58e5e7
32052eee9cb45dd
581cdf0beeaf71b
39d2cc758a00b19
6754ccf4f9d93b0
4ebf7d65d497e98
36465e76ebc47b6
10309242204453b
513aa964c47967d
6d4467cf4e3b15a
0ba4fc6cd8418ef
57ee420411d5488
500494079dbed71
85807479e3fb3af
00a08f95aeea7a7
3c15aadc21ec581
415355df296cbf5
3c800da930a0eaf
6b70551052295ec
0827db2b8467c8f
09dea8664620496
8d37a0577769eb0
467439fcf4e61bf
72f28bd5185e8ea
5d3a9b21713d27f
87bb2ffb6a5515b
081f96635559ea2
372d3decc09c677
56e8abfe216bc7e
5b8bc5d9b8dae07
63108f5465b6001
8c77f48d1afaa0e
218ee825db23f75
02b7cae6dabc7a1
85d6ff322d5681b
679bcc8b3eb7104
0d831dd7a2a6af5
0ab22637e10294a
895144b6dfcceee
77597b953ddfb5d
0b85bfc4f0ca681
3881381f896fca0
5f6558377f9069e
5a64b50ca4a4e2d
3a41a01583de533
602c34022c4d073
8797ebb0ca2165a
3b7a98d10fc6d73
0a0b55e3441dd29
0eca3861420cd5e
8e3f9609ed905c7
005c914faaa5427
60e76b4dd80fd4d
87cf08f01413e22
87459ba08cfc978
75fc11da1fb800f
6236d5fe1084cdc
660851af608662c
5800c2725178389
70000ea59bb13cb
70cb42c95acc564
06927d50183010f
1c2800dca333865
8ba51ecf1a98c71
765a86828a82a9e
04a5d593b32f274
209c59407298a02
0fc3b2232f96a49
11e0d60d653c3b5
5f2035fb3a8444a
75e39a957a62b38
62aa88d0eecce5a
2a3be56d01197b2
5fabdead5b2bbfc
26b311daf1d172d
168f300670d074c
2ccabfcd0810207
6fd058588c4d661
09ef7cd2d9b5ec6
4a45204756f7714
166303e5e8e984e
80d6f7fce44ad79
60d53f32c84cc57
22b914acd66e763
000c5a80e22a025
24905270331b8bd
366bc23a7a74fc1
3191b02d28ebf8d
29e77ec33ea6180
49c53d6639e5992
2a42f5af5f2e305
0d7d019300747bc
50bd838c3aa4eff
29f92a1f11cd03c
82a009567b8a761
5d43cdead9e2771
10ddb52023e3b72
03f050b8b59a005
3ee3f6eaa59e765
85f154ba1d782f4
25b34c46bf904dd
43507cf5008bcef
398e83330a2f5e1
20522ffa16053c4
43020ce324b7145
4d83f7d26db1f22
02ec301a4ff38b9
8829488b662bea1
412e7148b9ac191
619ccc0fdad9615
1b1a6805caa416c
1c5a96ea590f8f1
870b3a0a0600d44
5b72522f3d5790b
65358d951cf7393
13472457ff275cb
4891ce06313a6a1
17f62617c5ac444
78cd902d932f7b6
7773deae01f62ea
1e7e400e9e706d0
16c3c108b730bdb
7e174c29d710d7b
48f2483d5f6083f
21d8ca76905f100
028d705babffd80
7b3463c3186de4f
7e9adacd8c1f99d
020c6f8791429ad
6caa629802990cd
010566112d39c4c
4567effb6b5e4b8
6ec9b751bc0caa7
3e76ddc476e3506
7f74bd5752038f5
87ab6b5c1ef5824
61a842e30e5124f
488e5118f9fdde2
8efbc4767e41596
3ab26e3c9c0ccf8
83f6c2885f7003f
12b31331785d231
14c16eb8fba1896
1df513f305b658c
544527417659c32
60620bd537ea007
892cb9968abc59e
2279a6e62b895d0
2773f51b541a977
4368bf93b5fa2e2
7379e440333a76c
64cbea4c53d7b21
5258d3821a09c2a
179ea503b44ba97
2ba8a7e3012cd64
300f41908a67ce7
21c5fd60813f94f
1612983ce7072a1
72252302e3bcb8d
25199bff7739a3e
30d12b21ae92030
35507d446836183
257467a4c688100
411342dcee2909a
49ebc5b57d755f8
48b1a64bc275dcd
65edb601197dc93
3cec1bdf301ea4e
65b71a211ffb49b
8b50c7f913f9252
104bbb382725ad8
6f831afd050b3ee
719f06238c96d13
4c44c89bdbec314
45e3e34ba8145d4
6a7ca5bdb64de15
5931f9bb5f948fc
383dac419c9466c
4a00df4e3862376
22f42598f37731b
5f9330a85e27dd8
636638b0f0064c5
901caae38a374f6
0c049dba53fce9c
6dda0fd722eb39d
2b4ed98b1699374
121f354a991178e
529df62d4dc9be0
284cf0b2c9c16c6
3c470432d2417e0
69f646249b29901
7726684256fd135
232e9f05845e08b
13afd2f83c64faa
86dd56023bd7044
52f2fb4cdd1d4c5
523cb62eb2b2f2d
6ec36c7a622a0ea
0d04056ff4d64a6
796305872eb656e
16fe15a31095865
0cd289e66aa3b32
14c794689d7e963
56835ec6c1eaa7d
1f26d1dc48a2560
3da40272047781e
755c4b132321606
2f1ddf849ef806b
2dc4dd807cc7086
68d1173dadf4f98
0675111ba1953c5
470ec84bf8e2dff
4119d4c2f12d263
7a6c97a119d57a0
5100337a112f967
492b601fba9bfe2
35c167ed4e63b08
08f50809af3b93e
5e9139a7472a438
8e4e060ce8d199b
3be9381846ae370
2e744f44b5db84e
02452692a8c91e4
61cd34768608404
81543f4ead8d492
2c9c55ef9ad85c4
28b85d07054ed9e
2fa4ecb67d092a8
583d4b3096308ba
619015ada0fe790
5985a434e32eca8
2d0dab070bc8505
39a43bfd340ec55
33db573d6f4e509
8b847440bfc2f87
23415591cfaff7d
09dbdb7f011a7ca
2d80928f3146b76
050a594a91320dd
8b0a9dbfd3d3f2b
741a870e4570903
55e8a3318fca874
88849dc550296ce
27aff7c39fc825c
17035b627f71edc
7b99ed189415122
0c11138c58209c4
7b75a322bbe305d
6987fdd01cb4412
519e505babd57d0
1adb97d368cd068
32ab9a32ddea9b9
4fd1614f0584356
3c8ad5052eaaa8e
85f8e0d7b61942c
240834699afe9f8
46d4c975e2d5142
2f7f707448417c0
44d8378a82ea1fb
44625ce8994779d
5fa52171d5fc71d
0df6182577cad29
8e64b8e1b656027
76ef82a170280c5
1fed361bdcd3024
1be34596f47d500
8910e5cd9c60be1
6c2178049668c57
75f35083651a26a
37aceddeeddf226
7304abcdb4fdbc7
394a1411d367cd2
0e9ab90acb3f11d
139ef20e68ea23e
258281752563aa4
0f2b694b1d6eba1
580c9fc41c2c509
49b79042ef621eb
4176bf1bc79d073
41ae4e70c4b807e
64d5fb005f5c7d8
8ca117e149cd9fe
180e78f271f140c
6856165fc60356c
876d0f230aff41a
81729483f1d959f
85911b7856b6ec9
266d71b0e2c1085
4cb836015ff283a
0c65198e1231431
2d0bb88999e7bb7
51409c9d0cd6b3f
2d8e4dde9f0592e
7f3ec43ae6a36cd
20a2b7f8c383a1a
5009b8851e70025
49a8446ee180058
6607c57e75b459d
6b4d006be546a41
7549dc58844d470
34be6e4c9cefa6d
4a4b59996e08cbd
70a380ddd7a2de1
7a7bcf40454bc1c
67562c55b08a3bf
1d4a0514e821170
3b038b2687cfa43
16b359f06030a21
0dcc963328e71a6
8220681f3383400
7aeb7d0d2129f50
43be946f6733e35
6d137280735e610
003ac7dbd4db8c3
083b6011ca26653
7811c90580e85a5
8b22a8214bde13d
539c714a2c3587a
2f07ea873683d4c
79ad3264030f40d
01eaba0f2a46fbd
28226638ce7c4a4
08f711fc3cf70ff
7b46dab10004b30
5c4039b43a6ac61
16c1d148887bde8
4ee6037a0204441
209d405a4809124
0c8cca0cfa3220e
153fa614de07f57
2712ca20db6d73d
145a9a26b6e7571
04cb975431090a8
0c8c358d06b98c8
4b26d3f7a57d595
1ca60ec2e80fe9c
51c383743d700c8
27ae306449c051d
1f4cd1c1183e1a8
2895453ebb3ca25
372bd8771fe7a5b
6bf5ab95fc0f0e7
80a089725c54e3e
13956de7701e341
896a38b4eb25f14
4e1e4805aaef2a9
06e30a50ce498a0
74184ad7f28ba71
279d726372b7c45
544d7558abe4005
3574656b2f1e157
2866573ff825e41
4fdf1f9a8fa1067
3512785dbe635ca
0cbdfb9104524bd
4cc0b7ef31ffaa3
4d54ee870d2504e
70b1cd105662f49
7dbc97636a0deda
6d26790e860a0cf
4016282ac1e0fc2
549f8e4d1c1bb97
138fea1dbb85c07
7b34e096398086a
1e4f2b139a0b370
28931b3e782d2de
0f46a7a06d480b0
7d7df2157d13076
7757f7efedde0ec
81e594fedba15d8
5fa0e1592de432b
5660e97a621c0dc
3c51bfe409d59e4
405285d44bb716f
74cc49d532a98be
149abd996cae24a
54604726a08c4a6
4cca82bfa0e2157
7a1dd417b2551af
8d6c9c57d6f8114
00bc2f610c5a857
6538c9c1197c9a5
005403b56c0f780
7bd3d77d9a8f383
67b60dcab213777
30c1429d9358109
6775de2bf9edaf5
5fa4897e71d2b00
5a8f35bceb10ae9
5ee9bec3811edac
7bed669a794414e
332e532592da093
09465d2ec64cec1
862c243a3d7e856
4cd041bde253dbf
2d9dd2272814bcb
27225f3deade910
67879e77547a811
1082d2750c305b9
224e34a24f5c8e9
4c2560218121c43
753d323f4db6bfa
64b34a33661f9a2
164026551090265
45ef04f9e8035a1
3d9ea4464585eec
1542d07b2e59198
5f0e44e430efa46
56a65c7aad889ac
00939eec719512f
4c96cd4ed92fc23
4c04fdc1ad78e89
5ad2d9015d47d63
5401245c757a610
3ef8e818c7c9ba9
0081cf62d175b06
11e8a0414d00077
2dae7f24da72fa4
396ad3cbe901839
71c3433b0c5dfb2
53082fc99bbacd8
46b8148041d3bb9
238d07f9b866911
8320b65e9392013
0682d7cfc40f47d
0d73198d3b07474
2c974c8e45d4e13
8ca7dd1a38d8901
839285a7ca7aaed
86390b1e69e6980
1dd5fa72fd19da1
173682bcc6b9d6b
5d8b35ec3e684e9
68b257460db03dd
0fe31400b193fb0
5c82bf8d548a5bb
596fa8a7541bf7d
7d465a96cf9e4fb
51594ff741b7e6a
8d8fa46f7fa11df
7c02f8a2f1cdb16
4d0a05385da7e31
7f1f62b5142040c
6bba1a2774257ce
3bdddb929f3ee0d
3e3e33bb92d8923
4ade8c2a9d7b0a5
1fd8069251b78f0
157733db9f9f33e
037be71333d3d78
70bc37a7b8cad48
643f8aa54e00265
3bd03a2e05913b1
58c8ff757a13ad2
6086b223c6d0909
867bcefc7757cb3
1b5ea14734ab67e
321e77975672384
4504b1162026bb7
04377f4d9d84d26
53e2b3b0814967d
0b30b54efc66728
8ad8d16d90b4488
7c1d72b1ef37d24
03334673f81d26a
07ed2f1f5e475b7
5f97be4c7909014
4047313e57763a5
7b65bc603d551b9
20a01ed49e8d5f7
181e590fe27a1d2
402e82b6d5b5d52
7caabdc240d9faf
57d9a3ba67d9d12
814e0a7be24f956
0c976ca378a11fe
27c85654b3532cc
1dbc6ed1aea3290
83b9821742ffd34
412c75ccf406c47
029d2bdc32f172f
6ad35f6cb450870
11eea89ff6dcdb1
115ab250c679163
3f5d14f41fcae5c
2ad8a1d370d20c2
0aff7b3baa6a42b
7d3c331649f8761
2176165e34a8c7f
07c0e33d7c2f629
2b6f3cdd88ee08e
0ff64254dfcca40
007f249ec287387
0bcc3127d98c4b6
7f58ff04ffae67e
17b2b1f6de7b874
65e37254c08ac96
885d7d8fe460525
84b9c0422937878
8357ffecf41f9b2
3a8962a6e15c9e4
68db6bbdf2baa09
6685414eabcc6dd
148a4b9845c96dd
04488d352b8e78d
4b80581ec13f87e
0512cbaff3ac1a8
5ef2bad35fc3d32
8cba02666b9d775
42e51cae516c5fd
2ed4c7827fbb9dd
5b1731b17931924
5f485c1ca167825
627cd66cdcd2983
1d9642f56de17a8
0c603da1652b3c8
31eb1916605b85d
1bb703597fdd08b
7e90f80511b006e
8b25c9cfb4754c9
781f74d5a7dbb4b
62da8391966e7aa
4b9039f86c528c4
26a3e95c2733857
33a9774c9add2c7
614f2f29ecc2d77
5e968fa7bc134fb
88b485aa4e4322d
88374d4d4d365b0
41125a67852b805
1040ef82e902cee
71a074bdd72a09d
24f8ebe68cc6d75
8a270ea592ed43c
853d4b0df75e75a
2218cac2f56a2c2
16523090c42dc00
585465a938bbf39
36e2fe6cbf5be7e
82d4cf4a73135ac
6d939daf31e2969
6831d6465d1a0b4
111246fe5eb25b1
603b13042c1a689
206bb18e859c37a
098d8e29526f9b1
5b087883e4ee307
289f78b2be40ae9
7e8924676db2cc9
78a02e19ef2eaf3
5cc650867ba82de
30a09df35c900a4
6025118caa56b2b
8c5d4489e5d0bd8
90b345d6f026028
3c3825eb8b175fa
6315e402b1a498d
67709fcab52ab22
60eb148b5708080
5cca5b316b91a48
4c7d85f6c194cef
369eef9ea77ec10
6cde8c41205aadd
5a3eb11752102bd
6f35bb7c4bdf5ec
5393aba275499e0
2948eb5a9bcb761
669b38af50b2b83
5ec6630949b6227
6ca5e9285014d81
3f31edbd4f78a0b
70a5b493e370cd7
1e4ffe6b1b936de
6301e1a87d0f8d2
4ef568af3e7a945
3a165183995a0b2
3227711c67f189c
74dc38996eda07a
8e010db1276d7ce
34831f000d21eb2
2fe9326f625a317
280501322ad295f
11e8362d222ee76
1f75db609f179e9
218f3fa63b0ebac
604b385b5861533
283b0c18fa30d14
5b94f60184e68a7
57e9c327affe782
851366510ba06ef
905dec178c512e7
3627d5903c70b55
29c372569868082
6e4a513c2579f9a
6730502615260fc
01bf9afbd476a69
4a2eb4e352f6bce
13f1e8b4f25222e
7945882292a9312
522478fd940477a
143acdf7bcab729
7b877cbfdcc2249
375a95a5b2d686f
2848aa5a99fcb58
280dd2a70759e65
1b4f2f764013cfc
4c6dc8ff309b9d4
6e9e41e645a2b05
4db9d28922fbc6f
1d222fed875f253
7696ee4d207cefa
5cc3214e8bc14cc
1c7d736779fd1b3
89ce0fa06b737bf
3149c5c6412e6b8
5587a341ee18309
6ac374ee1ce8093
73f85f9cf69e24f
56386a3b54239e4
6ef047120bdffdb
5ada368d82b9ef4
111f1de8ecfba51
2bc630efa4fafc8
3a821500271c943
1304e7fc27355c1
49cc77d0e763560
0f5b667fe304fa8
4f7ed1dd80d9be3
699d78cccf6b2ef
4a0c26174a4e2cb
0eddb70b4d11724
6e353a5f7dd9b60
1e2da356e5e4f03
2544d2ab4170661
349481bace21ce8
725846e866a1b29
7bb855c0464c037
347b2c0d3a9c6ad
248a3ba857b7823
59837f4c318a27a
2f66db919bbb5b7
5b824ed37ffc787
06eb334621556d1
80a6bba8f37ee36
202b90f31e167d5
88f88c9c1140e4a
80b560b897ee526
6bdb7d16ae2fecc
05543733f388ae1
47429fa022f1c7c
0a569f4d7f81bdd
0da10fc64e570fd
477541efd043cd2
46570f1dc643a50
5fb253587319d0e
823414793115283
198d37baa7f2378
0faa8643d8479b3
6a12ebb5f0395d3
11b6aaf116ea25c
8b97ecdda5fecdc
38ef8318dae2ca0
7122ba77f521cff
00ed6d2cf57c59d
689f738abeafbc7
452f835004d5572
590765c25731bbf
8fd3a97f53bc3fb
7d25fb01748c853
2ff3c8d965e53f9
5e30712bba6379b
0910922e180c487
42efb10d90ac5bf
8622edff8a0c89a
78fcadc22cbe8cb
5a18e674d4bde3b
8ad313718b2aa3f
1fc27ecb58f4067
2001b461f239948
138dc6b904427f3
5e34ee42f411e39
0d36ecec6539fa6
1b2a48cc0cb2581
5f22bd754f09fa3
2d6711b4a0b14df
0604781118e0847
70e31e46f46dc4b
13e66bb0530c053
7392f470260350e
03a557e02e7d82d
5b79bf45396c89f
6913e22aebe6387
6abc0b6ecc244f8
8b764c8d35d1e29
1df02db108a42b7
24a4de735b39956
719ee1feb33ec11
1aadde7c1ea30a0
1b95a84c452a59a
49d13ab9027acb4
5e78f6a33cda6f7
14b4f4af3c3a8d2
8d5002748191d5a
24b37bc14c6ad10
63e885bb71e8fca
0770e585f1a8c90
0ab7cd6e8004ffe
82227486d4992e6
1bc9b1ff25b9252
523ebafba0207b1
4c0720bde55b6cb
0792ec09a3aa802
301a7e62349f579
55ab711b6602d2f
1c6d5a835443050
03f46b2c5ace679
85ba9ba014f5397
88f39bba0443f00
684ffa17369a11d
052569752ae7436
75b1b376d64a3b9
43e1ff75c6c5a4b
44ca64ae50f8d1c
1449aaa61e9cb1f
6913176b8820ef7
82ae6f5b169d42d
295166c75f351d6
28ec1666891db6e
3fdb66856390111
4092a824d3ad39e
09b09417b2cf25f
099dbaf9208c7c0
85f8df82d12e32d
0ddaea70c563242
06a585cf6f59995
30a00fc0e7641e2
137fe4f1e030daa
3e3d8af156cb59e
56493d01ae77655
636196d2ec4761a
045eab5ae311993
19857869996090b
241544ef30dfcde
329f73dfd430c8f
0a7bdd5392e1f6f
14e2898ecb4b7dd
52b531c001f1e34
0777c816871d996
015dfd6693898e3
5cd7ff8b5b32417
7d166b790adfa53
5066491cd6bde6d
4c8fe66d58e44d1
160f2a69918b832
22b75a575a21789
4d0e5168e539624
8bc454a35f45abd
49e8ba044084796
89e228ac565be1b
621ad4a70dd2b87
11441019b08ec2b
596d6628d21a0cf
6d10820b52e93d8
34a6b58937372f1
2587f0b60eb629a
744933a77757210
6bc3c2f81fd15f6
57cf5a197df7220
6d585180b923bc6
8f0ae8f298963e8
74bdba081a25cf2
38314b6866f262a
65e4d548a9e82e7
4f1ac256a81a9a4
1a9ac3c306cfa6f
89034f5cfa60d07
53a9ada5b39a31a
47d8ce257408604
5c08fd23ef41797
565b279fc5385c6
1fd61410caa3211
373ff4eadcdc5ff
1e92b176dffb6a5
2eb9143ae7f0841
1deb82f690729ec
3915ff63107e254
2a7015cc660b24b
3637956c1e25877
7790087775575e1
3e52b6667d1fb06
513a33ff35f1eb6
737b86b93703ba4
1908f96b794b7dc
15e5aef98864c1c
003e942dac54ec4
334e6e01c5671b3
8fd7f1ffcacb42e
1155d9e6b194ef0
4d7b08068ecd64f
1365ad04a4e0ea7
88540cb30f0defe
5e141790fb95e0a
60dc0c0e447bbce
021e6a358f9e4bc
6437f88d177d2a1
2ef000d0b594de7
1f485829ed5fc17
300e4d05ee93988
471f3400914ddc9
5e61177545ca6e0
3b697d6185212f6
44c0a67f0b59047
0b0e7dad82cff1c
510039fde9165f8
49db78ae0fb0446
8fb077d0af7ad02
4112954d31c812d
7c430e6583edaa5
79aff75578e88f9
06775ce83408532
0e17593505fe450
6b1a842e8e3877e
20482f0e8d4d294
18f0fa5380d170a
7f078c5a745e858
4b92bc5099c0810
7b267650451c6f5
85f9ebdb43993fa
0ae9e2ceee7f385
0f157c2fc293bc6
8cb73ae5c26b20c
0d78ab7e5e58540
7c087c0fb2810fc
71051210e44c065
0b4b28f9c49fc7c
78a4ca45698e388
23265493ee72b8d
45224bb422a9243
8e1797943c49ffe
121b182dcf7c902
2a0662cc08383ac
5a95b1acaf9d3a2
7c56b1b4d2d7e1f
4c7938dfb979f77
236f239e0ec1878
0aaed40a5d70b5c
57b9efa278e856f
19e0342e9bb68c9
1780f23d05f4067
06187e9204eeb58
76807da0544dd5c
85f35717dea84db
27ab190437cf07c
0f2456ad4cd907f
3d3092fff760f35
28c9130633a8788
69649c5184e6a4d
3e26ea4967357d8
7045bdff3d62223
59f695f58835e75
24bcce0abf125b1
83725d44f6c5bc8
1d3b5fad4198944
3a0f3e01cd910ef
13327c48cffd630
53c6a24664d261f
1b3731b81550c60
8ef419162cad212
4ab0654be884b5b
657cb9f780238b1
40d9ed6a61c69e8
5bcde678927e0e2
8ad8089e98ee3ac
5db871479e3ff19
816a315d16a0a4e
867229bc06bbe3f
69658a10f76eb30
507b75d26181ea9
82912acd2fa9810
23857740a521730
58c5443594c3000
8b4bce7209b5a9f
18c0de1f9c98fa6
52ded79a3657f9a
14d69037f34f8b0
7c28eeb5271fd25
724e283cb24971d
02903526df073e0
28ac1554e0a7ac0
3eeacc77920062b
5e7e4619c66882c
7f8d3201adc69b6
76c24f34200123d
1b724ab8c860cc5
8804ea220477c04
14b6887bf5ca7fb
4cc6c57e63aab32
648341038eec275
3397c14239c8678
36574f4c64d089c
25f7cdb5cc6cab7
307977fd059e446
79400777ae863b1
5a5da40c2dee1a6
6a67f85605f44a8
19ed348ab9f45f6
2701da7a69eef89
83bb27de6c9f1bf
486ef93119e6881
24aab4f1245dc69
5fe5b9984e505e5
64ea7d6dcebead0
43e0046f255b66a
79f4fff5f2fdfdc
76bfa58e132dafe
530c2f5c8038301
7b9d977c57713c3
60b348a65ba4d4c
00347890c648b78
1190f87c1006744
309f206e233c422
6c2d87bf6310c37
34872ab70cc7e9f
5dddb9e7f8c6fd0
80295f09d09c4c6
6b4fab76ca52b98
5490ef359314502
73479cf8eb8082b
4b04bdf16cd62eb
87e9e0f7e494b02
66eb84cd50376ba
7689789656ce1b2
24404b3916651a4
3ba10878fc0999b
3859b1a4384058e
03099ce775d2979
31e6f7eab2a5968
2cd6792327ef0ad
82d66475c5128e7
861370240c067f4
879107c734b6287
6c793f7e480b6d1
2fbc60b7ec80a48
438152b0ff9c2df
4fc20a1d59bedaa
19f48b3c3a789c2
09f16b495ba1057
01c204b282827c4
56e18e2398f3203
8ce7b46003663be
47aaadcfb0f9889
46b218dad8920d3
5af7b235b622a14
0c8d1b628ac8c27
0b8d0fc08ef8c5f
563d0545f1f648e
32091b9b9e6a49b
1de0409548ea3ac
56c612a0fd2f5e6
6ee54ed75d0e90b
08bb64f749dc5b2
60116f206a2fb6b
320872d0bf4ff14
4b26a37a18e578c
44b0165ad7bcbcc
3fe3495d2c48557
66df23a23a9bfbd
09d672f37e3a165
8c502c7ddcd3a37
90bad4557667d5a
83d2815b7f4ce6d
4678a39313926b0
61d1f49cf1a9267
84f8e31b0f28b0a
050a5ac739eae2a
0797b3253c5be3e
217a6b1679c5e64
1ba00ff35a7a3e5
3a5779abcc2203c
1fd31dae5a16ee8
301c47b77a9fc97
8962e344f66914d
6eb484ab78007b1
77ce4ba433936b0
30913f893ecabe4
1127a86359da331
8be1e612220d22e
6fe78061e629bc4
4b0d053f02827c0
308abae43ae8fed
366b6fafe50b4d2
0ae4fcf2d1af120
6f1ba556ee0333f
905f94decd36268
72d5e377c52c4bc
334efd6c8a934ce
5e11b451ada002c
3b08e0253046b5c
53754159f4d190b
63684c53264c1ab
3f2822cf526eeeb
3a9c54b1e939ac5
5ad92a4fb7f01ba
025194e1974bb4c
6a5117a094498b2
6b955298b7dc47f
549493b9f3c49bc
77e0254a2968b84
4232b9fb1c764ca
406fbb803b58209
0fef2f3f65982a6
6b084ecfbe3f254
3a6422861965e40
213d0c8d3e031cc
15a4d54154be806
02e5640382762d2
8b40918d46fe337
5ee7570795da729
8e6f6fc595796a6
20e21840f0c4d0c
70fc4f4638587a5
2b8b08f2af63a33
262362fee265c83
8fe15705f10a539
1b25f8bee844459
613bddece3679ef
3534dd54ed95541
2ede7f5193e1059
221c0e64b140c46
6c26199f7368f8f
41c518f02ccbad1
5a7be73d09b4365
277f90bf3d082a2
33c7a40005b641c
4d1567046500bfc
83d98cedca2bc7f
81ef209d15bef5d
0fead8d9703fee4
071c18844777765
64b8a9740ebb2a6
529c121e2d68b2f
7682b4a226f2b2c
46d72ce537e7639
13c296cc8f307ea
46f60f1bdbc6d6c
5ea6fc2c2e82392
20480a487467aee
45183074a271ce7
6e111a95f6e1317
635e437ff47a728
8a623e67a248138
89c482d8750e58d
67ddfc96e6c363d
62c08c2a4fa416e
3e9afe0367b7cec
346f0891a10458c
16f034134dda9ff
59a0e121800c84c
678f257c50e8328
2978b9179e38107
74e1261010fe983
8e29e26a900b630
7982f44444a50b4
7306aa53eecd1e4
75095bfbfbdfb96
1655f5bbde1930b
80658007ec71850
6e7944a81c9d7af
889207b0cb7d992
6fb97f320da3523
1e0ae434002f059
299bba00d0465bc
10f4ea4c57e1d82
4cf06af5a45001c
2e61247c3fcd9ad
22eb83f597affb0
4403a474f7f2b7c
68cb9b974462f78
56cd47b4acc923d
81a5abf87acd0dc
7f8f03ec7e1e5fd
0e6306f3d31cc4a
18282674682cdc6
26b166ab7af1df7
49eff42603d6485
779cf80ad78c10f
36a69a194038587
09f2b7f97e233b6
00db13b5050862b
500f496fc32d1a6
857c70ac303467d
615af22744278a1
8741cdc1d0c6274
2254ef3877d49b7
7dd0609381ec50e
28149a09aced31a
4d0694fc4e92c49
3c18e924a30c95c
6e2771d19484e49
1b9383ca7a2b28d
568184f21e7c5ee
6304f001df23632
73b6b691c2dc596
850156e8f1a0d0c
45d81840a23fa52
1366bb605f9ecac
39bcfd2b91aa48a
30a748e2174dc77
33176885190f084
6cf4493b9e3b871
2aa752c79b9dbac
86c93289bb6a16b
729f8e864ea7351
63c1d6ec62422d9
413d17853adfff8
850b7f19cd04efc
4b5318e2b555edf
027c26de3153211
2820a6cf7d3b6c7
481383af80870e6
056b86f5311f3ba
5fadc9b399f4254
1bf1847405e468e
857d2e45b45c53b
5314fad92c8c127
08acf5bdba68339
3df35897286b486
74517766682c363
57f54c0444dd2fe
3d02a283a02af46
1287333bc6e2f83
881f155b98f65c6
77576045b7e77af
65664747e216e0d
1d0db6096b57d0e
3db3fd7bc8d7897
3cbf3432978233c
52c7d84bc381a50
0b7e566931aa85d
82a32963e67b571
0efa2feb9e4c814
4042405ba5dc823
1bb7f928e5387a3
2eceeae8c28297c
3516610b79cecd8
054a7bb51d913ea
471435b28924c53
68b103a0e3752e8
48b66e1fceca33f
8406fbd93e4c779
8f8bbf41254ad75
40c7987d06d7e05
49fc4240e9ea30c
86810684e2eaa59
4d28e92474c037d
3f131486f95dd8c
544ff403f5ce10a
361c3f0933cfbe1
8f89651ea789ea7
0e96193d9f3ff0a
6e634466f3381d5
5d3d86b3d1e4b0d
89651e8bf5a3849
0fb778cf02b34c7
014e8b9ab9e9967
7bfe80b2aab3fce
108433c049fbdc3
3a26baffdaf3477
5cdc9378fafdfef
8f9dbfdda299e41
07ad2ef6bd72345
58cd27407c4e2f1
118ed9d7fd18fc8
60bf62916dc2c52
444a95340b29bfe
33882a2edef2a75
7ca799db1d8d70a
226130455d0783f
089b70563eb72d4
60e95c581b33f5e
8d2d0b810cd3cda
03813773779c25d
412e5cbdbfcacef
30ef1a53e66202e
3fa927738f5de57
0a555d6aebe6ea6
45fd1d7bf25440d
0e1e479345f8173
59b5f582c124638
58e8a0c43840054
74382bc40c71c73
6e1f4edb2252508
111f120be492907
4f27c575c6e8f72
667ee28aa3b46b0
7f534dd11d5740a
7e29b8113430158
08f3bb94ad5a1fa
6d82681ad089883
6f29f019583c12f
7b3de06ba1781d9
55d6c3d3bc9c695
0f8a767e8a15a7e
19ee5d795d35fab
4e9409ddcdb7b6c
71a274ea5b34219
1d89ecadb7cb1e5
613df83d630e158
29a82af8d50d8a7
0778b11dbf184b5
608bccfe621aa0f
7941dbb508472ed
85bff2242f5d3de
37283aa8b2232f7
3552a4925f05659
6ce1dbffeb43d9e
6340b6b3bdef7c4
3df5a24db315e35
01331ce88d3c778
49b937a18b17a25
1994d7b3f449e03
7cd03ad3312121e
5e842188ea56266
5bb1c553e00784e
7cc1cb901897bfd
7ca4af400cc1417
410ba287e8384aa
535b7da36a34ce8
0d9c51387a7d351
13188cf14113599
27a8e7af24035f2
7ee2ec9884c9f94
875bae0bcba9c36
0dbc20bde65009b
8c48c9fca463fea
4801079e0ea2329
79699cca4ee8492
5f14f86fa74e92b
25f319196fe9fc9
8c174412eb53576
8f608b5218aba68
8f9812aff1bd5d0
43af04b74441ef5
4a3a538695b6f74
0872f499691094b
5f0f5e5a7a10a2e
6b65949eb5bfa0c
54c71fbc6af72a6
3a27ad9bf9b7704
0832e065196badf
3efab5faa885b62
63b5765555cf144
211d50ae5a0fda6
0ba73504e8c2b9e
5c7fb2845d6b69c
737e85a77accfc4
684eebe4b81d09c
4015b086ffa215a
43dc73aac43237b
88bfa04fb2b3390
62e2feccbd997b3
443e57f5e7dcd13
5a4b7060290ade5
7acaa1eb1313348
78063204285ab97
3016eba08b0ced0
4b4742093e788a5
8f4626fa2e47bea
666c085726d96d8
543d777b385ac3b
6ada315081424f2
23c88761eb13aac
7917dde139ed30d
4c0a47f7c588d60
41fb83734d0d26c
7810bee21312ed1
4820ceb3be322c8
64efa3152402711
8838014baea8469
1464acee50e329c
814347988a1f7ef
638aa99899247b0
8ad6587f5206800
18e048ec3862324
1759e333d903619
257cfd968326aec
120b7050996234d
3b9c55f1c509db3
8854c3f2990c06e
33d89ce73e25f52
0154a231cdb8c51
7b3f21fa8fb7b3a
4546f271b09c772
81fd3b02a0c59a0
65d46ab09aa4936
40d858a076e89fa
182f2106d589aab
8128ed63f4cc799
8ed83a849e911f4
00178bd1a4dff36
4bf22a1018d6e91
514e48cd3acb2a9
156df0e0a65ad8d
88475c3f693a7c9
1bb92159582e9b6
290a1597654cb66
62b5293572567be
26eb8de8410a6e1
4718fed18164585
4bc5d4ff231a1cd
76e3e91760d4cc8
7b17c196a784ce8
0e1da1e2dc299ef
48f12d09dcf75df
2258398725f6503
34e521601098fb3
838daa1f901ffb8
442ebb723d56dbc
4bdc16799eb6578
901686cabde08db
801996135d4a203
2f3673bdc36676a
700c0acbdc6ecfb
2bccef0d069dfc3
7b7c68c6c7aac5c
7964cf46d0bd89e
698b0b5653a80b9
755ebbb9132fb86
4da184a049675b4
01184a2e42035b6
5b37ed47c5dd7a1
57e8d5049d5cdbc
068d00b0cd9514f
26272b1da68865c
57bb91689ad3115
634ae289ad1fda9
02d20b12d970b67
0ca83145f0791f8
5785fcc9a039803
1d594aa90456285
7eb08fde515764e
557d05c1f097b05
60d2acf05b0ca91
215431c9a7a6c82
3964c2d3fd5925d
85fd9bc68fda1b2
212a515d76fcb14
4fe63d917273347
78e9beb546ac609
8fbf961488fe7a8
715cd2a3ce9b6ed
2919c7346e95103
7574acc3d276600
3e95bdc4d79351f
1d4e96d1fa032bc
4cc5df546cc62e2
058f46f680d0313
65fe8926fb44b87
39922aceec65169
3cc31ea6ef86b53
84b69b5bd2291bc
620338058b4ea8f
8050e54c96dca8d
26e8100f2ae6c64
5a40d586af449f8
32959be0451001d
77c445191517863
4a3b65dff4cce8a
847f5fe1a42b7d4
09c0f6fb35302dd
7027e3342c34c89
78cfc071e1a78b0
7c36c8f84b8bea9
7fce6bf3f68c881
4a00ec72b7a3825
788925e61a49d02
1610c97ae4ec526
4316a0215a85730
8a823d513f9199a
4306ce8ce0a2b4d
5307ff31e3cbabe
06fe0bc22b2cbd3
645eb29ef6fd79a
5700465128296f4
1a4ec4851357fcf
5740eab1d195790
3c9c17cab9c0728
5437fb719930028
03d5a37d85619f2
66c46fe582442e4
2230a2b76869440
422cf8a0d4c6c11
00f4a0d3ba137d7
339481acbd8e3c6
7d8a26bad7d1c3a
44ce9ce181a065b
1d18c669afb8df0
0ceb4c593bd0af0
7d2164be5f2190f
7550b0de2e8a0ce
0efee1deed54702
65a872ee5876cff
73f28c04ab00b14
5a63672aed75c83
00814c15b2020da
62fd48355ac00b2
90841a11d59b9aa
5b4cfa08f98d400
3ad2cbbebb4759a
1f233691c9a65e1
5eb10f64480173b
2d2dc7526a3526d
7f7e409e084dc92
41cf911aadc7b18
61dd2b88e208163
2e415023dcde3b2
14b5515ae4843b2
8353b86e39a4423
634905f2f26eac6
08be0c7a1df999c
187f45f02372cd2
36bfe4bf2c7dffe
19e56c7d13dd190
4f07d50a3982bb0
6067c9a401f3806
4bef07bc6ee1d65
5fb28316ee691cf
713ca0b3fc660f7
7d12b1847b174e1
870d4a49e120bd7
7bd275a494ec994
4ac11815d517e9a
47d5531b475173d
60398d0b2bd9d33
68fe4ea4caa4cbe
20a556f414702c6
7ee6274155a7be8
8e9f8527a3b7e60
4d07889491e21ca
600db5d32214d43
588d9a4faa2e54e
13a59f01f22a33f
6ec250f27828cfa
701143c8e0873eb
1ba256297ce9d6b
0eebabfddea34ec
565de43d49f3a79
5dbb2a7f0d02ffa
75cd743e53f58db
8f1078bcfe25f46
721f7aa2447ae01
163c47ed7f04643
351d9489197f89f
7b4e2e72a59f9b7
7773135daed26fe
8c7044b78a92900
8ea8670abaf2c17
133910662736211
8b1a81183490711
688e432deea06a7
66c780697e5633e
26f242e08d1656f
7bbcbb3a391af6f
26b2fec1a2736c3
6d5e16711cecea1
196d4021f4bad4e
113d7fd225f6766
6029dc6ce40933c
089e5659679a09b
1da0fb608d6460f
125138659210c46
2c67608bdaa8e57
1209365efbbe6a1
7e7c852c1746c01
107baa7373d5609
164fe073c311db1
2abca2a138166ae
82e33953ce51e3f
3c16a79dee83eb0
8dab6b3f8294e77
0862fa851eff65e
550b21b16c626fc
627fb4e1a9088e8
4459fd700f4eb3a
0bf17155ed285eb
1e6a7c143fab690
62658821471c8de
0509f13d069348e
4170a0c4dba6265
0de4892f38492df
56bf2f43fdaf575
45324e6d4f9bad1
6f28d5bb26259fc
66a9c6335a9b398
4cf180b41435f45
164d19a3ac815ba
682b0594d5c3129
0bc1a56fdb6b9c5
5a7145812093d00
32656539f0c06ad
1b72f0117ec9396
51bee11918d6b35
1bd00dedbdf2226
81dfcc46d162c42
25e35b907953254
0377a7f55949678
5a4c32035c393cb
89a47ca3915096f
8ff9fff487c7f32
59a36a33075a77a
804a1c6f6b46df5
62354ea6cfe22e6
7093efb1f8d2ab2
7bcef0cf9d68e59
83fd399b7ea70bf
8ddba06ac647c33
4cc1b55d3f53040
00659b652587b5d
7283bd274853f93
5320a06b6329837
796a1d8630a8173
49dd5e737338c54
6f2fa1abd7c1ee7
53d4aa7f3bcc4a7
4dd81fedf7a2760
7cf49e02102b59a
548a8e963abd549
0a10c70df6885d1
392d21652509a44
63599c93f8c1382
8616b07f579c45b
25c612293164de2
270d4450bd0baf8
407af0e15bf7d82
65abf57dad14b9d
265db26a9a14e0a
2f33a3a5536a96a
162eea3888e8a1f
2b26a4701a4b255
80e54bbde1d4d61
5959b1464cef9ac
06a713a43152a69
7c678e8febe292f
55139322a8a3476
7226613c442a223
6fc81cd49594397
03306e935f77613
4f498bf80d9e9be
006cdf6ba191ee6
158b94396901724
387e352889c837a
1623b30477c0208
79755c9b3b7a765
4dde381c6987ebc
1b556167ef1369c
5d0b363aacf672b
1f5b66ca03994a9
038fc85ddfd35f3
383a39a5cd199fe
5c4478b495cf389
81648ddf5ae28be
2c5a7b0d1a91e4a
41924e3f87f02cf
36d9cde22f7050e
45f7cfa321b988b
3acdc51edd40422
401679bd6172dd4
47443fbfa3638cd
7d44968ba48d83d
56365c8f5de23f5
1eb2db0ce35b949
1d8dfa2087a691f
3d5504873f31184
28114395194958f
01f2165c8c8edf2
363731276320e42
533652573ae3e1e
52d364ce11ba8b6
5edc5eda77d1b43
6e01bc6f3cfc594
122ec9de8a94824
50be88931612629
64874d5fcc1a8ab
7788412e4296d97
24fae06be25cf63
67b6a0eb267d8f4
7de34c796efed19
4e6a97708604439
82973898f6e3cfd
20b60c422201e92
56612f943046f70
8a007d2bbf968a7
8519d38f161bba7
1b55c232447134c
39d20c8cc87c3ea
812e1691c4abc6f
4e8f7ee6c4529bc
22410a1437640f9
8ec8c89d9a98093
2b5f59f75a34748
756eff8425ca740
87b483fadbbdb9c
195ede80b8daf85
023a1fb4a55fe3a
7a6d11d4a4e85f2
2856c3855d92a5e
24f1e290ec4207c
4472e1850b724ec
6380879175be4ea
87da97f5f075a7a
0a486ee69b01dc8
3e0f8e8a41d608b
777c5bfbb3de5f7
2b9ec10c5f84490
6143c11f76151fe
0053429ebadc617
46db8eed34abe49
6324709efdb81ef
414eb1e350e744b
038873f4d0b2aec
1d0ad0456c2b077
3e65f2dd7dc30a4
19bc001593dd5e4
31958067ab5fad2
3504ff7d5200cbf
6824014e6dffcda
8c5b82fff0af215
3b60fec40ef33fb
88ce67ad0723bc7
73646f1cbf08784
5e8733f24dd600a
41a3d85ff4fa63a
2446decff28f76f
2b1528db37cf210
63f471fef4bcb9c
2963d6cd448f541
40a76422e7b211a
7944a9e1e44460d
6b4e25de2bb24dd
6bea2410dfd0831
3c9f41225868f62
5c730c44338c590
635a130338f4439
7e179664a48b613
1fba2d8af7589ff
4c973824df7512e
1edeadc40b0df25
3fd9c2e47ab5f7f
16ffc07389f6d95
307d7172fc2ae25
73e3fcbfdff728d
2e850c528bd0a64
35a577cfa3565db
1fd9ba61d43ffa1
710cbbad2195540
210e60db6c33158
3b04aa866e15702
0fb9188c61eb10c
0b4d9dfd6b2f876
1594c48502c2cd6
752f6cb0301870d
5d1934ff59595ba
24066b42f7ac727
0fa0048905bbe27
01e6a818176dc7f
076fe13d14bb9f2
153f7a61c55fb83
57a63b4474183b7
0f127331e007faa
69eb6627fd6ca50
82a6eb5e75d1fac
0c31ce8aa343157
1aed0ffcf0aaf07
56638137764c1fb
4a5a9415e78a3a6
75429a42b1e48ba
3b7ac1ff3c29c75
8c49b0043240386
43f6dc5b53c3491
456098abaf81e76
3b5b86201ef3e05
22cf87bdc76c9e0
6a7955222ae802a
5b3ce341395d441
56195c9463112c2
4e50a668544d143
37a946e11674b8e
7545d497e1f06dd
3f414987692aa25
53712a749b6e04f
010534bc9b94af3
0621438dfa47ca1
89a70bf6f1264e3
65664e083226880
4fe0e7e22334b75
5ffb37fea03e185
86c3fb382f2b4e5
5a955ad5253d661
5b40b813a501a69
1e04580825bca87
045fd6c4286eec9
068851f4d16848f
2a13497f4d8536c
7aa560b94dcd8e2
0f7f85b41721923
8484c707c73048b
189bc48c80c03a0
6d9bc0308ed5dec
52a4fb7be41b798
8ca0476d1e36447
4a265800ff7da10
8cfb8106ba3ff16
4c5405302c7f020
05f31e4828b1fad
7b2893aadcb30ec
3f8602a3a04a096
6e5619395ca8263
1311514e0678689
6ef410cc282e302
75ef75eedffc12c
5e73edaa26fcaa5
4dddbcf5fb63052
7521bfa77a5ca62
69ad1b79cacd61e
8a051b3b93144c2
4bd227c9f91ed23
78061c9f7f95eac
61f9f589f159cb0
86e629cc8b5a7c2
050d4b4fd6898ed
1e9b4d5002ca6a5
532c9b38bd5c058
6004b02c670644f
24095da14cfe203
323a1939d9a0b6b
0fe9b2f57cfec0e
50b7f554d7f462d
821c5feb1ebd3a3
7ac0118855930fd
6e3c31a8d31a334
2aec52596e98c60
6b86e4f45bbe8b0
6af59ab1a36c04b
8b1d8a53b9aa3fd
2abb1902dfdfdfc
0061fbb00b5f124
40cd6fcc848a490
45793ee1be64d63
460d19f90c2f9cb
23ddb3f53d6ee8c
5d82595f1569afe
20ab0a9b4ff9826
06b639331ee865c
1b9773d84e92ce5
2411dce8fd1b27f
67881da7e4380d6
8c6fee5728fff8b
62f323a10d332c6
7be915b62a4fb0b
7f3c7791dd53868
75632f27b10b877
5b97f574c0028f6
21d3c53bd001865
4a0c94e70259405
31bbbc94cd8971a
105daa9c1692606
373f7f5aa8fa814
8dc58cb9d7d44de
702a8686893fe50
4c82d2e908903e0
32588048259e2bf
35835e191c8ce23
00bccc19fcf1038
81926213c00181e
3ee1254a76eeab1
54b22373685f677
68f5e9730a8cf0b
8aef5d3cdac13da
5c122462bd10828
4357119ede1131e
454819a1e6cfeba
484b5d464aeafd7
665108500b670dc
4234ab1816421ba
26e931ff7b8ce28
163ff50c43c9c24
0cff215489703da
48ede837d41b0fa
43c1cd2915a3627
188f139c611b91a
804299b95969543
72b53d59661bec5
5b6660901a24555
89177679f3642e3
3a3b439a04a7b8e
4272183538f24ad
65674fa793d70ac
86666d8f594852b
4d0ef3cb8069ca7
48ca80c6f5c3d83
464c5042d1026ea
8e911cfc4d67d55
29a8acf60c3a4b9
2cd16fe0a9005ad
7390fa5d379464a
5d52b863c200f3e
6adeaea8b64408a
7835c4f42c974d0
89a0c470ecb62e6
18fc45dd65fa3b5
690697a75255c55
411c79abfa21dcb
78da9ef5868254a
016190c6bceecef
14c99f01690051f
54490d14b4247bc
476e18ed072cde2
411e3ea061f627b
518b8439253420e
305ec19fb6de47f
61327c3a4610ed7
6e3c86d0eb998c4
3924b8dbff1e7b4
6c6d0931c1fdb30
6199248b56a74cd
0e31056da62d87c
35c00587ceeca96
31674171f320c18
632db23bb1cc94a
1a6d5232c3b9736
1698d3dca93ea9b
295e16bfabce07d
05ccf6a72c12745
1f2b9e3ec9f0779
43ab69654d5eb69
600b5f2021ed7c6
6f7f28b5277edeb
0ef344a19a83618
37504cc50c97576
3f7637eb75e7861
6f5325ab32f9cda
8373b814cb9791f
4a06ba946fc4144
85e36f0fc235d30
3a7966986128635
17a535347742bf3
73d326814d344f7
5c530f2b5ca8216
5c96d766fe6a93b
3a66b26c69818a4
873c31f691cfa3d
2003a6f21e16ea4
573925d901de7f1
719dbe474c4713a
302a037ccc690ca
23cb54784b43c00
7a850dd98035bda
88e1811932df89a
68af649ce26d219
73ad6c878dd13ce
0773ba2c8bc497e
4daf9c4fdf53fe9
72165e7e2fbed9b
6afc2d4e37c3516
26b4f22e9366c6c
3ff41d0d92122cb
3bb5b8911f86515
0e904658255bea7
78371ef3babd35d
5ec0d89a3cbfcbe
40c716189e2a810
234fd064cb75733
732970f5581bbe1
4e703c48f66c7f2
724aeef5e8c1fa4
60082cf18b5d5dc
63bdd42d160176d
4691b208066b57c
1ae01b73e2dcf3d
4e1b97616171689
034357576aa3483
2a243d7dd57b201
8e63f1c62fb2590
645ea6216b7d76d
5dd6d35891bab2a
07ff3100520b058
1a91f85d428c110
25469cc22fd3552
6b13e5c566c2c15
1dbf83b7fc5bfc0
5a827fb79edeb8b
504d8c396f92fa5
059b3fe905ab35d
507be92e1a3d7ba
43749d382139afb
261be1e05ac094a
1c8c1de657020f8
84862af84d75e21
3b83cee42967c9e
03cc8435473bb26
2d8cffb1a4ab84b
8e15e5f20563716
1c4c464e7fe68e8
3ec795cdde4c9ec
17a1558514a8c42
391cc783a24c411
40584240f7ef808
18ae7c7e86298d8
4c0bea2f2039a20
5e2cee212bf5451
4683b170acf2189
2fd6ac6f9df9cf5
64d0a2811c7ffb6
18b99f1d01b63a0
7bb54e3161d1b1d
55a97c9f4fddb4f
310f92e05902272
8b7c822993ca903
3d8473d0b6bca48
4c58d86d8d51b5e
08fdc4b5920e73c
5ad7e258d8aa6cc
7d60e29e22aed62
4720aa8c6beaba2
4698f3f76135272
0caf5d1a7f9909b
4f25170282e21e4
8b7ed82d7652887
0853f6d63b7e04a
7e386b9cd9aad20
0217cf5adf19db5
01d25eb129e9f02
476bef5806eec3a
772646dbcfbcdd4
243013f6eb5c0b1
0f73a8ec73476d8
263918762e174f1
5e8b368320b84aa
7c69a8fc69fedcb
11af4862b75c7ff
483fbff6ffa28e1
648ec7deb9c834e
365e4b4db6437f2
2eed2505d7aa75f
6e23939937d81e3
0f11f17dc40e550
720e7709f5322e3
2731c83367c7b21
7cb3449ff74a8eb
36ccc0e4370184d
512608929d8d600
03a26932276d3a0
505a94edd6154d0
0bf1fa90936e48b
438e8e729424233
043a073be92a5d3
7f0e51b38e3a9fa
800b181c5fe7f63
59b145be7ab1b7e
09e8fb180689105
909f28a6a5f647e
64b78bbb46dac0a
886b2df291febdc
64376b2862631b6
28db835c3967f59
2a9d025659456c1
77ecadddbb5c064
854653ac9e82a55
858aed6413355fd
85d3fa244a12677
5ee822cf40a78cd
8f705b49661d104
5e261b9cb6d6949
8d9713f8e05f526
84a60f7a9414bcc
3932cfe3db90119
22a704c62e2b237
5b042ce2438310c
4243d200536cce6
340a7264ae991f6
5ad2796ec65df98
4953f73506a5ac7
7112a2c4639d3a2
8e13c25c19045a6
56ae75ac8a5ae2b
12e06f7b0b2385a
8409560feec405e
679602d5f021271
3f673621235f777
2afc5d155d9aafc
811973743035b3e
6242c1a3bb9c2cd
7bc4c84fde3ab8e
189c828b70bf6eb
74c0e59165c4820
2954222f62ec25b
27113ceb8107565
8038d4a0a8235e4
8de9f6ba1761192
81728f8b6cf22fb
3a96905e7fdccf4
7d403fc2f1b9240
25926c9388a3e6c
832187474dea117
825b31f936c566e
6c1dc7383e5c7a6
30b7dde8b8523b6
4014d090e259f7f
17f13349e4ec0ba
0730abd9ba2f543
2f6d2cab9fd16e6
4187b1f45fbc726
5968ae5f5c4485b
41f7ae5f870ddef
40c90c26f069083
43a54942785387d
71e3abcb12372d9
04bd7fe42492c8d
67af3afbbfcef18
7320cf407ca5335
415d3722bcb288d
7e22e0d906f0adf
6fa59f25d45f35e
8fb2af4d2256494
20afc092173562f
54801b87bef70ca
2ed1357851eafd5
66978f4ce98dba3
05c80f6afb621ac
52bf4119e0bf0b5
523951129da2d58
60b2678945a3d42
4da6aa1dffa31bc
51aac4f7555f6fe
4b2b6654c491599
25c1b78a615b8b3
7e511db330e71b5
8adc52f52947961
043d66f3090310a
552b58ad17b0c98
68d4237a7a1fe1f
532f73e32b6394e
19d9ddf86069fae
68c6064740189a8
67226caa2ed7969
67ce1b1b5891ab4
455990822debae7
0efe18a9f9a22c6
7ff62622c5ef510
81cea42abcc777c
77a8337e33048c8
0a653e91935b53d
332ecd06b1d8d1d
4f179a486f1a867
6c3864440a1a019
86cb269e75ddc3e
899ba9a2de3827a
106e6697c41ff3f
75e8656b2922f64
3f5c98ddb398c65
30099fc1f2da5a1
0635c642f2aa6d8
747ea404cdf4219
38f4fae42d13e4f
1b274edac9ada78
46d8c9bcc40eec5
243e92546d32fea
0e84b4e8884d409
06b596469dd009c
005d2b3cc15888a
5d27d8c29725971
46097c8705f0b10
38cc61220bbcc86
1cdbed7b198f09f
449e4b13cd60f81
5b1ca46d1e6c4d1
57ae92734ef90f5
70c07053eb9cfba
72f5022750344cd
87e4327ed30bf4e
8cc3bbf62ef06db
640699bc810e440
122ba510eec3bb4
2338303247674f2
761ac23a345cbe8
6bbe15edfefb397
5ff27c6d2cdf4fa
2106caf90327801
5ca21f2aa41f1fc
6561616eb08d43a
0cd777e98eb21a7
188db3564496ddb
3d608fdc6800a67
7d2e07b279483dc
868d2cce8920008
29f914ab6f1d05c
13e360d487dac17
7f464e0bfe420d2
45fc24ed163765b
624223b0b4a897b
71af79afc5ded8a
38104b4af0e7adf
15f544f03addaaa
1d6b7bd6a0ec5e7
5979967a06b2739
2754479d88402aa
0c75146148dfec7
0bba6443fb599de
1cb943b82ea861d
2cd5fbb369efe09
812f58b5c208a35
497579ff38390e5
66d70573a09e398
07bb8671d752bd2
0b99dbfc4a32d17
50ea2f2c6171d2e
056c2daf8972a8b
84dfd4517ac77de
5968bdd3f294fbf
0bc6867fcb5292f
7d5c449bdde3f3e
78ecd0d77de44a5
2f4c5b1cd2af52d
252ba5050c20b81
62771028b97ecbb
4c752c567712b68
5986bc261da786c
2544d41d4527c04
0eb9dcca66a9518
15d8196d7f0e58a
11b02689b27821d
65786f16a269600
77e4fe1f5dbf695
4c52d91d2010f28
318b9f61a493fa6
659ce2d301427c3
64742416ad8233f
06b216f300f9dad
25e1bdd1567f0d8
21c80e67244a163
08a15393aade8cf
6e04c1efa14b4a3
0232ef214885d80
2d4130757242ae8
66c55d75ee71fe6
5317882b3d8f1eb
3b617e3777b6541
42002fc40a18f41
485e4b642d62cfa
74319226a643cd5
72e86d378d44730
7bd920c8932d71f
71e5dbbf5cb785d
81d63bfa11994c0
889772a26724d02
3e08670fb61efb6
272c45ff53cc297
8d18610987ab6dd
0bc15a6ec72d622
09a80c429c4b377
8f4d756f35aaae8
4c31c013facec6e
374b8713634b7c6
18dea42568d95d1
49665c2ba929a9e
4d35225aa07161e
2c7b39f6a7b8424
3a2f3c1a394e765
0b031d0f371d3a8
5e22a9f3981aef2
56135c88ff8f557
13e9371150c93df
0bd9689126264b8
2c0790ed6e2f374
66e9d6188b3c02b
533f9d0d5210693
2bec72f82fe2517
89ddfd3a2f6c5f0
67306441ade3100
6fadfc70e0af2bb
1bab0eaf9fa9c3f
0f70920392de4f1
143c42e9b55a404
8a3a491d1827db7
858e32937a903ed
063cacb90285ba0
489c2d552d9acb7
7113386865b08c3
422e9a047369a5c
530871a5281c432
23b9729a57bd455
3fbe62cfca4351e
73a58222b585b7b
64862191b091e91
0b0a5f3b6f96b37
3f267b3ebc4dd7a
4b35927b4d8432f
351da46f15ecd4d
50ede19add5d5fe
90ae30055b4c553
17071b4be136f77
5635abc3f06c6a3
3bdffdaec2bbf61
0cefb8be57d00c8
1d064f9dfbb80b0
717da78f82eb57d
1c4b95a6dbf5062
0743189ff235aa0
4ccf60da1ca7f1d
5b8cd25b7e342fe
2926e4d7705fee7
0a94b4dc9e596ca
05ef54446f31698
49cae8a714240c6
40a438102224f4a
760d462c0a0c4cd
37e61edd038723c
5ee9332abf33f9c
07c3847fbf4baa6
07b290bb2a246e4
028b45cb1800217
21afea968fdfda1
61e2a381883f1d5
691c347344a27c4
00bb10e7233a53c
81fba94d4305e39
02b4b7b93188c06
15596402876f7d1
3a1c08857b23381
8d4608c21d417fc
6564d03b8f3106e
03cfb0057cc8893
5e710bcc8facfd1
2f6250d5cd921d6
24d1fbe44fdcd98
698c8ef5937b77e
4d2a7318b223414
1011c44907b056c
5f7324f617c4167
061d075c0a85bd9
1ef66f1abe92d78
841d70dfaf0d18c
727697ad647fb2b
13c5e1b1fbc06fb
7d0bc253abcc1cd
8bf58df8198a3bf
27ff6b1299b06e5
4f2568fb25a6512
804f2a1a37fe456
7b38da1f6171414
75c290ecc2ac8eb
008f8e0a2f44d3c
1cdffe64e5f1a06
006b8339f782bd4
632042a72644ef4
16db00f883d973e
2b8aaa4772d480f
7e9d2474122e425
27494d2ed1eb2ce
0555076753867f7
0dfaf535bca5b10
714f7bb78ef263b
13506bba057d812
557b277300fad94
043bd7af7a0bc0f
8d80d40e29b8287
8d893b73e3d7138
5eb7dcd6d72e1ce
14c8b1e8259a58d
2c92ac82ace68ea
305715987bb9c2a
4f984f591e8c1e2
7ca89fb41035b84
00cd67e1e436665
239a65c143a3a5e
53a62b212674492
285400395328edf
2bebe3c782ac960
732c1deea14d62d
255e4588f3e769c
06b320df9c39f3e
0de0927f34971fc
30a162e9134ea90
40ac5a7aff7890c
197eba930fdf76d
39fac5fe23413b1
474b77396af302c
44decc3868c995f
664b87fcd29104a
3755ce178dc47de
880cda7ccad671c
0f7fc49d0fae9df
7807a910fe32156
662bec39668d020
17a1aa4834e6e3b
25d704478f9be9a
8f639d7ce561436
33dcac21c825e5e
640b2a0416b7aea
5a31ff4edb2936a
83ae06e38f9317d
097154ba5366149
33dfa70867256ec
14ee855e52d74af
71ff0c7907665ab
1536c3364f7bacf
685319d926566fe
4ac2423cc3fe4e1
3136f11899c5850
326c66d33b9184d
8236e289c89048c
5647dcde931dc68
533c92fbee353d6
117d17d6f8bb196
2a0128f16b0927e
2a53308b88fdec2
60c24a6f693f0d8
7d15f9039edbd2a
7596235e4372c14
12b9d8ae7077ded
40c240bee9a314c
67c144205906b7f
73d15dc72a9afbc
480c39ec1d7a485
81f0ce9a04b7d00
72460692c473812
29233e92c8cdce3
4241e27d010259e
46e3d62c60edf21
258674e1e4e4460
1953f986587f72f
54b28adaa1463c8
5633ac8ffb640e3
3ac2d4200ced7ff
8310877f5bf3f2c
041c89f71c7208a
3986c8c86e2ed1b
2c9a05cb73e39f1
7f0d5651ad0d349
8a1269d9f03e5a4
4d4ea00336529bb
8b70009ca183431
650d586aeb74335
88b6e6dfe160dfd
0ae81a23e3af874
13321bb093d4dc0
0559234c6b482f9
87a60a6ae30d84f
0831f4d6caf5655
716ea84ed2d93d9
1c35b81ea2a0a7a
621bb331bab9e8a
8f16b00a108c551
33bcae0fe45a6f5
0be8482d4695e8c
2d621bc01cabdd5
33a0509b3025eb6
8a92a39f35aa55e
00601f655dfd331
4556345b4437a5a
8573d4b7affa298
6651fe44de2741b
195be77c9a579c5
12bfddbc73028f6
58751820c1d3020
7e503d79981b9a4
2d7feeffce302dc
3830dfce0c5aeba
2692da8a4acb9b8
71eece61240e72f
7f93b809802c62e
51bfd5ea441534f
1099c583a97e38e
58f3630e6dbdd7a
0d87e0789e8f9fd
398a342ea15ca18
5c217a85d274312
3c4c108b60d2d1d
8b549df9cc42a26
46764530f4ed1f5
19ce773c56276be
1a5356828f46c52
2812d03aee6a6ff
8ed72918e8c87d9
67b86972b213e61
8549c334c9c72db
8f80b045698fb55
1bd433f52a28ab5
337c5124c4e01ea
58fbd92c20bb3b7
0811e42149a66b4
24638c6adbaafdd
75ef83a7858645f
1bcbb42eb533b7b
7a01b21ed6bae84
8ecdd96d8e8a9f3
5b24ff3085f9af2
64c74c86e307c5f
097ff03a1c0a332
85197f509dfd040
459016df70efbde
89fbd9e302e216e
2137e927d8bfdf5
4a2b0bf7180c0a5
6e9f79637642522
0c1b92c3278faa6
90846534a287bfe
67d56d0b779dc63
4e693f1fb0cf734
55663423750b5a7
88ccca8f0ad6442
3a4fcda7ccd960f
11d0124d770786a
5fb4b0f0a1ab27f
5f6c4156d5de059
493103d76ef5e97
8fe73234cef75d5
12b229f6dbd9b1c
5bc32d55398db26
1ead7d6f6da922a
8b00407d39d5426
1c96af4f8b15677
7142119463ecc2e
0319b5f4f2da15d
88ea4cbc290fce1
60992657bba8812
407e9296885c0b1
6913a5b189775e2
53b1171acb1b045
3cb9206ef4d25b4
67aa9c239222944
6b4cc937ee7be79
42172ed93d2442f
03235c40595eda7
756384e676272e8
0eec0c601d49a46
4d9ef52065066c0
6b5adc87ac21652
66f1f06a6983f72
858b0b81e8791c1
7c583d62b919509
63fddf62cd4848b
05aaa91fa9e1bcf
1ff52c93b733be7
6bdbe83e798986c
2940144bda6d1c8
64802957a5ea35b
394f5c41dc5b14a
0669cef002438e6
0a7b74f9af6abc9
8c595066833e0a1
7c9328ef841c150
33899abdd2a0a70
64f5ff05d52bedc
56e34414f3b6473
5893a2f111ac22d
7e8220ba7635e9b
470807c8886598f
833ff3e19cb40d7
5dae0caf29608de
7e41190d65258e5
8d41f0360df5b55
54dc41f02259b2b
2837eed0180312b
885006873e9a738
23af50a05c5be69
1b4c5e20284f6f2
5e9be3254015546
8702c608cee6e48
3f1054844ad8d21
4e69ed7bfb4faeb
1acce2788d0284b
528c42c3a0f3608
2a0477f5f12df02
730f326d22434e1
663001760a71e05
4da6d350fadea02
2a645156e64af74
1b187aef279274d
5863c64f34685df
479f4b58fdd6d65
5da91d0442bda8a
3908d6072e22c2c
7fcc4a6ba7b1065
025d4713d00fba1
5d8c85371d79c0b
474763b10c225d9
3c2adaa3363cd61
4afad615c3b09f5
15e987f075811b1
53c7849bae73f6d
542641ba624dd9a
85ef0612ff45ad6
41353eb39f51c79
16790f4d898155f
37e0bed06863c26
8b2fe54771a50a8
15ba5161f0a5d6f
00814cee72867a0
1049f7a73583823
3bbee583c753714
7c52d4371c6378f
893e004170fd3e5
05105af5761910f
82ff6fe8e248245
617d88212dd973a
5c39529bbdd1e6a
8171d2721d3903b
3212a9a60f7e17c
7d19c044881eb73
27bf198febf369a
7ed7253d424819b
41a5e4b2858c3fe
8a8104e16a59a01
31bb6f01916e654
8326deddb468f1d
34fe66d92d1ba84
61ee21c620e9ff0
22fac8f31f38bf6
763b6d7d5a1f988
8fe61acddef6f34
60ac150b836bb16
75c3ce29d04c906
025b5f831876ef8
205a587cd3eaf3f
2b018a21c58dc8e
888fda4de81ebdc
476e41848179d4f
66ff6ff5705ac88
6b2755ec6c16c63
2de899fc7b71af7
5f59711920d3e88
3d402b510f3e74e
64e297bf1389621
396cef7c4be1a83
03d6ced647051ab
002ad2b9e261de1
732785556ab6c55
3b54a3e0c9759bc
231ec09fc028f65
2cdae908c34b233
2af997b0208729d
550237a142e6097
2a44e3ed064cda9
57ec9630e041c71
5a27e99ad2be4a7
5645ec20d753a13
090772a4fdf7044
277e88c29f7e71e
780f91f1ce823e4
8f10faf4ca399d8
2c8ecc6178f3f1f
86613d84025b088
662ea2d97289a85
356bfe80631e212
2e502fb84c421c9
3372d6016cbfc58
69c0012df5e7f8d
2b562e9c0b12314
29ed9c456e53338
5a4d1a178c00bff
6842fd3b43dbc6f
04acb94f699a570
742439065d91eea
44cbc5e65b7f12d
6ce53d9563df538
5518f66a8029128
41f06d767222f88
790cb0e3755e5ed
1516e6cc0b5a72a
4c8746fdd062bf9
309998da5aa6811
786f1a4b2aa6a1f
29e928dbd4109d6
6838c2fc287e3ea
8189c8ae7585ef0
121e79f7f961e84
4b28234242f2a46
53e8606d72ea0f1
750becb70634b7c
1550e0f325af3b2
6454913779295e9
07cd50e0023024c
8364149adb545bd
87d1d04208d2c83
79ca07c624a92ec
723a71b9ac38df7
10e15d8c0a108c4
0c2bd9bbf118091
255717b9dd3f0f4
0c3ad197cbb282c
0b4cebbe2d12bfc
11b0f7cb4f2a4d3
546a5c3942f6760
54b8b3e9f5ddbbd
6ac0aef8131b787
6a6ff74c2862c2e
2b7f934deb771f9
48d4c256728fcaa
320cc4193c4a11b
32ab53c3b7c595b
7007bed074f8db2
11c4796abf1ae10
0b1343878b736fa
2be474e79f3c27d
4a89bf2337c06e9
7d889445fb006ca
221d5062520bfa3
113da3dfe5494fb
10c22aaa760ffc5
6c04f9e8a254f23
337ce767eb3fd88
1ea38fb73632094
48c0efd466a5cd3
79ea5b9bd5992c6
6f9f7e914a64d74
11d03ade10c6a2c
0e076e6ea031954
6932757d2476acf
8210aaabb2b4479
8b2cc24f3e1af75
84c0a502183ed3e
4d3dbadb43cae2c
34cb24f0992301b
72c325702b28c52
164f3748dfbb356
1d5bd11846a16f6
548139d9c2d2b5d
2e74b01f0c75b52
4e5a3edb69be6b8
5ae1feedfd05676
5038b05a98fc85d
72a9619744c07b1
64b166aabf8b151
0cabc004d5fb5a8
06163a5c0b4c9de
491776bbad6f86d
331af56314326b7
2ff76375ad85a11
6d1a4bcfcd8fbd3
29a9c877c2871b8
465636da6d5e8bc
12193759f382c87
066a5eb64c4969c
29626ffb90b9b5b
70472369124f127
86850253d8e0257
3abba0dfffb6c6b
82fd2c1819d8608
34e711824387bbf
332950235c21af4
81e0bcff49999fb
2083dcc00919cac
585c8505434e886
4c1624a84a5ae01
4590da8ed15563e
8a99be07a7f3c41
1d2b2af44859001
422c61fd3f63a71
656a5aeb019d2a7
76917a9938a8f84
71f53f1a055356f
86ae932a2b853f5
7f7aab6cad3c0ca
70184783d0ab2d3
3a7e10c860fe587
7e4f16309c107eb
5ebb3a0c38085cd
39fe1b41da2e50e
567c1cfe715de7a
4b34f35ddc8619a
6bd9ed5e956630c
7c2ba740c145df7
5539ba19d7c4fd6
50918e77cdffb45
81801c2ba4cb978
8c7c25973cd76e3
6bc53ce967bbb1c
5d0250e8eb3e88e
2ea30cb3f7e94f6
1502ac3de5914e1
8a487d74394d6ae
82facf6826757fa
32805828296f21b
8b1b5c8bb485a6e
32b91fce3861ad6
79dcbf4cb66cc59
69ddf7ebcb9bf58
28bfe0236d3da8e
55cdf6e0ae93712
1e4d72427c1347b
6b128768acc730e
71d55a6d773c097
3a525fc688c14c6
7fb0fe42c35d82d
1838ab1b6c2ae85
2a4bdcab4f9130a
59ff249c04b8a3a
0a4aa0a24f99817
43ea9fc10bfc0b3
1487c4b9f2013bc
6bf95692ebe35f6
030f9cf4e791d18
7da03fdc929dac5
7521e393e8a9d33
72b7c9931b8330f
5fe53f680e1c7d6
3cbd2a6203eb2b2
1b7359e4e28ccaa
5e23001ba4ccc66
430094f3f2508fd
05a3eea9b658e7b
6f8231f4cb7af9e
5c074d764b2cac1
746a948d774ea38
0e0232265cb5334
77c9dd2071db204
2814fc6fb071a8a
80c5f1249e7b41e
793fc94e1a41bd1
5ed02f8ccb8d679
89ec1824c1fa1aa
787c02ea022059f
10681019633886c
65107a7c7dc15e4
40083856886f392
3bcb6fe8f94a2e5
2a3859f1c2b447f
8f5793a8fde73dc
63f4cd8e34fd8d6
8c8fafe92fb5ae1
24e752eaec66ed2
299d978ddc3ca0f
64d0f50196c8144
58578c0f805b6d3
09ef69bb3b5249f
39ec79ac4a6f800
4d6e1fac8cabae5
01443fa26cc829d
84abe2bed10a888
356443e46e297d7
15b5f755e202e81
6c7f57929b941f3
090ccf3c20dfef6
88acb488030b602
7098f9c2ecb52c2
07daa0f85f214ec
397d9b3df76154a
5f930bd3adb7db3
8f368ee01591665
3bafae7d24532cb
24c162e50c0f1cc
2bae6feaea9498c
746b6f66980d04e
8bdfc84ce723b1a
3fcf7df8b092eef
17d4fbbc27c6068
382c440303d4643
739c09bb5dbabd3
4dc4a883aa43818
84da49380422e94
1b8f0b82b33ef86
057c3e1859a0569
2d1a45c5b8e525f
0ad9b77411879ba
6a6127d4b6cc454
723221298228707
7e5f0d2c2e3c489
4f4675c787aa9b3
7b9277c5d33a1c1
2b618eb10f54073
403f877b78e8993
15743020427077f
7f8728352dc2c19
55bc1fa63726953
36f283b14e2abce
6de566067cc04d0
77fb12cf99cc379
4e69e3770e49e52
12fc78fc4899617
2001c789de70bd3
623cf29e87daedd
173e33916ab09ee
90115728dd98e83
3d64eb21250a031
867035816cdd2ed
32505bd1cf829bf
8076766833518e5
15d0b07564b76c1
0da1c2d6039a6c2
71452dc3b7352c2
5792404f859775a
6fa13eabae01af3
1353630126ed285
90898bf522158d6
3417c83117338f4
7c93f359fcffd58
4c33848c1c47c21
47ebca14b3696e2
7a740655a940936
2b53d13716cad29
7c1d66c99c60482
7df791bbdde1ca3
7fdfa08acb2b535
19dad848e610ed3
35463c7d265bbf2
1d3d01272889305
710c99179fb6666
58b06ec1479701c
6cdb26ac32f28a9
126694b3c0fea5d
71cd3e818eb3456
7708fde6a0ff57b
213a492f210cdc0
65990b78b6d0865
38868d9bdf2135b
2f0af35abc85866
75d178ed7b8e634
3edf63a3a976fe8
2138b1d0f71c771
03064d5896166fe
0349d6c0c0d5266
258c66ce1ba5ffa
1a7b36959df6ba4
1c1e993ee46fd08
02fe5e091f3fb90
3a0604c5f585020
04afb54cbe4b0d4
6d75512ad1a43af
40a5fcbbe9db7ec
42809dc692cbd3f
3ddde897bf90385
73fca36e41609a8
19c56697785abcc
6b6be5f361aebf5
857a888be1053ad
3f9b6f8466fb56b
7e175fba47cba3d
4d67e755f3bb722
4a7d86993c72838
493570bd2745395
7359fe327821faf
6113c3deda606a9
7ea2fc6b2093895
0a97aaab40f05bc
7afe0b5186aad01
12190619fa2bea1
48670dbca98b944
290061667835a19
3d49b104bc7b994
79f09456332734d
36526ef7643c84e
520ec6673d0909a
320dd91ee50f35f
7aabacac0aa82fc
29034a66fcba3b6
7a893d2d4e8edfb
52a26bfe29a8b3b
142763d3fafe4b9
784b16031da5738
74a5ab49020770d
54c231728e3824f
73471ac03617d67
05b244b71fd136a
35f53ebe6c1dac8
0f1d72d736c5e11
7ca3e668a0067a8
89928859ff5cafc
483e0d2afbae294
46334374d29451d
7a29a24c3e6c300
7b1f8235bc39bbb
19b7f6602abb429
0b16dd40e99b81b
5389946fe4c3ae5
24ebb092f41ec93
321cfbc307f4441
8d7e38f2d7b1271
15eaae56764ec1a
35c7972b0657603
7f4c07645adaa35
0be424d485b153a
012334e5e15b70a
8e4ac2cb94ad5ee
4381b17b3a9573f
206efb1e0c00ae0
3c3e46bfb8670f0
8e65c96e945e994
209d4e45f42fb96
5a8e8c046474f33
894f2b8798a490d
46aff8ba640330a
14546c122a7f351
4aeb84e98fc045f
803ae6ef18d8c31
73fd2d821f1158e
44f04bc14b90813
05c01e970b053e6
3deed0fe87c716e
86ed87f67594db1
0c1cb7e2539fa8a
0df1c2e2b467c5a
0f681ee450244aa
6106084b76ded29
48548d8623b76a1
622756de584e376
6d490a6ae5fac3a
5f3f0b7060b08dd
4feaaa939b0197b
6d19f9074b1f458
1e10a9198b1bf6a
812ee2873091920
8895f26c350cf5b
87819544fce3d95
84b3585a368bb84
88e7907842c2aa8
5506ac20f4f118d
6727d3ec23ef34f
2a8c77d15778c36
2d2f9d456808e26
56310b041d4f84e
2b9bd9a361cbf3b
52bf78cf7a22860
264ab8b1edec2ca
6037ed05503083d
3d421b23295ee94
291fa4cb38e9616
5cbe9501e4713e1
3076a4261662bf8
7ead64d64b53835
13f98414c2fff5d
1b4540907c605fa
0c5ad1b94046f0f
18bf37e698db47e
737c50ff7ae2dc5
66eb720b98b430e
5ca42447b067496
83d3bb9b8c04378
23c63d5a5776dc3
6cdad927bb1685c
80348b85c23b294
2768548cb40dec6
5396f770be6e883
2966d6dba57f997
4ff86873732ac6e
500966ab67fc53b
4f7413b1b026cd4
1ade1933c18a776
62252c66aeea0a0
83644d5c46ee111
0d005de205cb541
148e41146369dde
44c0a3959a45b37
864affcad394fc5
29ae1d48930a08a
2a15d54aed36f21
56fb47b10492c5f
2e8bd42ccb174be
583e4f3192fb27b
14173b44724e275
5ec301244e7ebab
23898e768fa635b
465f0aad38625b9
61e6e8807ad5377
7f224127b1a5579
09f9f00e58cd41e
04de4694dfcdf30
1eb0efe641e4136
5c57f680356499f
11d209ec75133d1
3066c0d564f9693
55c787fa3c4812f
8369b0dd7fea6bc
449d4c69221a4f8
5c158df3fc178e2
50e945f5f5d4836
6347f8de4d08842
4a4796f69b902bb
31226f79d080fdf
440c71ac4d12494
2d5dd57d7ba2378
3d69ea5fa238a47
537978f38ebc94c
3cc91c710c06c71
34bee9def54999c
2f38c33b782484e
866463d9722ec16
079ea830bc537d0
271ca3e84e5bbe9
38dc12e2b34f089
4c893707af0500c
61183265c51fad7
6163aa628d941a7
41a89f338b6c539
5dec9662cc93a90
3b72253c65c3923
17afc80ac6c3232
046e71c49112a75
571baeae25bd474
29e6f8baed87dc4
2661e75967d375d
553b2d4eaf84df6
5a56b2617da7978
453e1f2cbc4b36e
907e60fdf5f3f45
3732fd72caa0c98
4fc38831d6fe637
275f1acabac2fb3
1414bf260a3dac7
03796f202ce28e8
03f754dc7b28aea
22cbc95955dc00b
5544184ee09a421
36c51ecd820f79a
7367a177e38d994
1a3eb6b80d09072
2d72d02ce60b687
02949ccb727f57d
7bafa02be7edc12
0af3e355e38fbe1
2a6d1a9c0d833d3
7b48e1cde3fab6e
4bbcfec271b675f
2fc12826b3db1a3
10e021d328bdf0c
70f1ed1ca93403e
64c56cd6030aac5
5bf4025293f42f2
0d7f2e93e6a5e00
5671ad5fd07df47
5d6a11937f8748e
679a5bba5836d48
72d883bc4d63062
724d60950ec5554
4a172553ee25da5
2543a09ce13ff29
56166e861eaeecf
2ff1af572704765
87d97d231d8358d
0df27ff7ceb874b
71f0eedf4db8d62
02f4084a91c1417
7f8235ebc692a04
03d35152404e338
6fcfdf0d8584263
039d03cc281ed36
78af77d26ab7585
418495d188900b6
645931a1bb9300b
126df2680fa5ed7
29dfce3c935e87c
24f898923dd35ce
48d090e3c605be3
6ab0e1cead01cee
5a632d4432c10d9
87b0c22923f0476
8df2252b19e252c
1f28ad197bd91a2
8425ce0b06b56f6
682df31582dd0fd
0d592bdb168c782
5ff4643d1f1c659
54cd2c0b1063894
46a15f891353b16
8ea5c274f1a40a9
8dcbbd7ee1f4370
774763035c749df
01b5d078cff8b37
5589a5ce5c08961
6494ec84b2e2bdb
607bff098c17c6c
7495bd39ea430fc
550888c0d97b9a6
43745e5b8b53189
79711ac23fc096c
076e7fab7af1450
307db1b5ddac0ba
645564f9f556dd2
73132b4848b7da6
16ac97b18548084
49325f7b672299f
2e030219ff97221
0c3287235d31a37
3cc63b8177b4e72
463b670a72a7cc5
56e48179c3ca8f8
745dc52bac6c926
01f15c27125d9dc
8c6d9314235a6f6
2f27a3a2723a2c4
4d899d3d9afcc7b
41e1ad0443a3eff
2bac23cf96edcb1
6b9bafd108b90e6
909d972ae863e60
78ed452acd0e29b
197b9b85c2166ed
2f5e8663323df5d
5ceb23dc4307449
59ce27cd8e76246
89993b7d256e2fa
3163b85ba912803
777575479ba58d9
826da85bd3a4415
643ad32ad50908a
6c64d38018c03d1
58618ea2b955f20
597a984124a4c8e
84634df7579a485
5358cee71a8ac21
4e609477dfb3617
7562282518ae920
50cf57561e63eac
66d5612587c78ce
7ad0d7fd021d76a
4dc82b4861ec1a3
2577fa12c7b4d08
80185a79f85e4fb
8c805324d850bd7
6b0867172e546f8
6c195bd10d92c5c
3f7dc93f67d176b
01ad9e82bfd29d6
1733b2fd07182b7
388cd8b5be4224a
64742956aec0fbe
115b199f1cac7f7
84e57b5bb5f0379
52c887bc6c438df
62544f8b52ea4aa
1f224cf3fa3fc06
66a329a6f731cc9
1a9b744e7c53781
53b930238ab5b13
1163595defb44a8
338ee04d60468bc
1b26ad4150510c8
1ecd34ddb84ccda
56321146f0efb5d
90d3ea991861b5a
0161219cf950064
4095c02496d3b71
2a79c3c30137a68
06db1f7d0d53c83
2bce9e73e2a3b6e
182c4a6e212721f
0ae786b39df1cab
2bb31df96c5f6be
71cc07573259ba7
2bf893fcb5efa0c
5c0dfbc56159a0e
7b32de29c705fc4
4db226baf767205
450900ea28bede9
09b49770ac62faf
4397916b6f2fb02
33b849409b1af85
6df4556fcb277f8
20e89586a2a4a7e
1d04175d71d6e92
8e90fc6f1b09131
757aed3f6024c5e
49146eeb91a9997
068f364100da40e
61b480af77a2fa3
8204582be45fd7e
68a70e2d60acdd4
07d00a3543d5d4d
05d075605273b09
75d9814fe1e738d
56f59e43809c7ca
826e022c1f8f527
397795b05d42f95
676bf9c223215c6
4c2a757c0662520
05914f545da613f
74319b7cba5c0ee
3d4da7ae8106f40
7781605674d6420
7599f6c1104d5e4
801df6c59f90e0f
7e123a4317e6b48
0bec4dc124927e1
0cb8ba43960b7b8
322f52c0bb41ba6
220b5b14024845a
8e25426dad1b5de
098628ea224edd3
65c3601ea1f62ec
3881b733709eded
6d6ca3824f7da85
76ff3c7c0f624e2
7b2b762addf2cef
71eb1c5db39deba
3c460b53d3e71ec
6ba42f5909ebd33
12bf06517743796
5164afcaae6c11f
88a3725c12fc5ee
7e66f40aa499da1
3ab2c4a107a05c6
6a14651ec4db6df
666f1f025a72fc6
835f69102f0af96
11a0ea126b619cc
420ee9f4fb2f2a5
655138e6f2424d4
6a32b90e3e19550
7e641c462a31958
03ddac1cebce45c
86d33647990f1f6
35792ed2bb625f7
7d5fb267e79b6d1
6f1c4c57a2dc58d
72af343a2185816
04162da15491d04
466cb69c8674088
280e299195b8d96
4813b7cddb8f26c
746113474ee0a30
3e7da704131fb6c
3da5bc3770c5c1c
54e23f679189677
43bcf55622c615e
63ceb3d79071e88
05f06a185eced80
061a865bd268bd1
33f640c6e86637e
7bb970a538b7c70
7c5d75da6e8a363
790404c81300768
687659541d08ef1
6f5606478db4251
70fb1ebbaa35a36
2677a6338835790
88d5628b48711e6
555f2ddd95b3082
05da5626ff475ba
5554e50031e0a4a
5d61acad9b76b10
757f028c34c0aa8
60d2521f066773a
1d0b6b1cedc4131
1ced0acdf871939
4089c559d46f4a0
727f89c7bec0e14
264b8ed745da668
5e63b81fc3a8125
439732526568af0
24d10b972b527f1
57dc416a1c7837b
7a6c4f83050063e
1c0d0ed4f46fd71
4f3091c7ea31a49
3a7101fbd6d262b
47fd7a121b16393
6f2f5af6a4219fe
79939ce196d9530
583f2a9caf0ceb1
7879b0daaab7869
86320f20f182710
4c05b0d69803d5a
7c2e1548fcf1126
8fd6917854db505
2d2831adc8c9dbe
8bd151049fca462
86f79880a4d3b2e
83c7e8926cf4802
1bf4353ba8d49a6
0e203dde6007b0c
42f69ba9e2c884c
50e8f934fb52085
1b3c5b4096b3dfb
09d9fac159f885b
253f7342c4fdbbd
5eb65e067b70acd
7c162cf3a239888
61551e901bb0a99
52eb627353f4b3e
8c7f7486b0216a0
01cccd1e96c38d6
53d33b8f087a16e
53a061a52f6a8a7
0f86bc68cf41931
61adb374385b42c
0b30423a7fe005a
0ecbcd1a866283f
661e9798cd02f67
20709f21875ac28
0ba80b3630878c5
05ced4c27d6ebc5
56758e34e9a05c6
0110c31dce88e4a
5b4d7226d039a7b
796165bc5a92196
43d780e2d482442
3ce41e3a41dd6ad
4cbd58e3df287a9
262667afbdd81d3
8ffd4e0eec8372a
33fb38c5ad76243
2bdaf20a99c2f5c
7c237050e16a1fe
3fc3080fa4fedba
1c3ecd159fe2207
65af33172fdaeae
2c170ab6989222a
8d2e84687f8ec1c
3077b7ee3ba6912
068ade51143a23b
432be9273370ee6
6cda27ce1dcf633
1f9894a7f6f81e0
412027e16f92aee
71692ce216c05bf
54890806abc95c3
75c524fa0745143
405c96cf9bc28ae
86bf9b4e9cee436
3f39dbea0e63369
398f221d364c211
0a31253728c7dbd
051bd537b7878a3
80046eda7414819
7e8082b49a94a0d
4e97bbe23181e9b
2b3700c922ff7be
90a829160969b62
8c5b293d8b1c7ce
75818372854c30c
84f4f3a80276110
7c4fa2379a83c3f
6c26272c47bcc3e
8cabaa111c8f7c7
0f3978d576136ef
609857f7deeb2d5
6765604b243fc7e
2f0c950110cf82d
6f5184ca84fd646
85066ceaebdc75b
0da20c82f570de2
293b567d8b3e913
65e7cfe633c8f7b
8810d0029b06288
1fc89c9b164cf5c
63ab1306f48615a
4dc661267fd6c01
0a4d9796dd7c7a6
14ff984f6ad308e
2c5184e54893570
40bba4811acae07
7641a7d6503c65a
847cfa3ede60494
2820851ab685f64
84a2d292d77dae3
6c898226c28e3f3
622441bbefcc96d
4802a4bbfaa5571
3bdc11a7357d044
5a69e4e4787a3d7
190049a8952756c
38f239385dd2e0d
3a4a0eaa6f550b2
032c2233684b0be
3f046e4140f60e6
11edfd23cb85f68
82ef64af3a260f6
0848cb0a929a0fa
266374c190e6344
62d104f5e8f5ce1
0d0ff3970bfa723
08636a286fecca6
30b923e69185de9
71296f5097f0dac
058a73e4ed0a3f8
73ab07e682cb803
1144a2515a2da06
8d331144ed0040a
040909fe71c57a4
694647d32bf900f
5a0a0329e8f3812
675eac5cc2c303c
23136e1d6d37042
30248983b5faf4c
04cf9cb0a4d8c9b
06e42bb9d0d9f2b
5711ce11420b219
3f107f0e806fde6
51dd59aa4545c7d
46834c8a6c2e724
16fb1577f1f82d9
1175587d6960bbb
79bed51ebacf013
15f9570e1d5f958
237c81280569442
1b6e9b592795b5d
8a4244d9ca3d011
88569dffd994cda
0933e36f8178581
36b06ad7b7cd11d
13b5a1008718977
616eb9227b3847e
8ab4e4163ee55b9
3866db12e002329
18116360b1be9bf
26f23eda7ccab15
53aa160c02e03e1
78762250bd482f3
59d95b74f198d3f
6bdb4c0d34c4fad
868c63154c79fc1
66f60e961c2059c
586c88b1396b92b
6db3737d4853e67
8e85746a4f98e76
132372e87220ba1
6e2fb29a782154b
2eab3fe2fda270e
30bdc81b59eb881
255e0f55f5b9aa3
6750a606b92053b
6b4a4b45aa237a1
0a0dcfd560e1adb
122663d17ffa8bd
7e97722a49b0cff
06bd91e864fb02b
7cc8170ac8a49a9
1324fcc9664c080
8f899a2b23bef33
830f378bbdc8820
3348faba06ba0c6
34f0cc2049e4a27
5d9ea28debe2d62
181ea47b26ea09d
1765d267df4faf9
4527fce8ab749c7
25ebf6cd0e6f7c4
02754852572d475
0073a6d722099fd
3f2d11eb927d70b
20d59cc9b1498ee
11003ac1c99e7ce
5b8f1a0a8ff296b
40d95ae6aeaf4f4
8909d149b8654ff
86482bffc516cd6
4a558679dd5b342
3cf54dbe4ee9e98
09cd24e99dc5be3
191d92b318c535b
57f455365cd9015
861f0c1243ea8f4
1d2a41eb2bf2cf8
2570e901b64421a
0f0aab4e1a6473a
733da2aec7dd225
3ad6dd14dda77e7
8165f6f15ad4f44
02acd601610399c
78e2804f9d91832
462fc265d3c7ecd
8c227ffb9d36aeb
75df9f900056a25
72a7a34e25d7daa
8c7e1dbfc9881d2
1f7fa75e09f2e8e
73c6947fc5c60a2
8d2d5a773a139d0
4595b7e872543ae
6efecb9eacb0ea1
4b65ae82431297f
6a4e4b5571d9413
3d62bf3d2535e40
2e7d1ca27e0f046
2ac183ad548e867
03bf1d41c5b3bfa
14d3d3f3c45ae10
65da889c5c39d8a
541a52a1715c197
51c807872d4ca77
0529b8f49213755
472c706e8c0558c
2a8b6587837309c
1f6255d7d872419
1bb3797af38cee7
19d4cf4c40026aa
0e80286d24db950
42d0fbbb3653936
06926d14500a092
2b737cbfa730ca1
1db7ced786ca1b9
8e4d2b4a157ce9a
721cf4601d3ed63
2dca080de25c579
08450f9e3c63906
528dcb7beba50fe
3e30a49246e0bb1
7595cf30ffc0540
314b8bdc0c47e2b
8c4a01554372a7d
111df2fcb651f0a
6de6a6aff660079
7c6ef3d751ff80f
1e6306a900ebb15
2ddb63f07ee0c48
12cfa7a735a12cb
14aba28bcbe6bee
2bcc1ca1c7598df
3cb13c6d14edb15
5013b17cabdd778
31e55dc2a1433a0
67ede05255ee431
5c2509d61a8017e
4d81e89283957fb
5ec5701e3b1ad92
5158ebb963e4210
7c585c8a959d8ee
1e591eeb6b2e7cc
06f5e53aefd157a
4825d5965f0a065
525d2a06804f86b
8b214bf97d90fc6
535efce998490ff
19e55316babcc63
0f7feae540e0d79
811da6f835e4371
0e2154fd4d81427
4af82ccfec40e4c
58d9cbadd70cd47
1f75c324ca3993a
2baec83b5db16c3
3d02408cc0b993a
41b887b0c552d41
55223c7119f00b7
1019143081ca501
82c41c86b44b332
3020815fddd854b
08083f7ac4da61d
1163370b8b9e61d
4d605d3ba41276a
5d21c7a8c81c7f1
648ff86cfa40a3d
0d295c4f9058222
37572e9aba9e796
2205bbeb497127d
368e10ab57c64e6
0a3d1022a2d9d2d
6654c0f00e2585c
293a377534218a0
1caf89fd31a430e
1610b7cdbd770b0
1e52e663ac40e11
0bd5ce8ecf2fa66
13ed5117c496283
352c61165a7680b
33b1d9e9e1a8b1d
6e3ef8b0bfd681f
86f47ac5c2f9927
157250f60877e9c
62c5edc00cd2579
199b2ce7d8e3e99
076e3d52c35c0c6
4545a409c0ed1f6
42d592188f28d49
76a71b83509a135
06b5a6effda2ff0
0a5a7907df1a353
469541c4ae633e9
5c5e607a3abfb4e
3e19bf29d9c1163
8706379036d4f10
052dec4c6d806ca
86eb0f7a2806c72
41e98f904fffbe9
63e52e068f3e05b
7c0fe8c8e7075da
3ed79c4bfe5f8a1
680636b04a4b27d
4c558a9ea3e7b18
28b1b137e54619a
0352655635ae7e9
0e02b885374282c
4bd4087092ef879
8091cd899dd2db2
57ffa71d8769099
3b359b7748df89f
25466edbcb422e1
8cdb6de8dc85bce
0c43d1b26144c4c
0e14f05ac74ccff
81ec5f8df7bbd31
1fb89cc22bfa670
70f4c2f856ce87d
8dd4d3783ec1974
121d70afdfd4ff3
7136be7f1260256
7c4d2dfdc0f1d20
1ee0bad5bd6b2c7
488bd2735bdb258
58b4707e4e1da0f
4b08786ec269a63
36d4b752c8e2060
2448287e492b2c8
4897009de454579
252cf626808d24c
2d373d9be5d01fb
8a430d358a678a5
447482ba5c18858
22e4aaa939271d4
22dfe7590ab9a1a
3011d62aec07d2c
175ec706bb914a4
098462824fed990
7499ad5d1fd6664
4b4e58d199c156e
4b3204b3699647e
75917bf8c1a9280
59ca0dad2ef8f54
3e29aeea2909d40
8536e02b1c85deb
287e9299f3e5273
2259f3aa6d421a8
71e7ef804c90ea6
4e866e1b3427b10
12a0704ed683544
22f7d417b428bdd
7537b2197aada76
8c0adb43355f5a4
271a17c0692da04
35cea666209820e
64224b4998b26b2
3efc0034ffa09e5
0b3e8092a893a80
2d2e537ec4704fa
1942f6128fa5b77
4621dfd7226e823
3e2e46b7d636d87
829c9c58a859d44
588a55f9472adbe
4afb0c2d4db8c9e
02e0a41d7c79b27
90d04b64fc0db36
54c75b1dc4677a5
16517f2b539e4e4
1ef2360bfac8765
634d3dd6d7d6eb9
16e1b2ea66a05f6
4f6a61c09d02ef9
365be0023a8c156
5cff2af9f10b265
2fb0c9090c41995
1a75553d2641a5d
4e7ae87d86e55b6
60061c72b857821
7c01173f249d5c9
32c54956555b20a
2b14805abf42e5e
2d6685f253ad917
47e7fd16feb2d9e
097eeecaa1bbc7e
37bd2f6c7b33c0e
748e7ada2ce35f2
1ea6e72bc096363
55779c3d815bb94
8bdc4c7f2924dd0
589f11ffbe32181
2061de818861699
43d105caeedc479
036c3edea2d8b04
3055b4dd11f856c
3eec85c5b0f0c56
56cd55ad0c18a3b
882bf5d6aef7a75
83cdacf5d5ec63f
7c259b8333da816
753eebfb559703a
0f99e7f99584fa7
188c282b0170c0d
3576eca46eea387
7b6da5840eba3a0
8d90c0791a3c854
7f8235a8b70eed0
4083d3fdb86373a
1aa1b26e86f3ad0
544b44845d0d810
2dd8a2d25500a27
663d227607ed88b
859a74ee8d28ba6
3fca4d814e4c617
8e6f504cf0be0ea
754bbc4bc760c3e
45a2e04b8b8e223
47f62ece540397c
684856945c3c460
23041294b8fb161
56a35ebef604ed4
4338da07a7a9b6c
829c0c4b8a4f4f4
5bd556d5f0cd69b
8c896b4bcd2ebb6
76f415550f95b6d
8d5389024c6bbaf
473122e32a7d4fb
6c95456e8b9813e
84ccec601ba807a
18ded75076fd4e7
86687fbd7146303
87f9060645fa4c0
90baf8d835f1a19
3f89ab9c522755d
676a85bf119525b
184f70633f26b54
7ea2f7b4d4d1330
65cb246f08127b8
46f6273eb0c8e25
1034ad935a178b8
0fbdc0e634d14e0
175d0c13cc8392b
4d0de9c4993d74b
7b753c04ae5a1d5
6897915a73f9fa2
769dea1ec0e545a
596ce1668ce6f31
6aa040b51db3416
06f5dc24878e1c0
497f6fa4eb39143
37f69c031946188
0454a69bd0f3953
74112cd3192fd08
0ba71468bb93a37
49f96f9f68c0a70
68017a56c819216
11e09e38ecfc690
72916884601f199
6e5860e69b9ec33
3ebd1e6ddad94ac
35dc01f0fff3029
1ba129f10a6f2a7
3a23875c25ed4a2
8cf0ffa56d41aa4
35f747c34464d21
3512f7053a9316c
6be8dccabef8496
4ad488303fdefa9
528d924613c7434
7f308d4d1a88182
6444a3139ffcfe6
06c389f610aeee3
42690558c7d8403
86782d6c4d0683a
4f10e3d70cc243f
68a69ca4d85b205
2465394fb5b8979
245633f011ff325
256d9111d86f5d7
5ac367de6b27551
482a825f7584d4d
6284d55c837b963
317e5fa749e6374
2b39d0d85ee3f08
780803f7a2e36a6
3177a83170f44e7
14ba269061f4ffc
180427c1bbaa226
081a6485c956843
230ca2c131fba13
313b20e661c9174
1a14f9b0ca01697
3b71da43e37384a
608c77fda686626
5facb1df1f1fe2d
111ca967fc6e3b2
30c684ba25236a1
25c0e06df1aaa9c
3ad0d7b60561921
076b1f7011a07dd
8582eeea6dfb7e5
5075dedfe204782
0c87e79a4623fa3
36d987b69addcf6
7311d52ce8e7987
811f2515ca7e054
8a379cc5a047d1c
7c0edffc7cb266f
5330880bd715849
18cbca0509c1f83
634d329f6793893
3cc7b6709df7cd4
75afe632e5c7c9f
8b19da9e233d543
2cc82b50c1a2490
2314585639f3064
384294e6bf4d0f7
90ae263c1166caa
72aa14e6acc2ba8
7c102f5761ffba1
03d68a99277e9fb
420b4638d78d624
4fbaa6fae256dfe
1d9e452a3d0216d
745b0c7377593d8
064be4634cd5ac1
6dcb0e08cc01b40
896f438500c1680
4b44a2d3f8ad545
0ac15e885c9de54
707b409e3fa1823
8cae66f5c0597de
8b1e7423ed10056
3bd2225da2d011c
2d8ad36518d5c7b
2dd2edf35c47752
14921d3b12a28a9
6b049eeaf378aac
44024bc1d510145
6380aae91ee84ad
8316236a1262e56
3415a1020d48fc8
35d634836211fbf
6272445e7773910
1743178b535489d
121b949e30f3e43
599d053d6ddeda6
01e343fe3ac4310
37cfd7d487c30d7
6d047b4eabdfdbf
45e2b92642654a9
30f64a0b53ad98e
160b6dd0faed89a
451b6ed31fe743f
1f8506f9ff922f9
30ab30591a9622d
66cff313111afa9
62c25c66032261c
66d36693b1ea23c
48987d27601c919
3003f1ba3e73f17
1ade8689b3f3170
5a9305afc19ce56
8060056847e52a3
6d00c0a0c8d6f52
7d2331db912e810
6fb2a14fac9c31e
15afe996dbca6cf
75e899c7b95a66e
678aa096842fec6
671d92546c17077
19380d4de93d436
16951966db501d9
2e12ce117392e4d
8c565bae586a06f
7b5b56a29c9aea5
8d9dd70003c097c
4e55d7d4359a1fa
6087bf1c6d77440
814eff2b6ced79e
029ec04cb58ab91
08769f004f347ff
7ab7136c2d40253
105bc2cf153b08c
67e88a9b1d05322
879acdb6ad57a5c
270daccc3683cb5
1162f8509cc2a27
1c2420d7ec559b2
748d7d1d14157d8
0691a3dc70ba4cd
5beb8d799a3363e
0da5eadff6ae177
7b4e31208f1fa78
043fd2811f1dc30
77b2df76d5115f6
6c4516fbbd1a928
809bf0b480abcf3
40f7bbbfccaab57
64f57cc28df0376
7c82ae90e1a7f5a
591a5e292355615
2b4cdb1ed98b838
2342a652c938ef0
0764ec640abbb8e
72536154f00cd5c
3d61e7eec9133fe
87c24fe45b2d3a9
3dfae1a0f574302
72e53e81b777b21
3d6b74f8c5fd08f
63dbd53c8e24da6
01acea127506d56
095478c9f718c91
2a877ca3e3a6a35
2c6417e02cf39ea
8f148be853aca67
51ce28a6794474f
01da7616cd797f3
4135cf297edf00d
1b014b4e53d9c69
489748b8b58c561
8e78b3fc67bd3cb
173459245c628ee
2c5abfd0d237130
621577d7a7eeb8c
31062ab6e2b136e
47001b3886fc210
3592e3116db7308
46e89a62e9ca3aa
0ae75a630bb340e
0abc096576693bf
7aa6b2ad1c435ae
4c464aaeda2ad91
87695637336f24d
4bd130be12eace0
627f6adce279dca
69b264919b764be
31475ebf6f1c6e6
02e427e1b11411c
5bb3608a606ec81
8c66bb3d36de57c
810e8e2823dc327
7dbcf000ff514d9
52485a8d191f226
1a3a8e3d67a9abd
38cd610805fbd63
4456d38f5576668
603f5e0f6168b56
7c153cdecdf6081
642bbec84a01f55
37dce1269cd68f3
632202a44053e0d
52a123ce6d123b7
7b4f7cfdfe8c546
5a622f690d2de14
894ccd8116fd28e
4ca1f968647ddba
6d0da5000164df5
3c8ea3b4d979cd0
7e4486c66456a48
3498b21daefa71f
88c4412c4030e7a
7390b1a8c845155
1bdafe3f3670f3e
3e215254f5e2b5c
22e8191f6685b8f
3780a8cadfafffb
3df5677aab6c8a7
1499dccd7fa04f5
492505cfa2691f4
636b29acbcb8cbc
7a9a05e9bb85a75
23bd43c640e1bb7
4b8f0df41b54469
750b90fcd68a9c9
90c94f0cbbd6b8e
0e6a05431696f77
7ac3856cb04e6bd
82413fc7148ebf2
4f9c34c76d68069
3bf8fac7b758937
8bf4c7c3f101a68
90d4c1617fe7427
6139aa4d13374b8
07feb2974b45afe
720933adf6a185c
23e13f0654f7201
7476ab6045e82ee
0523bad75b0ad59
2f8a7e261e0c243
29d0a5cf92c78a0
0380d6bef4f8821
1afec1a9acf3330
39db44aa5f75954
1f867d0dc9bf57b
86cd4cc00ca0f9c
4d15a4582de5108
6bbee25ed322127
137a82d9d863dbc
250168b84c54ca3
7da6c7af64cd864
615234b50d9f444
149d3aaf86f82d7
59f5e91fca226a8
5e9768f4f13f34f
832fc90ab84d250
3351021909c6b6b
7d956cd788d00b9
2af1223459be27f
3e0a08ad75d734e
0c4f91723b0eafa
81ac8c776b4684b
6e68d86079921a5
64f888afb10e4a2
795db0db266f355
1e4d8bf2284cdf8
74c84ae580cc925
0da16222920f1ba
8aaadb015215deb
1b17d95f0240321
8edfa03375af0f8
43131102a3210af
012e46a0ffe73c1
0bd65f8e4dc4530
78f4339a705a73b
0c629dd310161e5
458027f51e792ee
8611c6e7335f119
489e39ae6c42960
22b7d24957b557d
231f847632686a5
008b3781a3e5508
5cd278cf9d55541
6a8ce3e4ceeb44c
74bb61e2aad5517
048bdcd17682517
2b768043af1df3e
1f1d67c03e8f304
7fd6e098aa2cd6a
364e9abb259dece
87568d53c4e4a08
7bae10c5604dd0b
0c164deb2bdc8c9
7cd53681fff79c5
7122f9df4d0e59b
2abdee4bca2a8c5
068be03a2fb54c8
64fe3b6852fb0b2
7de2c23e7dde515
384b494f266b61b
592981bb50d2c51
13a10d89a72331e
7195bb12fb33f80
8ddbb51903dd680
21ee4bcedecb6d7
7cc94b1f07c7f2d
5f06e4e9e19a113
3d374eddbfe830e
0cabca7d729ccd4
103599837f1e1fc
196eca7ff900324
4d81461a6d23e03
04162558fee2fe8
69b092b710af19d
2d2408582ff0c8d
1615142be9a170d
055e20a45327335
6267d6f7929a79d
1f138776f4b412d
41112f265087b8b
8ffe78c65b75205
845e1f49bafb162
078fbb57e65e052
8c1bdbfdf295f92
31a3d6edf66ac81
8cf2aaaedbfb200
2fedc0fcd083e9d
838e411a58aa0a5
4ffd3564bf53404
3357b31ea34958e
5df3a3fefd78f4f
2ccdb6b7ff1e48a
030103e772aed7e
4574b0a88743fa7
24b45107b5697bb
8c8489d2ebfdeca
83876fa943d0b2b
0caab650a638f3b
562bc2cf8d21c3b
702c3de1312baf9
748299a69938928
71599f7802260ca
3e3066c76ac00f8
42513e6d3c92784
838d1a746ac895b
7066002b00f8cc8
3277c81ba41a6f6
4ea8d32470fa7c9
3b121e9ec8717e7
78961baa0917f3c
874fcbb80a1bfae
13dda5e840dd0fd
3dbf42b3b4b82c5
091c035a9b04bdd
69b7ed10b8222b2
55f4e16d0f931a9
7dae84f53df804d
3910d4cb3badd98
73a98f9243d3cb8
716e1126b24d377
4fdfdc6a8d12121
41aac76380f05e0
4e067c087d6c2c3
0907265ef7b7965
10f9b54409ed282
1f59a1fe0eacff7
721287b8ba65d78
08f21e91ecc9834
1c01eaf4d94ef29
0ce23fd15697769
0a816e7546de8c1
2fcc650e0d1a5e5
26d189cdeb5652e
700e45f5684389e
002bae918fdc0c4
76b20ddb121fd63
37975aee9cd99ca
44068505288024b
587db3d9fd0b9d8
334e90ce00a17dc
18603a4b39296ac
5f0dca315ab4c07
6ece12fb4832c6b
2030d87b341062c
609b2dd4545c968
187494dd5504796
178a98db674e11c
2d98bbf9607d34d
55ce1fe3b9b8672
2d8fccd2f3164a9
396d8586cf13b4b
4b4ec9fc9dd5e40
0b4cf5180d34ad3
0cd833c2de7d359
714d8f5d773aed7
3d4ff0a84fd7374
768d097c4aea7c7
68098a045a3a187
0e8091d4f55b2e4
202f6a689b7828c
70c848501be136a
28fab9bf4e231ad
65da6d7d27feb64
65ed36a7fc6be20
3854aeada0e6e4f
00da2bfaea46e5c
83943435a273cf4
639f1c8e88674f2
20baeb2deb8b5f8
66755d6d9da1cf5
1661813140e44fd
6c4974837658198
2c4cec56a9fe095
3f0480050c1e25d
8845669fc63483c
89e0b4e2cb5d91b
242b0212b876009
3915e6fa9f678c9
017f907dd61e0d4
571c955ab60318d
78ed5f48d6ee4d8
5421efed11c063b
302929cefca3f7b
7bcf44d35b2e89a
6c29260d4aa2ee3
24eb0b928f4a68b
5551832927b33a3
1d67c1be5fb6711
4b3ce499b2a6092
282c151ec05d138
6c2f5cd17099e1b
29351ce016e7b19
516104db51392a0
14fd8d1c7143019
01a04bc21af2a0b
6d827e997f6f179
3170bca7e252330
77ac539f2095eb2
2de1d21888a0048
33f25d6be33d8ae
74f8ba505163e56
6be26a595242d26
7e7fa7f48da48ff
607ea9009c3a041
528c21b248036c0
044e46c27a7e033
2def7e4fc760910
2556c2dd92cbf17
27c3a8102a60ae7
49e39c8b4d538dc
167bd32a3c591f0
258a0267161c648
5f37a441313821a
8145e5f207ff308
862ec864c65c45d
074784d8c39c6a2
848f22f8f147652
755ed71d1d686f5
0420e128eb0eb56
10e814e4ecf2281
61edc282d8dfb52
8bab769a43da138
3e925e5d7f38822
441c67923d79501
20fb8005900a68f
01e5e434d65837e
228b35201103f48
57c031817d9985b
838e1ebc4ed5a72
7ac4e7844ec75d6
481f4ba9ab828ac
47d7d20516a5e3c
6eff40d9bc207f7
29d764560825117
2f7c98673fad3f2
1a36a1c49c8f3a0
35ecae3baabc07f
73cf005ef20eb8c
8b8fb824a3fd88b
5cee03059ffe69d
2946dbf8b58379b
868be9a57cc7f92
3acf9a42f2e8ab0
4c08015fd0ade6f
581e23b353e62ed
29b0e28b33318bc
30dbe11785be6eb
484bafd9a759301
2fa10ea79f2b512
6ff82a981955682
7ed5fffada3192e
278600cc77556d5
410ba48c9e18334
7d688385d54de1b
5f717c75713e099
4edd107f69e595c
1f6f4084135166d
454887e484417ac
6857b4a291427f6
1b1f6452637bca9
74db91574571fef
075dcacf5991cce
0ded0204ba10fc9
8c742f57277915e
77b7d962dcdb47e
2afac04698c65d3
30ddd43fe18027c
572dfe942cd4a7c
2fcd787ffa96cba
1782f98d81d997e
5a68f69ba594025
89db0b69d46c255
5d40c9fc8d94ee4
84ea1291b7bf61a
5fe00964b15acbe
38ef2ff6ded5601
870f539da243162
5f4012555719515
4196942dd6c7089
6404d8b96a672a0
688fe9e6e0660d0
236412be7a2b90f
7fe9056b89def7a
6bc34ba23dbff4e
2f30012f60fd37e
503e5e48aec20d3
43fd32cea316c1b
35ab71d492d45e8
5608cec17a146ae
3b6c87d000644e4
3c719cb9141992e
012987f39682b52
040a1d295b81d6c
2d26247169e1536
253c69beb0cb325
117ccedfc197ecd
60cb13299268780
837dd711bbc02e3
4c9c27a097977fd
0e119ea5853b33f
2ae7e0a92c8253c
8cf3c98a0b61c7f
58783b9c88ad9d5
67d309d51b23483
37cc5158cab1659
048a49bbd2f8df4
5b29a20ffbd3a92
52367485c3dff7f
24698c71832902f
412fd40a5005088
57cbc25ba716734
53fcf84de1d7e61
83b2c9c5725715f
2577d8715681a92
348c6cf88c2a615
225a7553a1a16e3
597fd03e5d50707
43ec20e8d0914ca
4b1983fc100703b
4f160691bb36bd4
0730d5ad70cdd5d
1075117b27eeb7e
85861cee96029cb
75c4edac1a50087
4b30891887f6c18
1b53e41df2371a3
101272bbd4afa27
6885e9b806a28b5
453a26baac05670
052ba204b3d3562
45cb59b539f63d1
596ccd36cd7fcd3
5cd3efec1dd8ae8
64802cec7cd4680
5badb703f8a391e
5141f2fe535fbc4
504a4c1ad8f8f70
220f954caef301a
1e1961901216b65
4078a1de295baf8
11c6658b3b1c9d4
772a2621ea42045
4e00c8f22daae39
729a9d3c4075863
8dc3482da0a51a8
5ce9dd23a6355d4
74accc99b172fd3
64aee3ebe853153
58ed8e95124af11
6e8141cf05560a9
548f0f862047f5e
1af0ada38c51a29
4524647894903f2
597b20fed7073b5
134afec3eaaced7
16a37f0311dd744
6a5871a73c46604
1cb64bd20b6caaa
2badf0d4c2eb79b
1d6676f8cc0adba
4d9dcae0d44a98b
73f5ea139db0003
39a2ad068896255
8d2a18558cf83b7
6ade5689951b1ee
81313e2456f6059
71f8da3514cd411
4ce395d375e134a
1d1fb4ee9a5b442
20837ba975301e4
70ff365b50835f3
0f0fa5b9f4932d1
4c6a66d5851e610
491407dc5c6c892
359595d85c79ab4
1f16eba557b1fed
5168a96da19def5
44853e906085689
46259d23dad8445
0c4c1f2ad826f00
244b2a750fbb927
5fc4fb1f72e0a03
7fdf53a30c7da70
90b855b0d925873
2c9effb3be347ab
11044cd1913f367
4df471f8a147193
7f1a611cbdecae5
5eff483e9a863e2
4cd7c97de5f5153
6b50a6238c762ca
6db829772bbce7d
2df67ef458a566a
712e7916a69f4d2
082718b30d1ebf8
4580cd87ad56b9c
4916a87c7c0dd19
814b1776e7b05d6
1eec99bd08e25ef
8d6bb197dc1c8de
60ea9435ac04e9b
086a48fe92a2507
82ad73fa2a123a9
72dcfbf1864bb7d
32bde5ce912bbfc
2701c5ba16552b6
3df0827832cc191
5fe3dd7cbb45dd6
04f159fff66f2d0
1b094932b93676c
69d1e4fb83d24d2
7be9b56a8d3e9ee
479dd66d1b74b09
091bc22e9ee37a8
23fd4e015034700
57a1f5ba575fb70
8f670f7b61b09bd
30d3075c6269aa5
7ec384695f35f8c
7ab6c7d26d55bf2
54851d9d3bf19e9
6f319cec53b8d9c
5444b8f2aa4ba6b
4437504e8abbf37
34f652f8c0fefb3
7c427e7f1728e22
5ecedb7d6cc99bc
0ae5b6744278424
3d6e8299c58fddc
818d43678c2582d
48c8f854368fdb0
0f3557fea464634
64854435571a520
2db0bac5671a34f
576d7bd18239fb0
7778fe15bc56c8a
40ece1a95726ac2
337fe34069936f1
0f8ba361ad8b1c3
3faa203b34bd376
0f23e58aa5d6c4b
3fe6d9a9d52dc44
7ec45f88f66dd96
0d948426df89b46
6055f700ad4fc6e
4171cd36a3b590e
55b77bdecf8a1ef
633f1445fc3e9e6
06b485929d72b55
32ba259fbc4facc
6f9be5c3467f3a2
5e3b94a242a4df3
09aa11f806ed902
8e291d1cbae3c7b
8ad2ed0cbbc96a3
19e754be479e7d2
6985d50b43d4bf7
602184907157fbd
7c2ceccf98c94bc
2c2ba70e6381580
43021fa5d9d1d77
6ac964abea1473e
34bd14c514b0b74
03e4f06f128d02c
06c45c25ed2dee0
60e3207b463c040
5169f7b1bcd670b
2b0ff3e8aefc879
6707055a62d16f9
3d6fa2be9312866
08da6b2959e2c1c
06261f201fce1f5
6c07b4bafb67a8b
09c6d3cb234a5e5
404b9723238cb79
2b07fe484d31d61
23c137b07e68237
1e4543b88106b2e
4b7e7e15a7d3082
01ae664a0a4fd32
1e463bee6c1b6f0
5ec4142ef5f33d5
450b17d72921eee
0b56caaafe0c15c
038b194122e2528
3a5a5e4078e232d
2be895c92f6967a
6df8fdc2e468e5d
250ee4ab97c9c3d
0b01c02ced3b27c
120fdad710f3d8b
7a50429ca9ef45e
14df6beebbab057
582480307877c6d
704618f83f8a2b1
036b07de3fb94f2
844dbd851e97a6e
8d67276336e40a3
08cbd19b3d575b2
6032778b12cf62a
079acba7855011e
81cf0c570a26358
76139d9a4db3fb1
127a32daa460884
511b7b0883daf81
5525a5b0e607afb
61e838ce4bf59a4
1c2697c44ac95eb
184eba55f9f2315
345638aeedcc0b9
14b5617625df124
5acc71bba82b02c
454931e77a35dd0
8f8c1fc70e76978
01bcf78ca02d149
3cd6d378bdcf08d
50f8571fc4753d7
53b472d51a38458
70e7503a38200bc
7b74f6733e4b5d6
4b98a30f02b45a2
4b187bd90560867
1aa8c5718ceb14e
5d19c5c7d40a014
8891a816ed5ffc7
39da192c480fc54
61cc14c3292ff72
74a5ab98a25a313
1673f0357edcb32
7973e74746b5ba4
7c5112a4c95c0b3
7f584464f2d066b
13720c2db902dc0
52de186d7455699
80196e613d39af6
81aaa3b8a60b528
1b0b7e4c3fd051a
4cab1f0dbb5045c
36530e7ae61a153
611e2adeb4af0ff
01d5cfb51c4b193
6f097f5239a8369
83c69db3f884c7f
4fd5380b1ef6f8e
25acd48d8c8e371
70ec4f0b04aa675
6ae618ecac11433
17213865b91782a
8b53bdecf3dc0a1
0fcdd20695d4e6e
01754f4dded333a
0cbe344c14ff8a0
7e4750e28d9ea12
68576550491887b
0453e49288bd825
5ce44fbb49eff14
37491f12bd8db6a
6e62772fb608fe3
8b74517f1f194f4
3a393ed40a7bf2f
15768dbec54f92b
4400193e5d5d87e
043d4864092181e
5fc587a091198ee
012d3b9c2fc0b5c
592b065c53dc14d
1e838b5118b5f9e
449b3da3afe10aa
43c1bf47820c46d
2a2873f214a0582
62cd1edfd3ac5ec
8f8ef4213de0e54
2ccc9b8741eedf0
0d5eb5fe928f5b2
705c760315fef41
05562e9604b8a6b
061fa9790b76e83
414fd76a53e29f9
2dde4de60c3b9a8
6fb52985f20e64d
24c0132d4ea9190
83929ed64949f50
76226371e7d4add
8bd777104ac5af3
6a1a75ab4fe4b22
37d00e1c8e09b20
682a70bf426c390
3e67e3471e9e336
0b1bce41df6ff4a
5f08ec375b7c469
23b222864bb5909
857a4f77f48c914
1e424367eb8fa8e
6b11d9997cde3e2
0c7a4648ca120ff
76e1783730729f9
4eb8cf136c8f7a9
5baf4b034a0a10e
6d6268656654af9
1b650fb58ade4c8
74b50b5c74b305c
826581af22b3786
5f0b5ed330a9c59
00fb57a15ddaa7c
689b48cfdbae62f
7ae9b3fbe2525a3
33fb7260fd4c9e1
330bcedb090b191
59ff23b2f143f3b
71d7f3a87b7b04b
25cd0691b3c50b6
372d6350d3561fb
52ea3f297e2c7b7
90a71b7370efa18
61c332093e17e3a
75a3b5ab43e56ad
654f134327f306f
5b0f2232664066d
7e97bc993b9d059
569e06379a4d667
085d2f760da0741
43a27d0066772d8
889ae3da16483b9
714abbf113106a8
2be9d1b5f4ab7b0
5e934a5a92cd097
34280697999a31f
1fb4ba4b3edacc7
2b6f8454e551de4
784d63ee62a47e3
17cb190444a2d98
40e44c8c4f26130
599e7184d4093f3
1cd8cb851390688
55737c09f3515b0
8316c74e16d5e21
0e78e07a3012b66
29aaec6ca728058
391eb6effb55a0f
51740fb85c7a27e
0a57084ba89bc43
01bcdbf5d606fcd
0daaa747be1efa1
75dd9a946187618
45f4a8658943436
44511027e01a53e
30e48db36d33658
55780f29db8067d
1c0758f46fc021a
54235904331b719
24c15ea5df889df
5c92a637429c749
1ae070d42f75bf6
1969d5edf932710
688b231850e31c9
8002458ba730919
35b668a516547d2
3b1f8ee267b8cfc
30571e5b838dfcf
30dbb107e07288f
80876c4ba7f5634
1ed5bc65d8faf73
3b8aed3231e76ab
3ae0a06f6321118
21f1209790b6fce
0efea91e8981cdd
8be991df9ef5186
047faae54fce8e3
570a7bcf32f6f8e
507920859df3a2b
34e2aa6375cb8ac
006c5943f48f687
77dc2d5f0a5adcb
8180961a6f24333
39e44b838260330
0fd53a6a53424c9
5642a2b5ea76b8e
0d84e389c102269
624d478d784a77f
82dcabfccce1084
56811ea5281e3d4
5de49e0b2c03761
7469442380fe171
35f94db6c46d307
0d7f82d0b99d601
4dcf0a9a895955d
25e7cdbb5a0f721
69e28735027db44
853d99bbfe6739d
8292ce670daed87
0663adc290c8b97
2c0e23a24060f47
2e9d8625e4bac58
168a7c74b116ca7
379ca572add5a46
3d6b89ff67d8099
098945ab938a913
5e0227160581e22
0ad682dde665b2f
7eb39f8dbdb798f
4290eb7cfbdc5c6
276437c2af863c1
5d526c489aa5b8b
1d40b84dab540b2
5a57a8451d44dbe
16eaa108478537c
33cdbe28e64a78b
5699317bbe4a491
63497657457c676
7a3bf8244699b9c
2a7a6deff482fd9
7a182eeeee7effe
3e9ba2e7669b8d5
01284ca9144a65e
42de585948d7a6e
6996f19a946afff
5e0f0fdab6648bb
2842d1a0e0bfea4
1b1a4672f19f958
80419d8282abbd6
0357552164cb049
45ac17651830918
79aeaea37435335
4a55daac6e5edef
6ec08b835d845c1
180ccb845b81ad6
354e0edb03b77a6
3f6e95fae847825
30f38cdc866b993
572af740f9ab632
4acf598d5b96317
691ad03d7929a09
1585d2a0c38dba0
4d8de43015988da
6333822ac7499c9
144fd9348202f6b
6554975d0def76f
89e9943d148b508
2cbec2cc545d855
24319ee26ca3547
06d171f0ed3621f
1de3193620da9d7
1711afc41742ef9
7a7005db8df1407
614d45dde0813e0
1f53ab1bfc1230c
260b38a21bea1fd
87184dc4b452738
835bc42a5efefc5
63b5d05cc825de7
1125c52cb4346a4
2ab88848bf37427
5722c86ff212ba9
1bbdd24e3e35be6
2bcde20d3606038
08228a501c88326
56a07db6c5b86cc
43bfaca1ca8df13
6696d2e9d5d5ce4
530a6332c4231eb
7dd16a38341b2b9
38ec1e5f0c39fd7
3e01a434a3f1fa0
3b4cdb0029fccf1
801e94119e8e7b4
3582e62aff37f58
41354f08eb8d138
162e17b7fcb9177
5734ff78df60398
2bee43c8d08cce6
68bf3674a3871cd
2f802b129896d34
4ca31432c785681
79af486948665da
67237ed485956b3
766be4efa42c2ec
57992b62034d6e8
7e940e118933aee
176054ea1d3da29
6455b3439e3af78
58e969f5c5e4c93
75ddfd2c5a685f5
80640551477aa99
7d685568a972b6d
7c22cae95b8d4fe
6289af4adb630ee
34becb73b031e45
75dd3df7dfd6f43
06509fee018b8d2
6b367691f65e2c7
1417776f0b9e61e
0d31ba3beea02f4
2807c040b3d6d4b
8252a6bdf95cf42
4f44d2b35a988f9
574e55086721685
6d421ceb946a113
157cc99964b636d
04fbc577c4e2556
666fc5dfc8c60dd
2fc0adc12cb5707
4d78b6f71c70fc7
03930f34757f5cb
1fcabf239c0dc2e
0742e57dfc5b0c5
649728ba852fd60
69353900c9010b9
7329610a6a0cba5
3497692099e2cba
6f4a7028a432c17
180a934ece25749
77e509cd44a2cf7
23c58745acf266a
19e3c88d2615886
574e61272140752
5fa6b588366c0b2
2fff95f3287e396
491d6962671bada
296a942164fbbfc
070fa214b351bcf
14e5ab7cdbeaa99
4df792558d83be7
474e02eb3494d20
67281dd8cea04c3
7b6b5ec40f5983d
3e5e3dcc3474066
638e9ee105f9c03
77eaf8ff82c8f10
50c676de234724d
7a467f21e32702b
318fcdb26f97b75
0ad5c5931a87041
7305b156e8ddf05
7b7a39c7bb0ed89
68bded3fff6341f
69b74aa66caa5b6
154ab7ded54afd9
0024f3990301ab2
329da3e50604a63
792a0c4a50b61b8
21f97244ade7f4d
26ef48072bd89d6
6f696c654f2cb92
1a51b2a34989032
8b4469ed74bd948
6fa9d3680f1c64f
1780f2cb5c7dba8
0489edcbb9f5cb5
217222211a13221
4d282a68df49aa0
53d477e9e0652ca
90c96c883b9c0b1
59afe89c8400db3
118bdc3453fd6f0
6165e65d856d4cb
8b3a36c7020a997
4e01068e9ff774b
2379a4dd41eaf75
8270c6ac7289f99
812b9f87082041b
0a79818e1ce9ad7
4c39b353d0dd07a
6a2c05c4076d980
0979fce36464389
790a046b807ed36
467b87c0f1a38e2
508a2fb1296a0c9
2df34eb78914db3
2f8a288bcea4f4c
3bf0014ed6abe5f
7d6b75ad02312ac
8cb58c043988be8
721e793e7cfffc3
6008c4ca459bc75
66e9656cf6a09f5
8de41fab390aaa3
7700c195b7f4944
1b41bc1a62ab08c
83fc50cad7eeced
08eb0eb1c16b55e
414e25ea2c59519
86af3300db755e8
54fc17905f7f393
70a144fe5da646c
6a124df79dc55d6
537563710c072c1
8e31fac5ded3ecb
513ba3c7f909e84
0dec19282bf6660
49def514ce9887d
335b2902b8c895e
18dc707fa60008c
7697719d6dc1f18
405814be9df66eb
36fc7592a57b497
6e723190934b597
80b7903fde043f4
33e04aacfbdad88
52bd42532d29c1a
290b4f0eece6381
067bdc100528eb3
79b2ddd25c20ab4
0721ba86e5648d1
6729e118899d15a
20652e2d16e3d54
17742c99469cd27
4553092ec00d940
4bf9739d1f193a6
143d87e9e1312ad
7dfffa21dae5437
4374fe4edb757db
5cd271745b7ccb6
39b666e217efbfa
79c3b1fd8f32325
28beac3b9a4a78d
4decf2f5e88ba67
59a080cf65bd85d
6007d0efed70023
380d906ca83173c
08110c09d61f7a9
10890b0a9d74302
72fb22934a1e517
2e6addcf37aad84
34be5c3bef42185
8b33a3684c540f7
121bef0caadff18
2cc8ff9d6d27dcd
4e8b290b6e0859d
0e4a1ab60fe0de8
28c2ae322279478
67397321fd5f1b1
5daaed4bc3f3e37
36e98b3e631ae29
47bc20fe2c90715
63a544d61af1d72
88ae936a03b1e7c
5deeea9f384556e
643e9494048aba8
44db0ff9b800a6d
429b4b2ba272f87
773a64d3e899cb5
143af12644dae59
17c99d13c507d58
78efbfe361b75b5
717ca393a83fd44
608db3fd233dd3a
759c1cb22df24ba
61d511066022de7
0a281c7a02fd807
383e3f7b73b5c10
22a875d7ad2c674
050cb8a9a652225
838c1b0306d2936
67971c96bc8607a
3a27cd18b45943f
1030113b7c2478a
047272cbb6cbf10
55f8509d3f509e1
6352d8c1c5a8af4
60ad1a0d7230ef8
62335f8ddeb4788
6ef3f9e87107a12
2eb824d9bb315c0
86a9473855ea452
53487ed647834d2
65abb152e43f5fb
674b25fc9b48738
421710c1d0af8ea
05df23506888be1
60dfc3e59d9305a
2942611338f55c4
8123f61c8bc6a0f
1e1998f7d78c804
1f4d35664c37aaf
4a4ac4cad5b5a29
1ee91af618e33f4
1757b054b9ada89
7e97827c2fb4b82
59ce745a83dc73c
907becf89de7c2c
5d00f587e3e3bb3
3aefdc2ff171718
10f550f00cf6c54
0b80efa0d2b0d6f
76466e8240b8846
3a3d589192ab523
200aedc7cb6ca11
4fc96c49b97afab
09867293bd1cb8a
2df4e8f4b0a3e77
48310167dbe2b4d
56bd8081152fb01
696abc19945f49c
75337f5e62c79cb
050930c08a2c397
80765b6e72c9c86
2705519fda067fb
52b9a4c744bec51
23c7e470cbc6947
46a225578e65a78
6319071b8c061a8
2574eb6edf24b1d
1cc4d91d4e0069e
6ca17e33af489dd
0f6b7714fd6c43a
210963fa99852e8
25d1b3ee4d01ecb
83bfe8158af2327
73dbd504b150f2c
5877492fc690104
702f0e540682b02
6c1f41295e96d43
2539be735bc1443
63db924a2fdfe22
4d72a366bc01009
4af18153cf1a5ef
66d49b41c7509ea
34600c499b54844
435ec066855e41c
86d7a8c4fdeae4b
2e900d018c2012f
0f92a2d573b2a30
4932f912b2b6e48
67f7c65f7586747
0f2ad15d2738837
88a80c079c748da
3406ad9777fb1f3
321cea4c32b919e
07471345fc7d004
810851861c47f9b
3c29e890aef16b0
2e8ada01e22f9bd
4ce996609262bcc
5c70951c2fbe746
696a403a30777bd
0b017309aef0097
23573f6bdf5b13c
0e03f32f5b7476e
2a3d34ff2c69002
1a0bc7de1d61994
68219596ae9f2ae
6b5fdf8c3d3a176
774a431778fdf57
83a20457894a476
0956f150ad153e7
70b06fff1d3220a
397de30680325e5
4a1b2a2024a4d6e
66479c4941ac85c
30b2c6bba7dd439
625db243e78e1e4
469adf93ae14aeb
1850803d6ef836e
3fd4b32d5858e66
4444e0cbacc80b0
6d9265080096d40
31c3457799f40d5
7b2ca52301b5bcb
6ed6a91efd90e46
41f97e758ae1baf
4399bccc8baf5ca
7056a0b209bf1e8
6898b581671a820
0b2fbc85ff0ed70
269c2756f8f082a
7cd8a2e79001abc
228115240001f4a
5b5c6533563f60a
395f130a20003ca
1bd4301b421d972
1616d0125e3a4f5
793b605cfb7834f
5e37d389f706168
621e53528494240
6d8ef42726a3dee
3c6787790c6b496
75e32897d39d72e
