28073066ba1ffe4
42e095c17e43375
5d0e10208046670
3e581a21d38cc12
8caf9285145eb76
17bb3b8f5e3114d
185916fbe382e33
8ea889ee510484b
89daa769b1a062a
79e7ee573b8e3aa
0ff8f04bbb1a26a
7823706601e57ab
3b428f21defdc6c
4b152ea1f642bb0
36a5f284c459268
048523c68b67c74
5c6c0dfafd7eed4
10ed579368d2abd
52765f681012635
6e7a0e0cf4f68e6
29e98a1b492d757
5639488b75e6b63
2c00b2be551f238
17d0f1bdb046d53
31f093e3b62ede3
5dc19e04779e54b
2f06e60d5bf99f1
518747cb099c2f3
8579670b4fb67bf
6c0bb50463ec92e
12f79499cf3ebfe
789832bc30efcc8
2d0b9d8558d1b24
4264850bf4ec54c
40a04d0de6df0f3
2dcb39a73d8a3e9
60ff72079a64556
6f1f4247ece9035
4099115f98ea02d
270a93056fff1b7
25850a7ad5bd7bd
7f7336f4abed250
3a2090919855bf9
838012c84651e56
48510069b047cb9
8172fbc89ea3fab
00bcde63bd41011
24f10c49ade99f7
72ddcba81afcadb
1845ca424202103
03e31e8ffdb6d21
08cb2607eec10e0
7bbeb0d8d3734e2
2103e3e14c25cea
3a2dce07c77fa66
8aea83f246252e7
22fe7786604e4a4
13a9c8c47f1f0d3
6aec0d820d5cc84
21f6115761d3d19
135e9f322fe84ee
68b20cb58c38cb8
592a31c8ff6bf11
4eac830450efd55
527eff78fd59644
0403facf47b85bd
7cb869835b758a3
32d92e10ca05c3b
4105bdc81654353
5c58ca9baa8b1e6
8c8829751df0f9e
3e4b0c6dee17f58
61cb466b163141b
1d0c49cd7908182
61fe9af2c911390
9005ee63844fb55
08746369472d76c
5fa42ed7008db46
1b2571c40f899eb
1195507456b79f1
6d94453d53d6432
058f26501115a04
296f785080c98ab
5846107195655aa
0126dc4890ec5c6
58761702f142d14
8d69c0f59a24c18
8be7697847d19f5
12609ba778fe157
330910e79e9a4dc
7c8cbe848f8cdf2
90888ccbd7a2feb
498d5c85ed266e1
03170fbae723ae4
82a577a5a20976c
60feb2f61fd2618
6f5bf7f8d693d82
6184a72c637960e
09c8bfa397e463d
3451c90b533def4
33c0eb1eced409d
1b140255a4b37e7
62c24500887c07d
48fadadfa2fbc12
648db09993f6599
858f6b8b3891238
7238fa63e7e73a2
6206bf086b08b62
290b16dbb9bbfa8
5e4980d21d7c30b
667e5d403312983
47a841d0499cb99
75293459e77b132
8af0efecdce36f8
8682be026cfc169
31e04a83b6068f0
129a2fefe45670b
44c5235711b00a6
23d4f7da51e86aa
6cc09568e22a878
3c8acd326d1e682
5bef5c3a350d930
6331fa7adfe497e
484351170556ba7
000bcce73998ab8
22db8329028da3f
1edcdaa4723cf10
20ba1341266d4b5
3b442f7486cb318
0054995f562ee35
3d866e50e3c0a23
8f71fb2e97a19e1
3c3cee0381a499f
1c0bac7e527b879
5c2d56b1d500300
7f4b911f6099932
4d9c2e0363ce610
1af796fef14be43
51bc37982e819ae
2d607dfa88114e7
6d4cd1b68df3cc9
4fad463ddf70118
8c438994226e8b0
8f3eaf94082a8c3
4c449c41ea1382f
6f97bcf822d5af1
2c7871186566161
3b7e8d2e3c89aa5
36d1cbb42301d1f
60e7e28a4453108
365f2af24427d73
137772b2224b427
435f4b6a3d0d757
64a0cd34797060f
04bb4e387971874
63316436390e9a5
87585ac3b4f314c
71fda07bb8689f6
7ae2dd1bbe5bb8a
775c18d4f38f2d4
0b3f46dd73026dd
4674ce73ceb7910
78b696b373ec3c5
4b2f899c0a89710
1e093c4f0316ae7
7d1832363a58044
47fdf12d763f31c
1927d22d2b1ef7b
228a739b6b47531
5e87d6e8d05deda
83b84f8375e5c23
6e7b7d8637c7334
32ba36c919e6c7c
4c19af96b90c112
824064f8c9c6e3c
67123aba50d0012
2c5f8b468adfdaf
323aa315e021ea4
4cd64928fe2ee6b
73cddc16331d734
119dcab326e52d3
5cc9d59b2631fbb
52e4b9d0c3e5231
3cee1d51c514d86
718ff80265df442
7c4f7d5a560e799
621ca51e65ad3ee
45c70a99fb46857
86c5a8e32fde97b
5bb8f74538ffc71
60d4fcd6ca3c580
8db5a39d296ae2a
26b0e87ad36974a
2ae5c68232f1704
0e8eb416c99b511
0b0bac0d2449da2
02b288044d794e4
6e9425a12b6af63
61fe5cd2f199544
00d1273af3998eb
0dab796492a57a5
3ffd565cfbeaa54
8df17da8192f058
38edd8d17aad895
0c0089b79503759
30d4a1a863f4923
303186acff206d4
8a9e46b2ebeed67
2fc1d7326e63705
3bcb360e347dbef
19260b2d6e811fc
85e960780f5a2b0
2ec72f13ecbbe7c
6434f2bc0f38e45
2652a17b348fe57
0b4ae75b3106e79
7885905ecde8830
49376d6ece88bbd
1ca2ba5b3d577a7
631ca7b061842fc
01d30674540bee4
60bcb2224a970df
3c73b0b1637d621
2a058d7c26a74b4
0d92bac87264f11
79d34849c2c9d45
2f950c381fbfe7c
4927c3ba5a8f91e
0f02e1de23d3860
5475a85cfdac203
3ed6a74bd5cc1ed
70be3200cd8b5d6
40841bad45bd9ca
062191844d48995
766b735199dcd57
124562ab50cdcc6
4ef282c57301177
30a799ef746fdb2
5362a42d4d4da8f
2992e97d9415c16
2d8ee739a5fa6b9
1643a7a40b7e8bc
6ff33cb48b3b163
80a1b3f7f1b84d3
30494c8e46d6eed
24f432a6531b649
73dcdeffa04275a
30dd36086011388
1887e8bb9af37eb
8d39d049b5ded44
62ee2f15910f547
066d086e0c9c99e
6b5caca3ff42763
85a07c18862338a
6f9e095248c1ec4
64c25a77f58a432
78aca895d0868d6
81c6a00ab69f159
8046ff0d13f719b
7c1dfa4e98bab28
7a2912a0e3420fe
7648c561deaeedf
1655264106a7bac
638db7186237be1
9096265bba9be5f
46eba00264fcdcc
79c3992e357e688
1ddbc2f88aa80c1
38b188dfeefe03b
8aef182b05110af
7067dabe25d5324
5a4a0f6504233f9
15cf62813f692ed
66cb93fec8e4094
6368b63624b36d0
4dd146e0bdde53b
604c7d3c5ed3c84
88218143379e737
7e117410a30a5fb
00f7f8ad7d52c44
49bf318117381bb
02c772b1ea32def
07623b512ced25d
61e744eeba074a4
7bf7e3534596557
00c9b609752ed0d
0d44869cbfd5055
08d2af10f5a6ac7
1aa6a0c97793056
01716357d76018d
0ed36858b87b1c3
5418c2f5bb3d618
24fc22176d04cec
505c85e53b6aae8
39af98dbc41de94
85984f6bc4e67ee
5ad512230fb1bbf
38fb03ff8945051
5c7a4950311d405
1ab7cd0e0a460eb
5398697d08fa72e
74cceff1af26918
3d5d815d21c6e38
3b5fcc135b94113
37a8b3be1bbbbb3
48a3262911b5fb5
1ec59db284322f3
029fbe5b32f43a3
5a80696fec271c2
222e87d40aa0e5a
78a38b33e5f6ac1
7d15ed88a5daa9c
44c653a62e2a9d1
359d4b7adda0882
64d5d48d08db50f
7bfdb0571ae9acb
68d78c6ffe345f0
8ba57e15c6cabd9
621c9049c77c43f
2d2a9ddc93c1899
6266a9c4024f322
6a018635c15119d
0cb3d4999aa3ae0
4f5c8f9cea9f584
2a37136adc4e0e8
45b94daf7c7a3d6
8598b12f9dfdfe3
4fa0461f6b69293
26acb5959ace19e
58f361adbcc1da8
123a1bf1f231b9a
4712151b221c9b9
7de0092c33134ad
736a4ac2216a5ec
351a057156cc4b6
37798c1a08a0f57
847b9abd5090fe5
510c121fe5423c1
151531a2a9b35a7
2abb5a641579e27
091153e4c3e847b
8d6fc57db92cf67
20f22a949b7a37f
1c0fc31b576dd07
4b8c7f03736a7af
0757e000f464b0b
4affa79862d2c85
46fcbb3ba95b6ef
1ef877fd98f449e
0e2a16892e85c28
3577793fad2932d
5d3649e2d02b5c7
1d448beee7dd4eb
359c86d97054bd8
1940ff8d80fc73e
1db6ca7e00bc2de
3acc0d711da488f
5664eb15463dea1
6c063b3e2a4f952
29bc1ce8919206d
59610d533cd70c6
3259e8ef3311a54
17d9244399be8be
78eb7300a04f248
2488324f552bcdd
40c6945eaad3c9a
076ccfe8bb05e1a
283de0b8a8c727f
20a5e35220ca82b
375eef4a7b867b4
09600213718d807
03682dbdde34d2d
4a1a920b3fd2003
1de5565b03ae307
2b7758339b3b00a
4ddf806ec57e1fa
4285dc803abed12
52a1cf683de3a16
7e5d64c0c09f537
7a9456b7ebfba9a
5ed20b2c105f348
0ba45dc602dd6f6
56579601d6cece6
09946aa42189020
1e6bf94a2219394
587b8942772ad63
811b28ba11c5d98
2e5f059471eb499
04b7504d49adc76
3697ef124c064f2
39c848a6f438529
3dd906a662f0c93
04df4d05a54ee4f
065a29e9fffa892
48c30623676cb58
02a76dc66a07caf
29232957cf1377c
90454694965037d
7d6b93b0102e53d
76223cea7acfd13
023ca608a3d98a6
699b439466d70ea
1c6fb1753885ef0
00ba482351b84d6
75e431e11c41e5b
3b230e6c4478cde
20a84e1669752dd
032b887dc5e1f93
707bb8c1994b2e3
5f563526b2f4ea0
6afb94c8056a839
38b06b8815695cb
1bf4b346693f9e4
5911c1255976c68
2953986d9d9f879
072a7e9690ccce6
1e204a217e41355
5fdd58255130552
6e8b9a2aa8888f9
04a53a83c91d7d4
6cc1bfc5eb48215
4f6c7825f153f6f
675127107806d1c
1103a5e5b16d232
52bb1e84b76cf61
8c6287233f0710c
18168da665caeec
2eea03003b791a6
19bc73cf2151316
690ae9333e98dfc
633abf7adb4b31e
80432b978905500
110e0100201bd98
7c51f89f51a3b3e
04f5144563f6c9f
5391d4ff51a9fc7
7b9108e0a757f1c
51cb46346b1733a
2d524b1573b1f5e
30c19e96832f9db
5c86dac763634f3
525715e5a0e77c6
54e3b405756cc97
6253af9f53d9c58
50e38f658ba9a42
55c6619558e9f0b
3a6dbc4717fbde6
7171744a68bf624
8e9a0ab5e76c53f
5f2a5e8c99ba78d
3dd01e5c2c05fb4
77e4aa59f3bb348
09bbfc3c8192685
67c507097f4ac52
10a7ac2409d6d62
5e401bbb0a43c7a
65b9f0a4c67af53
624b6a49d7b68e9
1a222dc71c3231e
7a01fecccc285b3
277ed32e03ba718
333d7de1a2ce8ac
55ceaae25450bfe
74e24eb047a907b
6de21e42da5b3c6
8dbb4de27f09c25
74b7b824d14473b
0caff24d4a5e62b
216e88b15c8c8c6
19730f4c3293775
058d5ec2b165fae
86899c9c02c2b01
132354d25496522
8a6ee8678ec2e9f
0e98dc6b4d15450
57273f7c9b1418b
5223087e3764f87
19f8838f9c81b96
77052e72787d0b4
7fe702811d0bad3
1d514518572e310
8a5e659c18c74bc
0754868786d95ef
22358b0358e373d
5bfdca51912fb1f
80c65782a77a982
1e25462ddca8cd0
47b8bca5475f2d6
541218acb95734a
52e6e5a348fbbde
12abd4b1b8d8a85
73674e346765d22
61ecba392bddfb8
786d5eb88349c4e
7df6a5e31956aca
2fc75c4d7523eb7
3bae6282e916b86
62dd1e1e2f46eca
06aaeb31530ebe7
2c34e323de38ce4
4f12988bb6af1df
5916a4443e7afa7
7bedcc039a1e524
07a6b0388118ab4
23697d089c9cd52
6cd6d488bdbb55f
90ad714c6dfbe2d
6e35a793952078d
4cda80bedac62ea
0d94f08994709da
43c46a7d5a0a37e
68e533df1fe0f8e
4d828d92bc1431e
243df5513024165
6fac191936aaa58
8984d2760762650
1ea70bab5793e33
49bf6ffea8995e4
23946be91ff77fb
90197747d94a046
2911781259b1add
55bd218ed54e7c4
2940f922d77b150
7d6a21716de7869
705d7a22d9c82a6
31a366cd2abb323
090c44fc7e87e81
0d8de141c7bf157
42cab68576bb0db
0f0919c4cbdd66e
7632fb327e2e1ef
7a5cbca4c65d68c
845dc4ab9da46be
57e563ef0ad696d
7aa17f519592724
2725c3cb89712cb
81fc86b63794375
32473562fcf9ce3
64eba0326d2f5a6
388d8f12ec86cf2
804aa34793fbea6
5a3349eb2e5ed41
8e3c2c3b220bbf4
0ec81bd494a55e1
7c115d45cc1b73f
2fbf08001d01251
05038354bcb9174
873453eea056a2a
181088143c0f528
3116f944123317e
16d3ed58b832441
8577efed1a936b3
48205746691f755
21d834e96b42229
039ed693e6506b0
78f5cabd769bd12
331910da8ea9be4
0214b77ac0e3de5
8a6220f6ae0a66d
3fe5e644eef6162
81c333b861b88a3
2778c2de4781e2a
6e47c8a8f7b3822
0402cb5510c3729
06f335065f90056
255879c822119d3
1c877eaa3e3e22e
4ba56e0c209a5f5
6283e9bf421a783
00d9f648718e0e1
0f03a14f246df10
372c723a8db2c9c
2e4101583ebd316
904f9cd503d9071
2b3392f400772d9
204e691b179860c
058fb3ee4b72305
531865645f11675
8bb31c8a3adb37d
6e4bfee9eaea952
733586f9db932f9
0699c1e877417d5
4ad61b910bcdc41
82e6fb796fd69fe
55745fa8cda01be
4c8b6317cc797a4
832b7faee780bc7
70aa0e788c7dcfa
36a4b939722ce87
5fb987cf48f0bc9
45280dc51e3a977
57510e08e2fcd0c
84171932309444e
226800bfeb18124
71a1396b8a78c4c
0eaa98102f52a42
15e383a3964d8b4
4e6dbdc1cd60423
84cd0816a689aa5
7e8a17f44d3bd30
866cb4fbcc4955c
4ca67d757d7252c
5f8e54e39336dc4
4ba0abfe6dd26a5
87f7ef2a82d0e38
22f5296fb86343c
17a8fbd48ecebd2
1c569df59007f4f
3065574b8875649
252c5a17449953f
53997c58eddcdef
86de04c5c31055e
5126cb8f16d068a
1613910c51fac00
63e4a1c56bc4583
73f910aecf61e42
01000b08956d2ee
87e5c8e4fb1f4b2
396af434be8a69f
346591691477154
0482996f7b469b5
1a9206b40787530
8d84b1f865a3eff
7422913c46e8bbd
30123878e27b86c
8e2cf37eab8ab76
386376afe906c20
2bc4384081a40be
52e2be41989c239
7a341c005153a90
4a187ae6c37a18c
32770605c7052c4
797f7646a0e62f5
16b401d999e34d6
00121ccde762fcb
4240f2045bb08ce
2b32473e52807ba
5839a39dc0ed472
34ffad857f7444f
652020f3649a1fb
7088d1109eaa3f4
286432c608590d6
2228b4a187ffa85
72ca2da935035e6
56b16eb03587c72
00a7615d8a60905
8f1f072d06cda98
702f69533eaf03d
079f494c6b264a3
7be3664343c7d02
26d976f56a5ecf1
54be4404c0586fe
5fb8fc36478e1f1
2fc0373eae26c69
5b04bbf9117c3cb
405dffdb983b591
0c880995464d455
69e065535b7d21e
01825b3e174769d
06c88f36560f026
23598dea3b74d46
5c47bb6fbe7ea9a
22d121b036aa080
5a5a9199ddff64c
2e2c04e73f9c3dd
3a4e35e3aa59ff6
672ff7730a9cd0d
3f5a1b97c0b0d48
210ee708a385112
306301604f1f266
70aa17f017af51e
1b275bd34930120
821b46374759c3f
0ef24d4dc3cc1c3
5ada687eb349f73
48697cea73d84e5
434149756d60d6a
6715c865d8b8513
231b2795e7f5df1
02d59fc4475bd86
5df38c382d90955
8046caf6ddde6c7
443e37ed93f1116
570d72bb9bf2c7e
41e12decac8395c
3a9bc5534aa56eb
5cf7f3f31b30408
1330233d063eab6
17869ba8ed97c8f
2b0badfcc215726
6abae537fa8376a
6f0dd1331554312
03b4b71ba8daef3
0cc2bf57c77b26d
2053922b59310cf
8e18f2e376c69e2
3d717eb8fa2fb30
65f461d2b78161e
289b5ee8122b613
6d2489005b907f3
32988750a604da4
4a8f88e6651560a
52e991ba5fbc841
4d86ff5a2bb17c4
6907d530706b8ad
0cfac715ed964cb
03d71e6eb558be5
7e2a90ee2cef52e
6a1963eac481f70
4979d6e9b04f67d
1bdd2dd79418ea6
26009b7fdd4935d
7c7a78e272dfc49
5a04a9f18a4ecc0
5d4822991bfb2b7
3c4212b2eb52ed4
2d4ea0cf4f3d1b3
4708b5e430a15b5
8558ab887b4976d
4bdfbaff5c1f015
4eebada5493fa2e
0db1c6843f5f952
4071c85458e8b71
068b28c6ffb2858
84f410158f22e28
1877e01a7b36216
6f3cc84cc9535a0
8201a9175ac2e48
2d7d276bb52af14
77697a871b294cf
825fae641379809
7fc3b92fd3ffc50
5be1d261b44eb35
809ca636d915814
4d833bc8894af05
8ac90f9f0352d54
314bd570916c758
16b3486a243b553
8643ad0eee795de
4a3a7cc1425ac4e
65f142d1ab24201
068bb77b8826b4f
543aea79a994aec
60780acb4a12e82
191f76efeaaee3f
2db1f098ea52104
26a2579141144e7
15996aa16893938
87aaf01f845912d
059e2bdd1bcb5c0
1ac9131d02f0c8d
81a73764bf37474
7e0a7331cd05150
018e5ed6457d240
62bf2980a94300f
811f5dbbe776680
3b3a1dfa7448faf
7cf00609714292d
459dbd43d94ebcc
2e5e3bb8002a287
8bfee5bc3fb30b3
8749c4d320ca1a2
3a72ef837e304c7
56219bfa4f4a751
105b7e02aa09ec4
28bf4c5e271755e
3aef9e467023b8b
6b7df86db6585c5
50dbb0bef5690b9
350ba1115fa519e
3d5e53c1bf4653a
1a178d6b618f95a
85cd5f3ef2d4de7
34854112aec6744
8202cb83f1016b9
4d7ec957d8900fc
0ffc8f166665294
7a3988a2a31b28a
6c4f95d21870546
85abb3c27d698ef
8197799648c6729
2a98a4e09635adb
6abadeeaa2a73ef
663baf69f4da119
2da19e10bc0d407
272a5f5ba9bcb31
825d3b2f1c9a489
53a76ede73b3fec
0a720908dd81da1
39ea26cc59b1eda
5f8104a64b6fdca
46ce5947a801394
2356cea6642d621
4df774262c337cf
263746d8e361361
6d27ec72397967d
0bff8578924c4f2
0609d9dee82d550
6fa4dbfc2ddbdce
88c97b78f912fa8
5fdf846d8b1b2e4
828796428f1eba5
8eade365f641971
3bee88567e7364d
3313374247e63b7
6b95d043690e2dd
516a093b1b190a2
154ed9a657229bf
41a5a0e161da75c
51fc21b236d92bd
4151df8c78506a2
669666952ea347e
5e0c8723839f456
861f556c282c462
11263beaa858733
109fe7a24f2b6db
14889d0f9b7e82e
2dc20cb52b9115a
28f551e385411ea
8ea38a40d0b9483
74c503ede0beb3c
23e7ececa73be40
5ed2a880f4e623f
47b254d9c29292b
16cee09b09c2c14
74f902362898b8b
36382ccd6becce8
1ce673c8f50c569
373348653ce214a
2ec041b1ce8b49c
5833c5335f72247
4cb78a97fcce7d5
4579f0050b2dc48
57a4fe348b97a06
294266d86aa3ef1
4db30899b3b6ebc
5b9bcc89c56e7db
6945a9ceb727fe0
4078ab1e3fe3ae7
2509c4ddbc5daca
3d2986dcc2bce8f
5c017f6d37e8f85
19926c7313505d2
485dedf7a6c82ae
3dac698abe6f47e
83da08e40830b75
6bf444fc4bd8c31
012529a94f830da
875b23a702b7650
797f226eed9ca1a
58a4654c9e8be4d
30e98a43923fa21
8cf6bb52ca29e56
203bea92983c0ed
2b4cca54fd1b853
283d3a728a50f5b
5aa25d3ebb1f7ca
29f7f5f3dd0a58f
662dc4312821ecc
2af279a24825724
69e821a8f0cba61
4c6fdc6ced9a47c
3797808191bba2a
8a9ccb2d4c8d4b3
1dc949d326f5a65
432b24e3832e870
815d01adb9a6690
7d7c9461320b7cf
34ba1cf42d33e8b
1234872afade2eb
505e36f9126fadf
29ce83ae1629dad
1421a057909a86b
2d225bdf12ce187
36e8669955612a5
81406ae30c04ec7
3427e0de71b8397
89f4d85037d6fdf
1071a81d6d55191
57df3d8e144e8e3
36145adf0db57b9
81fb7f407af8a07
505448e008f3fee
0f7179526b31f83
2584de40ed8b21c
4e6f0bb1b9b07c1
73aed62ef732ec8
22473feb8f42455
402e346ac37efe5
05aef5929048f33
461c0622292f135
77016694c37016f
423cb8e92bfd069
8c2a6003299b164
469fe7ec631af27
27342bf426015ab
42ff3fe07fae4e5
095c54b29cc1aab
4049b808ab6afae
5d87b86b19c9169
879e95aaf0cc15f
7fb087e6a217e09
83644c39711ff0a
2e9eefa469635f0
3465818a7f416a1
0c7030f69761376
03a24ca29a5c68d
079f2b4dcbd631e
64821ea78cb23f5
0ed4cde93d4c0c6
5c6ca7f70cedc15
00e42555de3b16d
2a718365bfbe644
5a9a23cbbce6205
6081138292a1b65
8ad53079a42f141
81f63dd36f0322f
1295d99abf40ccd
74889fffcb8bf39
742388c772684c2
0acbeb631e4072c
63a96f4e7f2807e
38351ef479c3436
3c7adb1f56d3fd9
04e16747249c0ed
315204f1f4ffba7
65c535bdfd31f3c
2cf50e50dad9ee9
0f9f672df9264cc
0dbfa299531cad5
0f8a94452a32e7a
51692c5930e420f
271a8a461532eae
2ace908dae752d7
1c67d7697807c9e
78697ce0d8a52de
58a2a4d030fe6a7
87d9c7ec6cb415a
010152ab9f35508
0b0c03d4291b7b5
87d747dfdb3de72
8ada35d91c91b53
04d2b584cf12472
1b469ff03959cdf
47fbaac099f0b2a
570d22fb7bcae61
6a660315b4fb1ad
04b2495204a8005
302bb9d02ea4859
68cb7039b605fa5
1e77158a98e00a5
5adc0b1a31a4cc0
4dae5ad545606ab
35489f6579ace6e
2d4fe104d00ca42
0625c814034392c
6980e6a873ddcf2
47704a2704d9c57
846e35d96c66c6b
1cb20b610fe880a
6173b7cbd3401d0
578c158ab2806c7
6f4613e5e580dd6
414da37deb3a40a
4d621723dd1f522
3346d7c363858f3
45b71a6a05d8721
48177ff3d789a5a
7ca92655476ff9b
7375d6854df15db
4f463a9fd7bb183
837060fdf31f84f
6722ee300027ed2
01079910b5d8ff4
169708072981784
6a806f0594291d8
0abb27d627edc5c
6b533de31d859ab
84d3cf59441c652
159af14ca870698
869fc2f4c59baf7
6b7a757cfb257bc
38fc33b8f53b5d3
20ee7e500359967
0394594c80e88c3
83578fe67afc197
0e8cec10fad6eda
2fb05d15c528e38
07d807a362aeb70
3ed626751aea8fc
48b4358caee0e42
4c5656e110b2e3a
6ef8ab215a79c3a
3727fe064315d1a
6763bc822eb3e8d
0b6a2e877efda1b
80bc2eaa452c844
18588d9e321d7e9
13c3530b746431c
2a941b18499ae3a
02bb324dce0b608
64e52dd880411ba
75377f52d5c4f5b
63669a5074e2929
6ed10f04790e4f6
2f46c6325b2c900
6fad4ef2dfef1f7
285e01ddea19ff4
87b26c265fd62fc
13af72bfc2c5009
8996d17b1aa463c
43b1e12ab50e158
1361ada49894d99
00c011533d70372
6866f1d6feb26f2
4638f8378616840
0928ed4af2a5b67
33f47bfc2f59ce3
5b35aad8cb0fd3a
4e087088bb94fbc
3bb2669a0de6ed4
7e5634127d822fd
1022342c2e68bbe
300c20c1e1b44ed
607889f7a1704a4
70fb1811bf55347
33b1995a248f6aa
86a9897bcefba2e
083bb33ba1db149
8d5937501faf486
0f5be1c79e3dd31
61ec6b71743e7c1
191eb5c5ef37a8f
8a0721bb65bd1a7
786042eee386e3b
5eff1fa8a772e47
1d6c9f966e45b6a
601aa2d5d2a8392
348bc2b84db02cf
4adea5b11a82489
42a88623f503ee0
0c9a981c7ba2308
4055e4c2ff7bbc1
1027360a0219e82
838f1dea55b24ed
25ba23c9596ba62
489a34ec8c850c5
1eb142f8eac19c1
1d09c294edf020a
2200388141142d8
130d43a1d4e9e63
8ecdd4de25bb78f
33b49555cdebcc2
35050786bb8c597
21a00f318943a2f
8fff6cb1bc140f2
7f2642ec9d9252a
47faa190cbdabe2
8e296b5e1094848
2594201429448c0
484bef2fdd78a77
886e84c4652a3c0
324a7ceeef9f618
1d69015335d8def
08f70590a32f76e
5dd23b726df0a7e
4b65b6f8ab47fb4
0c6c3f9c385e113
233bfdd4434a278
511d6476f57e1d4
25e83b5e5a1e6fa
6abd027ecc1506d
0b252804705ddb4
4ed29756689fa51
10bb4df7c52a9a6
8783e796256c330
620c7aaed438153
525ada5ac5a3459
4c11423f732031f
2759a4bd8a27111
2375adec5fcb4e3
53e55d8efee8f6a
275f07c21872270
049e8e496044d7d
2f5985623c9aa1a
28e87babb6223c8
6f2bd44fc121477
51fa261e6618ead
712fc48d571d292
18ffd872bb98fee
7bc309a130e5af7
228b6e59f62b496
60a21c5eb692418
7b6fcb1f6905ff8
4c5e8e3e0e8cc28
7e3e958ab99ee35
1374c429310f5d5
77e7bc7cb60d42a
7ca4505e30f30f5
3eb1afd3860c821
8919b99a0a5fedd
6b290553bf2abec
393314f30e28817
7294258ab513947
78d0ba2f2fc6131
51fe5a27bdc2389
6317a2357d38650
3c5d104578be0a2
605cea30b941660
58a4ff1ca232a0f
88c95dd611262b6
20e9e661a35753d
5b7fff7ca8f3fc5
6f1308926786239
4cb858cbe7206ca
837568e71babf9c
3257cfb1ee12e7c
15dd20acbe0925e
22f0d3d336e7707
27a1d5b69be431d
25ccde12d18ad30
6062102ac8ecd36
53257ba762a976b
640e26c74feafc5
33b1eb45bfabb3e
622d4b03f747b4e
6cb7296c7d6ed3b
19cec35dd57fed7
3a200e2dc64f4d0
817675023dc58b6
8975e7d6297577a
21237481c47ca62
72d0ec339aa821b
190440bb7a24c89
627ba0e0437d3b5
7c5ca3d9197dcaa
39374b57c2441ac
147a253d83c2326
5fcbac31f90a866
75ac8f271a1be7d
0a445e8f48e9663
4d4662c997f666f
2f2cba2ea5753e4
52968f6ae4b4c3a
7886e3617a8cc60
58a8ebbbecff536
490c5c2a0a01366
7e73bacf5b40014
437ca0adb2a0931
02ab78a24e9d1b5
2c8ddc3178d29ad
675443dfb7f3be9
4309e0b1b9c9868
10cfbf700641aab
5199e4a0969146f
7bd9dd5c812eaa4
27527af57ad4395
2cc872e689dda67
40c70c45ee30197
7b350970852b4fe
3073fa091be88de
1676f47a24c485b
2c269bbe006f298
6220b183eb40300
8565dc2d45523c1
728a5f24fe23ec0
8253503da1906e3
4b29d2b2b4d1309
1079334f8f416f7
7146dedd4a8c893
136b6ff97eea281
7a2136c3c6a528e
485ff1e82b66ca2
854bf21d8cd7380
3dba1aa43a97525
831de9432f535ca
384bc3919cdfc0c
61530d5c3c926d5
36474770af16228
039848f108b3cd0
3edc29d0f44af51
7b89d5a57fd0769
4aab3f68f4655bc
0722b59e2bd1ca2
62325bfc9b330e0
428f0693615091a
20c85ad5f811f0c
4385f0cc80d3684
8617896f1484357
4844667885febee
7136ab7b0a973e4
1fecccc9da2f9d3
862331465387508
360afeeb5b467e7
3469fd64b992dec
3f8ac156085040c
076acf26c6e2e64
72d5184f9faaa38
5d421efc21ca594
822b733ecf5d2ff
5ed6abb5bb0677f
25cf897ae2c5f0e
2155629388a6032
10ea110f7104fda
29ca163734bd3ba
08d2ac9745efd9e
6c65df7281b522c
382f239d6ba4bcb
43d2474fbb8aac0
798da83298480f9
298f200dcb36c2b
11aa622933c1e14
5c63dc51bdebd01
6323e6bf30eaf42
1bb0e199462109a
13126de471e4a19
3f32142c62f5d85
4abc72f96211dc9
50d255add6448e3
4aca47db881752f
52fa921d944b8be
7a5ad5524ecd54f
55dc27dce107483
73d7f23646837c3
734600b0d9f6ead
6f34ff42ae5b605
81ae3a68ab00609
0c7be567a167bef
1f37b3e3ba6ad21
2b927c5a911cd4e
1b4fde4b5cfedce
61c167e2186db4a
499114f41229405
6a4c8a1d0e0855f
39f275a3bceedbd
45985fb7a23f0eb
3c203c95672be47
2eeba73c80272fd
48b6041e86057bc
3572a1e00f747ad
15cee4e74bdff1c
24912039ae19a13
3665211946ad3b8
7aec170a8c21884
5051ea10b9f6f37
43dcf9032227628
1ac0f66857f771a
04f20b728923c9d
5eebc606eb094ab
7795faa0ee1caf4
81af384f7bb73a8
2da6c8c2ee4b1cf
294e8332e207725
530afebffd3bdff
5859ea74bb06efb
82d8162bc7b6164
23dbae4d063409d
2fc5ddd767184ee
003a4ce42beac80
5838fca863cb162
6e8ea8097df46d5
62a52f98df48ddb
04fbec4418e3924
0a1c5451a5fbbef
77be9fe33a260da
6064f7847ddb368
369c50e9dda6f32
2080d620f0bda83
5e2ae039c9b56fb
055bf358aa37933
76e56769500d83b
028f452dbe1b4fe
6b84fa937dca46c
0961f4bb1039e47
635aea2915fa878
376f31f0ccacfe3
55e91daf9845a0a
6bbd630b1dd237b
5cce37540e20109
876cbdf1cad8155
1034f4f0525be43
01b9ffd7491887e
231dd24831e1353
08bc8d2a8e4f927
1460a1982242e22
1432dbd2c3af838
3a71fa74fe1ab81
65b463e9023bf01
0b4b86bd2d25bdd
8872614539ccf20
15bc1e26b5a2fea
3e5b0c0175710b3
494884c7bd147b7
1d7176baff3d60c
478fd338dc6a436
79c571d86c4cd2d
063d3379b527853
51abe44a23e0105
5fea91819e685c8
34248ad2119b851
7a98aeaa9acb4bc
38583f3c177250e
66b3a87b3775349
3207be379e8ffd3
5370efbe5503981
426685afb001f58
82c8ef5402bec9f
2b7c05f427390c2
4fc4857058748ec
3f5dccfa953dc88
2d5e342ffbdf06c
36d481178b6669c
2d4d63e0154b123
6eecb5fa3d136b0
49f6fbbd8aab841
7dfe8f6e510d09f
7ae06724c657a38
8dc071af29488cc
2abbc318fa31330
097d92c4986804c
8f9f6cbe93498a0
5b43566b4e390ce
7e687f89fa7b8a3
80f9a2e52d9129d
460c8c2d0bff6ec
10f8b76778fa8d0
696e67abb695967
80f885ad9a61bc8
4d139551788a7f9
01b181b6d3a5a70
7e65082db9039b9
35d05f0d1d312f0
2830ae20539dd43
783abbab3eace02
75590e69dc04dc3
0f02cb95e5b354e
713cdf8ded3bc12
874b3ac05cb7ed2
29a04b711d77b36
49fb641fc4f8629
43c96d5fb2540cd
4638a4009b767d2
9002a3d70268fe0
3ad831c097169a9
091388c3b04d060
185981136220df7
85a8a116fa784f0
0b3506245ddb5d5
569cdd0669f01b0
8c1117dc961a6d8
60c3a254aed07d7
0c4e1631d4916fd
58dc808e81021c1
053adcb1ba178db
07b26ad20ab3b12
7c6d99727b7cccb
3da6a5bde002e2a
1eb044068016b49
46220f8db9d4790
5ba36882832a199
1fbaad0f6835bb7
3beb6b535621393
8b26058f9b0ed34
258758579e445c8
32c62dd91bca3a1
3300c70a62c868e
7c907db5b7517d1
5c784f12fb5e9eb
323d9ee189fb836
218d3b4feba6819
8b28ba1c70569a9
86c70c6cf920e6e
62256773cc3d241
0f8f845bca999bb
43ec5931013a8ff
753513981b53a20
865e4be0636c617
7f70cb9651f8bc0
4df3ab25dbd0191
049f08212d571b8
6ecf698ecaa4ac2
3d61fa5b2e140ec
3cd4be930eb4d75
8c40e65faf1f45e
6328b77c246a164
0c6a0e4c9c6757b
571151720b70d10
119adc2081ec043
1df69d3c7aac5b1
6c9a4d1337ae780
7596dcd37da30c1
613e2c00d8955bd
305eace1b64a929
10ef7816f532122
49f1e8a351dc125
04f1184abaa009e
3af1c61b2834138
7d1f629dcf111c6
65e829b247db370
64862e5ae014943
4d8472b61e3c51a
63174c5b57fef26
0e51471636c1b56
73009cbd2e91c17
7ce69c8f7c0fa76
2a728c1b401a757
095762295e5bfea
50e15528bc46966
8c7488f17ae8203
0d5702a4850cc2a
2591311100dcb9c
19fc3ecb69eb936
8d543c94e677d46
6fdf961b55c03fb
62be20697275b76
49e8b3f52bfcf1e
405465fe886b774
4cf9d58540b7515
180593b2d9a24e0
717edb3e8cd35d5
57b672d9e0b1f87
7aa23752cbec25e
80dc29f6dd0b3a7
3fca70c7ffc6ac7
59b6bc3e44d6196
49982a2ac008f9c
6be6bcc2dff6198
284d17c0887e560
68e563bcb8c3729
4b9a9fd7db1dfee
398d18eab21dc6f
0973c73f2684bef
2eed43b4e76dbb2
44c6a1ea575b559
4c8610746f311b8
7422d103e3bc5c4
5affc3cb17c4a94
59e61d434e92e1d
7e131dc6b5b00c2
3545cd5cbeb3ef7
49a1c95f3bf3e8a
070d6e5da4c4203
4e06774f8afa098
8e7ea611208fbd1
8ec764191d4be10
8fc55b94e568110
0fff5f602c4e4d7
5466455198c35c1
4bb26efc4adc04d
0409ce14f48cd67
07c70c8fa7193c4
45d22f8e984f200
05dc702d21b8be2
030da3940122dd3
027221da89d2ea0
77268be6000c169
76ddf1d1784608c
2050e4368586596
856213b3eac84b9
193419c7d31ef1c
2cf37089412c1ef
88df962ecf7ba6a
6befff25e768a94
23883c2779d5403
7299da6116e79c3
76dfae8dc0147c4
116a2dab9deb919
7603d22878247bc
82a1638cc34e817
854fbf123aaf862
67d3490babf0418
6fe4aa476d09042
743b9a93cea45e2
7b9dbea3135ecec
2473272518a56a4
6752b04dfe4605c
7f759bbc49fa2dc
2cca18dacac5626
66ef777b189e067
73a1b5ae2dfed9b
6954f897faff0ff
90c0975f7c582ae
8c9bcc6ce845df3
81fa9eebf984b43
56fda0e2a02c2f4
5bc572f5dcc2db2
770d902c698e283
420ee8feef6f0bb
8ae596458788d46
265f608446d3ad1
8bdc668ee2c701d
472d1fc395f6c34
21b73087cce7e53
37a9dcbebfd47c0
4be28dd74847858
71f5e599924a61a
62e5d420946213b
56c7f7e5403aa0c
4f717312d236427
608aee0a05ee517
41ddd723a2c143c
140da085768c095
3b9d70874e89cca
14ff045e883f8cd
881c20f7c921ab3
7e573dda948551f
5e102ca18241f27
3a2aed1e092d191
175fc9117aea3e0
15ecc0309bd4885
1a969b9f3e35d15
056ea29c90033ae
1b2003e53b7c500
1cdfa22be1a70e7
3686e934b2eae7c
75b6371eaa0a9f5
16bc11572beab12
63a70b8cc4a40bd
09384a809cc0fc5
42ab0a1fc8aaddf
2b13b28117fd69a
2110035bd87d11d
2ab371088934cfc
306768835e716b0
28008e0135fa020
63dfcaed7adb743
415424eb45e52ec
0e81a6aceced739
41fb7676b8bd724
376605c5a69459a
74e08658cfa1595
70f8cfe5441760c
8473eca9be387c1
7ba092c9f4d277c
75e601e809b886d
1f6ef04bfc1c813
33f9723f72b606e
3c3f9b00d79b739
12b4b3df407103c
1b1fc5455541a79
09c2928f6889d08
3512f5d73e0e502
74a2425db1adc81
535e0ff0766aca0
2aa47ef9db6c039
72af2ca318bc116
28f32dd8c35f43d
69973c8b96061a3
55dd89058d53836
628e01e066b7f43
6661bd36f2ba4b2
083f5a36f19be7b
4347628abf7ccf9
604febfaa1cc5e3
61356f8d54b1206
46bc8691208563c
4ebeb1c59735eba
84ff169f88cca58
81ca7f0bb3d13e5
226c1d44a8b9ede
8488cacd136a2ce
0e11cf6b86ae0d7
369433f1ade848e
1f2a5ad2a2defdf
195c717cad94d16
1c91c62c90439e6
040b341aa23cb2d
7bfe1a3a2a3f819
8d22cf1d19dc449
4361647be11a29d
356e9bea171be5f
3ba9b391cae164c
8b279220973097e
41f0ffdafa1db57
425b7def2d17dec
1b69dfb87bc7200
5e3a0bdfa4348d0
7a9caa0a3dfe45d
757df3c3f776e96
3424a0d40017c44
6d392fa7afa26ad
722466de516701d
6bc862139686b75
432b98b6bb07c2f
87a0cd77c1137bc
34a6d819fdf058b
8f006fcaa2be9c4
4f4702f4e0f6d59
3d606fc45daa5ee
0797fed0169b94d
043e14e684603c3
066c9e9fcbfdb26
69b5770da1256e6
0165d4a87f0e903
6c99acde3090d70
2a187b12d207bc8
8daf7798d597faa
89926615b97f2ea
1444a0560d9235b
600c918bf0118ad
487ceaf4be5f5fe
18dfad470e83985
2104383bb8c27af
0e0c0061295c53e
6b3849cb7542206
2d09f646e379cde
3cc0d3d6004db1d
3bb9b6ac81b621b
38f39f52e4b02ce
2f0a55064a5f8e8
64521416663786a
55e246dfbb96023
82f7eec68dd7b22
49983250b3e7d1b
8dbfb51336673f6
0d2a529c7fcdf5c
89617eeea772cfe
5f5e96f9b0ee2f2
31206f29631d1fb
7a411394ada3bc7
2fc201e2fc058ef
8acc456b5cafe6e
884bbea170437ea
61d201ba43642bd
2fffeb860d26b2a
3af506617e5fdc3
5cbd09995df1eac
2ecffc7b8b62d56
4b88384598f1c50
5c957988ad6ad78
33709eae1595f10
475dd35e3cc743c
89c8837a337c989
7501555b8f3fa85
179e42da821dfed
35ae0f75e52be2d
6eb866268aceb89
3b358719bf0a8b9
82bf22721221afa
08d8f0a88a5a15f
33ce600e7705bfe
7501b35639498f5
7254bbef647d885
7b54e8e2fa61cb4
41857e1df74abfe
3d2b27516190f0a
7306732982d3c5b
45440d050c76c8c
626da479116964a
0ff2f0c536edd6c
5c0e844ff44edcd
89b1deb2e182607
6637b2a44a0629a
6270bfedec82d31
60138217a187806
3e279c84a4b92cc
2fa4843d866e411
0f6533f25cd8aef
1f441892f50017b
77f25708747c87c
20545e86ece3346
16b90c78d7f9e76
751d4f5d8e8edf3
19e5aa4ffdc0bfb
21817f55f749b34
802dd7bbf9fa499
64d6d7b395d5731
4197e9fd87afcf6
06777f5be0fc82e
3c40ecec3474d13
36179c226ec4bf1
218ed87e0221812
27a4aabc038229c
24dabd12a54cfd3
56b93c9fdd44f7e
6e0a0319c5e8c92
8574451fde2a9cd
02b024298209188
5d1b0f8941d9017
5ec5880b46999ef
5d0b7f48759532b
056a91b4b54d779
4e5246d2b8b5090
432f3e9ce1fdf0a
06ce255d8b4b0cb
28eefdd1070e86f
1d8a70fb0298631
1774c045ea8b583
06bd0692f0e9c8f
03adb3758eb9868
35c02816b5dff0e
8450fc8a14d1d0d
76729e69f9a0be2
0ab8515a74b103c
0bad2d3e588630f
2937aa11fea0901
74937bdc552e1f0
45b4229d4d04711
3d2f99ff511979c
804b4defb0b49d8
441257e620d216a
82b5c398ca438b2
4be13c0cd4df4eb
4d99a1a92984cce
7270471136794e6
2a8217ccdcfc945
430a1ddca8c80aa
4a30cce88ddffca
1a37ecec2ce2368
2ba896d629c1f45
26932fe26d2a43e
005937aa31a17ac
335dacce8c05e88
7fcfddf51f5728b
3cf90d759b43a57
032fd4286673f3b
1ee1e5048381999
7f9d8886be9c99b
6f0cb0b60ab1a78
2a24a6b4235f525
8d1afce66be2972
4e09d9586008bd6
2a2ec6907f3b7b9
2c3cb0630638c35
6962085f30717ed
2148ace9196d3cf
161ad91c8b33c8f
2a347b56c2a1eb8
43de3121b8d1021
8218b545c017d99
2a5bd524353f5d1
44b60c38f307578
07379f77280ed3a
33361f1d23e9868
5fa938d531e3a41
6a6ffd7cb7113cd
074377d5b22028b
28b90c28169902d
1ef162461a2ac56
18c39dbadcb14c4
49ab468cc282651
1b2e7eb59a73b65
66c98de5e970a27
03844160559b6df
40e4386f44c51ac
1f5c0136c6d75e0
29df04e9d226bf8
2324cbbaafff985
6394f00088a37ad
86e9ff7bbad110a
73eeb31be490dea
5032bc41270cf03
3917e7e337cf7af
351b64762f4c632
5d71900151219de
57de46fe152a658
4c570eca731ad2b
11ee0336103b159
14da39c02d85922
11630d2a3c64610
5936c627d4c628d
42f9198082f2cb1
1fe8fb6c2061cca
0f874ac7c152698
36254e23ba5a2ae
2feee41140aed2d
36d3bc442a81265
8404ede41efc343
59efb56f8099491
49f5dbdecd1a28a
78a148847542bb0
86730b311132fef
7236649ba8f8950
4d76bdb7129b2bb
5def0a0e670d507
6cd074f5048a39b
23e1daa84925bd5
0f9756190b30193
2d4256e2d0d83d3
2031b93dbbc330d
33305e035a2dd23
5a24cc25e15122b
1f1f6ea872753fc
85ec870cdb38f11
6120f6d5702cff5
4e7e44a27ffee80
650718a19aabfe5
4322d7597e18118
0d42919a4f8e730
4b79f7d677797a8
86c1dac358b7181
664a76069357dcd
056a79f8577c1af
33f1c540ad24e6e
5d5e17471a90e9d
4fbf04e76eecf55
8f9cfbfeee68754
13d6a222fbfa66e
0daebaf26e26393
20e8b01e076657a
56c720274e6e54f
62678c92e763910
58c7ea8f8879ae9
033581b72f3ac54
8ccf67b1e5f091f
4e2f16c472d877c
1a45a6553b5808e
6c10ca65ef11b39
6728b6f842ea26d
1660763d0626ee3
13324545ee7cc82
38a8919ecf482bf
02a6cd0aecb1653
35b1e7d3b0f4d0a
7ed00b61a1315dd
4d115b5fc307c29
7df1e008330964e
4cb622352429764
4d8fccc628c81f0
2e2b623257a5f11
5d301ebd9f2c90b
350b4a6eb135e3f
338ee80e4873f74
8aaccf0f7feadc0
6481a226ea99c6d
6d421d7813a9c00
0158bdb68f174ab
08ff1342b641ef6
48f15a5c66f1dc1
6aa2aaea21f2ffd
13e70c0f1877cf3
0f4d516a6bf01b2
08ff5857dabf94a
1450f5d64d5f3f6
5d90badeb1458fd
1a7c5d8083c3892
144896f3541f099
7f602f0b5506441
2678ef1219f5740
5d92e5e3f504996
053cd901494c0ed
0131c79b10a767c
06b9a110d81f575
8dcc5ef776318c1
1896491244d46e4
4494168d0c2f199
26fdccc39e52828
71ea9f9db7e9fcd
5a8410ff28ef706
3ccb3ceba320d7f
83ab4ffefac713e
0c79a60f23be111
620cb91f6017639
2bcb7faded68294
48555b71aef8178
56bcfb179bd7eb1
5da905f9351acde
733def1fcbce0a1
23caf930e690cae
5b72eecb82f04c8
025f7092116e8ae
29e0b44fbddefcb
1af5ed1a2d97322
8accf538aa64547
6e2877c099abc09
5de90492f060488
8f4094478aa932f
5ec3d9bdd1bf90f
4fb787219a2f03a
4183c89730343a7
6334699475506ab
320aa1f71b0ed7e
0e684a91bb7bf72
10637759cfc8732
54995051e0e1a8e
8f6f2a8b204dda0
6ede991d5767b6c
6f1f4ac4842dfe2
1fff0053430855f
43827ba8bb4b42a
0acf1e3ee0de197
5bbddb5ff0c0b34
84de02a1b23fcfd
228a72ac9b68b49
09a7394b74b80dd
0a35e78bed62bb6
712f72e210b85ad
497a07fc413ada3
16418cbe65083ef
1ea0547cc3c8221
84e5ff5bbbb915c
0d0f4ea6b12bef9
54f562d92e74ff1
362012664a6b145
377af8993a10772
434cf429f4b36e4
90ca465a9015543
124bd5d93ae91c7
59efe0414b17189
4a2434dbd014880
3f0c780e285fea5
25239eac3406908
4bab6b2e7814ec1
2d166018337d731
3f62b771b704fb7
89199b2cc947f00
2dc28a5c3aa668e
7bb0366659bcbde
7950fb5ffa0885e
37c15511459600d
383beeac2513f43
4cc599df3398910
175399e9d3a7856
0c3b56e3e994edd
8ad30e002843cee
107f370d403338d
18486cddc0a065b
5d830c066265b65
051a1b2ae2dd0d8
025c2e4e956c63d
7f0d46b12e19365
2926add04769201
8a186c639dfe944
2b7a059ed56e931
7594d14783338ce
66d67ec73e12fe9
45e1b2be2d206fd
376c7777e035fd2
859bc9d195497d2
6574736e277a533
4202a1fee8345e3
2d50385f79638e7
2db971b6e96fb46
6f27d9264dd66cf
2bfd48377a43d56
11694c3eda631ec
075a0db15948e1b
6be9d7aebca0608
252cbf180449e6d
1320c4ec6b9182d
7a165908867e5e4
449f32249210161
1616901557e74ac
0c206bea49b24da
05e00a92244ced1
2d420be9eb771a5
1a80940f2cd78ba
4afeb4748109424
35e0d052921a957
8285325a1b76956
57acbc5b7464fcd
61c86f885d3823a
3b85caccdb8e209
80a262f4d832c6b
56828b4d6e7380b
86d2718656b6eec
74767a8b08aa950
3f8f4f3aea2d16a
23d5eb476f92cd4
2ba546faf32d6aa
79e5245e219c62a
506c4cd279b7efb
62767fc39bab34a
4102af9c6478552
06f829c40e938cf
2fb829f7059c616
21dd0da8d62c2e7
8d8250c206d03b9
81ed40223bb7b73
6642f6568f7d3ac
7cbf1061aef6372
6814c6d274e0341
895e9426a8771c9
1ae4003c5494f63
776881956d0ff12
7395030208e7682
19edc33a4a57d6d
2d624bf15d22e47
2fb31de1f7e1b78
38ddca7bbd39055
8d7d3fbd65f1550
28decdfd49f770a
4bd9443e58f21ca
87b2c20500b50d6
61a725eaeeeaac2
3c358be7878530b
5847a6df48e9712
68b7c750fda6a9d
463ac4716aff766
206465d373f13bc
458fd4e4bf07fe1
7f77d8e3ef88d95
37bf7502e2432b4
65e9b94b74319b5
3f99c07372c973c
1ce56b6dc812439
5155c306a13522b
668b1125d86c99a
6edcc473d0971ad
7639e00c23e03e8
8861b6f97c39ea9
41245ae5548b497
44ca8468986f19a
68bcb4753f1cf23
512adb788b6b82b
04575d36df6acc7
7e48ad0957a3958
0a23637fdd00588
2147c2e13541d6c
41a671b8d538741
3d4dada01a19249
1bba8401660ab4a
41778465239b559
5f805d771516487
69a8e7661634847
6eee244c491e1e3
15a2aad2f4bad5a
8b1d79e4a019dc6
0d989d34d52fa4c
03bf34c9ff2015e
9067d874267cf1c
30a3a92d7d0e872
7baf2686fae65a2
2a540d000c64117
5151ff73b89a67b
678472c40fb0881
74f09bf13f8d982
74ff1d1b511f283
65a13726d4e1fa2
4966e5f31285265
6d79b8cae931a5c
0345e64684ad7da
3e153acb6fc496f
0a9175289ce4f8a
5069901ae3e29ba
49f7fae51818d0f
062a07a72279f6f
2b8b6864c16f7eb
48c6e2d17235802
615c1493de1ce92
4320cc32f3f3b68
715342ca9b111a5
8e3ffced81c9fb3
8095aa1212ff4d0
489fe8cb07b575e
594ba23c56c5623
251a18dbd18b4ef
0ce377654e77fc0
8f192749d24583d
86e9c0b2f926faa
76e6a0c01a4f63f
411921defb09257
4d59d94b552bd22
611ecb4468475b9
2461ec7e0cbc930
094a24352011d7a
0ac7bbd848c180d
0e04c7868fb571a
6404b2d92cd8f54
5ef43411a222699
8dd18f14def5688
58817a581c87a73
553a238358be666
6c9ae0c33e62e5d
1a51b365fdf9e4f
29efa72f0490947
08f14b0470334ff
45d66e0ae7f1d16
1d938f0369477d6
3c4a3cc6c1b3aff
258b80858a75469
10b1ccf2842bb3b
32fd72145c01031
5c5401454800162
24ada43cf1b73ca
603c0b8e318bbdf
7f4a338044c18bd
90a6b36b8e7f489
3027e355f9232b5
153d947ffd56c3e
3dcefc9fd48fd00
1a1b866e419a503
16e62c0661ca025
4cfb278d2f6c997
2bf0ae8e8609531
30f572640677a1c
6c30770b306a398
486c32cb3ae1780
0d20041de828e42
69d95181ead9078
76edf7719ad3a0b
267333a64ed3b59
367d87f026d9e5b
179b2484a641c50
6061b3ff4f29bbb
6ae35e46885b54a
5a83dcafeff7765
5d436aba1aff989
2c57eaf8c5dbd8c
4414667df11d4cf
7c24a3805efd806
08d641da50503fd
7568e1438c6733c
1a18dcc834c6dc4
114df9faa70164b
325ce5e28e5f7d5
51f05f84c2c79d6
682f16a77420541
8e4af6d575c0c21
1e8d03bfa27e8e4
14b23d472da82dc
7c049bc46178751
3dfc54621e70067
781a4ddcb82f05b
058f5d8a4b12562
3815e7c6c005001
6d55b4bbafa68d1
0e4a012f251e7f1
405fb629f346158
2775a1eb5d594d1
0a6902404e0c1c2
0f70fa9f3e275b3
3322bab4b6880e8
0603235dbbd9c55
350d4583c249f1f
50013e91f301619
2b5e7204d4a4750
462ac6b06c434a6
01e712e6281adef
75a3fa443f773a1
3d1489b5eff59e2
7da8afb384ca9d1
56cbedfa8736f12
739fcc4f132f6bd
0d68ceb75e02439
6c1e5df195b5a50
36e49606cc9218c
20956dfd1765dde
52b441b2ed92829
27768faacfe15b4
681218f6211f879
53aa98fc5d670cc
81b6d54f07eef82
693012f81cf8f85
0ae7d4e4761fb26
1a5aae5c007a2a5
8ac2ad6a4fd94a9
795a39bf4ed3f9a
76faf7cdb911738
39213c59dbdfa92
862c57f1f7574a5
6d6c085e4606789
4461f31c9b4e08a
14847a4781f01e2
36457a4fa52ac5f
66d4c9304c8fc55
7ec013ce854b6ff
02c39468187e003
4bb8e048321edbe
6db4d7686655474
183661b6eb39c79
859003029028385
1fd619eb707bf9c
14d2afeca246f05
8362807df66fac1
0423f116925cdf5
81c5afcc923443b
85f1492d6648c7c
0ae14021112ec07
15b4b5ac0fab90c
45486fabbb077f1
11d39fa1e0697a9
77ea31a8d3f68f7
7092fcedc77ad6d
25c0a7cdc68f883
82c3d2c74ec9bb1
8a63cf1420bfacf
172b34a6dbdf708
14981d96d0da55c
4fc896af22ffed4
012ab42ba54d2ff
46ffb34e4517bbb
3fdaf1fe6bb1a09
85ccae4ed1f80e5
4c1a857d496efba
5571ae9acfa6d0b
327a14870efd921
49bbf7fbc37a238
60ccdef66634679
7192d3d267683ea
61eb2b2b9f3321a
2ca3336f3d4ad60
8ebcc1c6c529b45
2fff1fee104c433
32c7146b59321f7
08871f4945ba103
7d757ef7afe715a
436023f5c5fa9b2
7f855215a333111
010339fc89fcbd3
5d8cbdfa8f60e4e
909c97cea87313d
7af57d02cc633e5
77d23290db7c825
1d5fa5431dc445d
3fa0f7fd1ed614b
52887595d7a84fb
194b2384df70a20
5aa3969036a278a
666b162feebcdb6
57c52c994449dad
72efa905c455615
622217c16cd77c0
72487a8574cc95c
599b371177eba02
710517eb8a24df0
3a80045c8f8fa3b
34d22ed8658686a
49025dd6e0bf9fd
3d317e56a12dce7
07d7dc9f5a672fa
764068394df8592
41c069a5acad65d
2af656b3aadfd1a
58a9e093edd59d7
1c1d71f43aa230f
01d04309bc31c19
2382da7b9ba443b
390bd1e2d6d0de1
2517690434f6a0b
1c91f854dd70df1
6b533b464611d67
5c3476731d90d10
23caa9f101dec29
376dc5d382adf32
7f971be2a4393d6
2ec0575546f547a
06f9034ffe6c1e6
46f271f8144386b
0516d758f582544
43ccda936f8e9dd
6e23d1a4faa6878
7acc0192c33c7cf
444b458efbe3b30
4074e2df7e0a194
13c4c08349e85ae
34032c70f995bea
8f7d2e95c13e71e
896363e5cdaa66b
3e25fa3c52d61cd
7bf8a26d897c824
865f4ea8c1e6092
5e3bb81c8097372
6cc5e70d23e8323
7755b392bb676f6
8c7c80a171b666e
2d79952968809e7
3a91eefaa6509ac
529da10afdfca63
7d5b470a7497257
603b1c3b6d63e1f
8a35a62ce56e66c
8300418b8f64dbf
0ae24c798399cd4
873d7103343b841
872a97e4a1f8da2
504883d7811ac63
50ffc576f137ef0
67ef1595cbaa493
6789c534f592e2b
0e2cbca13e2abd4
27c81490cca710a
7c918156362b4e2
4c10c74e03cf2e5
4cf92c868e025b6
1b2978857e7dc48
8bb5c28729e0bcb
288b31e51e2dee4
07e790425084101
0b20905c3fd2c6a
8ce6c0cff9f9988
746dd1790084fb1
3b2fbae0eec52d2
60c0ad9a2028a88
89483ff2b11d7ff
44d40b3e6f6c936
3e9c7100b4a7850
751179fd2f0edaf
0eb8b775802ed1b
86235e8dd4c3003
896a4676631f371
2cf2a640e2df037
6c27b03b085d2f1
038b2987d3362a7
7c26374d188d72f
3262355917ed90a
4709f143524d34d
754583b00f9da67
762d4d803624f61
1f3c49fda1893f0
6c364d88f98e6ab
72eafe4b4c23d4a
0564df6f1ef61d8
261f208d88a3b09
27c749d168e1c7a
35616cb71b5b762
8d35d41c264a7d4
1d48378c2ec4af3
7cf4c04c01bbfae
1ff80db5605a3b6
8ad6b3eb3be77ba
63741a47b416b22
31b86e8705be05e
75b0e3304815a80
83a43f0fef8e05b
32a63db960b61c8
7d4d6543508580e
70d9779a628e6b9
7118ad30fbd3f9a
0608188ac99d5c2
36c24587800a1c6
17de7e3a2809736
0ab83dfccabb767
4deb7aeec41ba42
87ca99ce3cbbb7a
32aabad09a64866
60e76322eee2c08
13b530fae03b7ae
0107827d010bc06
37d3c639fd96442
4baba8ac4ff2a8f
283bb871961843a
8fedbecf5f4ba64
1fb871845fa6302
57eba8e379e5361
05433f1eaec9325
7f24810b3dddda5
26c84046648ea2e
8130a5b87c8064e
774df441acd5c89
0ea7178323b2d7e
3128d8a3e1ae2f3
4a841cde8e845b1
4965ea0c848432f
833a1c360670f04
86848caed546424
49988c5c31d6385
8b86f4c8613f520
24ffaee5a698135
1025cb43bcd9adb
07e29f6043871b7
70af9b0936b182c
1034705361491cb
89eff8b63372930
3558dd28d4cb87a
6174506ab90ca4a
3757acb0233dd87
6c50f053fd107de
5c5fffef1a2b954
1522d63c0e7bfca
1e82e513ee264d8
5c46aa4186a6319
6b96595113579a0
72ad88a56ee30fe
22a5f19cd6ee4a1
81fd74f107b68dd
46cf05e50a79d36
273db32f855cd12
415c5a1ed3ee41e
817fc57c71c3059
470eb42b6d64aa1
7dd644002d92a40
565916fc2dab6be
6514fb0cafcd039
7fbc0e1367cc5b0
3600f56ed20e10d
21eae4ea48e8026
3aa2c1c100a461d
1ce2cc5f5e29db2
2617b70e37dff6e
3b5388ba66afcf8
5f9166361399949
070d1c5be954842
745db894dacae4e
34180aadc906b35
1a443daf344b107
73b8fc0ecd68dae
4321597331cc392
223cea160f254fc
446d62fd242c62d
758bfc8614b4305
68cd59554d6e19c
689281a1bacb4a9
59809656a1f1792
1553af3c7805db8
7ca05e04981c8d8
3eb6b2fec0c3887
1795a3d9c21ecef
7ce943476275dd3
46ac771901d1433
8f1b91008051598
29aadbd63fa1f05
2290dac02f4e067
6717b9a5bc5ff7f
5ab3566c18574ac
007d3fe4c876d1a
0bc7c5ab4927912
38f168d4a4c987f
354635facfe175a
68a01fe35a972ed
308ff3a0fc66ace
6f4bec5619b9455
7165509bb5b0618
7ef2f5cf329918b
68d62aca29f56a2
60f1f98cf26dcea
5c580cfc47a614f
02da1e4b2d5a833
1bfef362e5edf87
5eb3badfecd6765
56c4da78bb6df4f
41e5c34d164d6bc
2dd94a53d7b872f
728b2d913934923
20357768715732a
51a93e3f054f5f6
243542d404b3280
3214c8f30b11dda
2a3ff34d041547e
679240a1b8fc8a0
3d478059df7e621
21a5708008e8a15
369c7ae502b7d44
23fc9fbb346d524
5a3c3c5dad493f1
445da6059333312
3410d0cae9365b9
2ff01770fdbff81
296a8c319f9d4df
2dc547f9a323674
54a30610c9b0a07
0027e62564a1fd9
047de7726ef7429
30b61a6faa714d6
603a8e08f837f5d
3414db75d91fd23
183afde2659950e
12520794e715338
683bb3499687518
35d2b3786fd9cfa
874d9dd30258650
706f7a6dcf2bc87
30a018f828ad978
7fc8e4fdf615a50
28a955b5f7adf4d
23478e4d22e5698
0e065cb1e1b4a55
59f82d8f956c183
3886c6531c0c0c8
7a88fb6b909a401
6ec261395f5dd3f
0b9de0ee5d698a7
06b41d56c1dabc5
6be24015c80128c
1f3ab73e7d9df64
809a3c796bc5313
4fc8d194cf9c7fc
08a3deaf0791a51
0826a6520684dd4
32449c5498b4b06
2f8bfcd2680528a
5d31b4afb9ead3a
6a3742a02d947aa
454af203e87573d
2e00a86abe59857
18bbb726acec4b6
05b5622ca052b38
124a33f74317f93
752428a2d4eaf76
5ef012e5f46c7a4
847aee5aef9cc39
7344e906e6e6859
2e5e558f77f567e
3192cfdfb3607dc
35c3fa4adb966dd
62066479d50c624
4df60f4e035ba04
04212995e92a88c
31e87128f5042cf
8bc8604c611be59
455ad3dd9388783
8c929ec72939874
7c50e0640efe924
2a55eaada8fb924
27ffc03e620d5f8
5651c955736b61d
0d832c0f60a864f
0c216bba2b90789
087dae6c7067adc
2af7b9a7943d36b
79287a05764c78d
11822cf75519983
850efad47b3bb4b
905c075d9240c7a
80e4e9a774fb5c1
656bef1ecbd9f73
891a48bed8989d8
6f65159e201f382
139ef8e60acf8a0
85dbb0c0aa5dbd6
66028a28e3f5f3f
517e170834fd1a5
7f8079ab8e4ee9e
7eec835c5deb250
2607cc8fa077791
8e3e002021d68d2
4faeb62f60c13ba
0d21a9e511c82cd
731ebd2aa624d71
6912d5a7a174d35
8443bf58dc26e03
0f8d218072786ab
39018841ecee2ef
14306e3a13ee052
50aca9457f122af
78bcd2ec724de2f
703b0d27b63aa0a
15756f9c1772e48
5093fabdfd51c5c
31436dafdbbefed
88edfcdcf680a4a
8da7e5885caad97
14bdb94a65902dd
06025a8ec413b79
85aa76ad58618d9
3cf8784bd37e984
8ca3acaeb7432db
4bd67ae634a144a
5ebcb464fe55c7d
757c8ab5201c983
0a5f5cffdd7034e
305479d88df76f8
38122c86dab452f
550af1ce4f36c50
2c9ba15706c7d9c
201ef4549bfd2b9
8d5f44e920f4289
7b63f820b528cc3
7103256a0310711
45fc9fd1b74cf5c
529cf840c1ef6de
54fd5069b5891f4
252111d4e0a2833
11bbc94740a7bf5
43d126c3f7201d0
14d8335962fa4eb
034b878cd526e22
3f81dc051310197
1394d1658529b06
376b835500ac084
34586c6f003da46
80f817fba334051
2828d4b64717c24
334ff610165fb18
79a4a93f8e0e296
7305318957ae260
0aa220ddeae1681
0d48a6548a4d514
04334ee21bef700
6443df6e0ef31ee
8368126f19c0b8d
8a58542c90b8b84
0dba759dc135fee
6d4e24029c616f0
4a23177c12f4448
3dd2fc32b90d329
1f17e8c1486a04f
577058306bc67c8
632cacd77a5505d
7ef28bbb07c7f8a
90595c9983524fb
51e243e38cfe458
3cda079fdf4d9f1
360852faf78029e
44d62e3aa74f178
44445ead7b983de
90478d0fe332ed2
3a34cf81a73f655
31cce71823d85bb
7b985b81266ee69
533c87b60f42115
4aec27026cc4a60
7a9b05a74437d9c
2c27e1c8eea865f
1b9df9bd0711407
44b5cbdad3a63be
6e8cf75a056b718
805859874897a48
29538d85004d7f0
69b8ccbe69e96f1
633d59d52cb3436
440aea3e7274242
0aaf07c217497ab
8794cecd8e7b140
5dacd8d6c1edf6e
14edc561db83eb3
31f16d38d3a9255
364bf63f69b7518
3136a27de2f5501
29654dd05ada50c
6019e95ec16fef8
29251e31a2b488a
1507547eba38c7e
90872846e8b8881
2ba2623b3b4b65c
901efc9b486d7aa
036e8fa47dcfeed
16bd57e4a272e52
4410a93cb3e5eaa
3c7ae4d5b43bb5b
7c406e62e819db7
1c0ee227221e743
5088a6280910e92
54896c184af261d
3a7a4281f2abf25
313a4aa326e3cd6
0ef596fd7926a29
1983340c66e9f15
135d39e6d7b4f8b
8194845be77ff51
684810bddc9ad23
728c00e8babcc91
15a64b661b47797
7d4b41de99423fa
3c3b9daf38ac46a
50c503d192e703f
23b4b2edcebdf32
131e9498eaba127
20295eebfe650b8
43863d7547a2fb3
441a740d22c855e
841d306b5075b44
5bc8b39e9664a37
40fc0c61c526f9a
6874d4bc5ca21c0
5b66c69125a9eaa
3c8db6a3a8e3ffc
693db998e2103bc
1cc2e124623c590
89f821ab867e761
42bce3f6a9d8d58
0770f34769a20ed
7d45be14e4a9cc0
103aa289f8731c3
24e5806658b8f1a
59af538534e05a6
6845e6bd998b5dc
718e5a3b3c89e59
692cfb980b07ae4
3f17a8881757f39
74351d396cb8165
45b45804af4aa6c
844ef66f4e0e739
8c0f94a823bef59
7c8091d59de0a90
69c861db795a8c4
7b9b85e776c00aa
844e61ef5a95df3
703deba20cbeedd
41f5288252c3bc0
7a195ab3cc4c219
349af2481a5d3a0
1594514b54c34d1
87e41a0017d0f02
68b8c5c3864bb5d
8ef071ed2a81044
172df99851b8bf4
61d341751e442b5
3d3ebab22892787
05b883db08e9ec4
18c962f6d3dfa5c
889fcbea8aa19ae
90a064207fec73e
23c7b97be1699f1
4d1c978ced941cc
15efaeef339e0b1
0ebac3dd2144c01
830e95c92be0e5b
7a27d20bf4975e0
55d7a0d5ccf85be
739126e76ca6e91
2984ffa6a43dc42
165f5cbc0f7c3e5
2037ab1e7d25220
468fd262e6bf344
5c1cbdafb7d8594
1b914fa3d07ab91
258e2b906f815c0
2ad3667ddf13a64
4732e78d7347fa9
40d173773657fdc
7038740391445e7
119c67c16e24934
634cde1db5c26d3
3f9a8f5f47f14c2
63cf7372bae044a
8476126e4296bd0
4422f5faf4d57c7
6a6dba4b7206f7c
0b4a1083fe11138
0f68977862eea62
096e1cd949c8be7
2885159c8ec4a95
78ccb309e2d6bf5
043a141b0afa603
2c0530fbf56b829
4f2cdd8b900ff83
4f646ce08d2af8e
47239bb96565e16
38ce8c38389baf8
81afc2b13759460
6b58aa872f6455d
7d3c39edebdddc3
824072f18988ee4
579117ea816032f
1dd6802e9fca43a
592e3e1d66e8ddb
1ae7db78efadd97
24b9b3f7be5f3aa
07ca462eb867420
74f7e665604ab01
70edf5e077f4fdd
19eba95ae49ff3c
0276731a9e71fda
82e513d6dcfd2d8
31360a8a7ecb8e4
4c78cf13bb80864
4c02f471d1dde06
615bbb880c86841
4a06628671f2ebf
6cd2f792b9c9609
0ae24b249eaebd5
545056f7261d573
4109caad4f43cab
5e2f91c976dd648
75ff9428ebfaf99
3f3cdba0a8f2831
27532e2c3813bef
156588d998e4fa4
84ca186ffca763d
15413ee3c0b2edf
79d7d099d556125
692b3438b4ffda5
08568e37049e933
3af288cac4fd78d
1cc0a4ee0f576fe
05d08e3c80f40d6
8bd0d2b1c395f24
635a996d238148b
86ff507d53ad837
6d99d66a8518084
0556b7bb950507a
5cffd4bee579af8
5736efff20b93ac
63cd80f548ffafc
375587c77199359
2f4b164eb3c9871
389de0cbbe97747
61363f45d7bed59
6822cef54f79263
643ed60cb9efa3d
0f86ecada73ab6f
2f0df785cebfbfd
8e960569abfee1d
6266dcb79eec7b3
54f1f3e40e19c91
028d25ef6bf6666
3249f2550d9dbc9
87e623f2a58c6c3
5b19c40f06644f9
47afcbdc9a2c01f
3fdaf882439869a
166e945b3af2861
4fc15739639ad9e
49cc63b05be5202
8a661ae0b332c3c
280a14bea6d3069
63164e7bd800f7b
61bd4c77b5cff96
1b7ee0e931a69fb
5337298a50507e3
71b45a200c25aa1
3a57cd3592dd584
7c139793b74969e
8408a215ea244cf
79dd1659443279c
177826752611a93
83d7268c5ff1b5b
2217bf81f29df17
3e9e75cda2150d4
3de830af77aab3c
09fdd5fa18f0fbd
7d2b59041863057
6dac8cf6d069f76
19b4c3b9fdcaecc
26e4e5d7b99e700
549427c98286821
688e3b498b0693b
3e3d35cf06fe421
7ebbf6b1bbb6873
658c52713e2ec8d
23011c2531dcc64
84d68e4200cb165
00be8118ca90b0b
2d74f34b64c1b3c
3147fb53f6a0229
6de706636150ce6
46da4cae1c65c8b
589d7fbab833995
37a93240f533705
265e863e9e7a1ec
4af748b0acb3a2d
4496636078dbced
1f3c25d8c8312ee
215810ff4fbcc13
808f70c42da2529
058a640340cedaf
2b2411db34ccb66
53ef101d24a95b3
2aed75fb3b4a36e
482985b09252234
46ef6646d752a09
4fc7e91f669ef67
6b66c4578e3ff01
5b8aaeb7ec91e7e
600a00daa635fd1
6bc18ffcdd8e5c3
1eb608f9710b474
7ac893bf6dc0d60
6f152e9bd3886b2
60cbea6bca6031a
65328419539b29d
793c86f8a07c56a
3e82587a3abe3d7
2c0f41b000f04e0
1d6147bc218d895
4d726c689ecdd1f
696736e100ad68a
6e618516293ea31
07ae7265ca0ba63
307920271cddffa
3c9604bade6e3cf
72e618094f11a75
7c19bd43592676b
7e2818cadc6add0
0ce46973f557fc2
5628bdbfb8bb309
01df6785d686a6b
484cdae35aca21f
2f32e9194676db2
092fc0a035d27dd
11666ea502c470c
52644e37dde4afb
221174aa98bb55a
4b733c00e969b49
8fd5c5eb278e3b5
2430c964522ef34
8ecebc74c385654
1240512ec8a8664
15a6c8393c5a1b2
8e4dbba0a8c8281
6f026185c468f01
47e8e3bef5677c2
12c3dfd27db7286
7a176af39d97426
725cebedb657931
19674d4e52d1d17
180d9bcec19884b
78e505e48f1bbbd
48495df6238d960
7d9407a455a0a36
2ba59e6737d0c6e
3568d9cd17706f6
09cff1f24ec72bd
74809511fbb8710
75c0c3f68a23e95
2f3e5fec79ee9ec
4facbab39b1be70
08b1e370ee9c160
8deefbe204d4748
43573429e7160df
4dd91f193010ebc
7088fc023ec2c3d
574ca8c94a98a20
4d8aaf07543c312
6b27dfb59537b24
0ae9d742374fd0d
51f73511af2989c
8ceadb439f2dffc
7ffd76dc30e448f
33975e117ae5890
0e3b22a5d93d8a0
66e201dd42fafc5
401da8701a23102
835e2a695453845
6698364cf599cfc
4715ee961ae266f
66f3ad391621e81
5f497bcf2bdc074
5a6f69c1da53040
6c4ad98c21ac744
90ced17b729dfdc
6e22174f7e5989e
3005ecc98c7b3aa
100433ff707d288
7a7828166bde7b3
46960bb4fdd08ed
86ebaf297b1213b
210ad3a3c87a9a0
64106c2f4cb7dfa
7a4bfbf5e3f78b5
6a281a2162f68d4
312f4d4ef99c405
669f468f53ae84f
2e30a32b65fb1a7
1af79166da654c9
31baf6011a43bb7
7efa55eeef8bc4c
811779d925315b8
703ed2bbe22f5ff
8c355668a198d8d
1a80a579ca45563
05360d2d3a2f390
74b32b1fb19479c
8a48aeac3c97ef2
200fe932f9fba9d
20db1d56b916c36
38da698a034fc78
2ad2da4cf4419d5
2ea455fe4443325
1adf1a22350fff2
0995905bc7cb689
090c230c40b41df
2ff3c0ae7cb82b4
907e9aacaa22bda
029b95f26737a3a
8210f39b12bb2a3
86cfd61910aa2d8
5560932b450128e
0943404b8aa69a7
30aef7fa287af8e
56998be6d0e9ace
367676efb0231d4
3175d3c4d537963
5859f3dccb58361
85556c3763fd980
1981b06716e84a4
0789e74574fb113
862905c473c56b7
83580e24b22150c
293f5f711610efd
0b042cca27717e6
8e2361157a0b860
6f4c43d679a408c
0463376f39cd5f3
2dca9ca7ef12000
354f66229bed1fa
39f27ffe335c383
59adee0f942b98a
88bb9598ff6e15f
091ffc00ea72ea6
33a090dae38ad82
1de8a0273c69717
4a66f1ff5fe1e42
03a38ba4dd5e151
86fc83960ea7b6b
88b350d0d060372
256ad6ec029ea15
545b1e532427152
4f87d61d2b5b40c
54c5812032dba80
903a9c66a5dd85a
0b5ab78270ccc52
40d697f4b709290
38ece9f842f2b79
85362f8f7c86712
2396c42d068cea7
3fa08297904e984
80aa99ba3483ac6
5a94cd85690384b
421bae968030169
29865f075aeec51
57085f86cac74e8
38be4cf066188e6
5ed5fd0db813a24
0888b0a3af39a1a
19c9bb604612d13
28efd524a44c9d4
09a5d6d6d4d6f52
6435975205bcf5d
165485dddaad1da
28207e4e5895464
1cecd0455ba7edc
5693b3febce4a42
6315c991fdd1a8c
8c8624794db2da6
1622e1a592d08ec
1dd6ecee27a0faa
4b7cbfa61ee1ad7
26cbaccd8247308
751e58ce7c9670f
3966ae712581ec5
806b6cf216a369e
4fe031b6bd917a5
676a513e01e9fce
1b68cd6622c4b99
625c1de4b2b8f38
1cb0832785e55e2
294aa07782e60e0
82dbaf92c00035e
82ec2b85b7cbf19
75c7e749c85e549
0808a900204cdb8
6a796a82a09b62f
4e6655b6a73ab93
8df4052f84fa016
7a328403c66029c
3240ee4b079610f
76861598fc01d2d
32e9b8c3a8a5843
1f92e58c8d2b57b
11d9f8c51af5397
6080f262e9536d8
1d34d9549579831
39a6e1e60208bf0
8ec14afd7713ed4
504977b48ddb165
869231405623650
0eb286c400f5516
0c070aeed552ea9
5234225bece17f6
1e73fbce96a961f
31ebf459ee09e93
173faaf7d7e2182
79d47da0b3f4bc4
39830b1a0c97677
7d6d042bde124d7
1cabc5067a9d75a
8c1d45396d00f17
9045a36f8fbf278
7270f058a293086
312c406dd98a72c
42146057f0de14d
456763ff96a68af
22105e4b6e5af91
42e2de81f944779
6fe04d3587a0561
1b5754568b4b8ac
9027dad8b3966a8
190d9c94cb2ac2c
37e011ab684e4b6
6125bd3442ceb2d
3458be0887cd4cf
3c9dcb05f6ac1bb
693a7151823066e
0ea97cdfd20763e
8ad98560aac694d
62617fc0e247752
63715e13b53ed68
4033119de9505d7
5a7c15123180331
3461da51bc4535c
6d8fb87911a2765
0f8207820d3fda8
656645da64798ef
1f04fae236e4c41
8c98659dfc2d510
2ee0e01e02d112f
7ffd60a3fbb9f49
23586dbca1cdd8c
2527c8c6349cbda
46b7854b29141f3
6f66e011b68016f
65d6a214b75bd16
5b14481f3278c7c
8fb85803a159902
1134ad6c2d0dc95
110862aabd99d9c
0c4ac2d49121c39
2268e3723069b42
8f192cdd71ace97
3a7592a6ac5d7e5
549c4f1d50aac99
743f6d2ccbaa7d1
5abe36214305989
57aa104b9649003
10c81209c7b6710
3c0a85819b05ab6
79ec58dfd38b9c1
37aaaa30496ab87
5cce2ddc29464e7
4233a76b84c4d0b
3a7d10c0ecc442d
6bc10a2aeda2dcf
5db4283ce2e085d
5b462fcb7afbdff
8e503efe5a848bd
50d4ecf3089a73c
616d88bd369f79a
256d4731d1f6407
72cb7014932d90d
7bd0590ca75d469
0d5f2e2adbdd8a1
04b2a575d86c1e2
8224ee684a79f16
52dc486a0cfc79b
04cbabd88a8ae4a
7f527f4364d9e76
56249a5402b1030
3dcce4044010bdd
3ac3a8504de0e13
294abd59b65dc78
19a70ffcdbbd26f
284a1371665d3ad
3f32a237bc1fea2
82517467c8f0a1b
2a78d2d72e393d6
77b505f96e1c6ea
6c568ff8d773b2d
69c11fc9444f3ab
57a8ab03718b7e8
46dbae4f6b690fa
0c7e67c3b2352ac
2b6b198d85fd8a5
032d54454464590
4b87998e0c53b53
4d6103c56602e8a
797fe3bf54df9ac
7ec6d0e103f7eb0
79b7b05b4b03e45
573613b19c40a6a
8268da4005b0b62
3b42e8b30899459
53746dee38ae07d
1b8683ce5682054
0e3f8a49291c93e
5fa29c9a8921eb6
165185356bffaff
2cb2d753d562c0d
73e84db83c197d9
1a6bb0969d0f3b0
551cfe766672066
86074861369f6f1
4b8b99cedf4e674
35966d96bca5ece
43e838ae92b4dae
093399181cd6fe9
6a65c1e0f4ad5a4
39769dbda226607
3b93ff34d32f736
72e45f296e6dee8
5be1bf0671e9fde
50620477efa60c8
68d75e9131e15f7
15aed6924d42537
2fbed1c8c0f0f4e
0bdaa030e0aadd7
07e7c248e4b8468
29286efabe9ee2e
7b594a710f316be
25bcecfdcc62dc2
73f3a18bc492dfc
1199cc81dd41a52
33ccd2cd7f19373
29f65850f36901b
0d63e273c3bfc20
48f4d2671bae4cf
3d9a34744bf2164
66b323e6c4803ce
0d4118688f95888
619598695c9ecd4
1edf56f0e16b259
0d42ad8a0499480
149643e859f5a3a
7826b813ff7022e
620d6cd97616e05
0ae407c03d41845
7eeeaadd784e541
6def9733f795922
5082e673546b33f
18e7480f30f06e3
25b8ab9cd5bf3bc
4efae5f6a216fc3
7c670a85a6b3196
4865df4a7009223
4852adbc329844f
56387557a39b6a6
67312d951a7b33d
0f1702f609ba8a0
7670ea2eab8ba7f
3fc961b3ad1e3e8
8159811a9bcd3c7
6ee3b763cf9106c
219bcde9a9e9a14
2307ac001e2ac82
0d8ffd925192061
8b28f8d5ce210dd
4a8c8d7ed81f56b
3a4906a0e00f755
75992d602ea90f4
6eb5f289572296f
8d9b7d6027943f8
2b48ba7dac1d08d
2cdf172aba1cf58
749ffcdaa2e6c2e
1c9d2a9b75ad7db
12f10cc216f5eb2
89590e295aaf046
1a0d4f1426a3f45
6c198a103744e99
525f77d1a5c2ea5
6128fa439d22e28
26cd72098387793
8f7ed3ea7d6d735
8a08596f182277f
35452c6a3c41f3b
61ae12cc797c23a
0b7e05981d8dd3e
655101232c093a9
6c67d022c0389d4
166a3dc32af6c28
03790d583fddf28
90d4f8349fb678b
1ae85d7d3ae95f6
031a1f4141a9831
8c49c99d033926d
14be916e62b58af
45c4ba3b1e10368
775986fad9c03d3
6502b3f29411bcf
304c50a1d1c3167
25c2a807b39e547
047a947716e7c28
2d38049ec7bb17e
28c24709921fc98
22b2eb94a59eaba
8efea94bb77ce8b
621837454f27b13
54054e5834e8d6e
1620821de571371
0bd5a90c3047ee1
2ab50f690d6d7ea
0f6c81571a1c8b3
811277cb7acad16
8cf130915d5f52f
3a858f7a32be3b1
52fdd9e792491de
85034a900099819
33814a690ae3538
5c7e72e64e89b67
08de29a6dcdafae
77e2d17abf102d1
19528dcca234997
1db2d1e6edafc8e
2defd7ae2e7641f
8e7788700ad2ff9
8e2bedd9359e4aa
55e58f1c0113f23
7678ca840ea15a9
11df9c2e7660ef9
8827f7dfbf766e2
3b4ac3b22790ba4
37ff9fb94de6ab9
03c8c9f925cfc08
1c919a96386c78c
828400cf5dc06ef
2f0fe3f80f86c89
7b8329e2fd85be5
09102c095263311
31a3bd47a2e615d
648299058b91ab6
377e17faff577d7
6a4346fd0457c1d
1ebfcef46b6695e
5f9929af63431b6
3fa81548e98bf2b
15689a38ac3d7ed
6abdbb2a28f012c
2e4a71c0e2a61fd
328408db50b6f37
01b3b4ac99c31f8
04c510afa2f4115
55f0a23dcb8fabe
72f6e8e53a4c891
57d68d610ba40fb
8d26ea36805f9a0
47136eb784d7280
403c96cf37d96f7
6ace48e718252e1
3a847cb8df03f93
43d991c1e8a7dc5
43eefdf6bd72985
25e004e863aa316
76f1fdd1aa82e56
57c36ba483550ea
2238c01809a8e02
32ff631fe6cb3c5
349ca22edc50533
4ac5632d22477ad
6da02272df8cf2c
66b3de0edef1182
5ca95cc0e79d275
65623ac4e3c98ab
04ec761489fb3a0
346e4e536925371
8921a8f60c78002
6436a2933e9714b
85f480643a363cb
4b01e7081704dbb
6492f33282e766c
18687d083bf4a13
887ce5db609c517
22607dcc746a10c
443237a7980f47a
410c6824b9339da
06e8b0700d3c30b
88886744a3029a4
62c72cebe411cfd
4f3629de338d0cd
422a5722c7d890c
88acade1d3c43f4
5972a85e30f4848
16e0d1a9d04d634
86b734426d83c3e
131ea0b6ccea2df
53c1dc01885ac09
47295015f9863b8
157a42ed63f4f6d
0bb4fa0a8d6a417
1622d2e8789be25
3492c3d65705e31
3c4db854d039388
6580efd10da1a7c
4ce982847bbcd68
89e20f36156892f
0ab44a4e9b44a2b
512d773c424dcbd
1f9f6bccdb0c00d
34762c5a999a112
6f38e5d94a0b1e4
7275af492b91347
7bc5d9dda157440
28cbe38dfed46f2
860759a261c7735
0974440afdf6011
88b0b736cb3ad6b
3de605430efed48
203053a6045a8f8
671fa3d19b45327
05e0d47d2dc7786
8924313f2e1c918
56c84a99e78eccd
828f023ebaf2fdc
70799493f04ed1d
77000440e3c8586
2ca9de91d051794
7f64e97efaf76db
23acbc21309f40f
3e5f1886c029b2b
088a86311492714
0f571e7f40f097d
03819abf958128e
5bf16c2c6d97c54
1b301b827476f16
44678e8343eab4f
136d66543490df2
09dcc7212e13eeb
7e67f1bf4716f2d
18b75cfa9164b23
8dd1378617d5093
53a16aa86601129
1971eda349ced79
4d448bb7f1a03dd
1ff37156a96cb8c
1b990a76e684f00
7e667b01a5b35cd
27777bffde0f0cf
8848b0772f84c56
38e2618f0b0f893
75a8ecea25b8d4b
56a98539da85d6d
609141691e9c4a9
14098c491dc63eb
7d0e129e9b33510
41a8898391e4688
4bac17b45d897c9
4727af5f13c75f4
7f1d5982555ba2a
87c4cd48c57a957
45accdda01c9bdf
0bffc23190fc183
3b94fa347dd7cde
414e25f42eb816b
19d2e7f4a536a7a
4080c2c8a7c96e9
0a63d50704a0770
5ffa8729a1533a4
696df6868df4a09
1e5efee736b9da6
5c9d7c279a10890
0052dfb21b5e692
38f6393ab8a2a1a
8cf3da40ba77bc5
0dad55f853f088e
094e984635980b6
037c1737cde5493
5b8cde226ce6658
0aa8fb0c449eb62
60695d86c607ce6
907b7459cb77ee3
36a366a7ccee2d7
3dae53336447b9d
564d4f923994d1c
6df71c140b3874e
013a2bbfbca351c
3277cf7a353cdec
44d3d9285519816
0a74bf5f5cc7cf3
48556e04f3d3d20
1a8a974b419d9c1
22d02cea36aba7c
1d81eff54273b9a
903e6897e160893
339433308d6aacb
30da038d5994730
775a1bdce97aa7a
83f0a3f5d9dfbf0
1245119666ae55c
63193417a15b943
4fbb1167fa023ce
39964ee79d26d91
65c15ca095da2ed
2917551ec5f27e9
2d6511c10481c28
85ed334f6e2d561
43855fff50639c8
2c0901caaecb658
01964e49bad7d61
4b32494417a23d5
5e4f6ae12a96963
658d5c0b5d4c97d
5aee77ff18521c8
085d846c2551e4e
28f9371e8539d3e
818edec3fec72e8
2f0bfa03c3d80ea
1ca36b4d7977598
21ad2628fc21c97
8262e0146ad8ba2
8f072ac20a79226
379808dbf9ddbea
34160618f7cb61b
114d2b79137ce90
127fd6aa1d696a6
4cbea7855d07ec5
5a1ccf950c87198
4cf355a718a356e
2c61d1827e003ee
5f4d858e563a975
882ba0b61aff1af
22ed7f98e83b726
6ce6c012c6568db
8f9e74190394d70
691b4a8523829f4
7c8f6b00550f6c8
6507dd933b8c66f
7eb36079628131c
4c2ad7123ba43ec
2269ed5871cd33b
554afd10feb2194
4a670de3cf4d1a8
3c910674b1a57df
48e022726ce4beb
54165281aa3084b
22dca5716b84f10
65f7e029f433294
481fe85cfc1210b
61a6f77bdec24ba
79f90ff1d8157ca
5b375c28b5e5e0e
6b453f63457cbe7
05bc739f23a17c6
4a15a942af1c208
88535894b15b107
176a56933118afa
5b4445d5b19a434
0ef3fa71948b3af
1ddc728aa0027bf
2a47054983aa386
2e34cf0aa2bf081
5111757bbefb66e
01c9096c2e65cb4
1baa75e485d2113
53212eb7d15ec3f
4619e12e1f24a97
1f7350bf6d61e1a
87d5af0d182dabc
69cca9f7a5d3f5c
8f8c67c61d25dc0
0aea488ab77af7e
454fea0d49cdf84
36bd48fe0f980d4
613450ed313f4f1
73bcca29a244877
35de5b35081ab51
1ed0ce17e727d15
4f4c4f8cf47d8f2
193ae8aeb206a23
16fd951f7aaea39
72a0ced6a3df2a3
43ba42fb4643642
24e458ea55ec0bc
0ee3080cce2df31
6e1820e708dd817
4afd267d01098ce
0872dc71856824d
7b28f1952ae04ee
7bc98e28a766599
5fee497f87c1d8a
6264030d4f093c8
73abf4a925d974a
8ec824e7c689cb1
3d9e68b080a1ff0
67cbfcd5dfa2717
70bbc89995228db
3f8175c05e8330f
754f3d73fe34093
35cbbe4448b0e65
3d29d3fed0e931b
10b12f562479f50
8c398dad259424d
3f59bb0f5ff41d9
82351ec6c7dcfbb
6a30cd7f28afd12
70167a464ffe6c8
30d3b795adfcd2d
4de403c14a9df71
06a6fb3b15153af
73e9334fe4315ed
5ceb066407a428c
5781fa77c0dc7ab
65ff43ca3c554e8
71991bd278222c2
07e2d6228dd4a8a
6262e80fad2ba4c
47678e22814c2f0
3e9ec84d4f4e7c7
75447a343fefaf0
33c3f3ef1a0757a
4b204089ed0601b
85f11a4dd9fc231
369d64c8f58a6d8
4cef9f19152aae0
2e49634c7bd2f42
14988c084443207
7d0acd93cc207b5
0ac508d87943694
300f015f4fec912
3541d4d59c6f783
1e05874bd8b09c1
1d51e5156984f1e
4e5595367318d54
298bc2b7ca6954a
554513ae928b991
1e745ad1b96af96
4b7d6ccc6ddcb2f
3b8b315574d7549
8f51c2423f50708
696b0785ba223c7
401cfecfac1a289
19665fcb28a6a37
390e8fbe00b6144
3ff8294f4308edd
563ecfb21497d86
1d94877a7aeccc9
66181e249e58719
4f456d17bc18498
45cd0fa74d409fa
50f171a34f84e14
4ff791759327a0d
5bec4d5c4e25324
3a5e04a185e3781
3624c0e61744fab
1a35387c3f0578a
4f15487e5f05de9
6af4cd4847cb94b
5e9ee15c1c9280d
62b56ec93a3faf8
5ca4276582c3710
39ad6529c4b00f6
450ce43b0262e38
5d684a28b890237
6fa0a0c7c0c6aaf
07407f9ac5d6b88
364a5287b948a80
580f4be126d5cea
2aae86aface2f26
7f39a58ed9c2e17
41f692050f31fe5
605aee75e2238c3
4df325c17d8f2b2
0c901cfc9c62734
7068452460b77d3
0362dc8a408a018
28cacf4f896ed3c
25eee4fc3e8e8ad
28dc78067eede96
891eadc4a73ae4e
31d51b5a67b9e83
2d520c91540e07b
52437dd0d974884
808b6d88068a68b
27b25db72c247c8
5e81248d278c32e
8f38c236778f128
70c507ff3c5be3e
38ad6841c8b5417
386560f631dc5af
29023668464179c
3e8dd99eb691014
882a2078f6ca7aa
4d0d8bfbd1d6d2b
64e2e62f7456c36
55d3f53adfca68d
6cb8a1cde1cba2b
80a61a5629d1acb
2e498f162ae782b
1c014b479e0b5ff
4aa48fb209706c7
3157a417f76d8ca
68e69a53656c717
1fd3ca120cbbf09
392835ef9d9bf90
8b2df4b641a36b7
7bc03725ea9e257
6595df611bcdc17
53be208d0601819
2fdfa23c0fe2741
72dc4f3a0e6227f
4463bfc2f3b19e8
59d03ef5e97f9e4
2d23db80c397ed5
3bcb778cdc20014
45f3c7eef079574
2b9de7aef626d6d
74b517863915c5f
84e276afe50db4c
7d2af2cf94a9422
80e80bb2fc0a133
11e5fcc1a1e7a03
41ac0614a27fa3c
0de20e5be070b3e
8d4dd18e14a27fc
2b7299bd10fd759
3672e7491e63281
299a00e905b128a
5d8228984ba8238
7d9109b73956eb8
4b06ba5de094441
7c16e8ba15ed847
30691c3d5a799da
449ccf0cc69dcfe
5502c5852fc3bee
73571699ec3036c
373ee9797838231
52bff0769716518
34b46f261f980b4
210faea5ce5662b
509aefe9d16bdfd
14243012cfb42a3
1c2e4f0c4ae28ca
47930d4d7e479dc
7a5caf884318f1b
2534c399d2c5c96
90a255e37d9af95
2a8ac2502dee717
27c724d5e59d5fe
46c51249324b6dd
402554de2ecb593
3b87086bb66c9c9
7711031f233c19b
89978ca7018d478
0c387702035fb6f
2c9561b7da7c372
14cb688fb8bdf44
564d42caaa18985
292e763fe607309
2e92cc71d60a367
1657b8590193573
8e9d3f777083eb8
7509b5520d2ca0c
454e53b1db625c7
8933d6cef9540f6
5542c555ebe1879
40e0aac363ba4ef
3012f97f40bd799
598acb190210d42
02ae213cf895707
2c2bdc6885f8e36
5a11029da715f96
80c30d424750141
0d8e8490e5eb10b
68d5d527b97294b
5f97e6889b01bf4
7a141b02a8cea37
51410c53f30865b
0399da329b2b3cb
4e1446a900ee9e8
42819f18235ede5
3f44d2f1bb5ccb9
150a3fe0e303660
065f51eee53154e
70952ee8bad972b
04c8be46c3ef139
579bcc79715c3a8
1f4df5a78ac3aa9
3e6a81f4f5e8235
7daff7dcbc68eb4
130e50aabe3ba76
799fffc8a7cbc79
27c777192d440bd
04e1f1216b80a44
4bc54aa1036a51a
781091ce4df1231
17c112174f1ea55
7681f80b5aa8eee
20c54e2e50bfba8
5d6872075ac247b
60043c8f5a7953d
4590bb94156d50a
0781e7ad9729f4b
6604bf38f4a4d13
217f76aa6cf0b5a
4de2a0ad07b5eab
0b85496e6dd25c9
4ade8b57f778fed
2f5903b8f86682f
2d18b48ddecfb99
0ea056d3a229865
46a59c8f9e07f15
1232b5ac2f5c81b
863a9b97738f3e0
27d8f5ed88ece61
31e31dfc3e4cae6
43cf47399604309
09582ce8d5dcc14
7c7974130f5fe1b
7055bbd8b55a4e8
0d8997e13ce1441
84eea0a1e6b4821
5879723edad807a
17acc431783a1aa
87125bae84d8930
4f7afea4a5e644f
811ff3695745ed2
3721988037419e5
5c63ba8f0f29295
1f90c8ffd2e607d
5a46fc76be9ddd9
3c8bf4d57f4cb4e
717b3b413db99ba
6ff539df5ad064d
02ff73c89a3f60d
3303f600fec69e0
304ccee7f5f5e0f
6a1b41e392ddba8
0f93034d74116b5
5dc88d629c7692d
5cb697eec157e23
563300e5cd09876
71ea82bac3e0009
3b925752ae90b90
341d9f4758230e4
1de8f094a1ba12c
52d831905325213
9007e4d10de8788
75c1f57cb6879c2
8839712ff40ccbc
17a4244d0e4b552
5b4bb38a9b0dcde
5c4db0142388e83
43f2a5a219a596f
28619288fd15e16
245f440abaf6730
8276c5adf2f0e07
74fab561db05972
4af8866e85fec32
3d23b0da5ea4a57
3af54fe69f463c7
09b7522c6975284
8dac1df6e309105
08b3a76ab7fb94f
4ff3f85467c07f6
0aebc0bddaca95b
4c0dba74f402da1
231eb53c05aa7b1
2173913d374e0f9
7d0e128d4e98881
26f24f4dd46e15b
21fd1e00c39f285
5a3219071648c2e
813b9b0bf26c3d2
19afd2000225365
365d193293d7837
705cc2f8a3e548e
6ee016a164d19f7
3d4068659c85add
907df0a27d0dd05
6ecf4c1da87cb54
45ab6aeddc95aea
079773c29788fbb
2c215f1f3089c12
82603dad8f068e6
244c864a2d9bb5b
54a4d8660aabdb7
5cf7d7ff0a04d20
5b5dedf18f97cff
669dfa758d45095
4de8339548dfadc
1463d7ee71e7105
13f6abee45dc22e
6b480c8bdf7410c
3ecc1bd986c955b
7fcaa3628ec6336
25f79960a9c50b4
8348386682f71ac
37bf7bf401bcf7b
34504046d18ae99
1d7419cff4b0fe8
8596b9d6cb3ab95
73684b2b07c4c1a
74088e34db1d101
697538e0cccad08
3e2dc30cd949bf1
65efce750cddd49
67863ca3d3228d3
561997c1e9d314b
2b88db3ec829dc7
0b34bd032780571
2c222202c358bb4
6d1fbb6e16cdab6
708a939f5aac8a2
21046292a90fa54
7b8f1455f4b02e6
033e5b48eae42a1
7b96ae7c75afca1
78c5bf0c2787cc0
094801ffa32b7c2
083bf615b6c2b87
4708c7c2170532d
47b4b9d1afc825c
4d519246505aec5
33f35ec9abdbad7
375dac8b4d699c4
5f0f991e6eec5ac
27830be484d8194
059db02e360efb3
1cda476817d4501
853a945c81fbf4d
20287af60f132c9
3bb98b8f950595d
6adcae8e721a162
3d2972c02b6a9e9
11c7bac9869f0bc
476f539d169ae58
79e1a5d9442fdc4
47c2c276f0bf7e0
123487faa91ed07
18de4f19c5bf4cd
53b08ef38ee8155
3dbe18ebc052214
139254ebb393fa4
44777ee8f5f8c5b
2928efe5856f6f3
76bdc34bb455c88
86b59c858f3a43c
8d8c60c466f520b
70b98a8575899eb
1533952d2b07444
7b8748fea9e27b7
3a9382bbb3ec97e
5b1eb546e340ea1
0b5ffa177dd65dc
87d06e0ccdb2336
509c95b40e239d6
5d7536224995160
3885201e26ae4f0
71af93927a95aee
8ab4fcea874b396
00c30b93f8c4001
2d2e1dab7d4f20b
1798f85a8670ebc
0ffe1f8286f772d
6934347dc9d163c
2f22d9041d6b0a1
574008de82e91c4
16b3bfaa77ba987
113c06ff4c4c6af
1e2aac96d95c986
70d5f1573ee2745
7528d24325994c0
1b342f3f185f4eb
6b8c883dbe8e120
09599a1b59e64cd
7f28c3efc7ee711
6ec11f14297b683
4e73ccb0c6b1c68
068ab75a39ae3b6
153c18794cf2d28
36830ca665b5bfc
6aca64b6a8cde52
7a00bfa45ae263c
6ada9484e0609e7
2cab5aa68605505
64c85542d1588e5
0c9a8f026084c32
7f10a1eb1c0f8e1
8240b52ea2d18a6
6c8d0b03ff47ac2
6c55b01a0235b24
0520c0b02b1c76c
57f305cb4f3704e
226dbf2b06e3ea2
15e6ce24bef10e7
6d4af97cc82bea7
4ec585e335664b7
3276dd6c1792477
16ac9fca4cb96f4
4f2ca031ee03a47
09a4057fca507d0
439b25ff8f379b9
2fa231ec1bf2390
2bc03038bc1e74d
51afe26b9e017a5
63b2d13e9fe3942
64fbd6bd9071e3d
182bdc82ebb5930
526533b3a99b2ed
4d29cae749de70d
8842d58b6d1888f
15b3562bb2cc44f
006f8c3c8fe567c
8e4a23458df7040
124efb84b8b262d
452069f1563da06
13212fd2347ca0d
2940af1d3f1c0ed
7395bfc3003e53b
5239e6c20f6b3c1
2e5d5bbcaddda81
5d191fbc38feff8
5b9a2d44a3914e3
17b9cf58f32cb86
8b20cb6f959120e
59ad1666a844e3c
2959c177d5d2150
2ae5c10dd14f6d5
47ec8aff7400f51
5d3066f9a66e95f
06da8ca28927ead
48048d3e9131c3e
81c2394108eb51d
65c0d935b6a3e0d
786fd4c25552e8f
6a09a35288e7bf0
6f5d95f9ab35c09
8b24df2cf45c489
51357800be7fd0b
2d399bfb8dede56
42de1292f6ae31e
64171bbceffdc05
6624881d2879fd4
10421be29857ebe
1aa13cf069469ea
137196cd70a7329
68d8bf0f5e8d1cd
27ff989c667563b
5d142c0fe4c7b32
7eec1dc6e787f9d
4e6d68a9c513159
8eea4a08527d8a8
4ad35c0991cae5c
353abd07169e6d0
02e00e00b5ae8aa
0a4844bd02e816b
5cb49fdd99edfa8
42c1aecd768c4a9
499498d5a7ee702
8952efb393eed4a
30b0be2739e5e7f
620336bf63de60f
008e08e7ac950fc
4bfaa3aaf339a5f
5f960229b6555bf
6fee955d19b918f
4bd2d6d71fbf4cc
5f1eba7187f6ff8
66be80a2dcd6050
8da8df1cd9a25b6
48e3d24c29c073f
06831867bdb58c2
01a6d0f43b14785
21967af8c1f370a
4b0c13c4efacc8f
893398780abc2da
0f952e1d8ca23f7
11a19b87ca78541
540f634240507fa
3edb658853174ed
12e032e15824ff1
23643e82d113380
597b500f974b5e7
006b0d7425d4780
55cde09a4acdc74
260c2c8d4b31513
59f9b707828a648
0cb53a30f4d650c
8c76e7327516837
4dfa9368c51daf3
40526c6250962dc
517525f37c46eca
024cc84e40512cc
7145e8092223b46
8409d2a71007033
3540b8804843b9e
5f6e93fd63393cd
5c2da1a4e3f789f
7ccc21693bf69bc
4d03a9c5f22336b
18f62ab839c473b
71cbd57bc366e20
104115497a49bd1
667b6e2628c677c
196f425156236d0
07410db5d684668
0bd29ebf121fa73
70d7433ecaa535e
7430b63dbec1f18
565514b0a1b16fe
629c608c541cb6b
4b94fefaab07202
80c88696cd99746
8092610af48decb
75bdb0ded299c65
6220f028d3b4bf1
6b9a16afa8d3367
12de7474d5a2cd0
3eb60993b7677a2
38748682a2d2ed3
75606825cab42d4
5a730b1e7a9f5ae
0d576dd6cf7780d
45938a29f39d2f5
3cfde1443801867
2855b8cfe48695a
35ac06459ff7f44
8b37dc12019d120
526c3abbcb7ceff
8d0c91e15d5f89b
68a2a0b518bb818
06d728374f64f2f
5786a06568f6624
85420eff52ce8c8
4cd882339efa6b4
3e61fbe7d366ab3
6622638fb2e087d
3c9b0a9315eabad
1781bc2ec3e4a8e
2ec5169f80e6de4
1067f6a85be5c8a
7d9f55b4bb2d6fd
274941f904a7d40
3d38d54b1d63ea0
459b95e1f1f4df5
5ee2dc287fec563
26b915df0ee2338
58cb5a2fa3e5d9b
665fd834379f75c
1d0792b02eb3c63
0cead7c1e42c4b3
85d7a854e509ddb
840bb8bb14cdc76
0e64f05b99a9ffd
57ae707eda38e34
0d9bee626f881b6
8648441314b0a9a
1af80364812a8d3
5473a483485cb6b
234c37d52e24213
2ebcd8a9d033dc1
32a358725dc1e99
179fcb9f594fcb2
7ac45be9f68db0c
7506fbe112aa68f
577c18f234c7c37
357ec6c8fe889f7
6e5a16d854c60b7
14028914c4c6545
6a3f04a55bd77d7
85ab6f7655b9291
2842767aedad7e1
20848b4a4b08e19
4d416f2fc918a37
4ee1ad86c9e6452
220482dd57371bb
15ae86d95312436
5f17e684bad3f2c
2348c6f454312c1
4c964b30a7fff51
510678cefc6f19b
788aabbee5cfc93
4a404c68a6b3516
2e7d79b86d39e1d
60286540aceabc8
2a938fb3131b7a5
46c001dc3023293
575d48f5d495a1c
202abbfd3795df7
87843aaba7b2c1a
0d3927a4cb7db8b
1990e8e4dbca0aa
257b4c70178de8b
28b99665a628d53
76cf641e376666d
669df6fd285efff
82d738ccf953893
6d83ec90756cec5
85d9b8f2a5d7f6a
2770ebc22450844
346a96e025098bb
43f1959bc265435
625051fa7298644
54b1436ba5d6951
0fd2da763880066
899418b6584affd
5ebe41b0220ee63
5cd47e64dccce0e
08331ff4b853727
81b05a9f2d8f7ca
28e3659cdf418ba
47a832e9a2111b9
81488926e1155d1
624b1efac8a7ed2
0a03833756dd1b6
4d7c6b95cf69be5
5c7b1fb2b9737bd
2a0690ba8d77617
45e9aaa885ada12
4368889598c6ff8
2cff99b224e81df
6ba16d88f906bbe
24bbead2f6312be
20ac1da84e454ff
3863e2cc8e37efd
1cff56f7a3770d5
0d1b43e6c9d5cda
6b09780e07c6136
6fd1c801bb42d19
816fb4e7575bbc7
2439adc8a57f624
741652df06c7963
6b66408d75a34e4
2dc224e0c8c1e59
4a3906a4c662589
6d13478b89016ba
3e21873510093b0
69d5da5c7ac1806
1064d08de1fe37b
8bd1fb3bca9bc6a
1ba7ac9df200636
27706fe2c068b65
3a1dab7b3f98500
48aa2a9478e54b4
62e64307a42418a
8754b96897ab477
4111bfb29b4d056
70d03e34895b5f0
569dd36ac21cade
1a94bd7a140f7bb
855a3c5b8217292
7fe5db0c47d13ad
55eb4fcc63568e9
33da367470e444e
005f3f03b6e03d5
370cb7a1d0eb8c5
1243a980251347f
79837ba79b1a578
71f211063be4c0d
469067317f125d8
718df6960890552
72c193047d3b7fd
0fb735dfc9015f2
6798cae91bd2a3d
2ffb6816b734fa7
8afc08abec3f420
4ec41b3a8418717
299005ffb97f8c9
2b2f7aa97088a06
3d92ad260d44b2f
0a31e4c3feddbaf
622307229996a41
21e73213e3c05ef
2ea7cc6e7613879
302e11eee297109
2d88533a8f1f50d
3ae2db5f1577620
8c68b9309dfc0f1
80ab1ac0d8a3877
56b35ee3a06ebc2
29440f659841f87
0d4f10f94df56cb
8bce7352ae75ddc
6e32b624a79b98d
589cec80e1123f1
86b30f8251ca7fa
2f061af5f4a521a
1b3f0f4a26d5b47
304d77ff318a2c7
1f5e8868ac882bd
17eb6c18f310a4c
79118ee88fc02a9
7ca03ad60fed1a8
19a0c7286c2e34c
4e3fe0d0b25507a
4c001c029cc7594
2c9c9768503d459
32ec415d1c82a93
082c98925116185
2d35e72639d628f
491f0afe28378ec
59f1a0bdf1ad1d8
33303eb090d41ca
29a1b8da5768e50
68187dca324eb89
8291114644e7219
425002f0e6bfa64
64122c5ee7a0234
7ebf3cefa9e80e9
05a788940873f0a
5c1ccfc06585e7c
62704e2d1d1d27d
1de009690aa9aea
805220f1b753cff
88ca1ff27ea8858
58cd9b8fac968c5
30d35b0c6757fde
373aab2cef0a7a4
42ee39066c3c59a
681c7fc0ba7d874
171779fec595cdc
5724c51a3cd8407
3408ba87f94b34b
4d662dad7952826
12db31da79e2bca
7c9da4127396d54
44e1b85f35aec5b
4b8822cd94ba6c1
7966ff630e2b2da
7075fdcf3de42ad
29b14ae3cb2aea7
89b971756f63730
17284e29f8a754d
8a5f4fec4f9f14e
67cfdced67e1c80
3e1de9a9279e3e7
5cfae14f58ed279
10239bbc76c3c0d
2268fa6bc17ca6a
59deb669af4cb6a
5083173db6d1916
1a43ba5ee7060e9
77febb7caec7f75
5d8002f99bff6a3
46fc36e7862f784
82ef12d428d19a1
3f9f88345bbe17d
02a9313675f4136
3d65c88b48c0d40
26c8de04b702a2b
2039e6fdf721b95
3bdf146bf548c6e
0a2bf8fb7952a19
4f8d0612286eae8
87f01d4a935caa3
0cdedb317cd9314
75996fe1f21cf75
19da6a669cd36bd
02f70c511bbd55e
29f1c68f5e2760c
30d267320f2c38c
1ebcb2bdd7c803e
04259ff81b3f419
136fb64f5296d55
54eb2aad7e1c1a2
6151037086230b5
62e7dd44cbb324e
4050fc4b2b5df38
4a5fa43b632471f
17d12790d4492cb
87612f18f063c78
26af26384d5a681
44a178a883eaf87
8661aa6e37de52a
0faf8c754ca7be6
0e6a654fe23e068
6d61871f12dd08c
42da256db4d08b6
05a0f53552bd66a
2f75459ecf5ab36
7f4f4fc800ca911
372b435fd0c724e
0011bf74192bf50
3d06b4127462d37
43b30193757e561
6f6909db3ab4de0
8c513e309ad234c
795a3930f84a459
2131589445ab9b2
0596c20ee00a6b9
768979590b3efcf
2171bf97059b46f
69ebe3f528ef62b
6ee1b9b7a6e00b4
17b11fb20411e49
5e3d88174ec359e
90b6386351c654f
7b90741d7f7d028
2723e155e81da4b
281d3ebc5564be2
1560f23499b9278
1dd57aa56bea0fc
860566693a40fc0
5f4b5e49e53048c
1694acda71a0fd6
4014b51e3180db4
18f032fcd1ff0f1
2d4c8d1b4ece3fe
527cee302053f9b
156fcd38456e7c4
29b30e238627b3e
498d291120332e1
42e399a6c74441a
7bf5807f78dd568
89cb89e7a176432
677097daefcc405
47bdc299edac527
60db96092c49c6b
313476741e5bf4f
398ccad533878af
76f7636f2eb277b
6d15a4b6a7d5997
18f6222f102530a
78d098ad86a28b8
2190bbd3b0953ea
5c43c2dbbae5347
1db1caf1eabb45c
27a5f2fb8bc6f48
2c440341cf982a1
8998467e586cf3c
71106cd8b8ba3d3
8d481cc7df48a36
43627505385703a
611a7e3b28128fa
2a6b661c8c01f24
8bdf66848fe5aab
7b5e6262f011c94
23990f10c05deee
398cd6f3eda697c
41965948fa2f708
0e88853e5b6b0bf
68d36bbba0f12b6
83a971c06627d0d
7cc3b48d49299e3
25a4b56a5e69d3a
8a8a8c0e533c72f
1afdee0474f10be
5c1c6088a4961bc
2e517cb17964f13
14b86112f93ab03
1372d693ab55494
107726ab0d4d568
1afd2ecffa5fa0c
37f1c2068ee336e
2c8578b8b68d089
797ad712378a5d8
12471deacb94513
3942009a517a919
1a6f470cb09bd15
29b7ad27cf3294e
172be3930c61a27
443817c98d42980
615b00e9bc312cd
281bf587b140e34
64ece833843b31b
39a62c837567c69
7aad1444580ee8a
4fa5dcf3693aec9
5b5845d155900a9
10bc97eab63984d
558e50fc2acb310
52d987c7b0d6061
57ef0d9d488e02a
1309c1c420acd48
3dd0c8c990a4e16
2a4459127ef231d
4d1b7f5a8a3a0ee
3a3aae458f0f935
88b8a1ac383fcdb
650d49ef1ec1fc9
751d59ae169241b
39b8638c62b5458
6622a3b39590bda
7fb566cfa09395d
2d255b9f8ca221a
0d7f67d1f5c903c
09c2de37a0758c9
6acff35a38dde04
718780e058b5cf5
2f8de61e7446c21
166b2620c6d6bfa
79c97c383d85108
72f812c633ed62a
8a09ba0b6791de2
6ca98d19e824aba
641c6930006a7ac
06f197bf403caf9
2b86949f46d8892
7c8b52c7d2c5096
2da7a9d18d7e638
434d47cc3f2f727
7b55595b913a461
27c05bbedb9e5f8
460bd26ef931cea
39b034bb5b1c9cf
5fe79f1fce5c66e
516c96016c807dc
5b8d1d21511085b
78ce6077f94652b
221aa078f743a40
4685514fe669212
172c7d58e092ccc
4b2f14973c976e9
8d83d6daeffcfb8
10998e79d21c42b
75c0e58963286a9
68985a5b740815d
32cc1c219e63746
27443a61c05d002
4dfcd3a30bf0593
8fb2df53407d9a3
523f8914ee2c72c
16c2fd0d6649003
6660be0c6045028
169f33d80e2e465
2d91b5a50f4b98b
3a41fa80967db70
5d0d6dd36e7d876
79f08af40d42c85
368383b73783243
739a73aea973f4f
3388bfb3ba22476
6976f439a541c40
4e4a407f58eba3b
12278c6e9710672
8604a91e6e624d2
32d904e64f461df
8751e650c13d6ee
536fa1fceceff68
593e8689a6f25bb
7a50af87a3b135a
623da5d6700d3a9
64cd085a14670ba
8a777e39c3ff46a
0e485d95471927a
0b9d92405660c64
26f8a4c7524a4bd
6af35e40fab88e0
430c2161cb6eaa4
835ba92b9b2aa00
5ae1de45905acfa
1c71e7d8d3c9e90
32f68df128c48a0
3a5a0d572ca9c2d
0dfe7fff87e6f7d
2e8de46edc7d882
8356487293c5d98
3a9889466a51473
8105f1920185b38
56f6e078d267cd1
0f5a95e1e5a3cce
18fefe9d4a6d236
906ed2b8603897a
5bf88198defc755
40620b76b6d45d6
39d0b02d21d1073
8c5b811704f971e
04f19a1cb5d2e7b
81dc82ddcb46324
6eea0b64c411033
55fa8b8cf1a6ee9
55503eca22e0956
72056f967bcd08e
1053bfb0acd29cd
5fff7af47455772
60840da0d13a032
55bb9d19ed0f305
5b24c3573e7382f
10d8e670ad976e8
285008e403e4e38
7771560e5b958f1
75fabb28255240b
344885c5122b8b8
6c19cd56753f622
3cb7d2f821ac8e8
74d3d307e507de7
3b631cd27947984
5ff69e48e7949a9
4c8a1bd474adac3
4ae68396cb84bcb
1afd9167f3409e9
833084b496a9060
8f1e50067ec1034
868423b0ac2c3be
3f671c43f84dd83
57bc750c59725f2
67303f8fad9ffa9
82624b8224b549b
0dc464ae3df21e0
3b67aff26176a51
740260774137979
373cba7780bec0e
4ff6df7005a1ed1
791012f81025269
188dc80df22381e
656ba7a76f7621d
712671b115ed33a
5cb32564bb2dce2
3247e1a1c1faf6a
64f15a46601c851
1f90700b41b7959
084048223e7fc48
4d38aefbee50d29
887dfc8647278c0
3a3d25c4ba7a99a
12436f63192afa8
35cc09c9ee87994
2b8c18b92cd4f92
1b37765110e2954
2f17f9f316b01c7
00341088e3d85e9
3df0ecd2d69b84a
59adc8ab8171e06
6b0e256aa102f4b
1f033853d94cfb6
36dc084963840c6
5dcf5d214bbce70
5cdfb99b577b620
15f178007275a5e
283fe32c79199d2
8fdfd45af6ed585
31cfcd29241e3a8
0e75aa4d321487b
1c26209fe014fa5
75761c46c9e9b39
2378c396ee73508
352be0f90abdef3
42225ce8e838858
19f9b3c52455608
8460e5b38ab5f02
25c95262d7e9c1f
7298e8946938573
0b60dc84603b6ed
6d29097609126f8
31d23fc4f94bb98
85bf5dba75580b7
527348b53629ccb
28b0bb3d125bc71
590b1ddfc6be4e1
26c0b65104e34df
0503b4ec0a0250e
1ab8c88a6cf3524
0d488d260b7e0b1
6c1b18cf061ee71
2126027662b99b4
62fcde16488c659
4f8b549200e5608
8abb8283495117e
8b84fd66500f596
207eb5f93ec90c0
837c75fdc238a4f
640e907512d9211
014c37db16e71ad
2e0e0d1c811ba15
66b2b80a4027a7f
4d196cb4d2bbb94
4c3fee58a4e6f57
7257a0ab3c12063
37b025a000ebeb4
8fadf06025074a5
3115a45bc3ae713
8c9de3984ba67e3
4cdb12bdf76a783
7b649e3d8f786d6
56a1ed284a4c0d2
0566da7d35aeb0d
2278b4cc9ebf01e
59920ce9973a497
33f6dc410ad80ed
8c874769cc0a7dc
2883c6ac0baf786
1293db19c7295ef
841cf7b03fc8761
8f65dcae75f4cc7
810d59f5bef3193
05876e0f60ebf60
79b9f3969bb07d7
25f5130fa8b6bce
1feedcf1501d98c
6b2e576ec839c90
4105f3f135d1073
0d148e485c43382
21d1acaa1b1fc98
8f055c47387ce6e
2fbd011da018f02
5a881d816eadeae
44300cee9977ba5
75cfadb014f7ae7
0f308843aebcad9
10c1bd9b178e50b
3dfd138ee072968
7d691fce9bc5241
1182e79761f7996
148a19578b6bf4e
176744b50e1245d
7a673bc6d5eb4cf
1c358063b26dcee
2f0f17392b9808f
570112d00cb83ad
084983e5676803a
33c1663480bdfed
7632668ac7dceb3
45c2b0234f6779a
454288ed5213a5f
15663589167ca2b
1ff3dbc21ca7f45
3d26b9273a8fba9
3fe2d4dc9052c2a
5404588396f8f74
8f1e346fb49aeb8
014f0c354651689
4b91fa14da92231
360eba40ac9cfd5
7c25ca862ee8edd
5c84f34d66fbf48
788c71a65ad5cec
74b4943809fea16
2ef2f32e08d265d
3bb5864b6ec0506
3fbfb0f3d0ed080
7e60f921b06777d
1ac78e620714050
0f0c1fa54aa1ca9
89406054cf77ee3
30a8b47141f89d7
880f5a611770a4f
037404991de3f5e
0c8d6e773630593
8d70241e150eb0f
20951304153dd50
38b6abcbdc50394
7bfbc00d991cfaa
168ae95faad8ba3
7ecb512543d4276
85d96bcf678cd85
6bcc4750bcfe3c4
22e22e39705f1a4
64f29633255e987
5680cdbbdbe5cd4
8d5012bb31e5ad9
8584615156bbea5
4bd014252ba6113
321717cd5ed4c2c
7294f00de8ac911
8f2cc5b24a782cf
455cade6acf4f7f
7295e843d3c14d3
6d19f44bd65fdca
65d32db407962a0
508f94d9313b488
87145831317da1c
24d377415960576
8ab50cdc34f9e0c
8800c0d2fae53e5
536b893dc1b579b
29d426a1f1f6908
65cb3813a5cb788
3f71344a97f18f6
2ff80b810e8bfc1
8a16cfd6679a121
8cf63b8d423afd5
5c1e1737401748d
2611c7506ab38c3
4dd90c567af628a
64af84edf146a81
14ae3f2cbbfeb45
30b9a76be370044
275556f110f340a
76f3d73e0d2982f
06083eef98fe95e
02b20edf99e4386
87311a044dda6ff
329f975a122320e
213f46390e48c5f
5e21065c9878535
8a26a669b7554ac
2d9c17b6588961b
3b23b01d853de12
4f695ec5b1126f3
308534fba778393
8346a7d5753e4bb
1216cc735e5a26b
50f452527f9a3bd
81b74671aef13b6
51310bc1200ac8b
814f889aa73ce3e
5d5b48bbeb34910
4fee4a52fda153f
19622de69871377
396db02ad28e051
632a7136edadcb2
2c55e7c6fdadae1
81a5d3fdb0639cd
481233a81e38251
0f4de894c8a27d4
536ca9628f38225
85f57588124fbdd
320c507ee7fe645
1498ad7d3d9f1df
5be4d90393c904e
4ca3dbadca0c0ca
3c967309aa7c596
21a98f10010f265
3c560e5f18d6618
16246429e77240f
1217a792f592075
6008249ff25e55c
01741c80f317644
39393641fd68491
6cddddfb0493901
87bf69cdb5e4859
493d558f39534f8
14f17691c789613
27094700d0f5b2f
75d1e2c99b91895
8be9d1fc5e58d31
30f74e7f998222b
52eaa98421fbe70
69d966423e72d4b
5e1d462dc39c405
1dfe300ace7c484
0e2db8022ab5c58
8870e2fdc225afa
2ff097c6a8c3166
036f7a6478ab723
71ee923f4be5a12
0f9014856d17a2b
47c4837fd8ba2e8
4b5a5e74a771465
88b4134947a9409
1facb2e5ae28b2f
62e4ad07fc22997
23230285290b184
258a85d8c851d37
4403627e6ed2eae
31dbe3bdba41c1f
11c0cadf96db51c
42e6ba03b380e6e
7fd6df2ac388c9a
643c2c489693856
0022d64b7ba278e
10fbd859484a591
311630dce1e75fe
6c900187450c6da
848f0cd17ca1101
4ab58ed879efbbc
4c55ed6bf442978
3f72828eb32a10c
71c44056fd16014
5b459623f84e54d
47c7241ff85b76f
4470c526cfa99f1
81cb86426034d30
1fdbf5a10444a0e
7057b052df97e1d
73bb770dba6cbbf
43f79628dee6cb7
1ee251c73ffabf0
0fa9edd7fdd1fa8
25fcd572bface13
03b113a6c7cfc4a
57387ef5cc31dac
1ce541e8b717ffe
433d611b807d676
7374b50388bd247
652d3b2791dc866
7424e02a495b557
2682ba5518819fd
7a37acf942ea8bd
7d902d386a1b12a
37600afd7dc0c4c
4bb6c783c037c0f
75ea7e58c8765d8
3c4c1c7634800a3
2259ea2d4f71f58
37ed9d67427d0f0
2c2c48106c74eae
1c2e5f62a35502e
33f14ed8ae92a2d
0317e3ceb422e59
1e408ec0145279e
42da630a271d1c8
19b105da6a85fbc
7f14c67119ab62d
50628a1e2b6c509
72c1ca6c42b149c
6ecb96afa5d4fe7
4090dfe17bcf091
3f9938fe016843d
352d74f85c246e3
2c5aff0fd7f3981
34073c1036ef519
376e5ec5874832e
4b0fd2471ad1c30
8baf89f7a0f4a9f
4ba10541a8c2991
285542444e2574c
80c8b94080185da
758747de6290e5e
45aaa2e3ccd13e9
1b163e503a77f7a
0b550f0dbec5636
80661a812cd9483
89aa564ee3fa2a4
41c5256a999142d
45c1a80044c0fc6
4cef0b138436b37
375b5bbdf7778fa
6e80b6a8b32691e
5c4ebf03c89d9ec
6b63538afe4656f
0d286236e270ea2
3cde33ae72f01a0
390f69a0adb18cd
4fab57f204c2f79
6c719f8ad19efd2
3ea4b77690e8082
35b189ec58f456f
8c50e24081cf20d
590edaa38a169a8
2908222739a4b7e
3862f05fcc1a62c
03e762724966382
65f34b532845ac5
82c98d56cf8ccc2
443f045bbd30804
0d5d54ea9907d1e
301018d2c25f881
7f5e5d1c9330134
6b9ec23da3fccdc
63b5078aeae6acb
8cd10ed2f946295
8fb1a408be454af
54698f4340ae6d3
556ea42c5463b1d
3ad25d3adab3953
5b2fba27c1f3a19
4cddf92db1b13e6
409ccdb3a605f2e
61ab2accf3cac83
2517e05a17080b3
10f22690cae9087
6d77193dda9c6f2
284b42157461f31
2cd65342ea60d61
4f4497ce7e00f78
319b19a6fdaeaec
09cbd85eb284e9f
57ebfc0575f2a00
30fb2297a36d343
0bf1196a9d089e7
339a61ffc73311d
07002092805bdac
36723560af33fdc
7958326ed2ee683
610db37c5a31347
39ad2d6827f3585
5ffd57bc7347d85
65e06bb5bc01a2e
1923529977ecb83
0466fca52d4eea3
82ee29f79ab7038
897d612cfb36333
1bff9aa50f56012
75bbc7a9f14c358
28837759c38580b
4b92a417d086855
716beb784176994
41fe1b7ceae26a5
3169af86e389f68
1372a8767f7a1e6
4fcf876fb6afccd
69552b2fdd7292c
12052c017a966d3
20e301643b7297f
613a1d54b59caef
488f7c22ad6ed00
5fff4ae4cf09916
672a49712196745
38bd084900e1d14
44d32a9c841a192
560b91b961df551
0a4f4256d80006f
679450039f44866
33ed28f6b4c9964
054b73d7b0ca776
1d0c2b9d62b9475
5aee7dc0aa0bf82
76a48a37b838c61
615e9395151ac0f
6703c7a64ca2eea
21dbeb2298a780a
490359f73e221c5
48bbe052a945755
161644780600a2b
0d4d0d4005f258f
391afa7ad72e7a6
6e4ff6dc43c40b9
8ef547c77e6fc83
6fdfabf6c4bd972
4cbec46a174eb00
5248cd9ed58f7df
052fb56210edec9
2eed69797be84af
7ff3171767d5d80
8cba4ad369b94ab
1b7c54df375f90c
0c4c090363809af
8993a723912b95f
0aac63978e6bba4
0f95460a4cc8cf9
31a387bb238fde7
6b5129953eab9b9
7a5f58d2186ee11
46f78f710774725
691783ec2a6751a
6b84691ec1fc0ea
62ebadac8d676f1
8c8ce539da49fce
3e4f0a4a0cc4941
305c82fbb88dfc0
125b8407c723702
24f8c1a302852db
1be271ac03641ab
5ce8ce90718a753
62f959e3cc27fb9
192ed85d343214f
5f6a6f547275cd1
2358ad62d558e88
8f3ae03a39d55f6
7bdd9edfe384fe8
3f7a2721038ed61
67a60f1c3de04e8
24abcf2ae42e1e6
68af16dd946aec9
459e4762a221f6f
73736a3df5118f0
3b89a8d32d14c5e
6bf02069c57d976
24b205ef0a2511e
150be728f999767
60b2022d5824086
3cb93c0f43079c6
17edccb37dd9b29
39be96a19ec4e74
8f5b9b7e7ea9f2d
57c54501b560738
6cb029e99c51ff8
06fa7719896a6e6
0895c55c8e937c5
51d6abf748a9da4
648e3fa5aac9f6c
2491b778de6fe69
7a79aacb13e3b04
2a65ce8eb72630c
702040ce693ca09
2d3c0f6dcc60b0f
0d46f7c6b25430d
900100016a811a5
58867d4eb3e11b2
2aedf554585c1e1
2b00be7f2cc949d
67e0723d06a4e54
2012e3ac38e6c97
70abc193b94fd75
825a9a275f6cd1d
28d1a1f7fa8de7a
1a4e228009dd83a
538b3b5404f0c8d
1f8d9c9edd8d12a
8402f839764aca8
858e36e4479352e
458c61ffb6f21c1
576da67585b44b6
634b5f2961b1b58
3b0d0c189b0f98f
63427002f44acb4
79509320ed79ee5
7866971effc386b
303ffe28006b699
70aa538120b79d5
220d19010c95396
31cd61cafa133fa
787af1b11b9e955
5d8c9b2e5426825
385d782257bc629
4cd4a6f72c47db6
5943d10db7ee637
1a291e2142a829e
90af7d6ac4ebf3d
20cce606ec84763
6a09a22e6971ad3
610ec6ee47ada1c
8659bd870de9740
83f8ec2afe30898
74d941077b790d8
87e90d6a67fe7cd
1ec8a4439a62289
718189fe461b00a
7fe176b84adad7f
87d4059d5d1069c
42d4aff3d75bd3e
4f306498d3d7a21
40fb4f91c7b5ee0
1f6d1ad5a27ac8a
1d319c6a10f4349
57ca5731191a269
132ca70716cffb4
3ae64a8f4534e58
27233eeb9ca5d4f
87bf28a1b9c3424
531be948a00fd3c
7cfd861413eaf04
098b60444aac053
184510524bb00c5
55c90d5d8c5681a
423258d7e3cd838
5e6363e0b0ad90b
20752bd153cf339
0d4e1187e9ff6a6
4e89ed8f183587d
52aac534ea07f09
1f818c8452a1f37
1c589255bb8f6d9
20aeee1b239c508
3aaf692cc7a63c6
843075abae8f0c6
0d53bc5310f74d6
0456a22968ca137
6c26daf49f5e846
4b667b53cd8405a
8dda2814e219283
640d754455a9b77
32e787fd574f0b2
5d8378ddb17ea73
40ddf6979574bfd
0d4ceae1fc1df5c
60ed6aff8444164
03e8814d78cce01
5f37550e5e5d380
04bf4ffe623206f
894b70a46e69faf
0c7d0cb299cce9f
00dcb335f952dfc
4fc9fcd60440476
71c7a4856013ed4
2e735504c22d864
8b7d0b5801a0ccc
7ac617d06b268f4
63b723a424d7374
272a99454418e64
8cc506a355e5019
4359e5e1e7a41fe
776c617c5bc7cdd
80a59278d5a9e05
842f617ee22b32d
53a3dd1e94dfcf3
31d44712732deee
1411e0dd4d000d4
6eece02d75fc92a
02ff76e350ea981
1f4570e95994081
7d3a1e72ada4ce3
37b1aa4103f53b0
588fe2ad2e5c9e6
12f869bdd6e9aec
2bdcf09401ccf4f
8a4f4bc22512b39
661d3db08a9d73c
1fb8321d07b9a66
1405f57a54d063c
84c4de1128eb738
152d1b36f47a2f6
09849ea88fe35f9
5a8c91412f2a133
11044b63aa9b297
71bdc43c1638cfd
6564abb8a5aa0c3
8c4f4f2ade45aea
1c1fca19a9f2aea
264e481785dcbb5
3408b32cb772ac0
904ff47ab0e2af9
6dbba786225f95c
6e2359b2fd12a84
483cf24de8856a1
0ac965152168ee8
4b5b0407364ed13
84788e2944b1e1c
17e6f861e46d8c6
8504cc6e0703ad1
8face55b54e0c40
4dc81af9b1a6f52
01fb8bc8df18f09
75c3529d5287ce0
063050fb02b2216
8339c9d9c2b8e47
1c12e116d3fb6dc
728da00a2c7b209
177d7b212e58cac
2be2a34ca3b9b5f
2272539bdb35e5c
0f2e9f84e9817b6
848b9a8a19b9507
52d1234edef0cb3
65ea09c7fb09d82
1345bf24cbf7f48
5d8a29e34b01496
0dab62f19c7adb1
3243c3076388cb2
36e542dc8aa5959
7c3df14ccdcfd2a
2f88f7474728bbd
1334644ceffa79d
6bd9c344087335e
7d60a9227c64245
251c499d81a5eda
43c587a426e2ef9
0a0ddf3c4827065
7154aeee8b08a86
56ffe751f5526ad
75dc6a52a7d4cd1
8d5a553d5fcf7e0
670a862cc200761
6150add636bbdbe
8bb77124f9bd2a8
1c64809c0edfd13
6cf9ecf5ffd0e00
1ed1f84e5e267a5
88dc79650982503
2fa181af4190b49
00066a9ad4e0bda
04e6643863c6599
54e231349d6f6ca
413ef734e75ff98
0e99ec35403940f
1617a68fa479944
827126b93e3108a
0011dcef98f1473
1bcf9aff7e3d638
454c1e083973b98
6d1de83613e644a
16412612994258c
2d70024f980f345
47b6262cb25ee0d
7c414f2ed527b0c
52e5c481a95b75a
595a83317518006
6df312dcee42472
52b9d9a75ee54a5
75002dbd1e570c3
1d4a7a538c82eac
0816ead01497187
5c4279dea5cd8e2
1296a535f0715b9
544c88477b4e331
23cd86fc536320c
44393293f04a247
078e5e7b3dcad73
3678fc93479a1ed
158baefe563babb
3e3a082de7b5c4a
2db9295814741f4
58fe4ad5b7f170e
2caf6d340ac60ac
14c5ef1d86d1f80
309bcdecf35f4ab
4c84586cff51999
580dcaf44ecc29e
76a09dbeed1e544
3e92d16f3ba8ddb
131e3bfb5576b28
0fcc9dd430ebcda
047470bf1de9a85
3527cb71f459380
8df7041aa3b3ee5
5f93cd3ce5ab91b
2728c76ab951b43
2e5bc11f724e237
4509fb3e41dd321
0971d5c52158db4
4494e14d7a9d270
1634794f3884a53
861f2296de5ec42
85f3d1994914bf3
49f291996afdc57
5b4848eae710cf9
49db10c3cdcbdf1
5fd501457216c93
2ec5b424acd9475
64806c2b8290ed1
79a6d2d7f865713
026277ffed0ac36
4843e3439f3baa0
75d9e0ae00ee398
4fa55cd2d5e8ff4
8f00b5e5874e80e
3f0d0355db838b2
01c6a014011b59a
6477141c27d4617
6653af5871215cc
8786b3325daf370
8f2e41e9dfc12ab
2cff56bfc6a325b
536fb7038ecaf72
1df5ed7a9d504e0
52e04a5b5f53cff
0918dc17f99ac58
5379440d8bb4c03
1e87caa764bb2a5
89763f984a0c473
6d9885a98b8f111
658e50dd7b3c7c9
37c0cdd331729ec
14587d6b73200a7
2be5af39c6d7c8b
4fe3703c881d4aa
103f3b47d41c30e
2496150097ad6d9
19284c857fb6a0b
8c9b597b35aa3d1
158cfadbc5a8589
8335411c5e19e8a
34ef9e82ba949c3
8a49881fe40db34
1c4daedf40b2829
74b70b24687264f
7f7833abb8055da
69cd7f301e4434c
09405e45a7705a5
28f2a16137c2cdf
807f692d3f8cf75
162418902787dae
88648cfc0593802
8e3c6baf9f3d470
0f8c2cd0e7da863
30536cdfe750bc1
428554281f2de07
033d54fc5107685
157fd559b82d15c
0484d04dfc5df92
62c85deae1351b4
7a4612957977e28
77a31eae6b8abcb
29bd99a7e8b0f8a
29508b65d09813b
1af292349b6d993
7b2b426578fd932
21288aaca82bce3
13b7fa20c3997f1
23da6b5b8bf10af
107b26940ce2d5e
3648264c932b1ab
75fca572a0d4e91
60d73a4216540ea
4842aed4f4ab6e8
2a07c568a2dddc5
2e18cf9651a59e5
2a0b38e943ad058
602ffba33a31dd4
715625025535d08
4bbfbd2934e0bc2
7acfbe2b59da767
5fe4e1f1011a673
4af872d61262b58
23d6b0ada8e8242
590b5427cd04f2a
8ef7e7fe1a03cf1
373e26bee6e925b
7ebf975e23d41be
799814710173764
2e68e79ddd546f1
5b04f778f2b6042
5cc58afa477f039
0dc5089242651ab
2d5a811335dfb54
4cd8e03a7fb7ebc
25d68d11614f555
7c490ec14225758
63083e08f8808af
635058973bf2386
5509099eb1f7ee5
05bcb7d867b7fab
042cc506946e823
205feb5e15267de
8619cd73f82a1ad
459689285c1aabc
076be8775406981
23101df388c64c1
8a8f479907f2540
1c801f88dd6ec29
733ce6d217c5e94
412085017271203
4ecfe5c37d3a9dd
8d04a1632d49606
14cafca4f2c8460
1e311715a805459
002d05c04361357
58989715957af0a
6dc6d3a61ad4f9d
641300ab9325b71
05c1515e318aabe
1b2b45c96f00362
5413758bb6d032d
2d8df95ced3476e
780f61f74b0607e
3daaa3f07db27b8
14cc4bffd815992
06a38f36b4802e5
0fbc06e68a49fad
1dc956cf6be067a
5a01a445b9ea30b
845344620ea405e
40654d1c72c387f
0b583d11e6cc81c
89700c8c4327824
560a54464f666e0
6b1a4b8e631d565
6014a7422fa4960
7fbe82945859c4f
312e7a1d35a81d4
304eb3feae419db
556951b871547b7
76c6324b8ac696a
5fa00b15f2fee8d
6dce893b22cc5ee
88c0c7768b717be
78d7043a991dddb
7c21056bf2d3005
5f6383cae3d3b1a
18d32804b1e495b
65a15b23f5e40f9
5f5ccc550ae1c8d
2e56569fd14c69e
48b0a99cdf432b4
3617c41de9a0ab0
6b6d9aea7c58a2a
6c84f80c42c8cdc
6c75f2ac9f0f688
28348f577c6cdfc
41ca48254805bc2
0a62fe9007c17c7
4e7226a38cefbfe
8a17a206441911e
2c9688e8b4cb01b
11aa9eaf3a3fe7f
3e4d99b64100bcd
4606a3cc14e9058
24f24f3195cfb6b
5bc834f71a34e95
5ae3e43910632e0
03ea2c56e78655d
56b7a4a02edab5f
753a020b4a58d5a
5aff2a0b54d4fd8
521e0d8e79eeb55
2282cb15b9293ce
1e49c377f4a8e68
7efa8dc367cb971
28d9b1a58caedeb
46e1bc5cec07591
8534179399345ca
1cc9ff293b982f9
8c86856083d46ae
58e48ff93b81e79
475bbc57698eebe
89e54fd7cd39e41
263aeb473714beb
376e4a95c7e10d0
1a3d41dd93e2ba7
28439aa1e0ce05f
1565eff7a66de2c
43cd4237bb8a8b6
797e1fe888446d6
811d6b161ff6b21
80a67e68fab0749
49e504bda3ff1dc
2b10078d4cb5849
123834477ff6cd1
788bbb9915a14ad
2970a63d4332da6
5151806002a0aa4
002033241ed65e8
08e225f60ecdb41
0a72ac3ee381cfe
77fc54abddcab1a
0c0e3f9c391ff87
2445e68dc92fec3
49aa09192a4ab06
0387a2fa085c452
19e716a74532494
0451c0b0879944b
3505d52663fa966
0e3f1fb0ca78b0d
4da251f4ad1e495
3a37cd3d5ec312d
6dd719679bccea0
2892d567f88bba1
48e4fd2e00c4685
4b384bb0c939dde
1b8f6fb08d673c3
026bdbaf6409f17
5110de7b067b9ea
0b40b70dc79f45b
2a9e09864cda776
63028929ffc75da
3c8fe777f7ba7f1
7639798dcdd4531
505757fe9c648c7
1158f6539db9131
034a6b833a8b7ad
156d8678460dc61
5b643f57e5ddc7a
784f03d153573f4
81414402bf4305a
1b9c4000ff30fc7
14b5907920ed7eb
0d0d7f067edb9c2
08af3625a5d058c
3a0dd64f48af5c6
51eea636a3d73ab
6085771f42cfa95
8d6eed1db1ef4fd
4d0a263165ebb88
70794d7acc66968
383c19fc9695e80
04fedf7d2ba3231
3b638fbed36c46d
723444d09431c9e
1c4cb12227e4a0f
591dfc8fd9943f3
875c3d31b30c383
48f32ee55615263
6374a60a011a6ea
65c6aba195851a3
5e15e2a5ff6cdf7
14da14bd302aa38
30d50f899c707e0
4260437ecde2a4b
7665d6bf2e865a4
612a62f3488666c
33dc010263bcd9c
5a7f4bfa1a3beab
4170ca3bb7c5108
79f97911ee27a0b
2d8dee257cf1148
71e8f5f059ff89c
7a89acd10129b1d
3c13d0de906085c
000ae09758ba4cb
8dfa87ded84e4da
45e01fcf070f363
3850d6030d9d243
0e3e8fa3ac6e2bd
52ace5447e9127a
4ab94c2532597de
779835e9c52248a
63acd87d9057b07
859cab69ac34581
51df2bc7552761c
2cb8e0b2bc1594f
5b0c8596342fdf3
69c1143beb9a5fd
04d050b91f68a5d
1ba379e2da1a58b
6de357e4a09f424
7e3abbad7e44abd
4254bde120a04f1
1ef33c7c083715b
6e813851e785e59
685c996260e2d8e
0ba44bd13842216
52b17d122bbe2c1
37111e4f25cf0ad
1b49b003931ed81
45a92748eb31b83
458cd32abb06a93
1c417e9f34f199d
8756c97a04da671
797c64f59936b5d
60c955d168c02d5
6dfb44a34a0e5e7
6df681531ba0e2d
4c66a941f8af7a9
06981ec6ca6075c
63a3ee606ef7e06
6bae35d5d43adb5
48442b5e7073a88
6c93037e0b9cd39
5a0674a98be5fa1
45d2b38d925e59e
3826bb7e06aa5f2
484f5988f8ecda9
71fa7126975cd3a
148dfdfe93d62e1
1fa46d7d4267dab
7ebdbb4c74f300e
03065884160668d
1fe66903fdf9784
71228f3a28cd991
0eeecc6e5d0c2d0
82c63ba18d7b302
84975a49f3833b5
03ffbe137842433
6b94bd208985d20
55a590850be8762
38db84decd5ef68
10495e72b6f524f
4507238bc1d8788
82d873771d857d5
8d88c6a61f19818
68297ac46f81e67
4485a15db0e04e9
28d4f54c0a7cd84
52038fb05668760
14cb43336dc0a27
2cf5fdf5c589fa6
4ef19c6c04c8418
09f01c822cc138f
8bad3fafe747937
09d4f46c1df30f1
52c16cd27b06e9e
347ccb821a084b3
4a45ea37a664c18
8680b2f475adcae
8a25850c5725011
1a341079042decc
4e0599e3c59f2b8
4b9587f293dae0b
896ceea9916bf3b
773fff147be4168
2e153e3c47f5a88
7b68db064c50165
09e6b13691ce6da
229c334b94f17e2
5d295212731f4e4
5baecae5fa517f6
7ceddae49031d7e
85055d6d859859b
72884598a8871f0
7aca742e9750f51
742ba1ff2323cf3
67a0f48720a6761
2a866b0c46a27a5
869e1bd9b1ee2d4
5a4d1b50fd01b1b
6ed570110b56d84
5983fd619a2986b
83b1cfacc46fddf
2c4b338f5a875c4
33b964538cab810
437acec0b0b5897
7f77f4f0c9299e4
88d2ec818fed9e4
60baaa9c76efab6
0e170f75a07cccf
80c217cbd2fdb00
3bb8ef8b3ad7f4a
4f22a44b8f752c0
53d8eb6f940e6c7
652c63c0f71693e
716568d78a8e6c7
3801604e7dbb2ba
45e2ff2c68871b5
82b9d6ff0746bda
0fbd85041ee3c90
815b411713e7288
76f5d8e59a0b39e
3d7c2f12bc7ef02
05b9e002d73703b
3e7e01f5d478796
48b55665f5bdf9c
89e546c164f6a87
72820d10e999835
1482cf71bf2a713
3f824042f0e3df1
3215bbde19ad26f
43594369d132806
34b622263a47e83
28ed4ba9fed9bd0
5ef5ce39b384c61
40c77a7fa8ea889
5429ef8f3fda4ec
650f0f5a8d6e722
7c2f897088e1413
7e0b84551f26d36
62ffc80bd5e73b9
7278255353dc4ec
146c382502c87f2
22f4854c5e67f88
7fbd38ff9e760f7
04912aa71155584
5f8fa02048801d6
1b455ccb5507ac1
52aa876a0de7450
3e4d60806922f03
88961c5e18646fb
631123ee726ba88
1ebe379c378929e
028e00b23f4b167
73235d24cdfde48
6567af3cad97360
8a48bee804bdf6f
4e0a30411e746cb
825b038f2fec6b1
77065cb014c5957
7527b281613b11a
7178d6247c55be8
664fc674d154f65
49aebb8dc8c2a75
8bb17307c2b48ac
3f132475277b58a
3cc0d95ae36be6a
2b00a35ff88e277
7c075808906d1f1
8d1c0eba8f14407
6619a84f003979a
625e0f59d6b8fbb
53786cbf2f921c1
268ce0a6e2eebee
45757d7a11b5682
21dc605da817160
4b457413e273c53
03add1851ab4631
1d14977c8f01f5f
715b849e4ad5173
045d0e3c8b3fe2f
1e3388ae2ef0257
1afb8c6c54715dc
04b8ac00b791516
4aab69968100134
17f8abacb7367cf
8e2e55faf3c4665
0f75350af9f30bd
56044ee7772081a
1d9d894d8ceaddc
81d080ae3a638c7
6b6a42fa9e83de7
73b0ea1128d5309
0abc1fea10dd70d
38e6d6c5f7eefec
77bd99493c02ca6
870e0712b70241e
53e5de3e05de169
4685a582776ccbf
0a92fffc8fb132b
07d15ab29c62b02
5001d115a618b0d
354c11f1c4d5696
7fdaf13a8b29833
70058f32a37e713
51ae1a10c24a8f6
9067852532be604
8e65e3a9fd9ab8c
6aef352f465883d
4bb32f13a95363a
797559947578508
78bc87812dddf64
333c896e68e529f
5bea5fdc0ae35da
5d9231424e0df3b
0dcbf47096ff7e1
015191d131090ce
7db62f32ee7bf81
141314f18c23658
8a1d9a13efccfd6
1243b9d20b17302
7eb4c82ad4cd744
86cd5c26f3e6526
2590e0b6aaa4860
298a85f59ba7ac6
6b7d1ca65f0e55e
601d63e0fadc780
622fec1957258f3
22ab7961dca6ab6
7db7b913e2a7460
0255b792052f18b
2327b87f0c7419a
386ea34b1b5c6d6
29e51d6638a7a65
0a4ec8e7084e040
24ffdfef2003054
3701d087632f2c2
186509ab977fd0e
3d3115f051e7c20
69e8ed21d7fd4ec
78c9c89ba309642
587450e974c5cd8
062647e615e2a48
2f6c72d9d98fb83
7d258afbcdaf68a
5a2ac1249cfaee4
87a7488cd34fa80
08848dfc7b33327
0698e7228a8aff0
756c90a32d324a4
6d5eaad44f5ebbf
7ae1d4ee37686a9
171c56dd99f8fee
7f65d37eeb67446
79e0168462cfd28
4a57df71e8998dd
3efdd2520f82384
51caacedd45821b
39c95deb12bcde8
89f7004283ee0d6
8c0b8f4bafef366
60b6a2789ecd0b5
6dc7bddee790fbf
297c7f9f9204fc5
36d128d26bd47ef
2794e42928ceff2
8cd221fde30285d
03a81ab767c7bf7
7f9689aafa9a5fb
1d302415d1fc7fe
8b50b81767bdc09
1fb1bcabbcd7255
60220815c342218
8877c1d3e4db35b
83cb386548cd8de
2e0a27066bd2320
6a77b73ac3e1cbd
889260f1c22df07
0debc74d1aa1f0b
7eed2ed88942099
51d6bdbb13d1f1b
8daf09c8ec7cf43
56911d51e572f4f
57e8f2c3f6f51f4
77dae253bfa0a95
36714717dc4dc2a
54ff1a551f4afbd
48d887405a22a90
2eb6ea4064fb694
2451a9d59239c0e
0c3859697d4a51e
68baa6e19e4209d
0c5e31bd7667b6d
1a998426048b9a7
501f877b39fd1fa
6489a7170c34a91
7bdb93ace9f4f73
868d9465774b85b
4314cad5d4f1400
2d3018f56041ea7
71128f613e7b0a5
08ca5bf9b9c1d79
2af35c1620ff086
679fd57ec9896ee
83391f795f5721f
0bd4bf1168eb8a6
2189a731cfca9bb
61ce96fb43f87d4
2975cbb13088383
3042d40475dcd2c
81a1b326deb4912
042f81eb383883a
24b504d00d0b3c3
148b89c4ba443c2
0be638545251ef1
1b59a889cf7bcf5
048002bec9ab833
003302e64b5e49f
65a42b3331c8843
4243701a2346166
125aa947ba335f4
10d6bd21e0b37e8
8bbf56c49d4075e
86aa06c52c00244
574c09df1e7bdf0
51a150124664c98
0a1b90adb7d9bcb
507e952cb905753
1b1607024d82ebe
3c5223f5a8fea3e
1f71ff1a3e07a42
4fbb041ae535513
714297545dcfe21
2401042e36f89ce
4daf42d5215711b
8a504dab408ddc6
6063740e19216ef
03aca793d5393e5
64c42145bc35dd7
2b2bf8e524ed153
749c5ee6b4e5dfa
511823ecafc9247
14b7bbab735de03
650039f1bb050a5
5cdff336a751dbe
00dddded68448d7
6ab4c44c96efe2e
441dd318759f858
53f70dc212ea954
4d03ab198045bbf
1779c63ffa35e6b
358db9d5848e586
8fca68de863f1b7
3a659dc76b27a3b
8b0c5739d75943c
853320c6244073c
706a8cdacd6d3d9
2abc946387c509a
820f5ee1ce657c2
85aae9c1d4e7fa7
2f2d78881c6cbd5
81546f9385866d0
3d3aca57255d75a
3d07f06d4c4de93
8f0e5eddbe0472b
045bb775a4a6961
3defc98900d34c3
2f860d6c3917568
14c4ff08b28e779
3224cdf5d957534
6b9bb8b98fca444
8701313afacf7a6
759ed0bbbe14206
3ff232c75975f7c
4de4905271ff7b5
82baee1df4c04f5
74e6f6c0abf365b
0d134369e7d37ff
09e3937baff44d3
0509daf7b4fdb9f
63b2fa4e8bfe243
01049a83ffecafc
14ad16b357d6edb
44d57b25bcc42a7
0aa91cdb63458f1
18617b21aa10798
389c015fa5bb150
17478f1abdeead1
21abd105b0a6603
48ddb1ea39b1c6e
566a2a007df59d6
41aa9a346a965b8
74ce1d276058290
166edc794fc79c3
38feea92384fc86
6c0a20652975810
4d43f9a9ef5f511
327773dc911fedc
6a8f9d250eed999
1e5ba23496071ed
505166a28058b61
73ee212e5c566c8
73cfc0df6703ed0
3008d9dd4e608c7
1b5c29702007559
33797f4eb9514f1
3b8646fc22e75b7
8b00d5d55580a47
3b7bfe1ebf14f7f
0805c9710c56e1b
6a6385c8cc92871
1fe00d40aa925cb
218525b4c713db0
2864d2a837bf110
17d7273441c7899
147db621e63dc9e
1521bb571c10391
5ce4eb356c61c83
8ac0a5a0825f430
8aeac1e3f5f9281
2d0c7824c456179
4d1e36a63201ea3
3bf8ec94c33e98a
53356fc4e4023e5
525d84f841a8495
1c7a18b505e75d1
48c7742e7938d95
68cd026abf0f26b
4a6e755fce53f79
8cc4fe5b00362fd
1e2bf7c233427eb
21bedfa4b1eba74
137b79946d2c930
5b61fd299965a0a
0a07f5b4bbb8e0b
8cfd7fdf68f9ba5
12770fb62a966a9
26a872ee16aeab1
2b89f3156285b2d
4ecc42075998d5c
7f3a41e9e966635
0d7bc2ec25bd06b
2a6c0cf9fa5503b
26c6c6dd8fec922
5628675b4d27a3b
127437f1b02e260
0837b9a041cba13
3f767c31a65bee2
7e1c25aadd8486b
2536fca34adc2ce
549520a880e0e15
1ef00f9ea12a147
15afb5d176d5312
19dbef804565b1f
236e887a054a57c
585974c8e429214
2b17cbddb2d1d15
87550312327922e
02b5e98ea7aca23
6ecfd0e8527fba7
5eabd93b998645b
842271b8bebc849
84eede3b3035820
12c8f1b93ce14b9
10bd3536b5371f2
1b41353b447aa1d
1959cba5dff1be1
538d844dd3c10c1
1ca9907f9a6bf13
8b49dca7f721ec2
44b0b6804e65ae1
296f323a31a6a3b
5763964bf78506c
0e6d29d03538ada
39e58db8d42b837
1b01aaac72e0c74
8b0ab69c02544f8
890b21c710f22b4
28341dcef41b22d
0ed6d3d07068283
2f26ab4cdd2505e
8a4bf5bb53edbf3
47c6bd10c31e66a
1b603ebcf4a33a3
024a2f8d39beed0
73d7149ee2f116f
6ff29675b223583
22e6d68c89a0809
5d22e2bbb9ad07c
4d439a90e5984ff
8726948ba865052
4bd22b122c09218
432905415d60dfc
15a84dd28dc203d
34cd3036f36e5f3
64e297ff9ed85f5
1f0f24a5226e45a
65280e02e868943
85f3a548b6d6356
78aee18e33a0de2
650c8d887224493
8a000c7f477437e
666168395390599
50456bd7bdf4490
8f7a0a5f5b77f9d
000741633c664a7
3aa91ab563d84a4
720df71e9c7b327
75b47ebb0476f39
5d4c4baef481745
7f77d29e6513b59
3d21fbd8ca124ee
763fb7add874880
2a3802555d96338
71b8df085a883fb
2e86dc7101ddb57
3e12a43fe884722
0bf5b0a09ed7c88
7f80125d381b80a
2c6702a5a607043
584e53469685db7
79a778ff4dafd4a
8f2d8d7994f562b
515d62bcecf6896
24c1d02b47353a5
25d2c4e52673909
045ad8d77c7742a
10c2d1825c69b06
6b6331e98d132f9
431300b3f2dbe5e
160a53ff52aa897
2a05cad6cd00733
400bd4a63664155
1b7903d73c196e1
427a978475149ea
3d825d153a3d3e0
0c77de04fd2db7c
376093bb3023373
38799d599b720e1
2476587c3c07c30
2ca058d17fbef77
0e6d83a08123bec
1965b6b4b922728
5f7773a0abb57fe
0741f07f2f59d07
370d042ec651dbb
33f0082011c0bb8
617ca599228a0a4
775f907692b1914
17ede6d187b9d66
003d94d16c641a1
253f7c2b4c0ef1b
652f082cbdda350
4ef97ef81124102
43518ebeb9cb386
61b38859e28dd3d
046d98e8316d90b
8ee9cfd5426a625
1c7d66d0a85b6db
39f6aa8290fd709
4a9fc4f1e22033c
5414f07add1318f
84a8a4d8f7965ca
62d829e25530de0
47a8cc80eda5662
7a2e944acf7ff7d
1dc800b40c1025b
2c85c7025f7122f
605d7a46771bf47
896cac50d9d6bb1
176a113a1507695
4d66cda0c974e78
3bd2a33b7b4c65b
1c456ec26a84f05
305f2cf2c8b0395
2c463f77a1e5426
3b51862df8bf6a0
8f255b8384cf4ca
1993c8f8f853622
030f6e7d72d3c91
023569876323f58
4a39cc7341744eb
3c0dfff1446476d
30e6c7bf35ab9a8
838200213e3b87f
28ad38e6d1eaf04
0cb55df14e1290b
71b27ee2d8eee5f
02e906d13ae5ad5
092a69d330d7b8b
3677feb82206f28
262a4a2da7c6313
480a9b188ec241e
6be2936a16f4a33
66fb5dbfc169785
7e6d3994452212a
2c81fa5a9934ff6
4f56962acc37f4b
182bb429ea10a7c
8d3e28302ca92cb
210b4ceecf43d9e
8d07daaa1479cc9
1158f6108e355fd
8de723b1c306bea
1eea3d1d070f29f
82e8ac04860f8b6
0901aed93744a74
60e97ca52dc389c
3ac4bd763619132
6b978b5f73880d8
46c406a866a225c
1e8dcb674602aad
1e02a8400764f9f
2940d041fc912b9
33711a68d540b73
3a697e9c844a0ba
835bfd686e22201
34e729a9c0d3d0f
2c15bf2651bd53c
1fe93edfab93fc3
7ffb0a292c0a0f5
611a03d5a0ece5e
451e2d39e3118a2
15924a2e70cd493
666e11604744c2e
85e748a67138420
152b8bd06cda3ef
8e468f30e248a84
63685bcf6ebc97a
769c754447bef8f
1d738a84713a66d
5a160d2ed2b8867
3b9713ad742dbe0
6e0f62a2feebff6
8ce3d71fd99f517
8d61bcdc27e5719
7cc66cd64a8a53a
697c11319a0504e
4117a3ca7dc99ca
59a82e898a27369
005ccafe5ed40bc
4b9d0ccf987cc93
3684799ad720689
3b9ffeada54320b
6a7944a2ecf48a4
66f43341674023d
39bf7d4e2f0ab8d
8c6cba37c3b558c
792b63f18e04dcf
556906bfef046de
32ee95998834571
4f328cc8c95bac8
2f778199c733e5a
2fc2f9968fa852a
4451f4f4a5c2ff5
57ff1919a178f78
69be8814066c418
893c83cb9874831
0a76c822e2993eb
61a268c0dca37b3
5c1c421d5f7e665
54120f8b48c1390
3d61b308c60b6b5
5371419cb28f5ba
637d567ed925c89
4cceba5007b5b6d
5fb8bc828447022
46939505b937d46
2d93331e07bf7bf
3ff1e6065ef37cb
34c59e0858b071f
4c3ddf9332adb09
0d717b1ed4dd945
3b13a402187fed2
60746b26efce96e
7f09220fdfb4c30
3483357c1f63662
722a3c1612e3ecb
8bfce56774fa0d1
86e13bedfbfabe3
11b8ead4a322a88
2ef4437bd9f2c8a
4a7c214f1c65a48
6d519d85c521ca6
32182ad80649456
7cc3f0b7e279d8c
389cdccac1ccd86
624f57cf89b0b43
39dfe44b50353a2
66c556b167910e0
672d0eb3c1bdf77
0a902c31813303c
4c1a8866ba824ca
7c4ceae7f15e223
83dace1a4efcac0
0d76dea00dd9ef0
2eb5ff95a5ddf61
75fd12c8933d88b
4167184aa4a132d
40d1c550eccbac6
40e2c388e19d393
67745520af4866a
3d44348b965977e
6972d76fa0ba13b
10a6a076928cd6d
240052d499b17a5
6d14eea1fd5123e
0d077060c8c3c89
343707b4a460b6b
29efb9f0bc13cf3
1d5edafcd9e523c
781bf415bbecb83
84805a4314810f2
7595eb6bd867a07
7ce1a7e791c80a4
122dc72609747cc
606487d63e65409
341c96fa7056c20
67bb87311bde9eb
539910d92b6916d
30a33ef704977c4
6a90734a66dbd37
3e1bb32cdaa57a1
653f5258f2fc0c6
3aaa20f837787b3
63ab8eb6ecbf1db
664eb42afd4f3cb
29b3581030d8cb2
3bd47fdb5fd6e74
07f39b841205559
0c27d3a21e3c47d
095996b757e426c
084539901fbb0a6
0fac497524366e1
72ca82e2c9ac097
23c132f509a8ba9
40f08168b9c6686
319c208bf417724
239221916ecd3c7
2eb3d51dfc79c8b
48869e763110960
2fd523b0dde92d8
81730d1804a3b57
82e96919a0603a7
84be741a0128577
09eda405df33250
52ec5afdcd00e93
8b1b0d6549c2c1b
4beae03b09377ee
1cddfe7a35b6a73
10a0450d3bef3d0
45efa712c507ba2
7c86bfea2a48cb0
4a2b3341f0c4cf7
078c0074bc236f4
364c9ff7f0530ce
703dddb6609846b
0275628dc06966d
549ce53c9c60f11
706c30de48c7521
4d597a811a328c2
02906930c01aa13
8fb7f716736c8f7
84f70727cf16ac7
118f2497f9ed5cc
5b1394d14e709fe
7af07da5de793e7
035cf3097d16d90
5ebe30394cd3bc0
6bef7b6960a936e
3d51978c700451c
85c44ebb6b2c7e6
7723359c2a0cbd8
15bba9c6988e446
16b189b0165bd01
4aa7e8878233ae4
489d1ed15919d6d
0748a3a2556b505
14374593b4c1859
81bdb9251e021f0
5ae5ed3de8aa539
8b28e74534f6c97
1d94113c1eb029a
3c18fa89c68fdb2
1c3580b352c08f4
189015f937228c9
7cb3c82859c9b48
3e38bffe2b1f4c6
1651eecf0639206
67d7e195580dc4b
162f7f504a1fd05
5ecd52dd6fb8ca2
3ecc659517bef67
5a88bd04f08b7b3
16ea97a621a0cb4
53917af7984c66d
67daca95dc925e8
48741e3fab3c6bd
7ec225e25a9c160
15dd20aace1d300
8643815113d7a45
12382f91343476c
2fc7681d7a67958
1d812dc9dca6052
47a5bb3f2d82c6c
465da56318557c9
437344a6610c8df
12c3cc420cfc5c4
513fbc77edcca96
0b60a37073c2c54
256f4608f31940c
7715c564dc6d435
1cde888e1367659
52fd43649537c7c
4e5a8e35c1fc2c2
50352f406aec815
2365dad18323c52
8c2b76af967cf2d
56d527365f42fe1
8ddccdf33588471
74bc92bd70582f9
765ff566b6d145d
6b4ec52e3922007
8d91553b93f2d9b
8dd4dea3beb1903
6fa27a2b5dab890
51fbc858ab51019
1b09b30ed9399cd
61d038a1984279b
58549e6075a6ca6
2b4220839df779c
6fa0e2cd33bb241
19d22e15b3c8a86
1f0ded7ac614bab
7e74974893c95a4
2400055021d5758
382abd3b0d30fe5
1fce92e4b51199b
739e2ad52c3ecfc
5b94ef7f2e6c40f
770053b36eb712e
10fb8b71899cacc
12e39a4076e635e
14bdc532b867b7f
65875ac53dfd2d8
166725a6ab876cb
48ef61e7a15e91f
44a7a77038803e0
144738a257c82a9
5cc363cb3d9470d
0051a00732b272b
7d87c8fb2ddad7c
2139ed50a6c650e
3948ebaccf308a7
1f95fe389d92d3f
83396926512d93f
7b0a7b86f010940
1064b594217671c
5e8ad02a8545642
0a6af67ae7ead14
537640db2fbdfd0
00c9d4d3772f17e
799cf86aea17613
2e9e395dcced124
70d96472765742e
7ddeb3000c2e9ea
42714885467e1af
18e0192cbafbc88
22f5c5f5d807b31
59e8a84b069d433
3b1f0c561da16ae
115403c727053e8
7b66fbdc1257882
509ba480dbdf66e
65799d4b4573f8e
1548b436818de40
4194b634cd1d64e
127c1ed0268bb78
1ea90ad2d29f8fa
267a04279dfbbad
860174884340647
63c0e6369be2da2
8b5eede3fb27a98
754c2079a18907b
0c00e2c450a516d
43168378aa847e9
1d3f2240f70d42e
58aee7f950f39be
790630402d01f99
510bae03a435112
04fb63af6da44e7
1c6fbc95bcbafb3
652cbc116a33675
6c19c91748b8e35
552b7d7f3074d36
01a49d1c3f3699c
31482028a71024e
575d90be5d66ab7
89008b03f5a6b15
204232396812d3f
082e777451bc9ff
87ce5cc033e810b
245bd469b933e0e
7b2534a672c5180
5b76e817e69e82a
0c2f493d83bd779
8f96ec59e7ffd64
436d0c4fc81c51c
56eeb2500a58801
86ebc2411975b62
38839fecd46c92e
2c0a36fabdffebd
673d946e788b5f2
6bf3d911686112f
044b7c132512520
2ce65e6e1fca72b
0183985356e0c25
66a2d20a9213b82
550fbc135b7dd1c
50d2f3a5cc58c6f
2bcab17fd706a1d
80731be2f18f795
185f291252a7a62
06ef13d792cde57
320afc6f893a988
179b62ae3a86430
10153ad7b64cbe3
68c62f8ca456577
19114edbe2ecdfd
82d8f9d5f812ccd
1c70976edd795c9
34d3de86099b540
2158fa07894d063
8b373d529e6f186
4dda97086277704
32b82be0affb39b
7567d217723b357
541e019a50dcd4f
30f5ec9446ab82b
1e2362693944cf2
1bb948686c1e2ce
133aec1fc22a53c
8dcb8f076d362e9
24e1d56968e4a0b
7c53674262c6c45
4cf08c3b48cbf4e
86908b5a052e7ea
36dc0760500f5c7
668f4f510536cf7
78a280e0e89d17c
112a2db9916a7d4
5688cc35cc06b3b
1f05d18edd8bf6a
25c8a493a800cf3
728db9b9d8b4b86
3b0d351ba6348ef
681b4bd8e78a573
26fd3410892c0a9
16fe6caf9e5b3a8
5e220c2e1c6652b
05bfcf70a042593
5e5ad3d42b58de6
0de05c942e52807
0692ae881b7a953
7bd87fbe6f36b20
62381f485cdeb0b
33d8db136989773
2515ef12ed0c4e5
045f066517f091e
0f5b0fd0affc689
40499d8486c84bc
3ba171e27d0302b
14af84bb938220a
25013e9dbf61cf5
45a6389e7841e67
3a5f0efde36a187
56dd10ba7a99af3
321ff1f01cbfa34
128c15cbb8b7816
565d1b33f3c9a7a
20c2e478841cd2e
1160808fa78bf37
0a2c98d22942c0c
1ee5ece24f74a92
1a49b1631c1f07d
2b70d111532ad5a
4eaec9ff1564590
73b001080c6f000
06416df4acd43c0
4b4a516d83729c3
44c507540a6d200
387ea6f7117977b
70574f3c4bae355
0efa6efd0b2e606
5db1dbd8f8a650d
5bf41a7a1140442
0dddffe43aef9f9
561f8b1c5511396
0a5629a87be7daa
209408934278eda
6778bc00c40e4a6
8a70cd46087e965
7ec1f4a2614537a
4a84f521e769745
673163849240e49
23c0e02c873842e
60e3c886a7425f0
5dc03699409594a
47c3b540a758794
8ac4f1a0497b623
842f6bf77ecca59
2c29c551953ceb0
1e31ca651007850
40a27ba1bbcb7a4
35f92d0e57c298b
4280ed20eb09949
62667bdd48524af
3c59f22291f54a4
737f5ae40e2690b
7a8bf4b3750ccab
1e18068c299f3af
5c10070bbba4fe6
439d712110fd1d5
0c1a86fa3c892c3
05ae69ad16ad08c
0eca8150a213b88
27a8b67f3051532
82d3bd8db4966ad
7f0af11e44015d5
213bad6b0a6328d
16f0d0607f2ed3b
481a3c27ee2232e
72379c451e95f6d
5d5e44946988279
24d63213b2730de
80190151deb803c
7f9d881c6f7eb06
6ebddb9a02bc05e
135297b659c7937
46516cd91d07918
64f6b714b58bd84
85c7e874c954907
7f16b29195ad1f1
20d36d2bdfcf24f
5e2fd8389d026a6
5ece67e3187dee6
480669a5e238357
655b98ae6950e08
266b34b02c653d3
261a7d0441ac87a
3c2278125eea444
3c70cfc311d18a1
7f2a3431059db2e
858e403e27b5405
84a05a6489157d5
6b8414427788f0d
84af524063aff70
7ff9ce704ab773d
1ea0ba42a88f20a
17112436301ed15
09095bba4bf537e
0d7717617973a44
890ddb1c5297db5
2c869ac4db9ea18
7b8a4b092f18c4f
1bcf3f454e93485
3cf2cb8ee1ddf10
45b308ba11d55bb
7ebcb2045b6617d
0f51634ddf42111
28a269002c49c17
66f2032080b762b
186c11b12a215e2
60419321fa217f0
4453e4fe8465408
7bc44530496d8d7
17ce7b18df69a14
4eeabe85e2a5079
3bc23591d49eed9
23f5ee66f0e8ac9
4c0f6615f948ed4
1cb6f2f5f736117
8c2e72aceb2da91
28982ec110ec392
368e11e4c8c7402
66ed8fb6e674cc9
6584fd6049b5ced
271b2ace5ee0074
5d6855fae8083a9
628afc440885e38
5b6f2d7bf1a9def
2aac8922e23e57c
0a79ee78526cf79
644c5f9adbd40e2
01ca31078a8e629
18cb9a0a8645c1d
695ca339b5498e3
87d3b95756d0fbd
3a953fdb7d745ee
36b342618209b5a
38ee95cb7486390
6696480f4e7b258
3bd8f45b11e1f6a
65e1944c3440d64
640042f3917cdce
6dbc6b5c949f09c
5586881b8b52645
1db3a6a6ea113ac
90b059427266220
8d045d260dc2e56
576e3c8008e657e
2bf8943d413e9e0
539b00ab45898b3
3181bae333f4179
62f291ffd95650a
25b3d60fe8b139e
29dbbc06e46d379
496cea77d34e2b2
084b51ae6ca9425
65d9a1da8f3a373
7080d37f80dd0c2
8e7fcc793c51109
1b175dd2847b6fb
302f16f0d15c4eb
00f5112e75d10cd
1a9fbe7efaa8679
6de06309358f40b
2eed0a3633de011
5bdcc52327ac57d
0db44d1ea05f0e4
5f1fbcfac3599ad
065a271aea6e600
4f354749cf3bc03
120406bf127fe66
691c126c68d4967
13c16bb7cca948e
5ec882564549e85
0f69598a378efc6
34a1d96096f6197
2f5da3db26ee8c7
0ddbbc13727fdbc
8bcad106deaeef2
079d2bbae3cac1c
148857c53864872
551c46788d748ed
809134551f447de
9059df0de241861
7b20da9a6422292
05ab46b4e322f59
58fa6d2bec643db
7a621caecb46aa2
4fa5ed48b576388
0aec25e9558252b
3cb4ea41f27a267
3d13a760a654094
7af1a40bdf46e50
45e055e6911760c
54b051591e8b2a0
4993c84b48a5a28
334ea6c5374e3f6
8e7de4e884b8460
110ee190ad16f9c
57d255f526a53d5
33320ef8120a577
493be0a356f129c
387765ad205fa22
75c2b10d2d358b4
6676daa56e7d08d
433458ab59e95ff
2aab2a864a561fc
1dcbf98f3284b20
66d6b406639a0ff
3e4ee938b3d49f9
760e4983c7c57b6
42713e805978516
51cad77809ef2e0
09d865f385e11b9
323f48d714b2abb
758ecddc2c7890f
6d2bdb5bf86c198
088b2575162d8c9
68a33d2c3cc4ed6
3bfeea0c326e4d6
03993bc646d24ac
129a12eeefa271c
332d1f4d2b67723
0d9b381ab813f2a
49d32433cc62672
12590b41de92166
3847890b431bdd4
39f7e7e76111b8e
2be52cf67f9c125
5d51913e8227591
1448030cd0abeb1
0481db95d189f60
865fb702a55d438
8a715d0c528471b
578bcfba786ceb7
2c5b02a4aeddca6
679b17b07a5ae39
24ff43bddb3e795
70e5ff689d9441a
8b3082dcaae6432
2cdd4c99877fb76
1482ee999baeaf8
0b50207a6c4ee40
29e93b91eb4408f
25804f74a8a69af
433c36dbefc1941
81ef1f9c377e5bb
1b77a715dea0d19
8db7cfbbfb6925a
4ec3fd2317a3bd2
258e62c4664c188
29308fd8c2a56bd
54220b8d5ff5a4d
3d2a14e189acfbc
27c7864acb50a1f
505c9965cc6bf50
304205a4991f7ef
07f0df402bb8320
8dc1760761edea4
1f991a67f0db3d3
74447cacc9b298a
05daeb7f1af2bdb
722dae8ce71edd7
3517fea71b3a4db
7e29020578ee4e5
00f3f9c785d0a2c
47aa2824e5d216a
316eeaa57ee9fa8
31267b0bb31cd82
7f0b19aeddc0797
568b5e5487ee9f2
080e616d49f1bbf
3b74f7d8dfbca5a
4271ecdca3f88cd
2905bef0dd2a39e
0056c6c7b240403
84bf99392d3855b
223bb298de85adf
46b020053cbbf5c
6fa342d47c0820c
06df521951e5e93
4b4b151ce3d8423
0bc1acabb6cafc1
875b3bc238bdccf
2c13df7571c03a2
35b62ccbcece50f
020d528ec63d60e
16d979dd7e0d17d
750f77cd9f94486
1aeba854cf41ba2
6c779f91791d024
88c947db0b2194d
37df52d0340cc4a
5d5edad78fe7e17
7506f8072a9f54c
015a7bb6eb384ac
0b9168c78b00d26
2922c289a2b41a0
020402e36bff828
68c85bc1665d902
7687d579c5813af
770cb4bffea0943
4a64e6cb5fdae0c
05868e0288855db
548f1b70f3f52e4
34b9b1768253cef
5750f7cdb36b5e9
83534b83b638604
37e7c8ede70a287
80416678ab49c73
3f1b561210b2cb2
114773f2d49b9d3
1eec5d9b30b98d2
6a48517209fc649
58aa4c2e486d147
635b3cfc8697d25
128aee82bcac65d
386613db92f4fe1
7e1b4e3fe1c570b
777f447fba7063c
2a892db776a0be6
0b675744a4cdd69
4b84f7a110905a7
907b0c96f6cacd0
0648885d1f1daa3
5d3adb6124a214b
6379103c381c22c
84f2e3cf0e32175
5d1e7dec706d90c
01c47bf2443bab0
2ebf78ca9a0e177
74a573ddb227587
1f6c83ad81eec28
88a9372589d29ac
0935219171ba7b2
8b8208afe97fd08
7da9104bc0f3241
85f311d8711878d
0824451c7367204
2bcdd3916953ccc
056b2b5fb344bd0
438c8bf91e75646
06c8c2226489a5d
11cdd5aaa7bacb8
64412630e0e4610
57546333e6992e6
8cbea2053855f77
0dcaa47cf8d40d5
561857dc47da802
3aa77f6c5963f1e
3c28a121b381c39
77873275fc488d2
6b54b71a6fe3ba1
49f755cff3da0e0
4e99497f53c5a63
67b7ed698bfa31e
1e95256990547ef
0eea5d625010301
48cef210374db7c
1d09ce352a2d045
2919e7dbfbc1482
5018eb3d6b24eb5
7e21534de450214
1b45089e11553ed
13c532f8b5ec2d7
3018e18ceb88f29
6687fb70cbca13f
66da030ae9bed83
7f5e14255c0ce6b
3d9e99006692c2b
3a934f1dc1aa399
0ea449728c37b75
5e6ec52919367b4
5fa43ae3bb027b1
4618e9bf90c9b20
288812232e71903
7ba468c6054c532
1edc1f834d61a56
7beca69e01f0b52
5cfb84f3eda2915
8769d7420161eb8
0d2d2518c534e84
36a92cad799ec97
2cd001f83e10517
5cfe7fda8ca21a3
01778e7f6f66bcb
6b0427b4c52c167
793981b41fe11c6
2aaf3fc2ee3afe1
18d382eb5695eab
815b675f4519622
08ce517f89f18e5
59855de4c703823
2a8fa3ff8236fb7
4bfc5fc3ebfe6a2
498fb4c2e9d4fd5
56e065fe3186c50
775c716944e8894
502ed181554f6f5
6039c9134179571
82fa997d2030e05
8a280b1cb88e0c3
6b7ce67360e0965
1daf0e0db37a9d4
64ef4834d21b6a1
68872bc3019f122
3d3500db2e53b6f
6d40c63b11245a3
900dc41a709199c
14328c48449247d
4142dca3363be1f
60841663d90e3d7
64487f79a7e1717
7c127a142f2da74
32234f257d99e33
0351f08870f0ec9
035a57ee2b0fd7a
8c9f544cdabc3f2
3b60048953cd26d
7d8ac0424f4a7ef
1f8bb044c5d59c6
82e036c698224f1
8b862495014180a
6991decd82dcd33
123e07884299bdc
655081b4e1f37f2
7a002b03d0ee8c3
2dbae9552e8310d
906fa8c25d4542d
73fb2d976ed65fb
904b9df225832c5
1b189b0f921b716
15a251dcf356bed
108c01e21cc9bab
41b5c3012f21aef
68dbc0e9bb1791c
04e59e043b3dc42
13cf69a8a8fbe34
7d154a4a5907906
1e64944ef0484d6
0cbdbb1ca5bae75
71e4bce19635289
8abe24a04a42428
316807063d03e9a
80c967b34d17a95
43b0b8e3a2a4bed
274e9d06c14c883
6c09301804eb269
6178db268735e2b
326a202fc51b030
8d0b7bf6d7ff76e
2b765bc0c596f93
0395233a3786805
56bf2376d9a4c80
7b81c7f9cd58830
8e267443233f3fb
0edf82af11c21c8
90201b15318dac5
27bef789102583d
2ef8887acc88e2c
6f2b4165c4e8260
8e4fe6313cc7dea
89289b412aa391d
8917a77c957c55b
31f1f8d19594065
58f50d1f5140dc5
1acde5d04abbb34
5036f3ec32a30b7
4710435540a3f3b
8aebd7b7e596969
8646771fb66e937
67b44724e46811a
354e59a0d693d03
440bcb2238200e4
8998135c6292561
748f965578d2f9f
1f5d846cd1dca84
73d4dc5e590ff51
83eb733dfcf7f39
54fb2e4d920c0a0
3aa58038645b95e
79d410b0739108a
002cfbf6f97baae
3fed4a61776aa03
5bbd878d3edb2b4
45a599810743cd2
51b4b0bd987a287
85d0ccc0e5314ca
2c550a6aa436170
1d35a9d99f42486
511cc92c8a84ae3
6d21b961fd0abac
3dd2ba572cabbcf
4eac91f7e15e5a5
1fc7f393ef1773e
483efea7272d34a
8a9e7f435242461
0b4cf968da37c14
06a0e2df3ca024a
7c9ee9129f6dbfd
816a99f8c1e9b10
75301d4cb51e3c2
212d2f8b7418d46
29aac7baa6e4f01
06fd2ec2255ba11
64eeb90424e5aea
3d9b8eef02b796e
29f155e3c98bfd6
64d39b0ee698c8d
8501c36b2ea1b49
7cf1f4eb03fec22
3ac7cf735538aaa
32b88208bcad10f
85d80eed1daac59
56abefe21b7989c
645ff205ad0fbdd
43a609a1b4569e3
4774cfd0ab9e563
77fc87d6ebeea30
598fa4e8f17c83b
44a96be859f9393
018db68d1f1d519
87331fb9b87cc8a
8519d18d8d9a9df
03c2caf2cd1c924
69aee5fd00fbd6a
52d2c4ec9ea904b
0843b959eda32ff
0f04f002432eb41
1ef5503cf8107a4
15020b33c19a8e2
1df2bec4c7838d1
1ca999d5ae8432c
487ce0982765307
4edafc384aaf0c0
5579adc4dd11ac0
3dc3a3d11738e16
2a15ce86665601b
6399fb86e285519
8ea83cdb0c42281
22d66a0cb37cb5e
8839d868a9e9732
6f131d95307de9e
6af96e2afe48f29
8a29150953ce254
2c6707e5a745cc2
2b3e4929538583e
5f4f8c9ab03405b
448852df34b70d9
18f62ddcf70896c
2b62bce5b25ea01
7f2b0572a24fde4
7b03128ed5b9a77
82214f31ee1eae9
6b9657df0fa03fd
37546fd63720795
4465ffa5ddb5499
2e641bd39b49346
6baf86f748a7480
618ed0df8218ad4
17ee5b24d6e3b5c
137ee76076e40c3
8514a57c89756d2
37726e286233042
0bfb57aada00823
8b6efe4ccb55576
3ff0fccff3562d3
854150000a952ea
891fa58a7d7542f
2a042688b429c69
4765b1fd1c8ef1c
0fabd34692bf5cc
64053048ead81f8
7421e844261f9e4
8520c7b8596e623
8466179b0be813a
6986e45ecc87d57
376195824e158c8
736fb025b3dba1a
7ae5e70c19ea557
58cae0b163e0522
1f2bb24c8ee9277
2e99084ba01f686
4adf070f3e909a6
1194ddf05685f2f
7cf7cb27cced3ea
66e21750e5aafa5
0a4dff2dcba7ff9
13ad2449db7fc25
537a9c1fecc759a
784d78a61031226
8403b412c615e5a
2b79ca8da43abc7
34390cd1b0a8e05
6fd4610351a0800
30e8af8f27e8b07
251d160e55ccc6a
1ac069c2206b419
6da2fbca0d60b0f
7eaf86eb660444d
2cd4923fd3b9bc1
0417700625d7926
08f6f97d81bc0b3
1de629d50493b34
201abba8692b047
392c998905cef0c
35be878f365bb30
4c3ce0e88767080
73ff3e813b38f62
580ecada490b37b
4ad1af754ed74f1
33b35339bda2690
907e00bf936f777
8a2595b5b6f7f65
82567713cc7abf8
6c9c99a7e795017
4a02623f90b913c
75b3dd218b1a589
57e6311827b41b2
1c5c87f786d3de8
8aa565b9621d929
60d18c3a61eda60
517e931ea12f39c
1af2c6912ba509d
806cc56490a80c2
073f8259768fd87
0a10055ddeea3c3
24a2c7b84aadfe8
41c391b3e5ad79a
5dac5ef5a2ef2e4
8675ed6ac16cac4
1932f87e21c3739
0f0c87d19800885
10e505d98ed8af1
81dd13525b25d3b
4b819b7a26dc51a
290d10e0fc3654d
29b8bf5225f0698
281525b514af659
77014e03f45e053
3dabb81929646b3
28070881daa81e2
3bafd34f3d17369
8c9dc5094bc4ef7
05fed9072b806a0
128a0e4923e0e4c
6b197471f36c74e
45afc5a79036a68
3f306704ff68903
433481de5524e45
3028c4730f242bf
3ea1dae9b7252a9
3e1beae27408f4c
8b131c915965e55
2a439caf6b3a45e
6209f68402dd02c
3c5b107495d0f37
702b6b6a3d929d2
01287caf3271b6d
21358cd68068ca3
12b84b234dd7522
4f7df4d99815774
1dba5cbbd822ccc
292bf10094f90e9
8c1dac183035374
1ef780314290d28
4d35e2b9dc74784
50121fd5645ef7e
4ee37d9ccdba212
37727d9cf8837a6
4f537a07f50b8db
616dff50b4f691b
89aa80229a98abe
78e9f8b26fdbf47
50c65b6b726e082
60234e139c75c4b
24bd64c4166b85b
0e7ffa031e02993
0db9a4b506ddeea
6b48bf68cc24195
139aec39630edc1
56449b9dd4eb30d
0f689c70e7d5d06
02f135423d66e6f
10a2575baca4a1d
69c9ef10d3c0a9c
678709ccf1dbda6
1c1a466aef037e1
783ea970e408916
151663ac768d473
2e986a58992bd34
0fc1b88824924c3
65decee6f72d505
5173f5db316888a
2945292664a6d90
0cd1d5ec6603fa3
7dfabc8149a47a7
3a2cb64fca6d1d6
02c769a03bc3a5b
1fc88937f12ac5f
478734c74e2253a
3608b28d8e6a069
5cd0b997a62ee0b
4e9759fc015b31b
35d6ff1a1144ef5
6e342736269cdca
57a85c187937ee8
0c351c81c0b3435
034418037468adb
32b5105f9df16b8
016ad0b2eeaaefd
31f3092d1420734
0b0731d80ab598a
0b503e984192a04
0b94d84fb6455ac
18ee7e1e996bf9d
663e29a5fb82940
67ffa8a01b600a8
2ca3c0d3f264e4b
086ffe09c2c9425
2c23a0410ded3f7
003c0355aed1b83
86f230e44e3eefc
3729e63dda16483
10d013dff4e009e
11ccda48c68d607
8ca124c06b9da2e
4d4c9d89c0a3dce
84e9316bc159b76
4080970e7eb2b31
8d38c2ca2d5ac61
3fb52369b73aa01
5a0e6b181dc67b4
1427e75c5d7d716
69a963c8ed004e0
1eccb4f25f95d1e
81c93a7e90b9ab1
22b798631cefe1e
61ee06f67d1d8a2
5a7ce0ae9e8480f
2c4c641d9affcb3
489b6c055525720
7f2be3999d6b802
147182ffeac9236
324ff579340fb57
6aa2138626b0b10
8167830fe180929
6cab1805696bf50
19b4e520850b22d
496f3ca44dd93c7
8f08cd4b2ade0ff
8ec35ca175ae24c
12a2c05f7b1d2e1
888735261949fb7
055c53cede7577a
41b614f9d1e5e1d
842bcee1d52ef66
4a423804f392d8f
49ba816fe8dd45f
137a495e321929f
360349a37c1d935
87dd6746c2b98c5
4482538ec7764a3
5356b82b9e0b5b9
055ea9d2c0fd6fe
5fcb991bfbc5d8f
3b31af5d04ea4b2
1525ddcaf2f64e4
78218cdf5311c61
2c0a897b384804b
61047f8cb6ce30c
4a577a8ba7d5e78
32ae3ddb28d2bb0
44cf41cd348e5e1
782caf7dce9e729
5082e9bb5cd87f9
57be6478b27bbf0
7939d677401f3bf
5213962e767b615
748ee5add4e1719
02c5460a4f648eb
634e2c4ab01c7b6
8d0ea7c70d8c4db
55575d182b60363
0c55010407521e0
744f0e15fdc5f09
6abf4a1bfa076b7
4d668ec4338e506
405f42ce3a8a847
8b3fec134f1cca4
408d9fc2e53505c
3658ac44b5e9476
731ba844586c041
25c74636ee053ec
6b948f3a24f4aaf
7649339f123bef1
88dbfafc02bcfa9
330458a3c30d4d7
2c7c85dae94a894
02773a362515a71
66b6ee7e7f4ce00
8d97d4a4ea24b7e
42bf949af356978
75fb108871eb0c4
4a4979f44e5ca85
2d1d57cf3ec6894
30d2ff0ac96aa25
1e903d066c0605d
426aefb35e5b80f
1db1bb06fcac420
6d8b5b9789528ce
501415e3b69d7f1
321a53621808343
18a40d089a0aca4
824ae5a42f6c15a
5525736b3541aec
50e70eeec2b5d36
6a2639cdc161395
25defeae1d04aeb
1ec4cd7e2509266
432b8fac7574018
896771cfc903683
1d2dbf74c6f6c33
282bc75f725ade8
07f9aae321e8767
16561e22d492427
6d0fd7840984401
60b1287f885ef37
1f3d6db50880ec7
39a2062352e9810
70d7850a36b115d
099efa05c2f85c4
5674798feb4675d
34445495565d6c6
34881cd0f81fdeb
1d08057b0793b0a
7935f6c7dd8540e
5661c563f39f9cc
0af7bcec92922d1
46d47167e503ebd
0d6773e789306e2
2188065121ce327
5164f410dee07a0
598adf374830a8b
81e7e75aba449e9
215c03472d49216
30cfccdc32da83b
4d2fc2970769498
71af8dbd8ad7888
8b0e355528b58bc
677d153ca8f9f84
7a42581fab89566
766dd9c9910e8cb
2dad79c0a2fb6b7
5f73ea8a61a73e9
5b1b267485db56b
82aa268eae9a785
2f420770fe20b34
246e22ca92ca4d1
57b6732055a984d
229ea52b692e73d
2fa8afc20eb712a
607c6a5c9de9b82
3f4fa7c32f93df3
4fbced5bf2d1d86
496d130f4d9b21f
3c921ee7a0a3845
7c118cfaebc7ae2
8f799b3597d9312
18008d06ce45ab7
4fbeb2505aa6236
27d4945502723ac
77dee61eeecdc4c
073a678b6811d1b
18a567082830b31
25fc7d539e83f77
3388739892c70c3
1d4a319f1d339b7
6409bc1babc7a54
67327f06488db48
024a0f0007602ac
4a8edbb983c5917
4810ab355f0427e
43cc3830d45e35a
0a74be6cfb7fad6
2b73dc54c0f0f55
4e6913c71bd5b54
569fe8625020473
07c3b5826163d1e
3574cb6c3aa3aac
1e25eea2eeac13c
10989242fb5eabe
784c185ff3ac6e7
4d195ed33f249da
47ed43c480acf07
83dc0aa7cb57c27
7a9b36f010fe3dd
69f1f9fcd93b1d9
4ea680e43e85e47
2a8a23ac4960f25
488fceb609dd02a
4b93125a6df8147
4d841a5d76b6ce3
34c9079997b77d9
05ebcebf7a06c27
27e542894a3b0f6
3c290888ec6898a
51fa06b1ddd9550
0f48c9e894c67e3
901e5fe257d6fc9
5b57cde3383b1de
5e82abb42f29d42
445859134c37c21
20b0a575cb881b1
03159f427cf3b23
599baca1abcd7ed
807d81603e359fb
5f1f6f67873e8e7
46ce9715526ebfc
6f0766c084c679c
3543368794c570b
1b77fcd4a3bc78a
119eb46a7774799
14f216462a784f6
2de8085b4794d3b
046b3da52bc8076
29530e54708ff2b
6cc94f1357acd82
7543b824063531c
8a24f2c935df9a5
7030216104ce7db
3358d29d3f5e503
6cfd78071759175
4ace12034898636
4b61ed1a966329e
500dbc2fd03db71
9079304c4968edd
662012f974e8205
05bda1a89b1dc04
25e5914ab15bfb6
25544707f909751
65eed9a2e62f3a1
229efa5381adccd
161b1a73ff34f04
0ebecc11360ac5e
402336a77cd39d4
80f17906d7c93f3
5ea112c27b27496
6cd1ce5b07c9dfe
30d67bcfedc1bb2
3dae90c3976bfa9
723fdeac51fd95c
8bcde0ac7e3e714
09f5022fc96d83f
2ee13672636e351
18d50f5cd532155
450904325ba92de
06d610c0c1b3b3f
272e108289fa9e3
1bb96c54da6b59f
42fd6f065964faf
32673e522dcb55c
1aebb60d74cbed5
21e71b302c99cff
7dc9daae4e4f978
228512c2f81fd9e
51552958b47df6b
15b298517814f15
8ae80db42c16054
448726cc2848fe1
03dfaaf59a880eb
46b4d3fb554a5f1
043ae48f3691bba
3e36308070ac869
233f6bcbc5f2215
783f676fd407c61
0c5664f48d97b76
815ba6483da66de
1635cb4306fa71f
66c7e27d0742c95
8a52da07835fb72
8c7b55382c59138
72d6d3f42f0b57a
359a73e8afc6598
3645d1272f8a9a0
0a1730c4259cb1c
30dff3fdb489e7c
40fa441a319348c
2b74ddf422a1781
0734200563a1b1e
8ab9e86e5a80360
8fd5f73fb93350e
3d6a0187b959fb2
5199e274eb9d5dc
1b95576472d7924
5931e51b3e53473
428a8594007aebe
3ac1cf67f1b6d3f
359e48bb1b6abc0
2661d6da29dffd7
6e0ba43e8d5b621
557fa5dc35d41fc
4b7a9350a54618b
4ce44fa10104b70
04917bf82287c7b
556069fd189e38c
1b9891b9a2e3747
468097e66d3dc5b
3a77aac4de7be06
75ee1bff641d0fa
84a95d71b184eaa
0e34409ddef6055
26efc5d4575b5b1
81c8b8ca74c0057
3934f0b7e0afc4a
7b9bb19a8f6847e
896b4abf400c60f
8ef483e43d5a382
813b27734f0c1da
6cd4c0b95d1b8da
33c1f6fcfb6ea47
1babbf4c24af8f4
7b466777520532b
858d8dfee99878b
8122136ff2dcef5
55d68175e6b28ff
6fcccb20e894ea9
1fce704f3332ac1
7101719a8088060
5b35b42cb171a26
62561fa9c8f759d
1cf72f3c74d0d74
605dba89589d1dc
79db6b88cad126c
51016917da12082
71fc7e3849ba0dc
4443f3d77552ed3
7120fe715d6f602
12c39597b03c9ee
2d8118f91bd3bc8
34681fb8213ba71
543bead9fc5f09f
24f107eb74f77d0
258d061e2915b24
1796821a70839f4
5033c7d96d15ee7
6777552f1038ac0
2ce6b9fd600b465
65c603211cf8df1
6c944d2c6238892
4f37539c5fcd9c7
3253f80a06f1ff7
1d76bcdf95bf87d
080cc44f4da443a
557a2d3845d4c06
047fa8fc6418dec
28b72aade6c8327
5bd62c7f02c7342
5f45ab94a96852f
771f2be6c0eaa1d
5275391ed704f5d
73d05bb6e89cf8a
8d52b8078415515
4f8c7a1903e0bb6
2db6bb5d570fe12
49ff9d0f201c1b8
9087e95d99eb9ea
2f976adcdeb2e03
653c6aeff543b71
195ed000a0e9a0a
52cb9d7212f1f76
8692bd15b9c6239
090094066452587
2d5aa46adf09b17
4c684a774955b15
6be9496b6885f85
68846876f7355a3
166e1a27afdfa0f
8ea10c47af681c7
777c4d7b9bed07c
0926a801790a465
1b6c2c782efd8c1
657bd204fa938b9
0212635eba2ff6e
6e9a21e81d63f08
424bad159075645
0fad156a901c392
57091f6f8c4bc17
758569ca1056cb5
0bc1586d3eac45a
06daaed0953175a
3a79fc682481091
70251fba32c616f
0e43f3635de4304
4270948bcec3bc8
12f7df82e5c92e8
29248b112e4a70d
6be04b90726b09e
1952eace123126a
2c53de9c88ad756
401ca3693eb59d8
7eac621dca337dd
22d96f8d17cba6d
31fecd21dcf64be
3e07c72e430d74b
3da4d9a519e41e3
5aa3fad4f1a71bf
8ee9159fc83920f
68c9e8673b7ea72
538627751596e7d
734d31dbcd216e2
722850ef716c6b8
3aa4cf6cf6e5c0c
13969570b03a7c4
4996ec3cb164734
50c4b23ef35522d
560d66dd7787bdf
4ae35c59330e776
5a015e1a2557af3
4f48ddbcccd7d32
6480b0ef3a361b7
0f769e1cf9e5743
3496b347bef8c78
58a0f25687ae603
8d4b639e74f4a0e
717fc532512eb58
33cff5c1a7d18d6
7585ca9465b4965
42fcf3dfeb40145
1765cf61194d89c
7ab778f7dd07df9
585cf6d3caffc87
7b4f97c2ebc68dd
906e4c90b33611b
4191a0044729643
8daabd68f5509ee
21130f27bf33c6a
1eb4cac0109ddde
3bc798d9ac24b8b
14739d6c68e56d2
8a3418582375598
37817ab607d8655
0ff5e03e72f32a0
65b4878c3a7cdac
7aac41c3cbdf5e2
61a78857015d697
6a7d7991bab31f7
2b2f367ea7b3464
50603b1af8d027f
69cde7ab97bc509
6b1519d3236321f
0ac47b7cfd2bba6
2d818f685c06c7f
57ae0a972fbe5bd
86ca64ee5e3fa30
3c509d661a0aab8
13e68dfa449ca67
43030c0e5d258a1
3d06817d18fbb5a
21ab8a507d0611a
46fdcd88e18f3ad
17710e76241fe8e
3dba8b90f19e7ca
1e576ed50c7406e
907590972f404a4
4419769f1574fc1
02ff8b918e803ce
0cddf260d620f42
150c3b2cb75f1a8
20473c4a5bf554f
2ea5dd5584e5d1b
10910f8ce98120c
3737c1c94d6d887
00e12c07cd000cf
0736af58c377692
368ef9f8f88ec36
8d638406fb7e989
6af7d06bdb74dad
0efb5fb583653bf
750b1e0e96d5ddb
3f1c4ae33bf14cc
75683bead5fec6b
5e75c6c26407954
3669e67b3434301
8519868c795c63c
28b026677f04ed8
7a8e1258a846a47
43e9ab4840920bc
2a3165c8fa2cc69
21b256412ea2605
4ba8dd8f052c530
3a1bfcb85718a8c
82f6a2cd1c7ed22
4f6a8b377921d9c
8bd13abf4e34b73
2e75a3db0dab723
7270afe8151c971
84e9baa6679fa16
4c812e8c45794c7
2e5b771aabbf719
3bd00a4ae865905
8878317735c89a3
032fc0bcd23318a
54c4845e6644151
0df7f2a886761c2
661e895b1cb1953
7a8b4b8891b6250
805f8188e0f29f8
125ea6d03d81400
7ed1f59d5909960
6473cb707a1f1aa
7e89f396c2b73bb
733a309bc7639f2
883cd5a2ed2df66
30b14f8f70becc5
7f9dac2a2ed189b
776debda600d2b3
237d158b37db160
6a282d3ab25493e
151e70c21bad092
69e8e91bc7b1a92
2a13ab92d671cc3
284ce8ce662795a
05c0aae420378f0
7da21b962d91df0
0232c4f199d53ea
046ae744ca35701
1968189ea5f5903
158cfd89af2864a
5bbd97733b48762
7a9ee40ed5c39be
1ebbb15a104d200
01cab33f56a20bb
1b0db7be00d2726
3320017d47c5007
3a7d47bf0ad4588
81ef7ffe7624b15
7538d5d2d7de296
20c9e8337440c16
2218db09dc9f307
7d358cfa629dcc2
384d91acaa99ab3
30cd762932b32be
43d3a367c2e5e37
023ba6d4b1101a1
11f504baff20419
7035d5084057d3b
27dcdd578a23343
30a19ef128ee2ce
4905d8e10d768c4
461a13e67fb0167
1508b657bfdb66d
09cde1b273a742a
13c87a77d9b0b20
1f9e8b485861f0a
3128a8e5665ee32
44ec243fe5e629c
3073625852d47fb
41d356f21b45451
76f5bf7f40eae71
5a1b473d284a003
785be60c315532f
881d1f8236ce665
2d922609625953b
0d87738e1b23bde
7c25daa17043c4f
6299dbd877e9c4f
2efe007372bfe9e
4f0b9ae1a7004e9
115ceb5e4c7a36f
63ad64a9ea92d94
322a1c980cc68c6
71b7f56a8b21a20
5608603d9980a67
358e31f35b3ac01
005711ea7f2c657
2ddde3c6fa07f4f
9059dfe6a2c5f27
3677c4d1675237e
1ce89ff7a9c74ed
2b32b90dfc51302
81dc4a1d67738ff
1b8a7b1e263df33
13b9c73df5a66f2
83efdfa318f7511
73c26592a50f211
4c0c8f1ad3279a6
135105417cf63c7
5d46aa4f9739c3b
8fe68b289ab482a
4eae335b80013f0
6eaa8944ec5ebc1
2a16bc16d283d1d
8d05887ecf6660f
3ca3308abb97fd9
543f14319b078d9
399a414a8332871
768c67774170032
39dae5ab2c9e90d
2c7c795d5dca867
89dd203a299b42e
3dd32cca70fc543
4dd45d6f74254b4
0658eeab1536667
4dc48bdafa428d1
7aca62816fdbadb
185206163a7e2ff
46da3f899d247dc
110cc0085e3b780
14a46304093c158
180b6b8a7320751
20b348c82893378
871a35011f97d24
0c5bcc1ab09c82d
469fc61c5ffb177
1916e6e33fb079e
5e45901c0fb7fe4
369a5675a583609
69f31bed29e139d
108a46afbdeb574
2ed7f3f6c979572
0c2490a0829ee45
54180d5565414ae
5749012d6862e98
2adca2d5598347a
8b4be505d3f7cee
44154ca7e801d1f
738c952a5ac4d45
52456e377d34ae2
1b667f388251a01
67c164c7e632efe
1f7e5958862c914
011b95e7cbc9859
17f16d470e1b9f8
40f4ee6ae254cba
6fb0da9eddcb4ed
0add9035c4ede4f
57766928576eda4
6f86fa32ad2137f
30087f0bf9bb570
3b5e263a64304fc
122a9c1e03709b3
7381e1535071d7c
39552f32b48e7fe
8432fab6644ee09
8e0920e97b5749a
2d904972a7a8258
391f9a93b9f4eec
6ab400deae3f9a5
8a4e2b4b8732eb2
38f256f7b76b245
35a33eb48eea860
8fc2e1ce12c4a4b
4339a75c0b60a4d
1b7c7043419847b
275020a6011ff48
17765cb5840a763
155ec3358d1d3a5
650e3cef4e2a03e
20cf21307859306
61a4b83e9161897
10c195e8f77ddfe
00c4a53196e7726
44ff1582b611a89
4cac708a1771245
0d4d81dcc4a8049
5bf60a9c442f04e
6e82f2752ed1afe
47e9fef277d0a22
82bd8a19789e612
15c36a65ad43319
19f742e4f3f3339
451556fd31ade34
49c22d2ad363a7c
69ef9e1413bd920
2e2602c6e271843
67d11664ef7b49b
75220aa2fc9964b
0893cfbceb8d838
7b6d3b1bae6d274
3f8ce32f19fcd58
44e901ec3bf1170
90c3a02aafe80cb
0202f177b636e0d
0fb23e985ffb868
78ac0af57f3e556
5002d35bdddf607
2b06c14bba236cb
0eddf0f9b402661
4b94398aa42b88f
159c0a01c5104c7
8f8689ca870f3b0
5d028f1516a20af
08866809bbbbf93
553ed60a8fbe24e
7ecfbbabbb65cb4
6b5e2e65d1a1515
798148c87bc49e8
77fae3101c65cdd
0604d37d02c1801
2d508263bba3851
0f97e463caa8812
7c767f0e03e4d65
08a32ab0a61fb98
2beb88e730c58f0
48ba5d489695d39
18ca6d1a41b5130
4edfa88907bad95
44d0e4048f3f2a1
17c34e1b1adacf4
6d12a49a69b4555
2600faabd385b0f
3c9db4811c6d3c6
2a6f23a52dee929
019505022680417
4593e9f3164f75c
60c4405bc9bb131
18d4f9f82c6d46a
16108a1141b4cb9
368fbb9c2bbd21c
4c9cd4066ceb2ee
2df82d2f972e84e
081b8baca214c71
4cfeb8519095c86
50c57b755525ea7
288c40179caaf65
1d5ca654d9fb03d
345b7977f75c965
8533f6f76c05463
6fbddb4dfab825b
2d25b5a6fef8ebd
51e07601ac4249f
88a84b973b5c522
56b37e605b108fd
3c140c3fe9d0d5b
2575975d9f085f5
31cbcda1dab75d3
88683762ebb76b6
46a0d875bf1108d
4d2c2745108610c
0143194c630aa31
017aa0aa3c1c599
04c3e7e96974a8b
6ae812e2e4de038
31c6338cad796d6
17718f3205dfb6f
48da245e4625cd8
049261ffb064017
831f0b3e6e77f66
097f7df0891e3cb
11f83f63cffe06d
6932444d30c4a0f
7dc29f0b13b4a68
833edac3da4acb0
3d7fae58ea93319
4fcf89746c8fb57
14367cbc4806bea
1419606c3c30404
352966a874c07b3
32570a736a71d9b
140af12923a6de3
77465448607e1fe
4721f45ac9b05dc
8fa80f13c78b889
52e589aea1b21cc
2d9a754896d883d
23f94ffc6984263
5b888769f5c29a8
59b2f153a2a4d0a
0b1b39d8256ac23
179950474c80d14
304f5efdf2ad5f2
89627ade95afb4c
673301037fba75a
2f9d33bef1b9ea9
73513f4e9cfce1c
1f38b711f993de8
4247221e8710495
76ecce82f792056
8150b57dcab2583
3b046828982b96c
159d4b90b34fe28
21b13be2fc8bed2
2358c3e1843e77e
87e77067a76de07
12b173eb2097ea9
1187de2b3770bf7
2a5c4971b113951
41b366868ddf08f
7fbc19f070356fa
22bbdd213275af9
1ca30038485638e
37f28b381c87fad
3725367993a39c9
82bce4690ecfe8e
4ade0e806273bf4
8685ce9168e115b
51320488c56a1aa
5fec11a86e65fd3
4faccf3e94fd312
8d59f488dd2bda4
03ae207b47f4327
2ff1cfa439940a3
883fbba61610d2d
6e79fbb6f7c07c2
14339221373a8f7
5d5301cd75d558c
4c9096c8499e403
301bc96ae7053af
7f4c522457af039
380e04bbd879d10
892dfd059755cbc
013d6c1eb22e1c0
33fe988359ca012
56b470fc79d4b8a
8056f83c0acc23e
14dcab49aa14033
8f8ca0619ade69a
8123b32d5214b3a
07760d705f247b8
339da54882e34f4
2277e795618fe2c
824512beb5880f7
0151c6ddad3e15a
5abeecf320f8420
3c8b37f85ef9ef7
51c817755b6a275
43b242d7e007c84
0a5a257771dd5a8
46dee9bb6addcf5
5013937f4df01fc
014f6cbb2f7d28c
0cd43023167b888
4824bddc85fdcc2
282a285b7152d19
49c6f649cba33ae
8b90b0473736c17
5bc4caf0daf9329
620c41139245685
752332d36f8f85e
5098eba0aeeb7de
81e0fc10b67b7ed
0e3802986e4ca90
855cd593231d7a4
3e1353b091465b1
541bf7c9bd45cc5
53272e808bf076a
73cd75f2e9702f3
2b74e4b472b11f4
1983cbb69ce0852
08bc16a0bbd1a3b
7e53f8c08de507e
53d88978b49d0bb
38e5dff80fead03
1c89b495ec9bc9e
52e7d3652c5cb7b
882e363e9a5fcc8
3dc63123283beda
0b5dfdb6a06bac6
74e9a7884ee3973
312d6248bad3dad
8b6fa50723a8c47
48c7a84cd440f1b
68ba852cd78c93a
8e5f051e2374df0
458813199f72122
0bcface287c3105
4f9e147719e8009
2d19550ff285d28
1e3b9d760620cb0
0a11f972995de96
6633d934b92a455
23e6e2c0b68c790
5dc3c3773bb8f7d
6033e31a3d7a38a
571e2ed0c31db77
7d74709bf529355
4b0313bbb2885af
0bd9d51363272f5
1d24756a91eba6b
2dd63bfa75a49cf
3a59a70a364ba13
7547a831da9cd74
22b3ba2ac0431b8
54c242d7b1bb6a5
43d4970006353b8
68c691f2a7dace7
130acb68d2dbaf3
6e863cc3dcf364a
09995e3a8401d8d
2f8039d510a0760
0b5ebb502493984
40cbe28c919ae5b
900018474fbf9d6
86e87402d6a4c4b
5a3491e3148fa7a
193e33f17d3bef2
46eb37d650f1b7c
6a29c550d9d620a
78b30587ec9b23b
8278250881ab3b7
114c280fd6a9a04
0f358003d9faf25
3a0de447a7fedc4
280f90651065089
4cd787875cd5485
6defa806bd18051
627a078014fa654
43eac106b077fe5
7fe641affce627f
673f71fb8481a45
72d047c85498fa8
2121acca4724ade
0849244b894a66f
2261e754382a852
1075abf468567b1
7a85364076aecf6
1bd1d00058e846b
1dd481a865fae1d
175837b81022f4d
02b14991c4bc9d1
1bfa05ec43c967e
676272e4b68fefa
294c068003dfcd9
373a4adad4bb7b5
79eaf7e906ed602
5c6c236ab3c3a75
52402df8ed10315
2e1a9fd20523e93
28fd2f656e049c4
0716a923dfb9a74
0678ed94b27fec9
2d7ce87c604d8d9
22ca11665de6cea
4bc2fb87b25631a
709321b3e060513
32342fd02645c6f
49e51ce07901295
7d18952fc597817
4a03ff171ce09c8
1a58775a2dd54d5
3e3f19de275f4d2
2c228288460cd5b
89bf13780d5089c
80f05322e48811d
0eec0b5f3f090a4
0d019f0e8a9c382
43c5c4f7efc7405
5d1387fc4f11be5
695b9b3d17bfd5f
365f44bf4b13c9c
4f16130c27fc530
24b5125ce15f072
6ebf1d97a3873bb
61fcacaac0e6fa8
5ba64ea76732ac0
2f9f4e0f7160612
75b5333d6c83ba8
00f9d4f663bdac8
6ab7c8fd726237e
65502309a5645ce
1fdedcb61c6f85c
6ff913bb64032f5
026bbc36bf4e95b
31f3d4f4beed8d8
059a9a6f0dc9cca
8df5c7f8d251d2f
7b3656bb00097fb
6f9e1f6f16c4e35
567709763b621c1
25d2dd2c9688dad
80ebfcbcef2fd5b
506b707c196fdf8
4ea872013851b37
18fb06b22b5f47d
3c4698426103645
2545d9639cebb82
268a145bc07e74f
8e89971abd7c4b5
360201ac9cd7e47
563ed74a6b8e53c
51b3092d0259116
2d72dfa92e7be56
3d65eaa25ff66f6
55d24bd724814a5
32c977aaa727fd5
5d8c2e8fca34b33
1e0548848f9bb45
007b971d8791d99
21bf86a566c4cc2
85f62f098318ee1
5a6fbc4c6fbcb2f
6050711819df014
45ce26bd5245841
20f3ab9a6e9e43d
04f945ea32badd3
7fb38398faedcd0
6049ec7315fd41d
190ce0582134951
2226a750dcc7850
077848b75e5eeb4
60bee444da2836a
71080e4dfab1119
5683b25088a5fc5
753b1c08fa4dc1c
6f60c0e5db0219d
894378d7186c1c3
8bd0d1351add1d7
0be248e1459f4f7
2f09375f631ed9a
4a6288694135951
0d08aaa0d57b194
002057a6de602a7
048aff7e77f45ca
8704b908d68de9c
29fc085a1a2c044
50f7e29f287faaa
4c2b15a17d0b435
45b488823be2875
5ed2b92b95780ed
30c9bcdbea98496
881fc7050aeba4f
21f5dd24f7b96f6
3a15195b5798a1b
72faeb670bddc55
5ed21060b65db66
3a9e26b662d1b73
854e1c3bc5cf3a2
844e1099c9ff3da
35e379c69ea55ed
4a2913217c35f2e
49307e2ca3ce778
03f3779c5161c43
39f99dd8bbd4dfe
