8e9500734a3ffe8
5a55de658e60fb6
71ce8b2fd3b29b5
120ab7646aafa5a
2c664eb15d615f0
9788e8b83015a98
8a5605df1f8b14e
0f30e59e5248c5a
5ca5ea13be690f1
417d39fac09e3bb
25205f63b632881
8f7fa5645b91361
011ca509ce8eaf9
25b0c9c12955c2d
6962c379421e63b
6ca4767d918f8ac
3d75c23aae4ba98
9ba98ddeca2568d
9eeabb555691af3
643246b209f5df9
9e630db0ad9e8d2
6df1dba52346659
6890c80c9fd2106
2a2b49ae41be9ba
923fe51ce3d6a87
4c6a588e6adce9b
9a1e1b7247619d2
795868d9bbf7e7a
7788375c69b6e7d
5d6fe45d2aee659
2ed324c01b54c4f
7ddda92e5fa154a
6e87bf62ce0726a
70822b2eb324e7a
616d0356ff188be
53fefe9755b2115
73f65aef62ae69f
6a2726ef4e6a849
0fb357585181964
04a3cccef6db34e
4e766995ed4ce32
9786f26306672c4
9c5446b8692df26
4ce90e0269dc974
5f597b5488726e9
9f1de9ebdc70f9d
3732e11ee13ad89
7ad565eed7f251b
86118b89b2838ca
6dbd18fa10bc413
311d3c7c42c38d9
4b7aca0fe4bef8d
4da30505e8f4a7c
3022c19b07a1c43
6d7baab73b01c5d
49f44ce09e53a1e
29aee547d8b6b80
675ea19553da8e8
a114b74398e083d
168299604b0f2be
6ddad76e9cb760a
5c920aca64f6c28
7c9bed3f262ec4b
3f48aecc5893c72
83f0d8c1c305b26
7022eec741ef25e
0895c29fb803c89
0ce920488a60ce0
510babf6eb3765e
83ccd0bf4e8d01b
48e97de1426935e
29f2ef4c27ffb32
36800dedbc17097
8d3921766eb6e51
7ab7678ec4adc10
39234004b74bea1
6b6452a3bcdef0c
296abf7abda7006
0e2fc47eb2a708f
5d15f7d7f9e724c
1ae0e7ab2165b31
7d917729a4db3aa
85e685944ab6d2f
38bd5b3247f6336
4e1060a6d154bde
2da493e846b0c91
94643a099eb80b0
3eb546ce326c222
11c1fc5f561ce3b
2abdc6f0ccc24bb
607a5da26f81cfe
9965caba2d2c47e
6ff8b90a5ca1712
399e0e80fa413de
8643f22d49269a9
84e5f70977b4228
7bf643990c952ff
20e6ab03eff8a95
2731ac5e3a3b7f2
112317e23550014
2bea3ae3f614340
1b60e0cbbe89366
12122eeef0a52a4
2087dd28a97b385
5bc573166991338
9375df811d2550a
1c5e9b370677be6
06d553cd2de28a9
261b0eff92ec366
7c5a2c76829b716
9dcee4497c2466e
13a98781c5a4071
69adee087873277
6c30c3a7156ee78
6109c9366e48520
293e08ce110ac41
86e8b5e096bbf88
5aed421b57d09f1
5f5e1976cb10c4a
0ca5c322b6fc048
5731a52cbc5b0a9
98495d54184892e
82531de31f26455
3d352945b62270f
5a4f6245b3a77ea
01b2fbac965d33a
35d102ad0405830
91f91fa3c64af97
79858ecb4b1fa77
98b74da8d87293c
46b6f3747715a26
2f1d172d1fcff8c
036013ee748ea71
01354be7f8191a7
63db5a799d4daeb
537d3d270b65b8b
61f649a2335b455
1c9bd3c3fa8530d
2ee437e097f4eb8
1ebc35b7ecd6c41
7368be3193480fa
5669284dc666065
780f8653eef92ba
4b0a53654a49ce3
142c1b0d5fa7381
527616708c3cd48
9aafe84300ee8b2
74232f649db2dbe
41c86f40a9da985
a26f6dd23570bd5
3f9ae96323adae6
7ce24fd4646677d
3ac10fe4e2d7718
1683e148d1cca03
597de4e1b905844
21abf95ae76b9df
658abbc74aa416d
3b4095a40ab2e3d
7fe891171a525c1
146c1f583ee0094
64b67146314d29e
25121d49f2f4f45
422b41af171d2dc
363d00d8ce5c7b7
4e281e5fdf2e409
679cf75cbab9a4d
6561fe3231ca95d
691b0d47db49f24
55a96f92ca7c307
5fa7b8d3053e54f
7239b90ce7da12d
12b308180ff5086
83dee98f730a4ab
69a9864be59c1ee
9dc3f01ff9d228d
387cca820b2f373
7c762f629461c36
1135310a83f7ef6
5c103c3851721d0
9a7ce09b935fe68
0428f67cc578f72
5404503ed59a649
9e2e88518753f13
99ab35ea75e63f9
19fe38025d353f0
95d661122f67a2c
1103d3899cdd39a
7f2b8219b1ba753
8c50b8da4e206e1
17621a5afa74bd1
299b1459b54a165
396a2a6657e69c1
7d615e30e8e9cc7
494eee904159d74
5ad81471c85fcbd
631dc4660b82adb
3125e95893db4fa
35fb189de42d3ed
82836dce8f1e1e5
084b48cfef564b9
a0e923c54730489
2fce6a97c72d72c
84e7e9b85b25ec0
95f6d9efbb412af
a495b2f0cf4311f
0df3a7f9507bcd5
846bce91ec75efb
9cbb5d79785176b
2d8010d9bf283d2
0ba05924527465b
9e35ef179dffb09
5cfea98ad2969ad
997732bb8460220
7f2512b52b659b0
3be6f993e928cec
466fd41eafdf511
9bb340e499a47ae
4fd1c878e00de55
332d315b579716f
740194ce201f534
01add442e569f25
90cac0f9b15ad61
966c041b7c8ea54
12e5ddb2407f143
287107a3b11f06f
1ed93ab5b281888
75eafff8ee6a642
6bba8b37f825752
4051b94a4035334
8f0904031f2355d
84bc38b9661c0e3
92aaaed9fd460e2
908202aee2f3376
0dabd36f1b26da9
11457705bfd3a37
57ce3b3b0d623bc
22c4f502dffb899
87fe372c303cd4b
2ec32f4558f013c
610ea9a7760c67b
0cc0d5d2c2ceb6b
03de762a849e86f
0f7d829174a9b6f
2c14367145f57a3
61d876c842c17b3
0ac70984c14cb4d
30fb75ae170f3ae
1b8cee567a9a282
057d548fc1802e8
06948b4b83c710f
0d444adc4a55a7f
5a2f837c2d8c76a
6855a9c00f1c1b5
846f402f7445a2a
6384b3f2e9ad1ff
592c0e0d571a49b
19eafb43f7ed573
64dfed1e41ea664
9c7c4ea60f349c8
547bba7f802a9e2
599c61de38c9d0d
0dedfba851a2ad4
6dc634e6688e5ee
103bb6a6cf09621
753fb44c9abb15b
5f220beada8f8a1
6073808adaa8c84
900941727fa795e
71f7a73aaec6d11
a372f53da3432a9
8a89db6e93ce159
a3db6101f3df480
4ac9ef8171c4c7e
378f09b3ae75d09
5a4730665c111a1
71f4d27eadf7b87
2bddc26585fc591
3ba77fa04a44cc6
86ed025e80e7c92
0cd9e9a6841cf71
143ad5ff5d5b7ab
3a6e1f38bdb5f21
97243884dfe9a50
3d916aff7e27c96
403ae7b6d4b7802
99da5ec6a071586
823e9a46fedd607
767e077e23b794c
8e8d26313d9021f
5fcbebc30b228b7
19ec412b0a03e4f
0f4bdf53d614393
437071ef2234cde
3838f32d073c8cb
9b392b72f6da81e
0cc362396e80aad
83723101f3d38db
28235b4673a2adb
4bfe6f5acd0e311
6e0e6a2464fc8ad
6f83bf770955c91
252fe4b1cbc23e2
788bef0550f2ff0
5c8b808ce92f537
61def9814271712
03886f57db6734a
747245676325131
87d60e3c0489606
67e761b9641abb7
29bc5c36960c5c0
70386339b5ff9ab
0434901cb21d7b3
17c5dd87a714508
6699c30ba6d3e89
390c427a4c7a36b
475a9cd61c48bbc
15d45c02a12cf5d
581701366fc7a0a
636ca7b03dfb9ce
84479cbc7cc414d
4f1396618922d80
2a2ff78cce39b7c
259cc73a50c9496
60790a99cca39d3
5bdda1bc212617a
49c2df4f4e9f13c
93a490caceb301b
6ae28ddb4479f13
81a1367b9914047
87a583d83174f05
2923d490dc1a8e4
4614e05f4a92089
6c8b7f518ed584f
22f7a358378ee88
56c7e9139096279
8f4a74cc6ad6698
871693c4eac83d9
3f7c8c006c707cd
441b6f45cff0b36
956ffc95bf86a8d
5fc3b6ba72b0d8c
6159fb67ff995b8
36b191bb78ea26a
2433db28ff9cb86
3489da280c1d9b5
5ba027ef0ccd304
62042f9e49390e1
2204eb6d41716ab
2859a7749099533
3c0e4580d3d0a34
029c983ffcaa856
5a665a5e4dd64d9
54b5ff78a6a097a
8ca31612e5a7cef
8a5bfeb0a27d77d
1df2fa42e4b99ac
1196d5d35aa9813
8aaf246002911ec
8317ec7fb9f6610
032c291df78d34f
3658936edfb1706
29422a9f726d7fe
7d6281659680b42
79c60a662ae06dd
27518492a1f2ce1
6ede1a13ce90c1f
856cfcf2604c55a
1a8e4f856859386
9f910af6f3d99b0
765096cd304c1f3
56bfefd5b48a92c
991388a1f0a9ae0
866dfbeb4398e3f
3e64b00faf46366
9ecd3c3f76a1b33
78cc8190795a8fc
1d5b6d7381fc3f0
6b55129b236e196
65ca20f7a4abc5f
689fe3b0d810cca
a35325d00df4c86
416878853fd9270
3ca2e3fcd7bcbe3
47f78881e302cf9
4d1d03250339f8b
8a17803640c0957
7f337c1fc0c1c52
9ed44bf226b4f9d
31079bc4078a547
31fde5bdddd5638
8eab50831dc1bb8
621a59a9158c286
1a028d78bd4afac
6929a311bbedd49
3ed2ed12661965c
0919ba0c98bdad2
6631fb7134169eb
a269d867d824092
4f3e0876f841077
44ebd3ad498dd8c
8950cc14634fcae
44e09eab92e2eff
6095392bd61ebf6
0687943a4822e73
46b7414cd1c2114
8506506051d7eea
a2020dc8d7e5c3a
3b9fe283de9324f
5a2e8e412d1bd68
a103a47bd94dbc3
7bed05160c063cd
93442e8a7199edb
14d90c28c0401f1
209158dd9daac38
672e19444c73a1b
8c0743509cc44b5
702d1d97ba30b44
68e7024aa5c1bb6
2544b3e49c05df4
025400cc0de1c11
5db28e80668b927
667ce597722b9aa
30eacbf283f7080
2e875f59b0daa1b
37757d8ccae94df
740d9d2aa356486
5ceb2484cc4b69c
1b0dd66a8983f69
5490f8c4b66a264
3fb78b16cb5039f
0b54c47a3cb2afc
6e9cd44e613c185
6ffdfdd006faf0f
3dfe3b918c08635
60614cbfa89205a
8536bec3da4c8a3
787f504ebc8c403
a1cf56a4d1635a2
07369f357806305
0e381f1f1df93c5
28f0f99a3dd34c7
8c118878b1a1d0b
42f1c894ff2534f
6de6c49e59a1249
7e954ade2fcd049
68d081946a8dd94
60abcf0986b68f0
621a082518367a1
7770a229415c457
97e68028148a905
6ec7065575cbaff
01f30fd521d7b00
1a7829e73d46575
11d7a8a30bf1f21
458da753ea8dfe1
77f581eac34fb88
174fc5ca53be73c
54dbef55a0492e7
692cdd1b186a4ee
6fd739a81867176
44b716e346612ea
2b902faa0a07d18
4aa5ca83d05f352
6536d1815774035
30c6a0565266b96
975dccb12458699
8b145aa5a8a79ea
1ad553c5dd0fe74
1272d5d607e5068
89949c37645bf78
99cf84e051579b8
3ca57a69275870a
09dfd5d5726ee5e
073eafd01975279
2c7ca0090670491
8cfbd572c38f2b1
1422816fcc649a2
48987cc684a467f
0ea769764f7e105
10ef7d532c30040
1e18e38106dedf5
9f41304396d6705
3c1cc04800dba6a
731d42fa11d223a
3c8512d95d8e504
6e92fd1f98bea05
3569f34b5779f5d
663745d82f29afd
8818d57e2b980e4
8c49a58f1dcb47f
384fb56a4867741
014c5a8cf30f998
94429cd1204b82e
337c3718093fbe4
20cc75bb9990b2d
79a57aa3a228661
8df8d4986d81b40
6da1f673969b444
382f18f8534f3ad
44ce3a127a01fe1
24bf032d849201e
9affcc94c481722
8137669307b64e5
356a65ad434f333
8c1edb53a106803
9cb20057fc41465
00bab8ba698fb3f
4af4f76407d4383
8cacf2fa6ab6902
437d21839e24f79
4f217093e5db0af
2a8f933025b0842
405e7680cdda966
7afcc6ade6fcd6e
0c898d5a487cec1
a2f655a0bf37d7d
250c990bf51b49d
66e764177ed22d2
44685119f4d2a19
4050fde4c90f99e
5c04e9386515cbf
0146bf133bc0501
10c60f07fb25b1d
38716d2e5ba569f
7369d4542ab00d2
637af84881cb5c4
a4814246d40e0dc
9d344b30cc99354
898a7f2b44feb61
834d273aae133dd
81445e572e7f4e6
8b271e4630e365a
544f4d8757e9115
38d12b95ea78269
5159b3728b14673
846d12c3db8337f
2796dae81f8f082
9aa447cbb802753
24d3821f0f8489a
9c1ec49926aaec9
08ace1cab7cebf1
842ec09886130ea
5d287e8ac4a18db
310425330d5104d
06227d74f68b209
16ed8f6436dcda0
69235cc88c26a06
08153946d4ad2bd
49c34961a41ee12
8326ee9a35c2621
9a9af5e0def175e
9d8d83214d457a2
1cacca188ebc267
710c4d643fe1da1
03c06a0fb7e2096
7bd6030017f787a
50cc2b2172799d0
182dcd141ee2140
5bb1cef79ff10b3
8661c0c7615da50
75036a746cfd4b1
0c134ac755f3531
536ed2f7cfe9b34
1cf9a3cf259d23b
5f6074f0e5cc7e1
a492ff2fe2ea83a
65862697fe3f7ab
6797380b1597284
6c726bae49756ed
5078f228a901b17
a408d4a7135d0e4
80e0c68999cb19a
5890088ed4bf537
080063d3d2b68a5
1ff2fb46c79691d
8d96e47b128f20b
2680485f68f1993
8c289f8cc591ac2
5219dda79f838e9
529bc5626d293cc
764e0a804f74b5b
77abad12a7e18fc
5f904ad718ad86e
1d67b41f04c615d
318d7171bf57dc7
78484ebbbb2372d
128d1a86cbe8b03
1b2735ae143c3e9
05f0ef0442d91fa
138460924b239ba
86a293d6137ce5f
184b48a00282ced
8940ed626bd469a
664f3aef9c460ae
84d06cbd37407d0
05a9af29406b828
104e4c83f911bb8
353a0d50bc95296
111ce3282fee003
2fe4919fc23e6c2
5dea241fcd19b36
2795fabacb7752a
42dbbdf2c4ab50b
98e51ccaae192cc
4e5e3fa346d1b92
48754d24f52642e
398e0f875fe76ac
1eb273b8d535aeb
a2e32359b7af111
1814798fa6edb7e
2f337957ff4a019
82759729697fcd1
0910426eb6229ef
7d1b7faf288d5f1
9412f40b1d20157
9474edd8b814129
318b11d06cdadd7
49eb17668ed7ad4
0908d9029d3c576
5a9f870e4ffe9e0
2a81b14ef2a3869
7af72b40800263a
2475080ca49065e
8033c120379a568
3a35b5328b0db03
781ab7519468d73
7ae9f96a5beedd6
4687421b3d0003a
22409a7ee003ecc
63ad07e04aefc3c
a354e5246818190
a0fd0ff48a4776a
20d4f7f050e3ae2
5b989ad10d29167
5bde19763a046fe
38529e21a080d0c
799173368889675
882fe6d07df0c2b
83101c7b165e3dd
87a799595abdfde
5e578a5504867ce
4c59cc4eb53d8c4
21a19fe98278ac1
6a2d59dfa825e1c
9b1e9e23f8e3cf6
0148058fd84464f
46fa294ef261b49
6f78328235beee7
364c356816966ee
3deeb23caeade6b
86476c84f04ea8f
121f331b90f16f8
841f30c133a34c4
12c1ea0ae9a5e6a
7d198f80de9504b
850712372e49378
79c13d39cb34c75
784300b3c239fdd
3a05dce834d0f83
937e46f7798dceb
22cabf2d20c826c
99bda3d802c922a
67c6544da04385e
0c5a9b7edc763a0
247241eec1299f0
015b8ee5b89ab09
53334c0be5c91ae
1c6c38ddd70c5e4
55099bec4f97660
493715641baab02
50809450637113a
0c6fb4cc1227b4d
9062895757dd416
8637624c6a774ec
86fb667450376a7
7e0f6e023605bd1
05ad41649e69933
5e5ae6e41a46e16
0099eb45f52ac60
3eb122f1108e6cd
11de1560a6ffc6b
346de342d525e4a
0676b92fc80f759
9b64fd956198f4e
476d0aed39090cd
2e7f274ec1222e3
48af6bab9800c4b
67777f857257657
7119c8bcd951e65
3675eb747f4ae83
3552b50e3f45b9b
96a5f3735c66a65
5753956d3e545a2
73307f176181924
6e905e0e675af80
92db2a195cc3ecd
992926ab3c24386
90f6b370fcb0970
8fb3b5171ce314a
76dd1c52e3528ff
23a2101b1a7df2e
67d4fc369e44bef
4d305534d3911de
9e940bcc1b06ab0
378f523b73609c7
173376c513f0643
9ba9ab2193c9096
10f2290ffa877aa
6a4b878e7be15b1
758910e1e6d82e8
3da13d14fe89b95
205b294c7ee77e7
8451d0f76533b8b
2384f2be35b7335
6adbb5bc46d29b1
76bc274a7c920ec
5f0408f54e918cd
468871217116179
4adb7630751fa8f
6d4835621cc1917
1ff71811808fae1
9e5647cef55b54b
4dd72ada99f46c1
9e97b17059a9b95
2de84f65eb7df6b
6197f67439494d3
1d4476139c62041
7c04330f1688382
a3c0779548ad79e
640814bcd26b723
4ace69966bba1a8
1bf604d070de0ce
2dda3ac6114cf06
3d494e3d8857bcb
32080f165fec85e
1b7736f33a269d5
662c49d5ff8410a
8e8cb9b172f2466
62dd61f925aaba7
9e6fc45c5e7d3e9
96f5f6d55d2d0c6
40520bfc3789597
802678a1808b611
66868462fb539c6
6e9981629f1477a
16ca959b6829f53
262496c5836b52e
54cf62eceb2854c
0dd82f9ab03b718
6138202b0a7eadd
91fb8218bc2d56f
3216c3a9cb0b521
1183214781ff58e
a3684696d55750e
04e38457eac2255
4e735742247d269
a0c51b16a1d72f1
9cf23e6cbb01088
205c2ebe365d69d
55111753ad5dd7e
646b85deea4f6a5
0b595fe387a1e1c
7e43013b6e9f5b0
39e81ae57b6f490
73f09aa2f815b2d
1f49caf4824c7f1
441c3aaf5a6af96
643acbb47b00edd
7676c8fb01d4701
6645fb91cad01f8
53b87d514402b6b
3e7a9a8886d38a3
35c4721fb1cca73
098e8c78223d78f
2615728140bdd19
92ae81355307efb
01cd4017ccfac07
42d5bd653d75e19
486a1a451b3bbab
5a2e4a7a866ba14
91d417f8ccbec2b
06626bf517c587f
79956a03d74c155
06d8898ef797ff3
20ee0a23c82c3d2
7804b838c6ec1b7
1e5d181a632978a
6d756229fe54dbd
7c485c5e40fd4bc
5089b9a86332543
753bbc652b31e5e
7367a8ecc966e1d
10d6b6539b187ea
9f1f5da6587308a
7c3c8365d50badc
1446223b864bf38
2071a02efa7eddb
44028c9be2ba40e
818ef6d32c050f0
8aebf7f0898db61
1eacff4d2a3da18
18e4c0f62526fb9
a283b803b4ebbdd
7a0791d4730e808
07e775e5ea16e04
5e73e668d35e97f
1fc48a95d9d20e5
3dd0c9c7633e800
7973ba95a63bbe2
962e826cf381210
528b6ac5b7a95b2
0291cb8d225fb3b
7b997da86a276b2
0d51ad899aca12d
482696093f2cc32
49419405184b3e4
9090fd127675542
202a6e84fb3ccbb
6645ec202e13abe
6c850228ca090cd
5dee9cd2c7ca6a8
19a931107685044
313b9f8605231f9
70b8a3e215d4b25
52267435ad9360a
375d00b17c12cb1
48b771305ee1772
7b3b19f2909c94f
71142fd008c91ba
3da08200c22fae9
074df6aa466555a
3cde3d7446ec1ce
a0916fb8957cedf
9ef80382d64d485
a1f081c43bacfb6
455ab6ee2bdd3f2
27a36daad0a8e1b
6a0e5e1cadb8843
1d9691840e70fb4
09892aea5ebeae6
257afddf0c6a377
24dd82ecc1aef1a
54ed6fb49772539
8cdca64fb8c59a2
6cb4fead130ec8f
2fa9318c97ee8b1
1a33dd38e7e06f3
6f31d637e1d09cf
13bf972e2e69e76
a1c12a39119a9c8
7b54ebacac24f42
9a63d7260f53f66
1fedb4bec543389
6aa8fb6c2c79288
a059a24db84ab4b
9d65a313a2b46f4
9c30b418bdbdb81
5c339211f93497f
05cd370b190df1f
0e6d610f6ed013f
7f6e5d2b3ce97cc
50ff5f75d2684bf
149a7f11224eef6
4eaab2a789cca59
179432e3f3784df
0c0afba4cf88a40
0117f7dcead6f55
9d946e8da54d754
838852715b8e957
89beac95c2b9357
62be415531fe8f2
6b575a4115d6618
58c6a0366cf9450
84f07b088e75180
917cd9b9ea80e3b
857461b198f7f6f
3dc12329c973676
87af8a521ceff9d
4b9e80fbc3e7741
1e70207c88234e4
3785873ec9a5062
7bfc6cb5428809b
601d036efc92126
2d4f3863dbbf7a1
67525925057ee74
2f492415f3d7e7a
8d6b495de1a2b27
a0eef8efb7e3995
6aa97b099816167
07ad9d4f8dc4fc4
0ed1dc35878dc58
469cfe01ffb1b42
83b1f96f50701e8
7b940907a1a3323
4c5e375e35717a9
6ba3569a96e1cfd
1b7eeed75fe7430
5ee4842325a1377
1a12b54c1ce4c7d
3656d3cab8cf09b
46fa171db7cd045
2ba49b73f6dfcc6
6cf461e1e37d2aa
60620af976256a2
2a3ae63336f350a
33556bb20861c86
a44c7377db34853
4c8a0ea1d79b810
a3e427e68f4dc94
3a5fb7e9473fa22
12a64821e708e61
30e47210413cb4a
91d23b961aa7214
9c4f6e97e1e0bfd
6cbb2812e1a6769
753c3ca206fabcb
1657fe9ce7c93a9
15982c88f6b9c56
8b50de242350f3a
72629974a234a67
8e082af51f523e5
736ec48a64752ef
7304c79baba9f29
84c60a4a3462ed6
72931a2b8788bec
48307549e8b586b
4699c66218815ab
9947b807203747f
3550e4dfd4b7522
152275350487790
1e9ccc896611308
7470557f00e9f10
1b3f7df0287272a
15c66956a724e50
57eef7deb4a75f7
5e414b6bf451507
62abf94ff4196da
9e3e109ac8236bc
2d7d64550fbd88d
82ffffc8c4c7525
0bbd8b9e890666f
4df98a471149736
8d74ef3c775bca5
6636f72684cf3f4
188baf03b91e45e
7a4700357c86395
000fe7ac7369ca4
4f5684555fad4ad
3b14f8271b992d0
83c1f364eda7e72
69262faec65698d
05228a6955a7dcb
31aa7f5a926cf98
2e7d46ecf684252
7d950863d033846
21d6f1e2d1cf604
270bd06c84a5e63
6434fb344cb7607
2f7c0e0202fed92
4b6d272db23518e
4d2066f5e35955a
3c4ada5d0eedb64
85f3dd4f5c2a3fe
34f3f2996544de3
92492bbaba07aab
3dbe9a2c230cd96
5029d0eafebd503
5d261fc17506646
6bf3d1180af8760
5ddab31e44fe6c0
836525a6b582348
7b671d3c4850ca0
9b4e0ca82b439f2
908b27aaed412c3
4761dad0233dcdb
1567f175f4efca9
526e039ffa6ce9a
58c8e38d5b51225
95ac9ed0d0851fd
45ab64de1f034b4
42bb2650cc71ab0
15e65d17ee3b707
9f948fcac143818
6c7c4b4b37f2e1e
a18a807f3ea78d5
41c85662a1df6b3
55d93dbea4d1860
9fa9b58fc1bc307
110549071e97f4e
8a10aa1ec730861
15d53d35f33b09d
44631b5b81b9831
12c33790044d8f5
790e9b843c939b4
911d591840f75ec
42f86b26a610dd3
8e5d2dcd92296c7
4f268c81ba49f3b
6f635c7f84ad6de
53973b69f2cc5e1
7b8586fc2dbcbed
107dd934c84a701
0051aa4865c92fd
9c47b64fe1ed24b
5a0efac8e668694
1fe99a1bc039477
7e77097a82fb8f4
53fb0503ca2283b
7b3fc36a62e305c
6b06b5109f9fc8f
79b2f9ce361fa32
66057f5a58d40b0
664d00ba22931b3
6a2e47492f4bd90
5b2e58408d188b6
32094196b8c9566
7d46e6ab8cb473d
8ae0239f5569fe2
23d79f5e1ef7ecc
32afe216ceee1c5
17fbc781a06efbe
8da87055129868f
77a951151020a0c
479fd6a83f13135
276ce465b258ba9
9d8760ee1f06fda
5819b23c600075d
4c7b90c7990323c
3c526ed751e94e0
84de48ccd770d0f
37eb5d30e7159cf
9e17339560f2eb3
451bb840a3f89f3
644de3128b45d16
00b5ef441c358df
5636d61d3b700fd
0054e1f21072bfa
2ebb16daea61196
18638f53d56663b
3a6eada56947179
38040d72a30621d
8c9520877521d2c
54ad6a5ef1a1512
95909c8c3f094ab
609dc5276604cb9
84811af5e112024
448a7eff6473107
0b8d6572135fa63
70b1f3698178b6f
130458f61648052
1809ff3810dd814
7e555f0986c4467
18d27b9d044e2c9
72006795811cd46
04bd0de3f8649bc
7c6c4a1df528efa
6b8114ac69b960f
107ed0b9ee3a7bc
3a60927426a82db
892c398a98864f8
9f391eb4e576641
112b07f78a73780
5fa28326b4edc1f
1f47358372ad36b
6f30e35a56d9777
3667fb65fa1214b
a321244046ee2d3
21dcdf40f6f256a
2f148594700e062
a1b2c8bd14bb8ed
4f512c8eb7d04df
0d71b5dd224e0dd
2249537c46e9f53
6d4340e8ca54076
6285121dffebff4
5ea2f19a4781452
884433987b3484a
2b3f4a24df0f70b
5fef8bb3d1da078
29171cf1bd2d403
0ccc52462950366
5c074695e82a6c4
9c3ff792bca5384
a47472dde5aa129
354cc70fff42842
706dfc07ddf4323
5332d5081523b8f
9f25f563a70bef2
890a18a3ed81b82
854f44f99fdcc46
5089d1a21aad73c
8454f265320c1e1
117ce58102e321f
476d52d79a2cfe3
167620321b993ea
373b089fe94c0aa
9b504109c747102
8348b13e8d4b51f
92f5b337cef213e
80807fe86a84a36
2d1a2ab8c2b125c
1bc483d8b945395
4ad9f772bd66070
8cc5a99814137d9
5c275515c1a2fc3
1f95ed6ab43fc79
4a6c74693fd80d5
4d8ab5789303f97
28ae029dfb7f24e
a3a29c86c16847b
0d2692a75335d2e
62d6214519f595f
5fdd2c1beed7a20
876ac2cd21b6ad0
88df18767686fa8
143c0ce9284e76e
4ae18098544ff2c
2d8399926e12be4
22b825f6fa87a5c
4ba9d7974a7beab
0217b7cc52bb468
245b50d6263b147
29a292047aa0709
306a8a3579a8534
81bd5d0ac9c8206
4d2705fd876beba
58ded677477e10c
4b484714fbe26ea
0183187af4039d4
95e94f082249924
3b33226c73922d0
3edbdd9b11c3294
360df57a8ee9a0f
1807248cc482d34
56963f151802dfd
41f3c0eb149dce8
91faa3ba3b9a1f5
3d15ad154610562
30be058f5b14d09
1a57bd629ce84d8
22891caa2dc386e
4595efe96121697
88e912dd27365da
3c1e8c663fe6535
9a9482910931601
58ef22c11f4239c
5339a6547d4fb2f
1e2fa829daaa3b4
0547d93409f1a82
53e5293b78b4a95
09f2cc6bb8476f5
5e908e94f174f90
25a9db32e2f0a62
78886e36fbd4961
6e04df255328ec9
879e2c5376abd90
0f48dc0a5cb655e
697fd2ad771b97e
1e913f621c51de7
2074090e80cad01
52376771db19ce8
87698d6635211f8
9ba451852415983
a3023ae529ab4c9
048c68def78c871
7e028c92258681e
5e49db5e65a6549
6e0c8b6385256cb
5f73d0ea9a052e2
75eaa1d9e69b305
605d8b67c149662
a13f4c17bce7555
314c5e2b5ba513a
41c8203fdf86f7d
348b94dbbb30f3f
3d54c7dac68608f
85384a837f8e175
27e1c2e04f7484f
3695715a5163be3
74ce26d5d492f6d
382548bf4293e0a
9f2a1d607dabf53
65e55fb1130ad97
5298f0cfb82d08e
24985ab36f55a02
4ae9cf02cc6c436
8ae9e6f5e0f83d7
02d2a8242fd3a16
4247ab9948ce411
3f20e144c353217
93fe1415c0c8265
1472a850fe6607e
04f286774df5c6c
a464f2955a7cd55
157e8ed55d0c179
91d89b9e877a233
47a1cfe7647a209
43b2aa69281846f
0aef57edb39c909
4e7fe7d4133b439
9f75e8a4f1984b7
5339ba56be85e03
2f06035743bf4d1
39b1480b83836f6
165d276f1bc5dd9
63d58ab82425e67
a18d1d36576192e
0bd958fc6d0999f
522f82d56d4a1af
7d4a5a3b37af531
6da610ee3022c26
6d2db5d87a4ca53
00ae124dd8bfdd0
951887e59fd7f51
6b1815361054385
85f533c1f480dbe
817203d3640044c
119074dd7548200
7c7efd579ce76dd
39ca59c017a0a15
2bcb458d3c2ee8a
8fabc5891df07be
55f7b4298ea8fe1
144c8028639803a
6fede93c51a70ee
590a9d005c8b176
1f8ea2d26b6b673
2cee9ebaa2d90fb
433201d59802587
09caa3b261ec3e1
98736e07b2bd13b
a403bbaa68b626b
92e394a879f138b
94cc839dbdb72d1
0bfd9afb39e0751
40982fcbc786293
44acbe1c48f38ec
1673f00cd1cd8f3
500cba6c10c6989
54c9f1829d30ee9
5e7ad4b8d323ef1
79bd85a6cef4c4c
3bf3ef4f1b8ab2d
031b9de239f6fd8
294263b0be460c5
756c0809425de88
4dd94524fceb1df
44f027fea4a74b3
5c083ad099ee6c6
4b7f49da46de025
5ac9e8b56644094
055de8b07981942
8708462b5667e03
521f369cce848dd
037925fcef58c74
951c87497700426
661ee02d0f82401
8d4e7537c358a57
87a272e36fd4aa7
235d3bbeda522f9
7f3b4dac50e01cf
35c31566519aefc
1f87bb83d32a3db
08b6c467948ddf4
65f601201c3fca5
11f306c3123768d
60e141421c0fada
2de44d5f133fd29
a0f8b897be0fe49
469c5f455612cea
3111d8011deb3ba
05f88f04c1a378a
44499248b937a91
82a22ef962d36f8
616ebc69dfd88a1
643ec1d5a59ff13
84b5da46d4de315
1845375c1501e3e
91fc172e3edce90
979bd60b7f80926
8d47aeadd77c1bd
5f3844e58da1e52
5d63f644d80cc0e
59a9c1d3cb3a611
4adce12ff9491ac
89611611ecdbba6
25192aee3377507
81faf469e98d42e
20554970f22961a
26c364133b00ca3
3d499211c62cf5a
03b903da48d5311
712d02b2f4f6754
545cf62f088feac
70920b7d16fed81
016768bc7b4046a
835eb2d4fa84eb0
8e2f579efb548f8
7e672a75c8a1e70
194e178114ff40f
3b06e214cbbacc6
2154ff991d56f02
506d2fc9fa61d61
5c2044b27060b98
97d8616c368bc10
1b50038528a381d
490cc3686a4dcc6
1fc039050825c3e
65c34f9e3c1e074
347258d2f0ae585
5f136232e35ae99
12354e512f1ff12
00924171db326ef
90e19fabaa3d5c1
373ed82442c6c20
285f9a2d6ef6906
6fe85f2b9b27f12
9acee4afa48b2cb
896abb0792bc06a
19f5923020734eb
04bb702521f8da5
2918981d7fd9e13
97ab996f2c79248
47cd4c9862c9f7f
85fb3b566345297
28541a65cac807c
2c9ff567888371e
397cefd04a03fc4
78c79566f423e73
026212623e594e8
20d90e7aa0e41fc
84fe5652717a9c2
18183f8248edada
8cc4489d82fbc22
622ae9526a2da31
2dceff955f25fc9
5a3b0a99ea99fa9
1bbbfc1ccc09b8e
5d4595a8ee548b4
152c41c118d6e6e
84aaca536b48c5c
66159e9bf56a556
12ca54d955c3e4d
8caf21da5cdf11e
2a042033c17ee27
6520619f3fe41d6
58e6fb2f58cbd72
3025195a8514fcc
39d5050f8f5bfb8
2a9905b49c63d4f
370faada0790ac5
49f91ec7cc0f4f2
84ac20e86b67a7f
9466205658bb068
617492f705cbaf3
9aa4968c2775bf2
6b88df3ea45dc94
46373b0ca42065a
8dfd4229b6bad17
a18192d8a840022
2a685b54954e4fe
76627c809911240
9fd853c516416b2
19f0cc792cef548
05b164ccfabba75
9a366343412ff4b
92bf4634700a0bf
2a2f3603642f6a9
010dc1bea3323d0
95b2a745f61a6ad
308431b5270ba53
5f8f248f6722838
3a4ba5b876c0a76
270b9785a31510b
60d0fc304965cda
462fcd183af4bfd
0530c34dd38b1ba
3d8fd282149f758
370ad16bbfd553a
1852b4552db11a7
166af4f8c2f2688
83369a2fcc843cf
1e3fd5afc3eb512
78c590c8904a5eb
1878356c420d196
89dded95db53100
a0e6cfc67228fea
1c9613157017d22
a0d2c7ad896f97f
8184b7eafda2d58
25907d190568bb6
380e52398004f39
7c65cea58181b2c
539fbb200291f46
2b32d4adc3e5dcd
8a30b6d3937360a
725bc4310cff723
669be0241c5cdb5
3cef6bfbf3617f9
207a154237b3339
04dc3c930aa10dc
99156a2cc4b81af
889d7f5e4dac8f8
09743d704c3de8d
7a1c436d9d2b723
7a673267b9ddf67
8532fe25266f701
3d9152c2f694c04
1b458b1a8c6eba0
9d4cba5d5a53c90
24abb3eb802e5fc
79a65c1b4f5c9d7
6a6f62fc16bde2e
40178799fcb864c
06e6c6b13cced5b
a2fc104a38447b4
1bc3c19a58f9eaf
17d0ac012dbebc8
653bc1c7406f41b
6fe2fe08ddabe41
57c0ac3b31e7686
6170403cf320b65
33b7e98e725cdcd
05dcc96bf6b21b3
4807a5186bd6003
45816485ba3db0c
8824c99a1958b26
813b175ca2953d9
8333491697e1de3
59097c5766e9320
472a4e3a43a1f5f
17fac50123bd501
0c4470f60d82413
1eb88624a8b004d
1565aa07b514766
5ded4fc89269507
7c1db62daaf4223
8ed74b1ab98b722
8e1b232807cd470
54e06fa7fbf64c1
0988524276758cc
41c4c82ab24337d
5dd809ec900c8b7
696fba4a5f051d7
474c857025ac28b
1f909fe23546c90
01d6423b1472be1
09d77e175857c8a
46ef71419ee9cb2
6e44e91c121cdce
5bc3736046a54d5
a2fe0a200691b86
4272d22f0a9a424
2f89de822d0f985
29caa0b59a97742
097f6d6aa9349d8
3c41d7d72d7b247
5bfdde4c122decb
7e1abe127aa0433
9c0f8165ace5632
3efeff1e6b90ccf
70c16aa6ebeed36
36406a15623ae1e
256f187fba35faa
a088f2ae36b9329
4d3fcc2849c5f00
9323d4a3dd19076
15f40a5cb7b1b13
4e52ed894ccf17b
30c0a430c399b23
24a456f97b6fd0c
5e4261abffdd062
5d3e7ec8d7689d0
500fc91dda3547a
50df51879a45799
81c44f37962efd6
4acc045cac5bc73
99bb9af2487b66c
3834ad4ab88ba50
919492a35201e34
7edc2be12dbf8a7
2e0afbd7e401e3d
9fa8cccd10fa351
2e29c64e2cc238a
4fbe791584e40c3
27a8f46f2bcec74
7a943cdc826b824
5f142985eea1436
1068ac03beb6364
99803c133828335
359ff73e95f67e9
8b110e9083142ca
3b0770297f2dca8
6a08bea2d0acd63
2343094fce06407
3deaaa4613b6e1b
2ecc59f153a9560
5935a3f785cd5c0
0057b2736016b2b
29d13409cdd7837
3ed17c9d7da38a9
5635ac680c431ae
a09824276c60625
71fb24aff709e71
27c897ffe997841
7ea1bca770e5fe5
86dceefa8acb708
867fb7312ebc12a
7f097e7b002a95e
0d94104ffba3a0e
50281a636a0c1c1
5e114831c9b1344
91ecbd8eced1d43
38761b98cf0aaaf
0f4e732d79f3351
379dfb098acc5d9
3db51d7089fc9f7
1d0cec510a8f06b
9e34a412a698751
0862f04f7e98283
8a76c1c9986d056
89e8942822b98d9
6366712d4847c0a
208b659ff78335b
5238bf5edb41dd0
7c6ad748a07726f
92e0e7c4bfe9b91
7e2f23919138748
988f5bb78f4bc9e
93866932173569c
a2272b2d6279292
1889cea4d685b40
19747601274ee38
748c9bdadf4dc57
9190f8a876ad350
57c5f67475cd331
2138ec71980de40
582cb5adac26d28
31d390f0722ef25
9c2001aa064d63d
601f8a4342caf09
3c76f262f500774
a29e409dee3cd9b
2338f3a0d70dc71
7f4b6fffe1ffff8
755c9515fae26ed
219b08121f56ed2
80dd424030050ef
a08997b40fbf3a4
274f0cbbfba2b8a
767b0fd939bab51
1d89d43ea4b6ef6
2b534c3732ed94a
9bbd94f864fc186
9f484b615a87334
1ebddda3a21b84b
0d3e084b45231b1
9c27ea65355c972
a15c12e2e89666a
081ace46bde3e75
3d2951841150f02
3d99bda177d7c03
35cdca4d90e38a2
3dd0b8d1beab38b
335540bdde15f06
59ee4020e7efed9
07734d28e736d33
0f7c436546368f2
7887e0633e46935
837b001625c3658
2bb83e75ee12261
838868d52360be0
27f8b597af16c94
011454fc21acc20
9065b4b72087180
46283318b871e70
198943f6b3a3007
1c1ab75c4f905f2
4edfcd5aa45fc0d
69c4cdb0c013bd9
62d68d8c768ce5b
063d67503052107
2d8cd04519d7e6a
6912904ba67146a
a307c27fdafb39c
6295ef28d298a22
9856f7cf295dd6c
53c1b3f6dabda52
60056b4ad9543f8
7898a4c9e51309c
82888bf89daffd7
7bb6481f71d95e2
0db5f7dcc340501
1ae2bfccc274d10
3051b00d2e4c21c
76165ba82880c05
9079fecabd2ca5a
7773be7245e0fe2
2edb5b00db7f79f
6875699e92212f4
23f7b3626b1f8b4
2b1168f5fe05fb3
49958659afc06ea
0ebe531c0a5c59b
4ec019a5b9865e4
a2655d87bddf857
6bd50b3a8d951c1
532fde46d35ece9
574ad1a85681d1c
9165cd400a1e5ae
68a10af0abc7c1e
5dd71fd8b93d7d7
927fe8f72bbdc5d
4e12d475f6247a2
96759bbc6eae20a
3ec5a77cc7795ec
10cb30b4bf9910d
3bda9935ef4accf
8cbd2ee562f2f0f
878e4991129972b
74a8166b5c2829c
8658344a8c1b9f2
2316783ad985cfe
45ea6dce7d2c978
19bfd3660e94c68
4b3dc683e6f7d2c
45d1a23fcd23be5
5ca6192b4c64b3c
021db0455de5105
3e707ec1bac6ec4
15f85401676e89c
7be49116cd2f194
79ade7ef7778acf
451426ddb92bf07
598e2c8777ea8a3
7597b5875f06118
1f14139b46e013c
209210be50a26a6
2156af18b880a5e
3b51a81efeca8bc
0629972f8fab14f
477abee5f743e5a
1148cc52a74aaef
0204530a50f1e57
4a9c9e8a58ba072
3ac4b13c16be1f1
1e87809404bb20c
4b94bcb0636b095
87b66863bd5c8e4
212fb19e952386b
6299465accdd5ce
8beaa942a0a4a95
6acaa2034e8892b
707b3363b540ea8
85190d9dec4bd4d
7ffe791dea5d4ef
21adf80bd0cd874
90eb4567c664bcc
9ae6d3187b86ee1
27b464cff00de84
6a17ce6e79144db
87cfbc3b06865a0
52cce3904a1d655
1197203357a869b
1013494001dc9c3
330782028e39427
77b6604726f3d78
88be2bbe2ef903b
14c9466214df7ab
90b996bd8f6b590
4b8bb41ead2f724
55570a066248426
a3e05201bc16158
66b921ae27e5c39
8945685aaaec2f4
72a0332b5c8cb54
12967edd93be9e8
16d3a0bf94ceaa1
74dc733cc83000f
32aab00408a6dfb
70a71bf2fd424be
50dac67152a388f
81e58a62abb852c
1ecc3db259780e7
5161f839b3daaf7
42a0b424b9467e6
a439d9599876a06
6672c9aa526a9bc
7a01ec2fd5713db
5c171b489703779
5649a4f320fd2e2
1550d0aed941163
8a36042acc8e4d8
616493eb533bbf0
466d79c5bd26757
99ecab568f146e5
184895d5be0edd1
561b5395ac43124
53c4e639edd4d5d
8b108a7c330df2c
37c4c4970e15b93
344afca54779560
8ca7b79967276cf
a31668908757d6c
0b75b9521190ddd
3530d8173d0351c
9013063461d7ded
3c87e9bf1a03b20
1d478df47b7b563
9c3e5c5b82f057c
84f024bcfd14e0d
9e68679e6142672
376aef5bbe9706d
42ae61894c04b1c
10624dc907a3818
98912bbd31dca58
675426b91746509
5050cd5cc002f59
8f8e9a19a2b36ad
9c0a46be105c70e
7c547e6d6fb136d
3a601a9e06fd798
22186bab578e56a
36e7ff1ad737fba
334f64991b9b1b0
637be97bccc1f5e
2123bcf4eef7796
00cd5e589c6114d
37fcc35865c3daa
4c4c9d0920a1a96
616dbf09320e0ec
020dee01e628fbe
769ec41056438b8
525a96edaf8e827
085ce91f5c5e8d6
74b54671126388e
1f9941f31820423
50ed857f27ea7f8
0a818e16f727d8b
16222e41348680c
9fbb19dba98c66c
36b3d7e506d304a
2b10869e0a81e7f
98efc56be561ca6
4c2d832cb258911
2e085cf4e5218cc
5c4c3309e886eaa
7ddb1f6e88549be
2cf71e6bf384185
54d7dd7e89befe1
7c0d8006aff4b48
4b30b38e8654650
0252571661d23c6
39f784d960e8ecc
627d2ffb5cbcc6a
64636d5882cd20d
2f1cde96ed70f99
9c68b7e7e6ab717
5e0afda6f7038ab
6847d75c0aca433
8549f7f066ab413
30632754929967c
44101d1f518d4cd
5dc516cec44086a
339ef804c7c27f4
10f8628644e086b
2d4aec24440b7f4
6bc283d692ac5b9
3f7e2c950a52a2a
18216a666d8dd2c
9f8094c3a5e8ff1
3f17697afeaf61e
1368aff250eb08d
044a76804b0f63d
6a45e3a9afdb7d3
86c650bcbeb99eb
6370a2ee5463b4d
95f45d9461543f5
02ea0afa5a97a4a
2c13e203b09459a
6a27f7ec229f664
a3129519665534e
97e5130dd18ee82
2019598393799b6
113bf4b602384ec
a42eb83d6f262a0
8fc3a03405d3361
9b9d40dc871942c
9272c5e2911c0b8
6943bb84d57f07e
88be35c63087f7a
64c53aa2d5d10b6
8f5859793390a0f
3ca7eed82061c62
23dc1cff1ec4ae1
306a88edc88f8a2
04479e208a99f96
015a06c30a605c1
0c657c91cbfa81e
a2dbb2d140fb59b
5321fde5a0a541e
4acc45a678352d1
207c06a49bc8b3c
1a9f40a41aa0ae6
69acc2adf17b516
70396b5f0087634
9e24e180eff7c15
4ccadb269e7f19c
539583e28053a41
86a39557c6375b5
66e4e384d390897
82b052a94b1c790
1e6b12a88bee02c
54f3a551be9d4bb
08fb93f6bca7a41
10295f04c2e12cb
34dcf2fd1e187ca
7ec381a9caefd77
718e603efcee425
145946ebe5ed815
68bc0676e55eb1b
2e517669d8ad58b
4e3051b92c52d06
324ab380665a921
558a5eb4475d7d8
9a8d5a6087547b7
6ed410cfa793013
2e9b36a87c7f4ec
0ecddcdb13e8a96
7d33e0b9967c827
05ba05ac78aed26
611c42ee1e56b6d
8c1d4357cafbf21
1e953fe5dde0813
205efa3166d2207
2c1168319840e02
8b8124b4fd9ba3d
a0f1bc42869c676
6b4bab0e5b8e849
73585ddfc3d333d
2acda876059263b
514913beb621e6c
9287545d30c0f2a
37f358e96ad8dcc
20f97972d5d255e
2933c67082e789c
905bed0eeaac4c0
2bdd40ff888b46f
9cda8fe90a37cc9
36f0fb645867b1a
5ff9089a5aa0510
4181b4ae2e3fb88
18db8a55eef9c87
4efb903da6dad2b
91d10d088730dbf
9eb4b8d37310448
0ec1dc731540582
0029db43d2c3a60
6eb9d4f6a0e6d94
7b125d8cb2308b1
779436377e6876f
6245b29e8688a73
1b969ad25d78673
3ac608b7bb4e554
3f9064c3a057fb3
63f2eb6dffa2d8a
859024dae163c3e
99433ba5d309523
98241c0d0bba999
66b37d441af8461
29d2543e76a5825
1111498d9846e0d
98ac3cb1d73083e
43ac20db7bdd1bc
98017ef8fe2bd66
8941ec51fa18240
667bb54585dfbe1
68ff4c127d2222e
0614ad63189c464
3ba50b82ba03201
28bdabbc0e79c03
15748679f86d392
654e026c0617d6e
71b5cfb69f2e614
3d3942eaed96b01
6a2ed68beee941b
02796091479cbe2
496a4b6d7e48a1d
6522e7cc16569c2
9cac374a6492c4e
652a9b4e87ceeca
534f99fa9c5ea6f
79f83f723ba3a80
8aefeba7d20dd23
59740380bb2b549
20098df7a5eef97
7b14290e1c86413
10dc76d49cdfdb7
3cb4eb020d3e222
10c7afad642953e
a01e416cac67cbb
a4a26f3631e7e23
96923864f680d84
885b102b77e3a08
9be96d08dc46540
54627381767ec99
2a7a5bb8dec22e7
649500a91cbcd39
a3e1336bfc260c2
70b451e6c1e6c4b
987aa65abe567e1
3ad074382fa912a
4b34e527ede0216
04aa4da49b20fb5
31c1d8e820e41d4
654dddda2bfd667
6a01ef5b4c8da8f
02e62fb6fbbab86
111674d42a56ae6
4f3fb676f372c85
a205c860beae123
5185787b8a6e8c8
699af7008a1a8b9
a1733192719dcc4
359a60eff24e662
00a37a36866a509
0a60762cd5eaaec
3a9cf0cbb28684a
27c79e1e36f15e2
0de255796e7e56f
02796fa75d91f5b
017561093913cd8
0785e4865801c09
9c99cbe31d6b915
5997ce845aeabb0
3f7fa6dd549969d
5afe6beb45898ae
39d33cf9a135750
225f4818e4dd830
8f226b9d04ceab9
1a3484aea4acc4f
49d717fbbce07b0
25f8f21e0127cab
11e8b2ac14be73c
4d376d64b1f27d6
308b4cd2199330f
08a425f84e3f9bc
97aba2bb4cfc670
167ddf6beff26f1
266764d32478ed3
389b51bcbdc2264
8ad8794acdfd0a8
02f3d3c52d2e22d
a2cd0c8f5cd9b63
58121a00e9d158f
197289672eecb3a
93a0404f2859255
3a98dc0ddc7db7e
746aaf299d1c725
69f5e9850969c18
622f41ca38c24c0
433c63a046ea783
6b12de91fe6c4c5
24930a16bf1b57c
382c75c61a89b3a
669d7c2bb464d09
9fcde63930072cc
8b0af4b4979bf7c
2227244078a0aec
9d9ca909e4dd22d
78efd628d8594b4
39548c955e3b13b
17a463475fc36cf
3a0aa727b6a135f
9c82804698cec50
822443e7ec2a0d4
8e1cbeaba627dd8
7d429020e0db4de
05fb74b338cca21
56ac236edfd6593
7126db33b2e48a3
02766d4962d7a4e
45f2005d205fb65
164e9d1f5da51da
756a02f3986d568
3956d4010258ec1
428929373597d71
26dae3f14d5c96d
209ee617b8077bc
03eea1db33aaf8b
08e6e245610ad8a
619d9f6753a4a66
7754b2cf63962be
3cc5aed8633fef9
9355a1145a8275c
224f046dcd5153b
05cb891053a8538
25193a44d4079ae
53947e3faa9d9a1
26af4a6611da0bf
6069015771762ee
38f4cf423122e89
09bad18da3b6ad2
3d7cf426d1a333b
3b1f29736575009
76b8b2689e6839e
90c98aa3fbf9c6f
0b33f867a37c06a
a312b133d81db29
77263038be9922b
752f2d8acd31c7f
6fee9be69a59bee
62ea244791dbef4
a41cf6b755ec7b6
9f6905c08d3a88c
256c681c559a0a2
8ae48b9dcd1412d
7c6c4364a5a961d
7f229df5db9a3a0
4ed0547b9459e52
a0dc71844ced277
1f2f55113e2f7c0
5f4e888b66f71e4
3e31d90464b3c36
84c21929a05ee1a
7f463aecc25d792
9bc2ca607eef47f
0cb4f18be091c29
70f4c5f0d375a0f
2596ee29eab7037
5597cb5cb7d8143
253d646346f481b
a0897a27b0f9eae
7602e1b64303676
53978acd8a880a3
081ff72118b386c
89bf562a5a0343a
a3f80a2849d21dc
4ac5a583063e611
91236f04bf9f36c
71de63ac916f6ff
2293a7b7b862214
2d14d72aec24b6a
168afc0a0998f0e
8ecf7ee289decf3
562721a9ec14882
310c9c71f4c0ad1
6857caf9e2b5dbd
58ba612aaa63069
4846be9560a1912
59f28bc49b43a00
046dcde52526e72
11295a143e72194
7927f61a7913c98
2d567c103f9f3d4
8305cb67f1d162e
8cb3f17991201c3
68bd8409491e993
65f20f817bb9c8b
770843a3209e7a0
07b5675f8fe5558
8dd91abf44a32cc
5152427a1595636
710f33a704aa988
10cc769ec73fb87
384e36af5600679
1bf5a8e947a008f
8d0e94cda05b6f6
223398efa4bb063
8b60065f25b0d60
8d569f14819fdba
58e2e90637cda7a
2156f13aa05593b
8784db2a11348c2
112a48318495307
6b9cd57d26f79db
0fb546fb33b50ec
a418eb9bc0c08b4
89525a5e3d9ccdd
82439a4d938e8fc
0ae98b3321704c8
296d61d7bd69f77
5d24d75f1550035
228b786067a9ea3
1544ba9d40c29ca
0afaf74d5530a28
2dd74989f57d9d4
4311311a5d59421
8a678d61a6caa6a
7cfedf064f36eca
0d3b5d88583332f
8f5dddc2809c284
4d87d52efa24c1b
46740ef3b00bac7
992e4e91df2958e
54a9111eb0bb9ad
08c66f94e13e21c
6d09cd69a983c58
295f66654bf03a8
7ec968a61be1402
8f95d05b675956f
083f303ad398340
54d0fc7cc255760
0651f6780619f67
74d2cdf525a7ecb
99295d2459fbc08
7eba378f6c86567
76e393c95082b62
3cd0e2658111b22
0fac4dfe389a133
3a8372c57202daa
8636e3fe3f21762
6a26720030bf194
4fdb1dd942cceb7
8f41c3bf4172ea6
72b38e303c7d388
9956382d1bd9880
10b3e6a527dccf9
4f3a123682772cf
4b29ed496290aa9
4c358d24ee801fe
7066c015e98ca4c
553d7c60d442ce9
312e95ed018c8ab
5ef6d781f298fe4
1d9cbc743f4f7cd
3f696366b4b43fa
1392621eb39595a
12addf85ad2b0df
5b8a7840683108d
6a7d682e6307fb0
613d5ec4b35b472
4ca0a875548926d
712a3003f9fc0c3
281cbd70fa149df
837109f4a0c2303
4fe8cf9616b382d
283701dc5d535d6
05a1de9ddaf0c01
79cb27eaf17dd83
6351fce7f2b11cb
38355415d449965
55e44aefa7b10e8
3747a7732982354
5adfd0681485123
5f004de0431bf2f
275360f0d7a7095
24c86cb2006d6ee
31edd7560dd12ab
00c1de1bb37cdf8
98a1ab555a8aff5
07dd648430231a3
7a0c7153e50098b
a020696a584c0e0
8a26f7633fbf320
16df430192d68bb
44caea62f97c3b8
0ac9764a1fe21f4
55d32fa957ef907
7da0e84280ee403
3a94e5c310b79c4
2335f5d7581099a
19a7aaf3881b757
8f483418c67419e
0dca4c112b4b413
9e3b5cf9061cf8b
1917ef8555213d3
03a750dfa61acb2
439d233ad1778a1
92a55b78648afc2
91dbbbfb8a347ab
61a9fc264e9ceb6
83f1096ad4e27c1
a3996df21d14433
a11c747a2156ba6
9cbc7a836a87aa5
a0271a0fa818bd1
440c97cdfeb1f0e
173b082154e7cc5
828427e9b55b71d
7f0a7fa568bc82e
6f39f2c56019e3e
4ef8eb34df4d343
2ba6769a68139bb
7da389372ae3541
014603293211fee
7161881bf0658b1
8688f34e5614a87
85e2e732295026f
068d52e9558a3c5
06135f02a1cca28
333bc46e81ac628
7f6e74ae9defecb
9724beb9c076dea
8da936ff046b88b
9e39ebde0df95d5
0a3b727ace3d6e8
2357763f7ca5e12
909950321a67fc3
3b3ef119ed4c1e8
6b5807788f48a1d
3eb89a1e4147a9c
95c44e2e4e5e858
3d0386a265f614a
89c9ef502f8fe73
64a89b6ec2a29a4
03c27e518511983
907f3edaa6738c7
1a56c90a28971a0
2ac3159800f260f
520c33a9490ed82
782f86e489d3678
5e3bb318e79a3b8
88e01d4051696a3
87e2c08d235f94c
6daac870544a158
622b3ab2efc6053
2bb1d19c3be7db3
880e8c61961f486
8fc5fe8071e3736
1dc03f11407c2c1
896a6433aa96dc3
826b0d1763ffea4
8c62ed1b22e1139
7fe5b380ba1efdf
4fdf4e006a1bcbe
858e926186485c7
9b30652055f5064
5fc7e281d9ccf5c
19555571e7f4dc2
29d89211ac269f3
454e05e2232591b
69179b58a5f7d02
38909caaae5cdbd
38d784b8dd2fd7e
969e1910f3e9ec2
09d5f676f0eb8de
8b87dad0d868aa5
76e5c617c25da4d
55c37fcd907a172
99e121cd8467e07
6c9714691973dd6
616a19c50314aba
58081ab520104c0
61e881c56e57fb2
6e73983a6c2dd9f
68ebbba503d1404
500e7ac1933923f
31c020a8e8d01a8
65bb89377830aef
6ae68dff3bc63f2
92aadde6bf9300f
13b1c4c66b37442
8fc2a98f2e00c73
75be0492ea4fd4a
16346411dde74a6
74ab816f4867907
6d217c420ff46f2
2ff35bc1bf48b6b
46ac9035310bc44
8bc63d27489c072
152633f3556a986
0712fc662e1f1b2
76149bcf90111e3
540f3b570826442
24ac15800fe601d
4a4ef8609ee6fe2
a35d698ea118f13
94afae6dc9a85eb
a33ef78188c6df1
9fcf77a3fc14120
43ee7fb7227f3a3
15ccbf07435b47b
0771385755e0f75
314aec01b8ac3c3
50f840ac32ec74e
4c2ad5569187750
62340ee910fe8aa
4dfae019e03b2b0
6e7ece65308db63
7a0a160a2d713b2
63af6f2110e9a27
3cd74f60c28ff0b
02da1a40c7da7e6
27434bc4337267e
4bd206557e8048a
4a0821361fc0078
1683ebf6ed6571f
a454cb43b16ac4f
386ac75fb1a9aeb
22c0d3ae62ed13b
139dcbd70442b86
89a5cfdd3b25453
536a50d81ca56ec
06318bb4273d181
69e51c13e3a129d
5d8d15821f06b9a
33f0de7542a57b2
62005bd4052704e
580ed41a8ae6b50
6d43a76d1ccfc52
7a62067a9812f5e
525bca95a52f0ab
893c2d89b6c78fc
4db448222106a46
34aedb825070a97
99a352bd8285e05
7ebae2de8b6067d
35dc1e343758723
6c03188da0d3af0
037fae156051f63
2387f75bda1f167
4e8f3e46538d981
25703ba9ffe361d
4f389dc9dc2e204
9e4642935701a21
43e07987c3e8c23
0842b20616ec411
04fee3fbaaa89e8
8dc90318154550d
832a00534865b0b
1a14968f2d510ce
4cd8f22a566d42e
5939808094988b7
24efd5b0152c806
864c0a1a48b4de6
039e6715f35e736
4ac9e8427a76a5c
7e62f20625c1742
84b8d37b53668ba
2b368e340471a76
3fb71a729f74eda
240e76076242f4c
2367290593ac499
857785f46ce3036
6f2e55afd8088b9
040f4a9910b143a
67a1243d4196be6
6982355dc810ebf
2a5c94a3d330758
4fe6fa7424979a2
1842a88af2509da
355cdba580cfd80
7fba2051e18499c
8ed92ff8fd5e224
7d68354875ac884
9b0a33306cb636b
4235a6c5105bf5d
8a39c20623f867f
4be3867d450b9ea
7ee9416a41d8d98
435abde29cb49ce
82d585450197777
4ba5f8d3c5705f3
977ac0af6e9fd0d
7d178c1a7e0793b
819f74d31419119
51b18a105927ce8
464939ae4576a62
3a421bc76f6555d
60a284e326e9e76
13b6ad3ede6e5fe
8cb296c035235a2
99fd071e4b36dc4
05ef6409983d056
181246076435053
713d12716617c41
597fd74945821a8
8fc5544c6083c34
0cdaa1507508df1
5fffebd40aedac7
5fe968fce978971
57743c681a80b61
4ffedab0a2a98d1
1dba3039f1d6c58
6dafdddc3953f85
05924b224dca613
7a9b5eb9c76e0d3
1c86135c5e53c16
2fb9ba125708f2b
77dbc523c5c520c
405115ee8e7215b
89267b7912003d6
0351c6cde6f68df
6ae0cabc6449f9f
a3ec4176f3b8774
9490baed0eb3351
6772eefc057cedd
70aca9afbbe7a9c
5e90a34f72e9ea3
0d9c6adee723935
2ead11aa41927f7
623cf6305f32a37
16f4eae7f1c5e47
1097d11e79d3d1c
3905d11f8dd3ed2
90965c46d7e22ac
3142d8677f02a6e
30762741e2ec2d9
889380ff34c265c
745d186afa5debf
1ff743daa2152fd
4b3270cf089bf05
53242cfba7da673
75ac7b05395ea81
12cb93f6e47902c
92a74ce17747307
1ded11cecfff578
2fdf8fdddb205e1
a12445f19357796
0b5e3f3712041fd
347ab6d8e749a92
27caa624ed17698
07d57e6432fbd99
2b3a705368f499d
8cfce0eba34f379
7fcfe8af025caf9
23c0c17604b63a6
1bab9b7b17efec7
1e8b599f8681c90
30e604d2014b5d8
0f3572d7241b99e
831238601efeabf
3a7642a9cc9d693
8434b302987a30b
2b25863046fac0c
4b4d804b3b27305
1547318c387d348
26848cb5bee98c5
953bd09fcf04cec
0e4b2282a79c2db
77f39344aa6a2ce
0294c73f5a2cabd
91fc4676d79d8af
3c175be5cabbf2a
5a2e6ec74e4f26f
4c6bceba6fb0db8
2c81adf4f892a77
3d762e1dddafd27
26605a445602ff5
20b67e5601e77bb
868d5e6f0f8133b
25df20df49412b9
82477525fa8970d
71e421d2372e131
4f342b380723e67
656655fa051d317
0f2996ef54ee424
57eb1473bb63d08
8eea4884049668c
4e16e4d44bd5a6a
128d3524fb1d3b5
0037f1f3eb40c86
71e002a814a1a91
083d7ef661b9f92
7b298eeeee18214
2c267dc91242046
2645f9233b6f291
689a944bb680f00
6821471be10a66b
69d66991a64e3f1
4c639a01759e818
2c17775edc3fc5d
a02c8a46e7e9da4
5908710b65f9283
0bbecf4aee5ca74
021b59b24af654b
97bd55ea0a138ca
027dfbec22fa75a
65bca9def418517
18eab90f6763768
5cd99a21d1e3e04
5a705ec48f495cf
76d0762c73a0611
85013b463986f97
16b278cf7ad2ed2
7db77e9585358b8
09f6c7c612a96ab
3b0e405d27457cf
820640525e980a7
8f5fdfb530b9139
375924f8c8078fd
905f64ce75d895b
73b6b716225cb38
87575187e6f056c
504177f65321d97
24515d0df7573f0
13f851dc8decce1
7660a8ea06b752c
63c5164de91be9b
1c58a7328336083
a19ece7f85bd399
92d135a051ad4fc
3c6791358a8a62d
1c4f4318c8dc850
595a261322e5616
9de04e9f1877e08
5c2c10f2f86297a
5e3b0e04b4d50c1
098b1f682fb368b
584b78be1888569
0ef7e93b7f1d33e
0e2ddacc25294a2
9a97d9cfa185ce2
919724ab3f34a1f
8f55a4c920d8081
9e53df687216575
3ea9363007a7126
9a2b7a7126d6dd0
4aa5731cf3527b4
86fb9ffa1e9f69e
98692c7bcc3f202
876d01d9e367a7d
2997b2db8a7ef0a
604eec563d55fad
70ac7a70ef41987
a0f084e6cfa8f1d
1db92dd24cb5359
3be559040030471
50563306ce2dd84
30624b244c39665
87820858a74d214
4793657f996e6ee
2b9a82a8eeea18d
965c7c72b753bec
108320799ddfb69
772d93316be0a93
5eb3c7e374607c4
0561b1cb8b7870c
240a77fa896cc9f
98a19e842646e86
624f72dcaeec660
98e66c8640cf431
7024666c76eff12
2c2acf9bd9a5fe3
55f997f9c751440
28f6e806e3bb8bc
281ef46f68add41
97ef4169920ed77
855c5b67d11e3af
66d1e98c96590e5
870e8bf921f777d
9887cd8262fb175
4aa35bc0649bfe0
600197b5ecf9e7a
534d2a6ead2fe06
9159155a090b84b
1445725a5da182a
23fc01e540ad655
4396fa65abb04c4
3f45ee589214e80
5c546fa9dab0676
59e1eef48471a23
7104694ce16608a
0a060bcfdd2c9bf
95d0d2954f6e836
651c1b66b3a8fbd
3a814440ee25498
7a04927decf2214
548412d2f51408d
5671e45226b9765
7097f05228dc347
6b6a1ad58ff5ff7
2086d8baafcef79
89e4893b891169b
6e6e4545662346e
09232efc4697f91
7f27117bbb08858
20f9d7600dcf599
041688be604358b
0cc0775be2b66e0
35373b25c11628d
63f89de7e70694e
2a284643dfe0276
202744d1aec0eea
280a83a31ce4b90
589e6786fad9bf4
12ddc1deb912779
38574929f8f1a17
797a8c35d9ef23f
927f0682eac5d88
73359c3de956860
3b6a5ca76c1699f
1ae40c18805e5f0
634dcf2316b913d
48ef0a7f7b88bda
68d6334a37f5825
75096bb18dd1f27
5e986b1c36927cc
8defcde74c838f7
2e8f4b17c84c095
71c4454ff1bb48f
5a9cedb60df62d0
58ed4c8a212c2fe
3a5d45268141af3
561fb83a816542d
29d391ae42fe63d
30e0f71b5c96e99
64bd193b3054339
46858ce28b80cc5
6ddbb30eb09fb23
37f1bc1e98727b1
12f74f4dc56c1dc
27cf92ca89e128b
a3179bdf6528a44
84224544045195c
505213bd38a1b1a
72d7f656aa8e600
7c1d83f6bf7259e
19bfe32ab8b6ec3
602344c0ac30caa
6723fe5e2e98826
27e6069de3c1882
02f8870ca245cc4
79b0a677e2bd10b
794f8bc39a0193a
3746e347ccda561
1c2242fd7ee79dd
77f67d8297ab1ce
457ff491f1fbf49
8ed085b32922b13
a2eb88e85379f92
2abd7aa9dfb58c5
0e7905f9dfda7e6
62a562c5297d5e2
850c722ae512b18
0278ee6981cea6f
8b1168b345daa00
6f4f12e63291c38
7e645d3dde74e3a
27ef8dd85176285
981c9532ebafce9
1614bd324d19bba
a0dadb64a4b3e72
11e230d1989a929
341b22b665c0b41
76b91678aaaca80
6785203505aaf28
4d11463f4cb5a61
3a1e844584aeb11
57931c5a08b9761
28d5bc371ff4367
394f3156c9f2f6f
1860b29171bbdfb
5e0324617bd8d3c
9f6eb8dac000109
6fa939b8225df63
558759875d4b197
6417eb6e733aaef
24c870162e22751
5b79ea96eb3cb70
86d6cd0c028c942
665d289043f9848
8116d8112fa256d
4712141b80eb89a
17a766e2bc5423b
96f5a48686f0c1e
922b4fbcd550fc7
3f21becbb6e95bb
9aaebb304412035
97eaf76726b65db
5002f3b7f323bd8
3558fcca48c4237
2e3f02f0f2e7f75
2a47cbf1edb41ac
967f485c7018b90
2f49676bba39427
71784aeb0dbac64
13fb83e274d2f2a
950f93335bc269b
3661cdde962050b
00d7e6e8ad1cffb
9f67cdc551803f0
054c33cfb1ca209
3c6c9172fbf047f
2e3650b18b648de
2a9dd5f477eb9b4
285b0872cc81025
25d56e9c2c815fb
6431e919faeb573
54a235c772a1cdf
8ea7f33ba94be63
4483874f50e31cd
8ac20c0aedf88ad
0c37121b60550fe
22c074544dabc0c
4142e02dbf43c3c
11f814c92ff37e0
6e812cac1def52d
666e958f5e20825
90031bc0fad4061
716da1aa6899b04
594f57e1ec8479d
82272339e3d7838
0dcc24f21706a07
9a5400cc7cfd653
11065fc467f3f8d
303dfce9fe1f532
817760e4869b6fc
818ad8efda69863
9678cec3db249ac
94d8c554eda8458
46896a5232e764d
24b2bad74898b80
0ba9d6b0ef582d9
090a150eb1dce6e
22f11389f64b395
135e07b99aaadde
6c622c720a1b84f
02f08b0a3c3ba98
7d5563bacaaefac
06a4ec07b155fbd
1c6b468f7f59f69
3522588f75faeae
9a32e331d6d92f8
457772c240dd2f2
438df48faee2cfb
82917aa692444cc
462463639e5a163
6c553021076fb92
1af24de53d4ceb4
15c0e3207a1ce07
7bca4e160200b50
9427d1d69996a1d
65867a3964db768
725a4a2a0bab07e
3507d3e9cf6e6d9
2f6acad5730ef40
14fef4d720c6480
550b5aa9e69e9a7
43344e4b980f2f1
4c797394348f54c
9f7ed809de183f5
5880cd7b5f1d111
99aa41dc6e8d48a
345ec3a690b0e16
3ec59456e921ae6
9283e7398677b50
5bcc3b1e3aea3d4
1ca776490a1e9d0
113f199923b92ba
77ba9f7da43825e
5e68e54c6d9e595
90ff1eb5cf8fee4
8e0958c2aa90e45
17d8672ae874c74
1d94ea7c020402d
30d03602ce7614f
2dd4da9f6093c54
875a03d267fea97
2ccfc6dc0287ec0
951074376796a70
0ae71fd8b28771c
12a82b7c80d53fb
10c73e282737e64
6b23eb35d1dba62
0b2ca71fa350035
0732682b2025b97
02e1a5c36f4bae8
2974fdbd2716b80
54882f40f4d1747
5c093e6fd16cc1f
5726ed5df1132f3
43494ca2dadff9e
675be96bb0919b4
a0b79bd7058429f
8d5b63507e97967
312c40def515dd4
2ff403b468057a0
77633fbc65899ee
6687b0fda6dfd26
0a7acd2467046e3
97d9dba12eb15e4
3573754efff06a7
1acd2631f1edec3
780dc95012f534f
72474958f0a15bd
405f64804cc7dc9
6b4477ae11d1d80
63cf3dcb0344588
28a115cc7b515cb
0a58905a1fb7cbd
1dbf2dcf975c47e
6923b761ce1a023
40d327ee14635d1
30fc84f9e1d2cae
897ae62e781914b
71cff910f153bd7
30927bb93b45b0c
5fdcb5c55ceeb91
163d7bc551e68d7
813e681832a2d58
24c14b5f2f518c6
2c9db93f7ad458f
2ded3456a3dac54
9a46f518f7064e4
68e9fbcbd23c8bc
32b1c5942baded9
9d6b0587225af5e
3fa364f48443dea
1192a5e64077b40
4d7b13eef486b7e
a02bd3999b923c9
5a22609e6683f27
3c19d85be83bb04
150f4709b7c368e
1e4ee18a2d48dcc
7f0bc3ab4124d51
0a502e8ec4920f4
19aef33b1aa91e6
75bd8e378adf241
06344a23fc7958f
5a0eed5d537f8ce
0adc0a4a7425281
407bf2ca0e2c13b
8982975f27cb948
2e07900dfd88c62
364673e0c327933
4ddbba0ff0a7216
4b12f9c1fdda865
85d500b5f1547fb
0b97d1bf9555c9e
6aaac9c93682964
13775b7af3ac169
86ce05a8a8047a6
779badbde4b2f5d
4de21e41f5773f5
420b4c265577b13
6d0d66be071eeb6
5b2ffa07b2892be
667d3c078b36288
3fa42328f3cc7d0
1b098661eee0e44
98186b833f7e91d
75c39b8f1518b9d
3af9dd72fd20a82
20d98ae5b6caa32
5900d7f76bb0001
498864cb4ab754b
368ef37fe1af9a5
6f58c3c002250b1
4d903473ae4b6e6
8b8f5c052819bfc
a2d43a5a8c7affa
8081fb3a1ce5729
1bac69fa9e67661
4fddf002494614e
4d6f3954f5bf700
63543da21fedad3
65a434567553f75
475c646afe545be
99074ad22764b35
9d26262d13dde9d
348e5c6229c7c95
845402187da7773
5b2f6fd07e288e3
86262370fc7ab2f
1c230b7693f0392
2bf79339c116291
019d9ba3350ab87
4194f311b460713
855a489d183f203
670438372d26bca
70b3df174b6a4ea
41ccf9c1fb07192
848faeefbd5754b
53479a896cd2158
8d0d92f6a681dfd
1eac56d65630dc8
4d96cd9681ebe92
47082a7476a534f
43f21f101b730e4
6116d5964460571
2a71793fcfe68d4
a0598fd5f21d496
0babdaa411e3c2c
687eab037d8392d
67d547011641052
6dc90b0c22e397a
366f856c4eac234
29ad3e28192ee5e
735a6ac869610cf
44951dc5b5e5883
76dbe5cea7e4c01
970dd5769e14b5c
323004c495ea791
6781e0470b635bc
8d9b51e14493976
0cb866d7ac625a0
29c7616427c7b11
9177fe1ff77efeb
2f7eef0bea5173c
883a747c52728b3
4303352df359039
3d52fb59357bd61
992285b9aaa8227
4503fd113552e96
6b3d0166fb09f60
3ba54be783d1293
0b3d452d3617219
3e63b0991712a60
2234f715d91f48d
29d9af69f6b8253
71f87a31f40b845
2ac991b2f1c21d2
3fb50953a35dd48
077717a2baf4cfe
3f1d54cac41974c
172310a1e06110a
978d1f0e1ada779
4f759c5aa1201f6
7d82c137ba21588
8687d738ed7b49f
9eaed6da16d33a5
6bcbc35a5b2a4b1
47c1f0e50288a61
06e77879d579e8d
123a573be100bd1
8d8a7c4c28703a4
06abd1a80e3f46f
5e240053b974e6a
90fd4e654ed8d30
54eb83ae7482645
8b8939d6b83c467
9bb860a91bc4134
85c79b79009a4b5
3dd21dc0507385c
455173bd23780da
1622bc52a0b82ad
791d4e1243def95
389f2b75fe496f9
5e26203c4a8ac41
005efbba07a865a
0cd60800fce36bc
176b503a03d42d7
10b057d8dc6560b
9d1df3f34084e2c
19b48b08d293c08
0355b67a1fdf8a3
5429a3fc27f4b29
68cea174de021e8
2faf5c9bae6130e
989e8ead17b6106
9d84162fe04c39b
3c98fabaf36f0a0
787d7c1540ed3f8
a23679f7429d066
a350a1cc43a1aa0
8b6cb63c2566f5b
31b7b1159f33177
79348ea40c3dcba
69bd649861613f2
64a23ae60c7f329
4908b645d8f1356
83fc2035c6e4013
5f8600c93cc9ad3
4dcfa2b16f0c800
879ee4cb3aad9a3
877e65a9d9e3d63
a2deb43b38024ed
4d1e05a2e822f79
529ac5d41334854
1b09671ce438adc
82a34c4cf7f45ae
5e677939e5e399a
47cfb49bb09ec82
3cc75727d6a0eba
502159b26c74055
4c5f63df50e4193
18c10d07e062705
60b3a9144786664
84e345a7a5b259d
9285fbb0a3cbdd0
7e855e8946c4e78
74bdaf1c97173b7
6b20ef9075b4432
9b5ff01db5f1745
1c69fd56589ffe3
791fa9bac6d4adb
8ae5d5b24a43dd1
173080fde6995b7
4c704f408311bb6
1d7fcdaaf6eb755
4c0c7b9f50200da
5d53fd40fa5dfd5
447e4f50061c774
2194de8f387565c
151beb3f269d06f
35b6c729f8adb27
2bfb6742dde4a0b
00c441001e9661e
8e0a9d8a11780fb
9200449810ec785
1b83f8d89184c9a
7dac5e4952fb157
1dae32c6bcf62cf
4410d0fff99c0c2
95af24f0019b5e3
7594fc0f14fc099
9b6355f56f03190
7d4e607facd13d5
43951722f3dd69d
3a2557b1545592c
3b104034b3bc1c0
3483243b06962ed
14dcfb835199e33
7a2c3fc5f2ba509
a3cd172f69c467b
7dbdd3e45a15b2b
90b48d47a111bfe
2bcf14bdbcd033b
1c55cffbc03d93f
3ab3cadacecb170
31ebd73dc5b92d1
09cecbe957217c2
2092c522f1129c0
a17631865b541c8
01f2652fa46fbf1
307ea5d5ffed160
167499cfb12c091
36db59a983075c9
5e299de7b97d75c
693c9c0894be9ca
6aa3dd127b609f2
04ce731523d58a8
1b6c059d2352efd
88dafc58127d01c
4691fe374b1ba53
21da8655b32b68f
0813b594f2117b4
64cf4ef8303fb03
44682c99c0d14c8
3775e9d92856e51
621204583bd37d2
a3dbc4e01d76dc2
660fd26f887ada7
68e58e848d6d52e
8ab03384c16fe39
378081131bc538f
6f794fc857d43f3
35dce0579b6bd60
84c3fd159275fb7
466459dc4e1f0bf
966bc8d2ec57e00
8dff3dfda74fed5
8400ef3da1f0a79
7d918ad374f3177
a1462e5ddadcbfd
9cbb39216fb6c72
1d132747728f4a7
06948f2eadef143
751325aeae3cb36
13acef4da60e0b4
2e079c1ab28b463
1d41d332945ce8c
19c1dc6f9ae2b03
1116acbe3017fc8
1d9d3084817e2bc
76f72ccf22f2603
9905c6483d4a5dc
55f5082e8451956
9563e52c84a69a8
9f05ba4aafa1c1c
9d4c4a33d22e88c
8c39ed8c6831d81
25e7583c68cb7d6
a354fd8e4cfca65
4f61f59fabd6370
53f8a60c1028efb
0099708805aab50
9eb074c22ce920e
5669cbbc67c1e5d
74319dcfcdee4bf
5696995fad66cb9
4af86bc388ae745
4261f72461410d0
3b399ed552ee5bd
8f8ca7814e0d7f9
91e2a7e750b2243
8e0ad922ddc5b33
25e0f590210bc4b
2e0a12b57705d26
59b76a6a28343c3
5725787f33547ff
6142f9f982df77a
764f873418f5fb0
49cda906c8870ff
21d6cc5ddc3d7b2
4954d9a68f8adc2
0f525873f505657
28f2099ea946b14
6ba3402d06f9f54
8fffba555e006d7
18ce25ebbe38640
60ad289546d99a9
2d31a9cb6bde659
9546a2033cc3085
87bd1df77d32415
80d02d241c72cbc
806fd8975737881
6de66170304bf0d
8d81955bbacea68
57c0819bbd85218
2ee9e1b1046867f
1d1c402fa7a0f87
400c3d897979341
2e04a6682bae4c1
68ace5ab7db01ba
40a0da052b95b30
1e592cc2bd1f602
9bda0b00f8f94d2
807f80a21efc413
1575bc6f8af476c
a1a6c3b5e4db9da
3ef33a6988b9816
6750adcc120c2ff
882edc66e09a0c2
a3e0fe3a1c35e27
770dac3c7eff88f
49dd02248edcabe
42fb1dc4dcf99a0
5a7c592f587e6b5
4b7e8fc670c438b
542ffe5b59037c7
82c34ee14ddcccf
9c5a6e9917dca67
61244fb4dc9fdaf
0ad92708ab27ddd
94ed157bb5ec1a9
161b8a232a792f2
763916479dae3ae
6b6fff0f0f72d5a
82b20cb3a8f137c
57784d86fc2f23e
77160fa56c6bbba
83311d4f58a208a
5f7fc81c245dc60
5b7508efc47d5da
6a5eafc254e654b
76cce3931d8533f
a35ceacc9c4e700
57492a69096f915
5fe5123791c5410
0d5a32fa8e18574
49a2216fcc511c2
923ecfd356ecf77
3c7292c58cabc6a
285a57d57e47e39
526efa39d304673
44fc7225d0052f7
a1fe08a16b3a5de
9b6f53a37793356
2531b65a7718a51
2d3a9c6a91f4347
283bf72ada57ffd
3ada8823bdba9ab
80fa36915a9de8d
202f256c0a5c81b
73158a1f4a5dea1
5e5d0f649680e05
5d1034b1fbdcfa8
773c007d5bdefa7
502f63957d6ae10
794df81a99654d3
0e8058c281cdc48
8bbc5625c43fa7d
6d39f343f83e6ab
82b0ecd31eed094
767c24a8219fd75
3d3e233e081736e
a0bee2bc7112017
6a6d1a2c61fe90f
6a5ee0cc63fc582
418e93608f986c6
75511d4eaa059f9
9f4aa0285f3ed7f
467b67d279e9708
00b3fe0aa737bec
51ea6e9cb1e84f0
2d779e04837b253
04c04fb64d05188
55758baf1d91a21
2f6dd6fd97a2954
18821456f75fd4a
9cdd97ee30c4711
38361e33d52e127
4f014e15bff0b41
040c3e634213102
83d63f7a1516c1f
9f3e062797568d9
32fb93a7022c6ad
215b269726d87ed
25415e1f42962a6
11a0eb4228298f2
47208f9a71e554e
15d883533dbfed2
8f30ca7443c7885
284f551111d101e
6635fdf70becf1d
23438472722fd39
2c3add6bc6ab324
22dc4c482eaee1a
71a75cbb21407f1
923b14d8d314da3
032a1a29da946a2
0de1ab9cc40e334
0f0287183de76b7
376772a3eebda12
90614c01d708c94
1a55fa414b11c14
4e01580580542b5
0d09d25bd244742
2d4ddaf1a1bad5a
7a8e0b486626e67
4e508e956aca169
3de46610567372e
68595c90f60283a
53da45e9b6809ec
11a338db5a748d2
30fc5bf7baaf0ef
0e278e3a3c8d08b
a2075517dc63eb8
66abf4edac8e8d2
07a0c2ecd1cd233
06e588c5b9a1aeb
9f823a4bf5196f3
002e5feac1ca00f
7ff2acdfcde6bef
a37575a50293910
491711b1baba4dc
8c69ce82e26f1f5
a292f4c6616d4ad
77e44ee4e8bc7e6
3445ef1b36e4041
0378c61df94732f
230814a5296de67
14ba6892d5dd185
01699e500c20ee7
41a3b5bd3c74cf2
7f86828f916d770
9b45011022008de
2c38735b4a9f97d
96cffc74887ccbb
16e7bed6643ba4a
66fa068cbabfb26
0d1846f36ca13f4
84dd8095461153c
06588451486df0d
88d5e7ad72354ec
9192c5c20bdf7ca
0a33a763932083f
296880066cb205a
923793c70c90efa
0893fe28a65a07f
a2f920ff8c84737
5b574f1e64ca6a7
57043eb4444002e
9524f29c5ede6d9
8fa91f37e98fc74
8b2614fb0086779
0897fee8caf3d39
37a6757d750fe7c
3ae28a34ca915c1
06a5192d9f5d6fa
84749421f4528e7
1910cf122617efe
78a18c386bf6dc1
8651ea0deef8230
13d4746a1e511ce
98ac1d52fa62da1
6e1a806231da5d5
6ac3a4705ef0449
05218848cd1e690
3b8ebf2dbef1729
5cb534193f33c3d
7c87208f98b514b
8b51e71ac729dd1
4cd656bf499b897
363efdfc83945ce
621fb6605c2aa49
92c1a4aef2b70dc
67b1abad125da03
71c3628f0a20e1a
398fcb90c283306
1dd422530229007
3994f3d18c427cd
7abdf749d43ef61
636bc3ffad1ced0
a355cfbfa123287
299b1b9766a0f6f
775fae7ba6afb89
3cb099787f5fc66
290d384250f61d7
7f5929a7c94018b
4f289b3fff6f254
94cb24a8cedb7bc
8c1f3903cdbadde
3d7238784835214
334bdfa8d34d509
23d09974f8ae80a
85605e4ae22a35a
101e3208a9b45be
330cbb1a3161251
59de780e83771d0
8ffc24cb4e8349a
33e2c353a188b3e
56f37e14231eedb
83e1b300fbdcc5e
57edea442baea37
701168e25fb29ed
8bcf9b1e617e343
6af3ad70c74edb8
31795da68b962cf
75a9f078cc46909
03ccdee0cc72cc7
3b15e87eebb1a89
0155315705606f0
06e8508de94cf2b
0deea87b75f388b
00185bbd31b02aa
0c5310a3303fe6d
641a00409a528f6
93a058c44dd7bad
39b299464567a15
a0e1198c0e1d493
6a228c36bb9ff49
1f84310f0baddef
4f1eceb6e1522e8
75daefec33bc643
056790db73ead04
8303e9a8789e6c2
87b47fa65a41856
9e10a04b02694aa
29ed5818e264bde
2768016f272c67d
4560ae4ca3cfad5
68908e99a5bcca3
216e8acde5cc2cf
194260118fa028e
85fe47d30671ac4
03387fba077b65b
1a389aa511c5c7e
12bb163f3f86665
4964fb950aa30b4
0d98e2a8c51ea4d
11e9743c89e2ad9
9f1a5eb91611a49
0356c8b2c18d2bb
0515f27ccab758d
31959f7b0616b4a
07f393febb5f73e
22310564b1721df
2b299d5b2e434b3
12d591fb192b8e2
962370e15bd5540
12a156669528b9d
3ab0eb7ca53319f
53504bdd3c76b82
5e9b91be54695a6
96b2a2eaa63cc74
64767bf19668047
7535216f9328d5a
90a59efb838fc4d
63d5ec836f3f6ff
96f0021874d862e
8d72f41947edb8c
21769889538ce85
2b64453f51a4c9f
1df29615923f072
49d686a6c13b046
a389b13278ade49
32994b8e180cdae
9435f5f3469b6dc
3cc1d17b10ee4dc
50ad5313df238ed
73093bc45f6fb28
a3c34be60f64753
32630c0b5adaaed
7d00e687b8fa03d
7107d4ac13508c8
33ecd58c1e2076d
1118626ac52016c
2a5edfd4d9a819c
06563f603b9e102
39bf3bb3441d0d3
4e8eda6ba3671b8
86f0321a5e171d6
97bcefd3fa22855
1566b666987fcf7
2b6dc5e396b0e01
328ee5c90022014
1597c2d5b6500ee
04755765450e795
62031b3ff74d819
79bea1e2792aa9f
103b6c9256d8aa5
5086cbfc045dcf7
8bda7483e790e8d
981d51614c9a820
7e970b95267d2d0
611cf60f7dcaad2
74420161c403567
56fd5eb5b0cb11b
9bf2f2b0f2b3195
30c958d50f553a1
29dd38aa38d3d54
49777778ee0693b
6010dc7780c2230
6e087359ef76cd6
269385540be20b0
0f61dceedc09ed2
68ae2def69097d1
646860ff69b2e12
8c27e2f1799d93c
37b37dab7064026
96450faf71e6522
0de33ac5c6979b8
80934177869a47b
300247b1554284c
998517b1fc4afee
4bfd7b1ee48c125
5ad3851944ed24b
0d29120f51c6f92
3b85545cd0cbd65
2a738caefb9f745
1e56b02f211bcc0
36f3954e1efce4a
1a681fa82a54313
43e3b79ea893b64
2280201a34d93f5
9062d83e75286ef
62c5612d42f03d1
59f75a46ba225de
38df38ecd47e9c5
121bb00a4605bc8
0a615c0c9367df4
3c53592b961bba8
87a5af1652ea1f9
561408ac84b33d8
4ebbe7f4a802223
a1d5eda073eb764
57f35dd22798135
14c8762bcc0f8a6
028b399c4866a22
629ecdf8bb3a606
76dedecfaa97c49
1a3f8c93247b614
1392a15d2f051b1
78631dbfdbf2aee
17f9ffec585f7d9
557bbcf6cbbf7af
533533888320a52
774e95f9eedb8ce
154f159f410a689
969ac06e755fb92
0ab41dd850f5284
5eabd15a450056c
19e462eca8445f7
0c0172f2332570a
7369bc31291e75c
910a2d610a55824
55ae918c6203e07
8bebe0d1e2332a9
40adae6527e1106
271c488115252b0
339a73bbdb1f8a2
1eb69c0cef1c83c
8cef4d6056d0c27
360bc2b49a43087
03202834a35dbaf
9a1b554720d2f73
901748abafe1b72
693dc2b0f478080
0ddf64de659810d
0d49a2352fe5de6
335a689c11d2067
743ada8826478dd
28f5b15372af9fd
5d5141c7e9baa79
96bfc2ceace586d
6831351cd1e2224
8904f12f1b06c81
3cb43da9af1bed9
45577d640559b9a
2f5de1ef4b42a42
4dd78f1559658fe
2e7cbc3d5c0e11f
83aab26254c047c
100e087d2a72f8d
883719e0b470d1b
548b3557e3201bf
58c17e7ec4b57a3
5562a8131152166
4e755aa9fc244ac
3959646920a48ad
941d865d1da0d20
1b1cac75726c3d0
35a85803c453d28
196e21fa1b3fee5
44707ce26e30760
6a103a6b528f123
2c79192bda7c2c0
7dabcabb3e1ec06
4ec455f3de32a41
74d7bd9a2d7dcb3
4c1a2a8f25f33cf
55f70f1d3abb6db
08dcff396d98048
798c10e1da76f81
29d1211b0c29272
332131b9696ab89
7dd0bc30f66689c
73ab91d80fae604
8eaaa3a978cde6e
9e23730d424cb93
0c19d1aa7c926fc
0fdb26f08ab28dc
6acb85485578404
6466b3b1dc2f586
83872b019463a42
62cef8c99bc6ecd
95f8b5a5ed070c7
7c9ead0900ab041
524c21106678ca5
89ce5233fd476bc
87f14d4345de979
95c8c7bc44c1ff0
9847f63cfcbbc30
241efd2565fddab
41bf10c2c451c20
36e8f84bdd9e310
53a64e0b41fae1e
5f2f6c761f90068
06c4dfef2c7694d
39c92a264b87105
0858fb2f55426b8
8b426cfea40cad2
39b04f6771d37fa
69e20fc0d55c8db
27cd613f23ba051
937e145e7666d3e
9e4bb6c7faf64c8
12cda526a69069e
4a660596bf77eb7
96d3bdebb28641a
3b6d7c1e3a68fc9
799452b158b7f0f
1b3712df37d0397
13d01228294680b
97cd434431f1cf5
20d26422e60b7ea
66517a9be92f7f3
7375fde8cedfdd0
962c2838a586ba9
117fe3341c8d001
32488f0c8208acb
560eba7013e30a5
827e082e39ed080
1dff06cc8c56575
9f090fe91fac1a9
8ff255ec52aff6a
22de53c75e063c0
95b0bf990e115a5
5eb3131a6d6546f
768395738e81b15
5de68f08e52e737
8d316856d8cea97
73b728be3848f4b
22bdda813052df6
025bf4f1a0da2f3
2f46fe136bc1f71
6efe9c68523d43b
6b129d4a2e4c297
50689aa8ebeb787
8ebcae2a044937b
725aa32f53168f4
2ccceb20eee78de
0c1630e651cd17e
88afc50748f509c
7aaf29b4ed669c2
4f29d41198f026f
7c4d43e9b9c44fa
0346cadf1bf26d7
30d4e5597a5a022
256d47282cb9ca2
97b9a42e52da2ce
0ce43e658e42be9
2113a54c6fcd164
640c8854ef38769
57f41f5145278d4
435cb8faa79948d
316630af60a296d
4cb34c060556965
0b0e24f28f518cd
891f7e0cf66060e
5f2e50429a5d7f8
849672b68e4917c
7a6e703c254c228
930ecf7dcecbd66
8011368de8c0a98
1045c4ec21adff6
0d78cb03893530c
04466dbf865662f
15ff94e8a5c08b4
8a550bb267aa3b6
8d541404de176b6
50cbebe90db6208
11294889a0407c6
283a397b018b1ee
038fb6369888b46
78dd25411689030
8ac718807a8c025
041acf6521d228c
36d5afe1722c255
03d5d99ae768f09
1f68ba302cb821e
5540c22f4bbd4b0
0aea7527b55331a
0436511528cf2d4
81d326e282f6577
5e598f04b6f8cac
92247f1efbd8195
31a6c6f8623311e
1c768e610d72fd0
a3511d0fdf2f5f1
10f23a3f29c315c
45fb9762506ee2d
5a57ee08a0f6fa5
22171a56220250b
03b04c67b9303ed
97498134c25ffc3
143898800511127
6a7fdf4732b14f6
110399547cff776
8f8fdc1eb8b75d9
04edd2128942a01
14b08b378f55ee8
2dac080b033baa3
4ef954fa4702e84
7b79bcb0fafc99f
28a8a42c2ad11eb
6e758ed4a470c5f
06d8690064656f1
16df5f0be69eb18
974cae2a49cb03b
8a0781800c53122
5dc640c391d05ee
7b73f6aa96600bd
3d2779503a39736
71232fb6e88e96b
7c22489ab49dfbd
a1aa5c184b85b4d
a081dea48a92f62
6fa612434682e0d
323e457d54c0dad
6c7b9682ebc23c5
79c206f6d576ef4
490831d3368148a
30a8818fcdb4c55
1ea7c4d24c51d38
1314811fa226697
79374e275f0f93c
42493066e7676c9
a4ab3755b0fd7f9
63663d17c41966f
5e5679e9ab04463
70c9ac863f84866
91aceedab6e297f
3d18bda30657483
a352862cae6d5c8
231c59ce1bb0753
9d2be7b21dd558c
58bd17c930cb646
41fdf4209d14a41
2442e09cda26888
04efb6d8e41acef
03bb2da8664e932
0aea8c4ad8b4be5
2fd6b8bc402895f
985fbc7656f04a7
553a61f30b5b087
1bbdb646413b926
46ef85cddcb0a95
287e6ba750c5960
069f2544a7fa18d
2f26ee5466d75af
69b238e4fbb6d88
48cf56e60d20b9e
79a7f26ee99dcc9
088f8d254478108
5913ededf008725
78c57f70d128bfe
73c24da636ef31c
74bddf8c6a00bad
7aaeb506e0b972a
02d9ebd8b8bc39b
7c30142ab92bcaa
60cc045d77390a8
5d8c341ec491bea
84c8823ce113df1
6e39fa765b959c9
8085fc8b8f72511
0b2d265b492a762
53b94aca557cb7a
85483403edf55da
128862f758d6eb3
650d2ad29477ae0
1c2ed700ae54d20
4cedeb6f06db937
a280d9481347087
04178e82f2668fe
5b5cf603e39ba6a
8ea418e18e2bf67
7c25d458ad56e6c
1abf48505430d15
891c7293f77b8b0
4978e4f3cd7c65f
4ab338372586520
987b623130598c8
0f8af3025021ac6
1f5681bfa436467
0be2700bb120f13
64e76aedd14fee2
5544ccbe22b7fc6
7127fc421040317
25b023c3ca03f2b
65147362d82544d
10962aec5b44e13
3516aa94d5be548
0eeec6d4cf05cc9
627a11409ce0e0d
99ef845e64673fb
0c6aa4af1d4d4a4
32af4e20e4b50cf
377c7543977f8e8
4a79e1eb6be6e7b
63a6fe62d528cd5
6942519d2a87ec7
678b4bc764c8af6
5aedd8860acf785
65174a1a5c34116
169a5a7fe87f3be
653f62a43712628
8ce9effbeb859e8
34a4841c89e01b4
7640a8b0337b52b
75387e6c9fc4568
68af46c88d75528
7f28660c332fc16
92204845e36ffd4
2166759e6b6959e
5db9a7eda958594
618fa590d03d9e9
2538032a45d488b
534801ebb13086f
95df7f169a24895
1a2643fcd4b55e9
0435e661dc57e15
8279f2d5cfd32e9
4d638b0926337ea
24698b3686d6d8b
5ff754073e233c7
502cefef162ceee
2e92ac3d7269e3e
4bfe57349a70e09
a492faefd4c75c9
5821eab6a707a93
9301ad9f36665dc
7f86f46cfe9bd2d
15c2fac536889f5
76a8611eabe4073
2c9e9f36b8bfb29
90cd5875de5a9e1
3c9cb5cb4b69d7c
49417c446ac1b38
0ff550fdb557c2c
54b0e80ef99f9c8
0129169552fa734
0ed47668ccdb723
4f918f6136d0413
69763e988f3d48e
5996965a5e6a412
130cb079c83b299
3fb2eb8b3107500
30e1f9fffa0e9bc
2f90277945b85c0
2a87784c552a32a
34b055f97654082
6d49942e2eef586
0f1314431ca1607
50b2b2a4f190f1f
4c0b79fddf8bb68
043fa9a938103d0
9b4ef9afdf448b1
420652194fb41f9
19e51dcf38f948c
127656a05e4e208
584c24522caf5a4
55220535bcbe52a
2ac7905c7b26932
4e7e405c05b702c
5dc1dd05d2ce2e5
3876f3293b9a057
80949a48219e2db
4b3faef28119da0
98af8cbb2c46512
6663ad364ad6469
7965b34eb73b8f2
5bb193926b4ba96
243f627bef40421
951b8bcc963a682
769fba0281d401a
4fc0cabffa5b20f
0c07069a38f0a86
3f2d4cf6bf702a2
34915ad69ac6ca0
3c0c4b91356e2b2
6003f34d6756d0f
a40b6f57d5e6dab
544ed4384c05d9a
45b2be61ff0de09
35994f00a1fbc0b
352692206c743cd
937f811c12c4d59
18607ec29fffe75
6d0525e7f5bc0ce
990a91eb446d64d
9649bb70dd48e92
8ace5d8e2e68ad4
2b7b701f6f16449
029c6fd35627f21
9f082051ad0c104
97639a4e49ef71f
1ed57029ae6d717
07976b233b4b2c9
2267941372e3714
a2e4ec820c3e555
83413d4a646e62a
2ca8d53d351bd55
78fcbd9140b33c3
3a51692824978a3
1a5961030958dc3
350602636bb736f
97b9e124e4ea359
688adb395706773
8b54685fc8b0a9d
6501762cb990cde
8d3fee9c1221d45
987c12aae1f71ff
93d8d61b7149f72
00d1b7c384e6876
7dc800acb6fad0b
262d4fd6a30fe4e
1045894d05d0644
183be2ca334fb34
43124056d9d8d43
88a8cf1b61ec4c0
6dab06ae156c81c
245b4b5df73f016
8acf1ab7f7fc524
90899100d1c3a7a
534cd252a812636
8934a3424ab1ce1
8a34f29cdb5c763
794eb83463992d2
0d3e20319ec48ab
100371e087d7f69
02688eac61d3a46
06e6eb7416de527
100435f99025484
449a9d058aee55b
98708a448398ed3
264951284015afc
01cc8c5e2f99bb3
8b143e8c4f5a220
63ef2fb8330454e
863273ae0738627
a2be8fb734439e5
a0f1c35bc91448f
a180ff8b8200ef6
4457e8458c02a21
01eebc3803d3295
9e2ec85ee6b7b9d
57ed8f09eb81bc6
4773098eef6c338
7fd5b2ed3c91efd
6767189ba240bc8
413b43fbf5f4e68
5368295f39a672c
74c8562e6a6ab53
9fcd242494bc8e3
03ecb024ac6aaf2
8be03431ab98318
016ce554e1a83ba
01f0892af23cf39
11f66cbcd15e9af
11c7028040d074e
65e7a0f11731fd4
05c2802cf29c4e3
23637df0653e1e4
4c4e55ce1664bb2
9393e5dc712aa52
a35318c8e2448f8
33dcff0cf49d293
3858131364ff4a2
83d98b2486292a7
48416f642d548ac
8f94689de66c743
4cf5c24bd9c921a
6c6b1b45ca3b128
0a65037d089a920
1101a480c739779
a04b9aa24bd207b
7feffc236dd098f
3dba86f2374d775
0b5e2fdb529e708
186392848117744
25e85250cf70def
9ec59d2aa1636f7
30de131f4dab767
5603eb939ab4969
4eecdd8b8580570
420233fae696058
4d6623fc7e436cc
210dd3bd2bb1416
0df1184f36afb0c
1fad55de94ca7d9
937f3fb9f229b26
22c98bbcfe7e526
50171a79b19b002
25da748f42799c5
38c8dfd25569f95
7471089887005a6
587e155957cc8a5
0aaee6280fa2b98
4bccf23cf51cabf
3006993dfa19821
73e6792ef29d721
0d257a71cf2e508
0447b0f8191c6f4
076c3b793728fb1
36b00249a12aca6
7c004331a2efe5f
09fc08316d14dec
2487bde08816ce7
71834d896d5f10a
7aa581dcbec9cea
3eea1c036b6dcab
2bafdacd39bc301
64c10eb4484889f
570e4e8079522e2
5dd9d577999f9ba
8b09b41e185e0b3
946ef361d6b15c1
4f67f6e00e7493a
116ac3c63aa57bc
209485af4c42837
00cc31c9a46889c
07b00dd43eb760d
21fe04a6fcf5db0
251530dba62303e
334acc43d5f9026
77db475e6a43047
2e8cc70f8815052
5ca33b14f018ef4
28e45e85370aa28
73babafdbceb057
a19bddb8b5a38c1
4b32084d65b3e3b
109d1550b43b9e1
76169df3f42d1ca
3dc55967506f6d1
7c578c3bb526783
21681e28a260bda
8e11977d8cf95ef
8c02b7508a6dbe9
a43cc0bf5453bac
2b69d9cbe0ac825
3786d0021d2ac85
8b7b2c36c55bae6
6dbc8293061775b
036f95653ed5a81
30346e7b375fab4
7a2abd443b1e51a
5dbc87f2de1131d
8e321a55f3d234e
39fe878a7ff8ada
7c9489cd74e8e56
5a15094084f3a95
a0e7cee20f0b7f6
1f00a188af8b2f1
75758ec8a1681fa
31f20de1df4e2a7
4b64040a3c69d09
71a8a9f4d83a2cd
0db38dd83a72a5d
0e5f14d7ab24c69
8d5ad45d8fc9738
2f77ff580310b64
5602dfde5b3e507
5a5fcd793dee524
0a6a243c54444ff
3194a7ee850f850
0b8e59513d3c5f2
26bccc9003eef62
8921c1a6d33fc21
685f2ccb8987517
98dee8b621be9bd
573448a5766f8b0
0742efd2db7d9cf
099278f89113ba1
997c911710df049
48dca08cde1e61f
09b89f492e8a046
4431da412779ff4
a277ed06a8e6c98
218ff6a61196a34
1f36055a469e091
25ee2ca08817a17
73188723eae3662
909b875dfca567c
7a6755feb769248
02b807f5dfc3b1d
8d37755de7ebcb5
52e1b3a4a5b9531
29a2d0bf74b768c
424d5fc8f6f8242
94c0f2e029dc899
852904d44f36b93
318d6fa2fa55365
7686cd2794f3888
72d30053da8376f
9b1686e84a2ee47
6752bd700006aef
0f3f1e7236bb6b2
72b5197168a8d66
315cae721b1dead
9aec187a503d842
13906fe9407b363
75fbe7d6d64ad5d
01aebed7c5b3abf
7318785f8f4d382
991e08e8dd533b3
73552dad92cb612
33c2528d5c744a4
96027b331ae91b6
19c4363750259a8
27939432e057b28
52abb9ea0e6d01f
2006ec8ebd3a6cd
6d592aaa2418eb8
8ca5d70b59ea1c9
1056d558d3a80c1
00c88590d7e77d0
347fe53a5a4fda4
396f31373d18602
5d4ecef01bfdbc8
498bdfb14061734
98247cb3a3f38e6
a32d3b6a0f96717
9f4b21b51b45ebb
2c80d0292c39a3e
2ab693e1adcaefa
6f26d61473e10d9
135c66050330bf9
26b640c00e9d2be
7f0308f2e708b47
83dbb28b427af79
910d1d1c037e65a
184e4c4290f7c00
54b3cc685d44fc6
519d726cb3dabbf
4dcb8a89c52e3e8
4e4e8ab1c2f2ee2
941a2cf0cacb075
6f0b7a2bfa84741
68ba27a864ba641
738fa0e74537946
8fc53492bb0889d
48af8a698064dd9
4999b4be21ca4d9
798fb4dde280e8c
2136084d4759c9f
2654ee0cd6f6b05
4b53f94463c1037
4ac1ee5645724d6
3616249acc742b9
10adf26b43efcec
7a4af846a1e325b
259134ff54f6b2b
9c0bf714ff97ef6
6c30bb3a224a06d
17ae8451d81f050
9fa636879864f5e
6e2f2bd45bbdc43
7aed0fea8337ba2
0d534884bf8c96a
69c25f1c8c79e32
68e5d1247cda46b
4a209f0da158597
084246109a246e0
9bc0eaf10989ad5
482d6e84b326815
56615d0c4374cb3
087b1f8720f2be7
728b2e34f7f1502
3d2426600c0bb3c
1b1508a707d89fa
8ea2d1fd8b0482f
1e97a649d025cfa
20b8bc000ec6a59
500125a8b66579d
3960fdefa90564b
849e442356b9368
1172fd4d5cb812a
34e34ff0457f643
a4b72addfe2c9c3
6e905eac729641f
2a9c9ccb862c500
4718a96ff59f413
6309f9831cf6de2
7318fadf64c087f
5c27318a95458c3
1b52eb218181443
6fa973ab7dc76cc
7b98cf682eb3366
1c410013c8b57e3
5466fe029bc7f2c
a063bda593a6e1b
2555a475670a828
991f6950d404ac3
7d1adadba366782
0e6f62ebe4ee298
1c96a10acb789fe
7160dbf377a4120
4daec9d5578bdfd
1a175837a00fbfb
2f8f8bad70c3ac5
2a95192c2e0d212
23df7d8b4df2f6f
02ad1928cdea99c
4cc0b6cc97a8d83
2031e742c7b18bc
00f669094902f0b
8639cc2a1d24346
9e2c5b991afdc88
7cc8c86d4a0fbe5
0b6af805ae42b93
2204cbc18b74389
2422acfaf5a63d3
51561b12ce1db91
64c3b7cf9635b2b
585d4034fb96dce
00b5bd75a1899d2
340d4533944edf1
96cbdeadbf16bcb
8f7001fb08e96cf
82adad078b6f383
53b0f3d2ca0d088
a270efd4633639b
13f40a733aba8f9
0edb1df1f827c33
96b48845f6dec4f
96432b67f44031e
5c4823be0b89380
8fbf389c04b5b08
03d382ddaae469f
7c82ea4eff37cc5
6a07baf05478770
93de8238f6e75ef
32785c046af29d4
7ad99d7f49fb1be
757d190d7c998c4
407c4060c85073c
64baf5398010c0b
434b702d1c7f1fa
2148bebd97036a0
6ad54b710b5cbb7
72a0d63013ee8e1
78928d287a13625
3c7c0daec6c3298
40e33ec84ef2f6b
5bf55d6d9e7cd2a
61459f3d589bf68
837cf8f3aaab44e
0623bf12f35d8da
74419f5c2ce8dae
820ab2f9c107e47
6a6547f54483ce2
5e5c6f67688a07c
7406c8b50906f7f
40ce679cf174e88
5d0ebdfd4e68d2b
307edbb7ccf8675
32133f923ff9e32
8ead253eeeae61d
73185d1698a05a3
1f6e48323e25912
9e501e07461f7ae
6b15c24fb9ced80
32a13e7c89dfc48
449956b8763f4c2
51f67d6b3046eaf
4e4172c7c9262d3
58fe38d471c30e3
57282e11526c3c9
63707f18466355a
a342d92c4d85a28
40ffc8424868a72
0a9d9e3625ceecf
2d6d4434720d325
3bac66779161d4c
5df15328ac9196d
2b78e2955e69caa
542e67ac9fe0f01
30b91ff9f61af2c
a29f53c5c524123
7ae0d63ac85128c
9c3302cb21b28d2
30223ba3174c2da
951d2d855114929
50c2b0ead0c0d08
0f17defb0d57324
21009373063c511
1b8351a3d6d80e7
6b135a8508383b1
97e45bc618b53b8
69967e9a3f951ed
676dd810a0724d0
07fea4a5c287e06
7a983b3750e9e51
3ebb1d9d83c3846
2b283d6f3fd8696
06664b98cf184fc
1ca1a3db85733b9
7a6da5e80ee9e48
59724e4d1c4c969
9fe243969634003
0abc0706d291a53
5fe31173c01b948
6729e783239aefd
3871b67dcc1eec0
3827068e2fb6901
3b1d53da76211b5
55e1dad360c93bc
5733414952504c8
5b705f6d89978c8
376834e2a514ab7
6a85a9e6ba0264a
0bc05b7a3a09cdc
282ff04653660f7
8404425b03eb651
4f5b96db630d154
25e2905f460b73b
9941ac9f78ad2db
2c086d4d4d46184
429c8be6e09c0dc
0ab53aaf4273dcf
9235f7d60538525
4118d731efff6d8
50084baa95b51f3
1555c082ded06b7
0e7cd44ba9f3b49
29539822318a485
16e9806bfba3b02
8501715c4552c62
983b21dacfd9a64
535a0674dbe3a29
8a9ecd26343bb71
6872f7d65c93dc1
989063757105cd4
a4ad72687be7cd9
0b0a66acfd98448
478a238ac20d2be
3c7378422befaaf
036c673994ac41a
a06fed6f097dc2f
08d5898e2a0ba8a
09a84e71d436608
4f9f567d49aa65f
15b879fe2204219
411b7e4ecad42ec
7e51f634147f3b1
9dada1af137a0b8
67ad2834d1baa06
55c31989cedaac4
065f57e48cf5f98
2edad9402af1985
308ca2f445c09e5
090a9757f755f75
071a5ca88924114
273197da501eb54
6dbddd6663ed51f
39851966fdc2591
817e851f292e8c1
5ee1209218448fe
63f8aadcd825a5d
03180a6f0a06092
6ee939827f69ef2
54af96118cdcc9f
2499d677ea60363
a105d2497fb923e
7d72daec7f4c093
0880cd1e1def285
0f4060f18c7b6cf
93568b601c6f3cb
21714def423b51c
34132c4a7bbe54a
4f44f9f15528d8f
4d5a5ddbe021113
4ac05920c3766fa
48db4aae5463269
178620cdf4e6877
240c9b1edd8254f
261bf7e405c6f19
3594f1948875353
92f96dddf2f841a
0b64aaa9a52cea8
6540b092485a58a
898cf121ed22cd9
12500ca13859d62
20e56a9c7181f6c
8cf204c73c7b9cd
7f5a93221e8ab51
5238fa7cb76c61e
2e21b1f9ef63ad4
9ef229e8f459024
0f2c45e52a6614b
92ed064b85f8251
54a8996361c7616
97f25ca6530c4bf
2076c5e0a40f7b1
89f8e3a038ebc56
11112ce67fc3bb9
31f251219869766
3b08516ed0f5181
01a06d7537a3145
6b6e7a956652e68
10024a69ab50715
415ba7ed50eb2d5
6676c072a329905
3adac8d1ad582f6
13818c616861d8f
05016791e9177f2
a18632c0c792491
84eb9365700bc19
a09207e13ceb649
3dcc8cafb6ed2f2
58e93aece8d6a6c
13fd9e5d675bf58
533e684ea0ff61f
33f716c3024b308
5d80f28159cec9b
4fcc9cc65b71879
538343b46ea9d50
8e6a30a46d4d50a
1c61c8cd75ec40c
3263c7b70e17009
1a66b58883b9afc
4ff4d67d89850ee
5c28de8a3100fe9
7f8cc8c000cd8f6
61bbc88da72c551
3f3efad5f198435
9b8f42d7005191f
279ede28fdc1c07
5c91d9503124df3
2cfd0f045877530
624f87751a78536
5ac6addbe4c2d62
140a32c911879e1
0d3d17e620a02f9
8c243febce26221
3e53850814a18ac
2f849a8a85fbceb
659364e52acd3e7
012a3ebd86528ed
36828ac54ef9921
689147d3ee3b55d
0a7bfd84950a0ac
70010899d6a0dce
8586457a626788e
8513746bea0be4a
895f59af9703fb6
8120b511fa22dca
358da78b68e3461
7dc1a9a50f14aee
2e24deadf98ecd0
2a003bafae77e11
3dd8d1da520089a
3171874a92559f3
453cc10a7e033fe
019b8851f3cd56d
2a2067c187b1942
4f7ddf4fbede4b4
192b60a8c59d6c1
1bb11a7de5fdeea
9e3dee66d4c875b
2760608e21d897d
6510bdec10b3ad3
0df0f32fa16e62a
7034ddff02dd8ff
a1420208a66f0f8
412dace2466e561
a31d418c98ad82b
6b1873bef6a2ff9
a0d63f91106ba73
9e9f278a923a7bf
91d9c4cd6eae13f
8c9a7478047f102
0c4f9c8e2277641
1670eb696b6f868
1955bb3e93419a4
07ba71fee69fdd5
06d08982832ac36
23ba3197f823023
3ecad33a8ef91d3
1775c2743c41321
10829f9c98921a1
1d7112f3487efa2
5f4659b6eb94b76
2cd6d369254b370
0d28fa566fb4033
6eb960dca9cba38
827f1fe5a8e8db7
968ab59a5e22b33
53f4e865944baf6
0579c9cf37ea8a5
60bb18f0487b112
7046cf4933c29e4
01951540ab799ad
232a94079cbfb9c
8f0a3974e38b2f8
8549dbe35c84fca
3a903c4d2206dd5
9d931e1bf009942
266fe55253f726f
15ac381676cc0f7
5a0ee0a055e5fa5
369f153572a9d20
6cb1acf74fc26b6
509d259e4fa08b2
0b497be02343d61
6df24dec6395c3d
2bbb514b3707b2b
70112e10a3e424a
44ebf6906b1e6f6
22290a6c5f869dc
8e5f977c5ed51a2
755eb509e65eeab
3ddd4c1b3729959
5d4f4b1feccb0da
0e5c113acf1e669
2f056e147cbb774
8033bb710454cec
26c40c6b0093849
4ba70a797f6d317
7fcebb2fee9c323
0236ec66148b097
986eb743fd71438
73a900f69e59f2e
7d4900384d53a42
90703d5a4baffd1
40a5ddd5d19e9a8
35fcc1e90f61f70
4ebf2507e53c929
9ce76e9382959f7
6e48fb9314706fc
730eb3e59138b7c
5b335523629fb9e
47f682c50856ebf
6ac2e5b2d0aa726
9764868577cc170
6e0960cc16f8e53
553668d540c64c2
27fef1decd5fa72
94e317dacda31a9
32ba068eb7040ed
5d4d97bc256ef64
701b49c041f84ea
70a6095692296f6
1576bb8d978a8bd
00b9b30a27ab3db
2344386c0d5ac21
25741a4538e6b45
2846da38e9c6ed0
052f7aad8053018
7bd1cf0be905bdc
6b45d0f23155b2f
96c428d88992db8
57056344b845c22
75b0e6f0fb2643a
2a40356fe04fce7
559ca369d3c215e
23891f1f11825b4
2a7b218bc579b85
6c9c2e11542ac69
8e7745cd1fdace3
1dfbed77a3c53cf
94568e024232ea2
56d7027a20b74cf
717deb3d3c63a58
2212c7e0aa8451f
8c3d363f1c0b373
4f5ff53203975ec
817ef50f56a774d
7cbd6c40b7482ac
0f59c6f382f046d
57506cfee648ac7
8e9487486b5eb84
32187350a404da9
73fb1e0624fab6d
350d10e8ed7d321
2e76af243b837a5
7a02bd458ce9a76
4e632ca3763eea6
74c16e095337900
7e0721d793a95dc
a457329bfdd2d99
464f84d768003b6
9f1dd48d6296c8c
453d3f099c0ea50
85c57ca78e29be4
1a8b41c8e6e35de
933d01d3c1b94d2
8aab2f0504af2e8
1881ed3fd207741
561fa2d33549083
448bdd6bc094cf2
68ab7cc45191bb2
a1d586507cb36ef
90b2bf2a2092df3
0a9ee713f7207bc
89086cc7b150976
4a5eb2b264bb14a
6947e3667fe0c55
7d589492becef58
53aa0a00efe7601
4649ded1dd83309
2937ea06c41270e
6eecf5e265f19d5
707a21924eb7e5f
58b73bc7b20c926
49b7cdcb6a51c9c
0deac5b05e19add
997e0965f5fe60f
1b39c70b8b8b721
96e9fd0c80bd1eb
6757e5d978eed1c
006be9b07e3292f
7f116a9b6debdad
4b066a70472c672
5e5ff5d57fb62d0
8206449708f612f
5fe1307a289bf8b
2031e37c06daf5e
989f5a36d30140c
430f59460b44c8b
5e8425fe98b74fe
5e7504abf829ec5
57e888b61e33c35
a00b4c9325d1f47
5b8c1b3d822a7df
2eb568b4c0d3f8c
274afd0f1dca1a9
a16304e9a923a80
4e9db572a03a1e1
12e3c34626c356f
2ba8bd89fdc40a2
616deb359aa0741
6a88eeef365fa20
2ac6dc6bd5d28e7
9f957f9c0613439
16d0bef41002062
0bfa3d39f352fac
4c6a0a2523b43fb
560f03ba3d1925d
6a27ae0438e1c95
8e8ac656a0a6dfc
858e1856df683cc
8b4ebdd1ed22920
8d0fb4dcd6e19bb
0a0ece369812239
712aef5c97c02ea
0396f15fc506ac1
51aca519ec83931
a01a4c9aced807e
57cc4a7050b15d3
05a89499cf1f180
2c41a7889deb50f
2e6a1b781a0444b
5068a870566f3de
3c2992ec6529adc
9e34a52f4e76bac
2d60e6b51004075
83a874a0c4d689f
18cf4de9cd76553
917614935fa739a
4cf8a6aa2a463dc
5d2b6d0aa01b5e3
8182f30bd1e2d6c
22ad31c6bce10b0
2a867d7a0c03fe0
6eb27a025d99d99
999b0425ebca0e1
4fac9e3c3304c99
8f99baad677bf51
6a3d39e205c3d40
5d6d2b15fa10624
29480a6bb87e022
2c8e5b1c79810c8
1d3c4e693a8b8b1
9675939401a540f
1da744ff9e16ee8
6f2a5d43551801c
2066d99816815ad
48ad3d2ec8e1f23
2592e673a349680
3d8fb2845482d31
1cf65dc0646f136
a2aa48f08fbc619
2e96556b663d526
a2309b8c2258957
91b6e3fbcda6fc2
82d75e5feeadbcf
5198005c6151592
509e3e876614356
05c3ddd9bf70ba2
2489fe5a2b83f75
3d3fe55c4deb783
0565db1530525e4
76408cb7feb94ef
2a6ed791efe5f77
5f849a4e8734e6c
8dc95e6944a866f
8341ae8b6d27c35
9c669b370d70674
9d0b905a4a23e84
339620b2bb32969
681dbca499a37f5
242c3fe4ef02514
64c07e02c443b0d
3853c76aa7338bf
5ae1253ab680532
5c4ef3b1c8ab702
56874d22ea4ed06
663576c4dcca31a
95794ac0093f666
55aa501ae24473e
720ed102521f8d8
8efefb31e9be878
7e3dcf35dffbe93
28fadb42b95aa05
4ea636dc8952f56
35204db517c46f3
55af1d361888f19
86cfadc6f58fe51
646060a7bc33e87
5de16c1a0e0f2fd
0d2919c181e4af6
9937352010bd20b
9ba2396f33cd3eb
a16e7edbf3d74b8
0de1a0560cbf4e3
5ebfc45c044e773
2d9429d77b352ad
3e3876c56d54108
a1a315d269f7fbc
5444db01d68bc51
880631b60f39fb1
a1f895af9dc7571
30b26a7d16af6ce
038c2cda947b609
153c3bd03037bb5
70b2e3075dcdc18
537735ccea16a83
43c1955a9861314
8f4d355c8732e7c
85ccc4e62eda688
303ebf8c00df65d
19d36b588cf3ecf
83c0d7495ef11dc
6f6531a6c745b90
674522890567cb5
5cb56643f093929
26aafa26cd2fddd
9ec96bb7b4abb99
930ada50fe788db
2422dcf48c6b87e
58b708fb1f76218
86719d271d61b2a
154e109816ee091
1e52a69fc65563e
2f7fb10ed100fe0
96f27b64052c3ad
0469ee3f3129b99
5820e13c49328b1
1a7e1033fdd0ec4
62d255da0d89db7
72d77fcfc781fae
9940bff5cdb6e8e
7e501fa31417c25
674a494d5a5cae1
650b42786f698c1
55a62696e27cadc
23299dfa0dadc2b
68f7f34678533c0
8093eac21c8ee76
32809defc5872de
14ed7bb89f55d42
4810deb5f1583a7
4e68512ccfe70eb
8fbb680575f8480
65a2ed8f7bc5092
8ef71daf1ef5084
6786efb18476967
0b32a0312689999
7e9102e3fa8086f
335b003206abe9e
5992e87271367a7
4e442410117562f
9851cb84f70afcf
8370d13ba7106e3
65c6e80d97c7f16
8f471c51a0c19bd
99eb10e5117fc1d
77b86650c5721fb
9b3d646c764c3e7
0ca26593be34e57
6e2a884d2508a7f
433b8e7a6b0da95
04399b6ae56ae6a
27bc0dde4d66be8
1cc7a9b7e997b7a
2cf3a548bc959a3
14c3c1a527751a9
133d8b97643d0f3
44198bd5e86e02b
853fdac69297675
a0ecae3824ad013
095230d2c2e1a4b
968b5e02ddc583f
78a80b09e17086b
27564f4b9ab8384
783a9767ffd090e
5a0f826312535c9
9cbb1771307f029
a34ba7d251dd71f
4d79448249f84d5
0fe708221cf7b83
a243114d5f959f1
4d018691283adfe
18352334affdfd9
714e2e6c1d48e42
23a0a678c4cf9b7
5cce0f7219b7ba9
1a36872b1764d6b
006c83b2b571c4c
7483fddeb93f084
95b36568ae9a0c2
80c52fec5e59297
911beb6c44871e2
34d682c836388e9
9087e02902a0289
7819f6941dc3d1f
5439943b1e96ced
139a107a8accd22
a099aaae2262686
48fe4737b84dc44
79cbdce617ea2e5
42194279f0d599e
253654889c254f9
5fe39c1ddbcbcc5
0a49ad34ee7d314
50976b9f0a7d38c
7fdec0c5c295d59
7269dc9b288133a
1f540da3364c4cf
4b11f1655e282d8
08fd5a3b2c5e6fa
413668ac8b73177
97d1e20f579d641
5c2f905bf1f3c86
1bc994be51007fb
7a19f1eb4683c12
3a2f3a077454d24
5680fbd87fd0e2e
32a5fe6d6ffee19
80a5ef6d37059f7
81154f0ea32f343
81a6462e5931d17
699b7902acb4707
53f65f765d4bd02
923b82aa88d34f4
36aaad365342c23
36aad0b2d87635a
0d6ee9596032799
8bb9821954d1aef
445a0790d3b51cb
26fd38b8d5e1ba2
23a0274e0a64b60
a355d538159dd85
1ca62f794cf3649
13cbfefd228de83
270ff9b36996083
62ae217542ff1ee
72b48fe02e83ce0
74e81084e2cb07f
a0627befd9045a8
499a99a801a74ad
4c17381e933950c
62e52e1f33e800a
002ee25682d1715
9f3b9acded8b631
395e3c0d5f6a923
655181448d9e264
0335d1ac6abb1b4
6ff715847ad77ca
1271b369cf3e0fc
56df210e609915a
8b242301217a733
719e3ea0bd5c575
4853f59a63cdf38
63a3b63a114063c
31beb11d7c535d0
66a55ae46be8305
48dad0f736d6f4b
5deea62059289b1
572f942b0539267
7a02794394dce04
01a0f907e8171ae
a15fbf07e09a2b8
1061d93bc2cfcb2
1758eff91fb690c
289d4cf524068ae
710262a14549d6a
5ad1dc678d89704
04b8fdb507517a8
70698b1caf98cfa
5bcccb241a0cb3e
5d93834cc30ee4a
a34a9df35ca76b3
7632944825b9f81
57d7893f7051718
95a6af18cef7721
58680f6223cf60d
6e6637a596d0fbd
7f3c347ed35e2e1
7399fa556179c68
1bac2f40a5e79ce
541a44a80b60560
53857fde23f7194
7d3bfde6e43387d
679048fc0271872
8ea2ed9aa65242c
0f97a3198fae82f
853334e6cf41fd6
14ea060f8122491
473106a5d2fd849
49241abd4a0b39d
2170f8844af73b6
9e66acf47b71a79
803185eb8b89e97
1b747fa31b147d5
88e240954c23274
a14f641f019b970
20a4f589adbd983
01ecc6b27ab259d
16caf6fa4e36ba2
1956ad88f5c907e
214b05f58c4a9fb
92b0cfc2360b9a2
9647cd9a994ecc3
a29e6fd566e55a0
3745046e25214b0
3ff257cc33b0855
378cd9e4528a37b
85d3edad2ab2858
26764a414d06bd1
2ff5f474af0ccee
2a75afc2266e5cb
0d634bb777aed3f
9f52edb570ccfa4
01217661cf082c5
2d518dd23a2c083
20f21f7ad2231fd
3dcf2f6208dacf0
93d0157c86d7a23
227af2ca52889ee
8dc35645e0cb744
433eb3d71c98a94
55f5f085a3c01f7
a48111ee44d0b35
6ec6f3da902f421
04028a27b6949a3
78d0ebbcb48ffde
958ba2a5b3c09a6
122b619c03a21a3
8fb6cd629af5151
80f8fc7a3e2c87d
53a88922f3d6c8c
0de1cf011ff0935
4dda5284ad188c4
95e3f0ad8b7e8b8
59a177eb62f9073
028bb0060fab1a0
3269909e7932404
871cdda61ea6998
8ed247a2822baae
93baa3cd4e3a231
4e5243ab9c9a798
836f5a5168796ae
573827d33fa16cb
80b21b1d07a6ba0
847f0164d34f893
5bade2eaad67148
49d2d29cfca6563
6ffa09c876a7ecd
53505186e190872
08cd046aca13e01
360862b8ff9e5a3
0dc76f5083415d1
7a138b9e6dff20b
6c745a90e1bcdba
3d31d54e3ed86ce
72fceaed7306c1d
29c8c54eee04d8d
139fd600c56b762
22144610de2e157
41bc0459281ab67
577138c0e240010
862d0431c435101
30c7befb4535388
6f8d92a05119d2c
264182383e53c1c
6b98562a22acde2
5fce8985dcf3d7d
3405dfa0488bf13
8999314778bef8b
98786092d276082
21ee55626a782aa
793d9906282b75d
261b67419054de9
0c1aa28c5ac2f53
3e6164c950313db
560d72ac96ba24b
0c112740aa766cd
049f4b35576b386
54deefe904ded91
157ece21e7f1695
521339f822898c7
769f53d4ac25d97
44defe143c2d87f
427733faaedcfb4
178d0f041044e82
90d663f5de2d436
9b78fb9e6887ba6
088debdf15802d1
3fa5b7292932d68
747b3a8f11a8bda
8d785afcc6b1c9f
2b4d8daccb93b58
1ef1ff8a1d8bd0a
9ccd26e3f16888a
98c9e4ab141fcab
4aa5620a6d9b5ad
90c5cb9b1511051
628e583f397c3ec
29bf189a86991e0
5b56550009e8347
559230183d3a33d
039cf64f7ba0415
80262b2b2e8891f
0cdaec33ffb304f
3a83488b4e122d0
4a8d5a57522327f
108e6884c39237f
2defa2e62c051e5
881389e7204c1b9
62d3153288836aa
60a2d52fdc21bc0
7fd93e4e4878420
5e75cb09e41df3b
8508bdf3bf970ba
210d11d7627613e
37c80430c7b394a
9a40828340962f4
37ba384241bfeaf
60b8ef698230f4b
63a09c88ea7e1fc
9f2a478ea77ca4f
163127e8da0250a
8bfec2baf4cd309
4e2298f0238d084
120f7b35b4e4d3b
6c6a342eda680d3
8e3dd5e23411aca
4da4bfe09b72df6
9b693e22b0a8c86
37da51cb74fade6
1e692cfcaf04bb9
513345b344b638c
2802732a2e20359
979e1f08d132c00
2a3c37547790d39
844334094d70f88
4237c454b0fb1b6
6a8020b338672cd
732d2638640df69
52f9cb04e035f8c
12f52f2585a7288
44b5553c08c1256
944cb6c1c2b433f
763087b3baa7693
19101c7bcea8ce6
74e0240e321ef91
5dadf312fae6a74
283723be7b4e3e4
1f1c3f5acffcb33
6076902338f5f22
670be618ce550ec
58379d1ad8898ae
18eacdd88b86e5e
5a80055bb17d5c0
144082a02093a98
16ebb3054b55c94
090bc13fd899815
85f28da3dd69158
363f9269763ac31
91e46226220bfa4
1d2652f94b7d8e0
9c8128c8838153f
a1720d2cf91fdc1
6d2e9170cacf9a5
2b14c0a5de54028
6bae1b90a3e8aef
919c3b86fc28ec5
1dc0e26af3a6ded
01ea976e28ecce9
329bddc31ff7a71
0325b3a2175c02e
99f955938446c4c
4641fd149b801f1
18aa75a59034d26
a3cab142b48cb6f
5ebc5bfb222d33f
4ea3de7395bc9c4
3a74900bc658a6e
6e447fe184bea24
838ca8ee1ecb8af
379b23e59e29d3d
8ab02a71c98050d
8c648c760330a86
9e6e9d66c5f006a
2e48e97e1ebe867
56346c32d4d1365
038dc31d1f34a63
05182df890154e1
9aae9984720c23b
67a16b00f1fb783
40352937f1c03c2
924124513d55e0b
1032794017de36a
a0cf5b1e15305a7
0a9f9181687b544
2f720aafa7fe2d0
250a53722641454
8084ba59d7286af
71fa44d43dbb775
9c893978e953e1d
8e06cd9ff672946
1073b29c78fdacc
0db8018a4c9144c
6f2203b944a84c3
80a1f09b3f948bc
a1be0c326e3fc66
73d93b435214699
839a8596174ff89
9ce01b2e3a91cb6
0cc1e2bcb3bd025
88db2883bd6e612
252417a92cfeafd
5dff112b3134597
178e2660b4fb835
27e7f6ebfbd3427
0ec339b1bbab199
74679277300d3c0
2ea279f448539b8
12964f46edc320e
79a83d7284e8c5f
692ab5a89cd5dce
25d4141c4916ee7
70bfd4988055236
418749472859d0e
21638b634890e66
7bc00ebde69b4ee
7d290f2169524da
0539dff2ea9ccbb
48fcdfdd4a440fe
2c1b94a81dab5de
2b6ee9c70faea04
4f53956e1056632
6f8d25564068e9a
02041344376c77e
6e4d8e517fa2151
62b75f960eafb43
069bb1067cbba8d
3d7f9ab3d0bcdeb
5ad3608f3213118
77d45ed3c7b68be
806111767700f60
5f00deedbd658a3
52c16f8866b24b3
26a2b595ae7a392
48429445fef0feb
9ca8d3b91d5b6f2
102383932746eaa
595f3af32cb64cf
2c2e2868ffc16b2
9e7fb90cd675273
92304306fd261d8
6790da9ff5fe175
5c9755bf8d18a4e
356e4559e328e69
32e6e2bc92090c4
519d788d82f741f
5dc03ea64d17fb0
333882535d0366c
5007832f66dc66b
8679c5cc546e03a
2c740d6db6a05ea
15778f72171ebaa
41b1e23100ecee9
38c2ea815f17128
426e15b89e752d8
7c0c7683b7e8db9
13703a6809c0b26
34e83a42d068e1e
9f06b33872c18c0
7022e5dccaa1b1a
43d010d9662ebcb
877b8d21d80666e
7da3bcda2d25834
328eb1f475f0da2
6ba6a6b5e740c71
3e49c115d1abf5a
3f84f53433b8682
30ff23eef0e3f64
66adf208c27de45
8101a97bd9d88e0
424ceb6fecdf35b
52b0ee59f9c312b
346ced23fdbd396
5c63f426a114781
71a9b562e632535
3ccef769f5e9d0d
85fb5568a5dfcc0
68161c2396de165
640185fdeb09cdf
652a153f76783f5
2582c533b41fcf5
455040e34124541
3a3b02abba9a804
0540d11f02617a0
3e8bedfc511eee3
63ae01170e94fea
5094660a5cd6f05
2c4ac69ccf83832
64db8ffaa1a07cd
90a98d8315fea0e
8ec99fbd798998c
2a882f50cce6b9c
325e673d1e21f90
83b11487058a599
873ff279918eb17
82daa416f21c14a
4664550deb94fac
50fea41caf6c1bb
05ca788c83bd4cc
2782669ecdc782d
8939d7a0565e842
6b3f8aad97c5486
1e138b7b53643f2
76dcf9ed726faaa
342b127443ec58b
0ea1682cd1e2db4
2166033921dc8d4
9095bf83cef4ba6
5c1749b4666c1e5
1fe7bd0a76aabf1
6b21e8ca4c76d40
3c49876322c180b
4d7ff3d44104f99
97ab26b0206f05c
907cc98f8bfef75
8582d54a8c11e54
6a839b1bbdb58fa
51342fe46b1c8da
a15c0d46e0f19e2
9081775477fe8de
2bdf9fdcc04f052
6a1dbb81fa3c33c
661a4bc76e2ff55
097c4aa74355208
4df8406ee6afa3e
9f4b0e984b997a4
082becf27bc19ee
754d5755335ac86
380fb48390d963e
937a569d4870f95
4ee644e36eba2c6
0b3ae84e5c71a7f
7eee4254d7b1eec
4c917d7978d3b21
a3426700599f3b6
049e91f6294efce
8e66352129af201
7551c76c4a79733
3f27a82b8bd4dba
2607107fbcc5d25
87163c7fe4a69b0
239c9e021386f97
88158a1df166a8e
638dff4955315bf
5328c70d9a30290
3c9e6906d900a4b
50db2e6bc453bc4
863e8353ef4defb
4828a56c93667f0
474dc94e107ee44
60cee39bd7e660f
0a224a395deecbe
44c7166a63a45ac
40c69555e6bf2c3
97e736299f56e39
481458620f14fd9
5e9a6c7ae1e859f
3b2a144b119bb8a
52f309c5b50ad6a
2cdb6984b6d569c
9d747b46f4baeca
37c6d61c22b9abe
7e58a045c46351e
1717844113a802a
66c6f22b9bed2a8
820be8175648906
4c09d226b0bce4d
44af1b95fddae93
3f90a990a6a4c8f
45a583e22afde1f
2a87b9748ecdae1
57372253358d269
39c042c2009afc1
5d7d491a41d4da4
0c26dec25eee2f7
26436e467b8525a
85977c923fb6f00
76624706cb04cbe
69bf9f50c9065c1
9445b233bd0991a
6628e1cae379727
96555283a9efb50
668c054e782f726
97134c11c511a6a
8c9dd4ab0735ffc
4a34f41ad92188d
72ec013ac24353a
6aa3d0863dae6b0
4b7ed1978cceba8
345ddce75545c0d
519e848bf3851df
a0a0aa2743cec4a
9cae1ddc296b1f1
088207755686721
92ba2c82c09b0f5
97c8b24b81bac49
088f9a580f8cb6f
891c11793881e69
40a753cb59b54be
588232ef63a8c71
28ef4db2c85e220
07920a0cb581523
452a5da47d88022
6980476a584e40c
3ae34684b03fd4c
537ad4aba633a42
48d564de6750f3f
819502673838959
1673a508f1f0e9e
7c53fbc14b4052e
43e1c09c03335d1
58ab980c53052eb
92990fec95bda45
a238409b0bd7f31
51d05b1cf1099f3
67b5ae67e788d58
5c8019b3c8f7866
8e76e17a6e4a56a
9c905bab783bfb9
72349d959659124
0f48f1e61df60c7
05a4144460f6582
1254e7475d7f025
08e539275625cbd
6c002410052a808
0d165605411add7
121d7578721c43d
6f0e2a9d982c727
9acc8af39e02f2c
5e62f1cc7836517
25b1ccdb7d3206c
9bfcf55d4877f7c
40b01e6fdd243dd
64ae3530bb358c1
13e844d28992cec
00b4a972271970e
3898c0a91b0061b
32b2123af073f0f
3667c5d51a0d40f
6b7393674d10e19
6621f4561b56d44
8e55df69272b915
5cbd3e4641e0715
2b40c158294dc86
4f8c95a35a896b5
3a186adeeef9e1e
05620a943246287
571837243077326
842af5acfdf4463
81d92630f209c46
24268d4c9b32451
2e84618690ed480
20ca1ddda7b78d9
624fcadac8dd613
2cab472e429790b
17f11dfe8956e4f
55d885cf8bda129
54f710fbd7e9171
4a43df1b9d5f9ec
8a93a09e12c8e33
086ea073943f405
0efcfc31c7cf580
655ad9d5c168cfd
5816b64a24f58c7
3d1a960037927d2
03f546adc947939
9ff3317347a8530
1c28a5a888b9c6b
120ef35d31f3867
99d9c768910fc8b
78de3ecfbeb0488
32d26a4162fe36a
32d10f21501e088
4c9bda84b575a2f
82810bad7581f47
185a78e2b64352d
244f21802d4ee68
3071eb62dddeb43
5c40bd90fd8f8e7
944a85bb89989d4
9454b9b4ad42855
08dcbc21ab7e825
a33cf96133394ee
94a830692d26d71
4b1f0a78e44085b
1abd841684085e2
0a309fac1ddb084
4ef4925ae8814c4
11a50636e3ee7f7
8508f10e4971690
6d09393b3ca7bfb
8f23aa16069d463
6cd3f1428faa2b9
626128d3fe63a78
48970a350820bca
9cc58d1b7bf3c51
03d70a6a7bca36e
80dfb9c42f11ba9
026efa96db19b0c
905ec8ece3e077e
6b6f64518aea961
6afff62f5818828
70603cebf697f4d
1f649e8154ff306
4705954e2911418
5f9d742d81f7536
69a41d3d79fb839
16def7700af33b7
35d43ed4172f7be
40b2cadc97cf39e
9ad0e041b88b661
8a0dc990aac4e3d
447cefb19d078a8
868b02826efb73c
48a5b5a1dad2fef
7ebd463a6a4038d
1133fc913d413d9
9ad2bac48564354
43a5b8b094f6c26
33e264012dfc934
0ff7d147309d702
7cb1bf570382a06
51ce0d0d0c44b35
4aebb1f4d0f4204
44be45bef6d7700
3e1aa5220fec2ec
5771bab6f2416e5
853bb935ee211e1
4e958c864ebe36b
949be161bf99982
06e5fc18508e3d1
4da669c9baa320c
8694bedd4b72f2a
1f1a19e586c4bcd
7a6048d0b7b34f4
7dfc0f3496a3e7b
2317a08c330b683
86df6dce38ba8d3
4b155c2ad922fac
8a76e92617d6c83
2a8f9a87ca2cb98
1f7d6d4ed9fb197
0b9251340100aa5
64aabb3db132a3b
a16fbb359666fc0
5646f0e128f3a65
7d2f46f4f2edd50
04b0d3c977cc554
431868f12e1b016
60c9e062079575e
5b59baa73b6ea67
3746a3324ff71f2
48eec5b8a05a89f
761f6fcdcb74fa7
7dec427a18355ee
25827be30dfbbd9
3672f3c85279ad4
2c62fd92be3852a
16db1500e1e7ff6
356997fbd934281
5d1c6e0a9601a5c
1a78c30966ba08b
39c224ebf0cf25f
a32a7d0a76f4bf0
3f37e7eb09f7fef
061b8e5a72c2688
6219971323bd7ca
1454e62668346ab
347a5121596c204
35fd1736bec8c61
7f914613a2a5680
6c8d65fba88b9a2
9256d158a4cad04
89ee62b14b6ea27
497e4b20001b4d2
7568d8ffbd59b35
1993eaa96f93894
95eb215a8c5738e
5d674ce5e68cccc
6790ae3fc90dbda
1c485eb3d9ee3cd
0e931bb38dcc1e7
3f6185b8a125595
62661fd1ac34612
9e63a35e8872f45
a154aef9f40f692
617d51054c47890
3ef5dd529da4885
26c5bd0af2d5da3
2ae469f60c9a0f0
a470a327db00945
0c93bd1136bcb6d
153393c2c0198be
6587874ef4fc257
46a41f049d20c5b
247b21a4c6bd071
99c64660213e8c5
72f6f93c68aeb39
6344f2d3efacf56
4224a8f4ed07332
4f9a3f044f2193c
95881ede7e84177
7ea0fb8b5b19774
a14746e52499355
5ab3d29500af987
07f3a65c04ead38
6d2f38bbe24b5d4
5a70df5a75ecfba
007e12ea4bc7d3a
a3264357c68b5b0
4221ac4620d8908
8a90d73a26b925c
8a3bcceed44c8f3
86bd22a4da85685
31d307e6113ae94
789d123a8eef39a
5a4de2cfc7db6f7
4a6ae67469110f2
98e87a4ad3fc38d
2b72deaa98abd0a
42a3941e8047db9
25fd484e52d7798
8d5870fcf68e9c3
4123951987a4750
07022ac764a6d2e
3ccf3b71c3ee031
7e03f0a4e68677b
627f96c8fdffeb4
9d604d555cb1c63
15fa24b0bf1bdd2
804195eada98c66
3d1746fcd0641e4
4e6f2905e406c00
06802dcd50e91ca
7faf6d2035727cd
0fc4c6538417147
21f90bfb36532f0
46b7de39320b539
292b8c6840c2d38
945f477df47455e
9bea2a605fffa32
1cb073c12530377
99c335f2785423e
0826d747c6b6fbc
33e82665689062a
0836667458e9965
9d0c7357decd8cb
77cb95125e7b280
0bbe4c3680ee097
915a179a273d4c5
70c454cafc2dd24
1717c65e3532fe9
24dc88388930403
5fcd7c61904b301
7bc118b2048a8b2
075dce8dc6c1ae2
102b8fe3e7b1cf4
94286f9d78d1745
a47ec7377f8cdd9
7ae4fef7f850249
68f2053328933c5
65663bbc3c3699a
25de95d9b36a443
31fa42d35354b31
5dd8b06e544a3dd
009c84cd32d33dd
2b5aa4b890bfdc1
5e85ded55746484
63d4c1760aed27b
54ba2d65f4e6a16
79cea67c20365d9
2300adcd918bf8d
5991ad69c1bbe66
48b65a217153a4f
0d7fc3704038e73
83d4b98fb3a5b04
228f024560af1bc
48f57bd9e2e18a4
6f33f3ebf961a32
3bd5258e62ab678
8020e6604b6d3e0
98ccf2b7eb7bacd
6c662bcc6b1480a
1fd5270d72a4539
91364e875f8fa80
2596c4c3090e7a5
50f049ef2c25d40
30b6120cb2e9816
504728b65b48bc4
436a908a8bcc0c7
4df4fafd7f200b3
14d8ba5ef119ed9
3df9327e2c3b552
56bd45c1bafc728
2a8255ed37cab85
310bd5a0de58354
4623163911dea4e
13cf2c15bf7cfab
0ca85649674dfd1
950f15eedeaa34b
0e2f5e51467eace
2a4d3267f30b179
72b8c1c3992fabc
9e6d0db7cddb0e8
11de17924fa3795
9aa1cced989d95f
8fd90bec5a48438
474d868092781db
27348cf633e17cc
133f3ec4e96e3aa
0de5796f6fc8bbc
662e8b6da046b66
41ae8c97748b269
35ae2a64f2bd995
9ca9db76c4a427c
5fc5aec7be59d7c
6b6334bfd4ea833
40efc765bb02de2
0e8244388a8f197
3513414c3af1ce8
207122bb693ed01
8fd09e92bbbc44c
0ee95263d23a509
03b17712504c976
47702e0a8be6762
00c807b9ff8bc3e
41651ed812a3457
11477c5255e45f4
2b98c3add77b5d3
81eb6accc9c078c
8c67ed1e5469d5f
62b8bb773083178
55d69d418d82306
97dd2acbb596a97
565a29d8197243e
3913d7d641d43b8
7f3d85a74537ea2
439d07f732b37b6
64c9d946be05b4a
5764599b767ca19
1ae5a4b1d8ca272
3c8d9f6c3e7d677
375fb272bf0dad6
55c9bd6f06c2b59
6c882c6a6a72364
30111caa9f92459
6729871e06558ce
7b394f1ec1e5c43
83bb98176ae4cb3
4fa09d57fb34cf9
582964e9b671e36
056376779978b10
74747bf924225a9
2ea9e12c9b8ae0a
745227aea21dc84
259b742d7b82787
5a2e661f53a85c1
60b521f4c1bcc61
5206a0c4c7ec9a2
40e6f88944abd56
6392f8a85cd6564
168bda21f265b5e
683f64001e617c4
7e4ed45178595ff
07b6102852be023
5787f109924b623
4bf6f093b574a80
06af99123953c0f
8ac6f7676aecc24
86ced31d1630b15
5b9c15a878c4917
4bc672e293a6ae9
42b878bef844add
5e31c1b9a36785c
119fb185583f32d
37b37e36ace2a3c
51bd05afd00de00
1c2bc55e3ae632f
920bfe5387b276b
4da435940f066b6
51d8569306cf6bc
2d4162399b86a0c
5a041f6dc2b94d8
11d68cb6552d8a9
7c16e7595a9eae9
22d86474ee55af6
4ea12aad840f84a
7b58a3bed5d639b
9096283d609c555
2633af8dd108175
8cd517961803a46
26312404a7aa84b
429217c3c61a0f7
8f242caf586c9ca
6053952900e8957
386a1212480c9dc
86916fbf68bf02b
32f1e4efe0d0fc2
73f813e5b0b42ca
02d8717b5b97be0
0701131c682f91b
3a345fc3fd7f66c
25bce5b3acb250b
44a233ab986c6b2
834a3b173b69def
31b471691f32f1a
a2729149caae6c4
8e28351dbcaeaee
704475b530020e3
46ca39b1bfeb755
19af821b04765e4
7f871405630fb36
862992aa6ace180
40aa6a6b2e07b89
7330db6961cd14f
7b6d34978eaa8b7
99bf923052dd877
939cef39cb01cb9
3c5aac22b39be47
1a956f9c97873a8
3f66a41fdc7eb2a
3e2d81659ada57e
5f3830757789ad4
4f90b9b38022f08
006e314a3422bdd
4995399160dd8b9
4691c25f85a86ea
6aea3cf55b7b2e8
3fc8415cd6f35a9
761653134ec49e4
0920be5b456d8b0
539d808dc1f7aca
2867e218a5f4cba
026eb1c7e7b4ec0
485aa081bfd952e
48cf1e37c4ebdea
1e373bba19abd72
0e1490f3f556e85
0c519b22d4dd374
6831e4fdab7476e
629366a85526bcd
31205bb7552845b
61d4b1f076a4f08
7f58e45b71569bd
2809905082089f7
80b3e5b43d87b69
8ad3288998e1d64
81a39d6bf443279
0a9cb91f7b624a6
0a2298bd429c678
9652999bb8d609d
85aed43fd2ded51
63625b62c73147e
5e6e6fd96f7d600
731234138832a8e
22463e119bac433
1275fe28184c789
1571bf17afcdc3d
1c185817fc0ac0d
7f21951de6a0a2e
3463eb09d4b335f
5aa4e839226347e
1ec04cbb4e13837
731de65fe3c8225
16b88dc6aeeb0af
106e8116bc79757
776a4d2d4a6228f
2f82f9c365dd464
3f281c0cf29f757
95735f3f9d48e1f
8e889b81eaff2b6
8d71d6bce2637ee
9e8e911641fd466
a3d93d932bbeb0d
6e1c7da2fb2975a
81fce5ebf5d952f
1396689784a8bab
4cad0f40f2e9702
4380bfb9294ee12
5fccfa774d0a51d
3b88a14d0a476e4
52f83bd230c65ba
1931e478d270bf2
6a7fbc026f0b27b
96fc62b047d44aa
11481baa838a098
6a75b38e1d225d7
02d68714bf164b1
181be41f63cda85
75604438afe8a8b
534d33171f899fb
9b764cbe396c55e
8f88ed6c8b058ee
32cfc7bb0ab14f2
70f58b59b712793
3ffcc931796d7c4
4529da2b3d0e06e
10d61111c9db965
07fa305081f681f
72d52042b0c9835
691fca852402729
455915f55174582
1b2d54ff5daa096
1e233041a0fc6e3
366e4a17303d9f1
5bfdffc838006b9
8cae09f73f72224
800071b808543b4
3ad763c787c16c2
5e8591903f65e79
091a23889ad8ba4
a310a6d8c19520a
5666ec70984a108
2123a84fcdbfe85
50e3c42a6d48c36
4a2f2d4d3f62d3e
98154e5a24403f4
63e8c9a6e1d386a
0575e59ea87a3e2
7e82440203c8428
84dc7c4ebb2e7e0
830700714bbaa63
66157824775c40a
69699ecd0c5548c
774a868f30aeacd
84cfb492d70e456
6734479c4990497
45c241cf2a4c607
17266280a790b35
8115c7c319b427b
84986717b6899e5
9bdab146bcf604f
5d90e7d07361cfb
3df50a5a554c8c5
6306fc7392283a2
4ebf4efb6e12c16
28d4a6c3568e272
496e8a5fd8fae81
9cde1a79d8df91a
328392a2cf72eab
96d16222c12f237
8e6ed8c1678d9cf
99967cbd8766e22
589fb891d90a2d7
578f8e52a2ca53d
5c69d46a1ab3524
38bda09c18b7a05
9240aa1fd8095a5
2916a1813e03afa
15fe0ad95eddeb9
75d3350293ee542
815a35ef4491a06
325c77d7a526ba9
6d17506d7f139e4
99eaf2c93819b7f
64dff38bab702e0
7857671948bcbd6
0bdeea6f4acd373
24a5a1c60c6bd42
214f174207bf4d5
5e3d53cf7f59ea4
70907fa20807692
0f0c6fb46b80fc7
93a3eec42e92f18
7c8bdfcf95a9abf
1efbb7ba4b6fd30
5d6e4fcf73e4089
0eacdb28937df7b
58d7f1de13bf65f
1bf6c38b5819f6e
1d327ad01dba30b
7b38cebf8888adb
1b5d90fe2510017
23d075ccaeb6d7e
7e29b1b0cce4165
9ab3c0b1201032c
45ee0b682db4a84
15f600c12ad9e77
06e40a8e78831ef
5a92c704f6723c3
3a62bd54d4fd370
5ee9764a6743309
4fa30eda4904d13
367fbc092a3a780
23eeb18998b552b
2224a24f887396d
89c3f18561ec901
714879924bd394b
4f23fe4630701cb
1e766edb4f6d557
7658a5139b19741
653946a701e8dfd
94d0606ba266e98
7074ae8a37739f3
9e9397de617b7d3
55addc4669ca6b6
958e768a27f66e2
160a54dbf08cf81
284e71b75539f83
63941487f9d0578
3c285f1a77732d9
3b070545c363365
55bbbf4e0415ab6
2d42b66030dc7a7
560df760b7664d2
3d532a390796aa4
72f25dbf1e8fccb
47ed8e70ab453f5
6d05c5f261955a1
5dd256517360b62
72cc974684dd38d
3639f0fdb131af5
a0c845bf0c2a4a3
9143012c466ae27
85c3626ed4b4942
562320e567506cc
7179405b50730ad
5045d90302442cc
30adc58d3ab223d
29e5d4a6c7a9105
310380fa87d2fed
343ec9d28c4825e
01b0ed5f495f42f
3e9737dcb49bb80
1db4d40dbaf8b7c
590730ca79adf0a
2209c2d3a4d8f52
24dfd3c947ff54e
97315e915c06154
904d52f3d5fc73d
71db22532e740ba
01ad2605885aaa1
4564df820e9fdeb
737f17959109e57
1154ebb0e537d93
8790c01c636dc46
43ecaf50d56d419
7c42a278f6ba322
9d9a68323b34441
63f858ec4e45d90
571e2e498b9dd08
5782d8e0e3f9348
463350b1302d1dd
53e4dee737891cd
5c2caece34864cf
1a0351fa01b4fb6
020db8ccb16468f
798e6cd6776f131
3bdf9df355a759b
3cc2aa3737162d6
35567679820a9ab
08980c460562b47
20b09cd17bbd0cb
446e186cfc56e03
3da7344cc266309
8626bb2f41e5899
8586b690e1396b9
00bda1347d1fbb7
960fcf4ca1749d7
853ba029f9dfd95
17c8ebfff2e525a
88320894cee8690
8177aca8913eec0
19b06f6b1714df6
209e35f101ebd56
3495564d2f84075
8dfbd1a040d40a8
3672a44cd881187
356df891a03d49d
a3e58dd0d772631
a376242fadae3fb
80680f84435b245
2d189db3594c613
2f63f157cce49a6
9da830c1f24a987
30238952b509946
55c6b712a29fae3
93fa07b3d727412
40cde90040efd58
84208c1fa0f4770
0c3c4f162b34e01
1d7f87e5dd5afcd
23cf33cf73fc5dc
0a485daf5307c29
6eb3b3c2af73716
186196012193023
77c906209073822
0370f245caf0f8c
797641efb04205a
557bf63a1067eba
850a6b9833ac619
6ce4162bbb2d3ce
83353ada41d1595
33c7d856b9a9d44
a00b639ec41be11
243520792e3ef36
8d2003e1d07ee2c
4bd1d8e3502d4d9
01239e9fdf5fc7d
9c8c6a0be3303dc
1962f5adbbc7298
443cc66df51946c
92b89cacd499c77
01fffa40457d540
41b7c9b4b9c4f76
61c53f8b3c248e1
1508833a6556f2e
872f3fb1f8c6962
771c8fbc0d06eeb
89666f50cc8518e
94f20edc3969f21
0c8d1deafc625ce
15f0d9ee3e84898
119df54eb48f600
778a201493de446
0cb2a95882e29b4
85677c622545b49
9d50ce1a1ed3f7e
4fc4adbb962ff77
4aa214c2ce70650
74cef1d44c7802e
661c60b9e342442
46f52dd53b15344
7632a30d11c0d3e
0ba9db1aedbfe85
0fad8efec14c68e
986aa46bb2b551e
064c97b872768c3
051078e0c955f26
95617e08f9ae1c8
7e9869fa6e0e772
09e08adb90a20ea
63c0cdd3a6e1ec0
8cfbc464b9cb7cc
23cf78445fccdc7
86b746bb09391bf
51e1c92ad201f41
50e4d130aabaafa
765442fb29179fb
4e72b49e907e38b
4c494a38874cb54
4b6f5616428233a
2cabc81e7cf64b4
3766eeaedfbc061
6d001ab58f569fe
86cd7afebf0df2f
17220c1919f32b3
6f658b0cf910ead
5317229b615cc68
3728e39306152bb
5ef9137dbb4c96d
4d4ae15bcafd4e0
8c4097d40a4ebfa
19c59466e1befac
53fcf8c47c29e47
0b6692fb343ab69
6ad7ce62c3916e0
324b12600ca97b5
a3cf06af9bf4a4c
32364fada63e17f
95ce0fce8556487
57deb95bc2372ba
3e5bbe4df4d94c9
1ba42b2ceb19a6b
2e132ac0e6926b0
21b724ebc6c9279
194df081aca58ba
18c406071c6f3ac
8a99f76b661770e
1c69ee7dbaa80ba
891b3c971e48fe3
2a79e19db36f3f0
3b80e5bdd647ed0
406cf7730de6ec6
8b2dabc9385bf1a
1e0165f7934119d
17e345df1c3581a
5014e424e9409c0
500d2d4c7a456d7
566c7a72b9f1758
50118654590a4f3
9b4c7f597871811
747da8bcf608926
483e1e516467409
1db749a22db99d6
9d23fc2609d51e2
97e7ab4d930e468
589d4016392e331
57e4002a9649b75
0efb652c0d53612
16915215018ebb6
29e69ee93082c79
3cb25df2e7209c8
6238c8310963754
0e2a39f3c917290
26f1fdf2dae8eb2
77ca2c941cc3f6c
85a4e246b4cf15d
157c6857e738008
91751a9e55c3f7f
2194b2ed25dd5a4
5250f65c5481d95
89df5411feffd8d
31d0a40c87b554f
4a43a859f5cf1d8
4e27243f6963cb0
a4a76e53ff667e6
33734eb2022eee0
716a4f41211dc80
311717e4e13cc89
115dfc11544ff05
541fcdabad416a2
369e45e43bfade6
4bae136f0ea41c6
6b9d778ff72d763
4cd11e24835225e
88761c7c0d9f314
40b2b9d0ab0df2f
94cd406ac015747
19bf60d595bf8a8
6af27ce5209c8c7
107afb6d9221998
53c7f3fe1e1ae5d
97f8c39bf55afeb
66e6c5f1a5efa45
6f4662209ea45a6
902ae5ed69c264e
3d743153b0416ee
28b59f4e4a573cb
839703bf16dd45a
16511b122b61a29
88ec5dd908630d3
575825c3743b609
3cd4244e0a5fe23
71068298eb566eb
235eddd83f9cce4
7321d9f59ac1cf1
92248eb6c56a74b
68f5d16404f3d37
175aaed6cb50c32
a4b287276c73177
53f7008b17ca05d
4070e8dabc83357
08de5ead55343d3
31f8e9a760bf893
2b7c955830bf6fe
8c94d6af9fefcf0
09fb65abea3da89
667084e50619aff
838b7b57a0960d3
29b0bd584d4b9d2
7ea944036eaa29a
5d92dcdf6b0030a
7204a77dc27cc2d
1aeed47a333f69a
0f335132ef7dccb
058981d51c6aa13
0fcafe4e115aa8b
629726808b3c24a
21f5f8bee1a286e
06722b5d10bb622
625d17bf0f180bc
731775279fac6ec
91c9055c8d6534f
64c232fedf190c5
70f8f4d86295d69
961f4ebb897a3f1
6bde6de8cde5fce
47fb1b6139d3cae
856c59bc01f55c3
7eaca48ede272a5
1e14ac66333679a
7990346c66dd3e2
7df2497c4b1c1e6
2d2d6a92c41924c
0c99bb1f1daf544
692b44a68ff8636
5af292ade46ea7c
162dca89a150166
88bbe62ff224576
1a746e7b7b9e6b4
7ee75cbbc477b1b
352d03d1cdb9368
1063cf23390d219
6d32b52c07e00d7
8ea383a5ff2fd10
1fbbdbb471f981b
3689da7a8ad79f5
27afdfa3c093945
1ebf66297bc755a
389e1b8f5fb9b2c
11b8a574c4c1e91
61d7c8777db568e
3c269ceb1debfb6
a0b26bdde4ebd49
6ca9f04593406fc
439ed0bf222cde5
7f9812e962a051e
21312fc2e97b99c
8c6eaf87e77d475
8d7e51fa40a9c39
73a8fc7e25c4070
9fa76e488be53c2
39fb6b78772633e
042a89809301810
8bf3ec771f9de57
40cb4c4adcc0be1
6ae213ac527ad93
2965943ce808ff1
5ec79436c23172f
494918e930d7fc4
3012377d8347315
145a0bec67d16a1
74e3fd87818cc9d
21f5b74762082df
322a0c2ec972c16
1693f2edc4471bc
4f1cd5c79c055b7
0a99410899ec2cc
40c4afa814254c3
34882088225cf68
5c4d32d85441dde
99a0c28adfbd396
2a67dbe15453d89
a2f910518230fd2
a39c43990312eac
60884201f06fcf9
a012d2f4acd8b1b
0f4b1dc6fea7a48
1f9f577a7937549
9eb0e21bf396448
92853582478f8eb
3cec67b61d7065a
7ec88275f6fd815
099d7020b3fd78f
43c8d57c5798127
5367e6c443234b0
6544204f311b908
9ba99f320b0e86c
79098e38a27ada4
76eea41eccb10b2
50066b46eca2b25
815acd0aaeb45b4
41dedcbb585b8d3
8dbf6a9472a6387
89ec63002cec692
11eeca55e32d77a
27e2a0dc4bac14d
7c75eddf4acd4c4
13e0b50e1a66361
61450609410b273
554f6d83d6b0b46
890122cfd0e5bd5
70b81607244920f
7fc1b50fd4c1239
344080f55290dda
38af3a7c4a57ae8
4a591b57ddecb08
00805f82ec94b1e
77c726ca11e8b30
6fff72ba08ccc1b
2afd3f81b63f9fc
7186cf07171ce2c
9cf0d0baa43d204
75c542b2448f9b6
70945b1263ff68a
98b13642cb166e0
a0cf20077f0aedb
586ede3746699b9
3f6ed997f6ec91a
299e19f81804cbb
049bf936dbebe5f
0452439b804d88d
4a802784a1c3d0c
417e18062db95a2
85b3b51aba328a8
3c80f55615aff36
4ea063e6bb55366
43b5cd1632230e9
595bcb031d7c8aa
49f398e7257ea26
31422e8b9a3ba82
6f3bbcbf446a8e6
22d353b0909549e
5da60a08d5db390
1dfa12317346423
5aef8965ad33164
26f03ce6f117fe2
47c29f798683c2b
45c52aeda662b3c
000431d31ebc817
2e7d73fbc31acf9
4022e5e5eaf39b1
5da13be51fff3e4
3eafe6d066eb4aa
327b0f78975a0d8
83ca99c23c01280
6e42735173a9e2c
51601c804326c00
74432e956e8d3c9
77f353b841c83fb
4cd133ccdd44a48
38f7f7eaa93030f
471fa99e3678f1f
27c9cbfa507936b
9988fe292c787eb
83d37956f59d2ab
88e308459ae46cc
5006193c4ff3de3
80679eb76d29a43
28010960db3f858
57f5c6b83db8639
87ae14f4bea05b4
8336003579e268b
12c84cdf2f0d3be
748cad02921eca5
8f7c2a0f796ab54
214b1eff533c5d3
4305e8ae7e3ed54
6d0e344006b656f
55838416f84177b
82ed424b59a985e
06a85ab83cca13a
3c525f32846b539
6d1f767f61c7779
53656088920faaa
37b14b03663d603
7a5307291f5da96
0621c8627709297
a1364c47ce2e965
7c3337856bcb54e
88e9e65bb21eb58
65cb2373aea1e14
0c3a36029b35ec6
281373499a008ed
5cc31e6cd0948d1
529dee4719a0ee3
3913ab00afe08ee
65875449ff00379
1d1952a7eb051e6
18a5738b8fbd6ce
3858f13851d57af
0fd41341e1595c0
94abea80a3fc174
9a60b13fe4a9825
8828c2833ff9c5b
6ab05b6ecc72e0c
20fcd8eb98da0d2
85cc4f1efdbd1d3
5ab00fa28624bff
06087c32c54559b
6d4278d01fd8839
50c6f7da9cf1cfe
695b945435de5a0
2d0cfd7fbf7c603
6415e270b352d52
2b38132f1b1fa1d
2cfeda0e373b570
6f040acb884cc89
335de264001bd48
4039a917a2724bc
7da028e54ad7433
2b46eacf56a69be
83b8dd4f1125036
69a2d3c243d5509
1388c8f566e3113
5979810efe2c758
737886d8cd0a45d
4764d068739c5ad
92a3082f722e220
222fb252ce981ee
92620eef1a2da23
5a3131b73f2ce98
8ec1bbfe9236a6c
52911bdbb4b9dcb
5b6dcaa9f2a7796
3e2a3ca95b8bb61
89e1ed01a69f7a8
06fce26c29ab3e8
76cc6ba753c4663
0d8ea137710f94e
484745fbc04a69a
3a39eb79f0c2a52
9e396e4ea64020f
3e85e03bb18f124
3b04a5413da005b
0f6dc133d33904e
272d996b067afed
3c4e59622791f86
0a03b500463e10c
2162a80e550c1cb
51a2444a896ac82
1ce8e5e355353e6
a2eacc03f502032
9c1431335f69119
6bc235fdb994547
31820e6a5c8d415
44bba6d70854f41
18a362fb6216a02
0a838a876dcbd72
203e3a1e5e5d143
98f85306fe4c3d7
36912c8abb102e9
2d330c42c25e502
59e2ef8764fc1b9
795cc597f9733e6
0a2fd52f9af7962
762f8cf46c454d2
397b6d2357908c4
798b6f1b66937e5
4e207ae05f5218c
24e67d76cb18e2a
7fa9a720adc7aaa
14e4febefecbb01
87ad4d198195a75
6bfa13ddd33d172
7745d470c242e34
25fca06181cc971
00e273b9987d264
4d1c54ae0fb5a20
4ffa9fbc97d9adf
667b2d15ef0583b
488fdc1b97262df
02b4def1cb394b7
7bf30d6e425df17
00eb015d90a468a
8db990afe557581
0e4401176af9632
1584215d164755f
632b7ac8e2121af
90ff2a06e8f136a
7bedafe5f916f11
16a28bc2f5f4827
487db8e1e9ff5df
1750082882cdf65
3e4392c6f449bd9
96dc561feccaeb7
033a70de4eff229
02f5d30dffb6b86
5f249b0cb392bf2
3976c64dc70aacc
82ec584b5fbd4bc
0b5ccf4da8765eb
8900f5eac067856
4361962b468789c
2b3b0141b7760b3
4e3973e74fe873f
20537a5d8e86652
1aa98f9ba60ff55
593121fdaedcea5
4dd44977007b1ad
215a4b0b3af9477
25fd82de5ec44ab
959e0aaeb57043b
754a01f03ef01d1
6c15c35cd241511
11c7eb5b9db1bbe
432ea074c50cc94
867c52dc19532db
973f80025e04c1c
46cad8ed6c497da
2802371588a6714
5af0447c7b535ed
1ae05d86b714870
9e564dfa2c8d957
66304048354f786
2eb5eae089c96de
3b713fd9864fbf1
0d0176a718a0eb7
34bd97e1ec7256b
5e5c7d58e2d7386
3078528db0a4d5c
1d36205c6f9807a
0065dfab480e489
31a0855743c7350
4f0eb39e86f544f
7ad4b4462218c32
6085a6ce451a500
4c779a86d3145d4
43fa2023958dea6
8ac6a878d9ae104
96f0027beeb1c4c
5742180c51133e5
47fd441192f3863
62f0f09b5df8c8b
6c03d96eab1bc62
791dcd44536d4b2
35865e0f3b7fc39
2376d1773d526c7
5b5015626a6b3f6
3f07306a5e60c21
6b7caa0f600b6d4
258dd756b763849
60491badd515f58
526d2a8c9123026
8ef5146de16f189
4824f7ea7fdda21
7743ba7b27f5d44
1ce856c4b820ce9
6f5926e2b67c97a
885d9c87a1f4ea5
06b64b1b1a882c6
a23b6156c4bc92e
7b50932769d6120
97801ccc4304745
73b4e7add10cd45
27dd9130ce9dfbf
243fb427cee9c49
84f2a91c0c82a53
29e27b1aadd282a
73197e2cc143017
330f278456a448b
512c11fa14391d8
929d3ea6f281465
541c4004adaab04
2a294ec546ce724
7ae5c4d0a6e03c1
8cf3b312aae7af2
06ad77799fd590a
32d2daab253c617
86d701dbe26473d
11cd5d8102236c0
9e2e6f06c508d49
a2b698b6b42d475
028eb2118763688
7cf047810ed049a
911cd5ebd93a1a8
6d2e4a0eef1d183
591d853c6df8ea6
61d06990ca2c2d6
1385370a98cb24a
65d3d1e5ab8ee8b
9eb8095489d69b2
1cdf50afdccb894
67ddf719a0d8f88
4d7b23bd61dfdf7
76cfaaa95941d5d
59332eac09d9c26
8a666672fc723d3
452be27468caf83
48a5824fa886ad0
8662bbc042f63dc
44eac637f228afe
18e28548194cfb6
115ec76b64fce01
33ba243d0d34290
376e9baca26913c
7b89ad28d2ec296
248f243c6c23eeb
038c87b4ef7d0e8
60c59430b4cf063
8bbc16cccaa8388
7aa2b7de488693a
4997d6f2f9dc928
3f4fe8bdfc22f36
429a27aed1a73a1
7f7d04e5c51e41d
7d8cc6d3729370a
30df0e0e572b300
1a642f0b8bac3df
7437d979459cbff
11689e68b74ace9
8a9957ef6c2ea27
30fb5e0101d8c50
71b395d1450bcfd
04c0b15dbd553ad
57c64993385cf22
59c964b80aa8550
78e98b815cac5e6
533891e77a5f4f4
42195dd8d64b540
15b845bd8a0a170
65aa23d21f69314
9828143b8ac116e
69cedeb8c6d4640
5da0a7779eb38e2
1fe64910caeccab
61a7db408ef88a4
5f772030ecde466
02ec5e01a494e46
60a7cbf3a61fa4e
58813efcaed06ea
a30ee147db6b1af
3c7cd51aecf4eff
5048857300baa8d
657265e4c1c9bc9
8c00183d860b12b
0f1b0da9cfe6b53
6c0956b9b389834
14784c115f43540
0bb4b64455f757e
1e3eb1479c99723
25f76ce1c74bce6
51a3e949705212b
1ae9ce16775a772
713c109bbeba64e
509bfad2aab6931
61e404957b346ea
42cb853b2e19afe
367ab8913b37acf
35d88fb1b9ac67f
676ec7f578df2d3
646d9383055f251
62996b1e6ad55df
74ea8797e14bac9
539cbd0e9e95893
4cbcd3c37f7e598
32b949623a0ab89
3fbae26b73d1a82
5a464fae55b77d1
9e2c9f34ecbad11
02bcf2955097754
72dfa2c81aea2fd
3e8bb45c799236d
77f3a121dd02bd2
591b044ddcbd6ad
88ae6b561b0ac16
1a3f3b31895cb2b
4c23cfc8c0dfed3
98b67b2692cbed0
6290fe6ddb2e8a6
3c6e9397f15c883
261188f4bf4b9cf
327b1b19c5bbcf2
6c664c387a6c25a
37c602c3d6ee04a
8d5fd1a542dcb40
62ae30e20e684e4
9fdc001102d4405
58c093abfbe09d3
81609fa4170ac3d
7501446a21dc312
2562c2cb38c2e6a
1b83f0f36ad9f26
16f2824517d1c81
163233b48888ecf
50259f1466fa1bf
3418f1f130637d2
2189f926acf45f6
3014ceeb14fba7b
4631be4d0321b4b
9177059e1cc7f4f
2d45959ca8a36a1
55ac1f01e5a4646
20729a3aa125ff4
98858fbaa23d87a
4ae7660a6afa00c
7ae224a4a90e6de
85efe2f2d28648a
1d864656428ddc1
9168f87d1bd5e4c
46b4fc5ddbc7215
9e111dd2c1e68ba
03bd56d25b6c664
148f7bbc5320b1c
1307d118226898c
5b2f67a26bfe775
035dcbc3db9fa23
310a45392559184
44ce7d89eacf37e
5f8c8e1c96e33b9
687c05274552402
5b1632e5c06646d
0a519bd897cd1a3
3c25e5384e77afa
7070804a67e445f
976c7418a5dbd81
075262c5bf0a53e
348b67ca9689cd3
0693a6f051d9b94
603b2be9f6c29b5
5c2c5a9eeacfbca
260e4bb0e6b6d87
68d4950b6289435
00ed2822e403a7c
8bfec43504eb455
20a815c5874f98b
91d7d0883456e3e
4a0e314252c337d
3dcf78322848acc
5a27c4831707bde
a1f6f7bb60d1a5a
2de4a8136e33571
798a16af5df6a34
20e1663bd7c3548
4f63e0c3183b0f1
2f7014acadf7f9d
9016d2c24b6bca6
4dbaa5ff18c9a82
545e2182c228d87
01f5c00233d90d7
74ebdfc4590e9a0
86d92c7bb959fa3
96ce8bc02a68209
67bdc63985cc87a
9ab8fc051882270
9706bdd9690fcff
842173ab2e8c930
81beb870a5a7851
2960a69e620573a
910e46fd109ef86
2fba17ff50c89d4
5dfeaa26c30cac8
251c82281608c0f
5627020900c4ecd
785f0fe1ff10129
6b2b64bca0cd64c
74c45c1bda1a4b5
10bd28f3e3992d3
1c444ff9c7ebe86
5da9662ff781055
7c37fc05230eb19
50d2d27b795adc6
4c0926e6be3649f
3e2c79213be9764
04a6a7ee47cc77c
5cf62b375345ee2
5c31f7dbbc1385f
01862a8663658eb
3478c44b8fb2b58
52d4bd0f6435d31
90250dc8efbf851
649efbcf8de6fb7
01cc02d5fb089f7
2ca0db4d9245aa0
4584d25b637a960
9530f011548c75c
27496029d02b4d8
8f2142085902427
859ab22dbb8052d
85a0555fe483ff4
33961318d490910
0c937558c213bc8
55c38253f667b35
63e884674bbea41
2c3c2123770b639
77c4499625e80e6
93e471dae2294c3
0eefd4c0ce13dbe
445700eb1106f75
5b84d982042bb9d
8c2d3486f5f5ddd
8fb85c9ee0691d8
93c54a424267657
210fa2b54e0e0b7
8eaefc6838145c6
79b818c5a60dca6
22e49e3dd819b33
9653a6bee79470b
257de4c5324eb7f
01b53bada8de9d5
8eba693509114aa
965a9da91c1fcd1
4e8b73b5c0a6c6e
95d601037b21afc
9cd07509fa3f1a6
5a9a24b917482bf
642f39f9a65d2b9
2032ec0fc998401
51ea8b4ef51c174
7f7ed59a9bc4e08
0af17880c21cf77
7a8e118cef6717f
3cf0c9571e9916f
62f1a633f3643d0
72db8383f8d94d2
48358a6b5bceeed
81ebe94e7b55bcb
6f0d85609921bd3
9add93ee49da235
2422c6c396d105c
6fc3d3a4b01a6d8
882c50f2ea10c0f
64724e9dd75dcc1
732fc0637ef571c
94ce81f77cd898f
07fd8062397dad0
7256f22076cac39
85e4a0a30fcb2d6
5168f0b362623ad
421d897c23526e9
65c7d234dc3627b
810d9bc443950cd
99f73e241ecbbcf
53c3f00e4e3d561
58fda2c9825f73e
1e5f71939fa7da1
09fa45ec586e4ef
5b26858fbeb2225
9bd7d036dec5073
0fde2ddf5fd9f74
4b7f3967000479d
7b4901fc83f07c0
4e188d784f4213e
17a9d5805014981
39ffc55a31e8a45
6fa5760ed8b4e60
7e32e0d98979213
235b899cfa12a33
44a3fea55022a70
5a7e19066e60c87
0aff4bde5325e46
4656dc691f3ddb4
129efad8dcf7b9e
52af573573f9a1f
8825a913db2e392
81e31de61a882e0
703e1aa065842a2
6f03af6e3125f4a
5c52e2613fc19ce
2ac5bd36ffce72e
32271c5ed040603
851e92478c1e6bf
9cd08e4c8d0da4b
54dae9dec7502a1
2d19ef5f6674e59
51800efcf98105c
6b0008d21d629ee
934dcf1559db32a
4a6cf4410d64dcb
8a9f495396e4775
24d272b5b93d52a
2e930b25b91a165
3f58abd02a9657b
531515bfa7e7e93
2e00a812b979584
56a927121198490
6972bdd9fd8da10
6899fb8dd26ce22
81dc51bf83f22fb
4cfa9860543fb37
1c398b1f1bb241d
11dba44eb86411c
08f368301f69c73
6864f1683ba1253
1316f6cc3840bf1
9ac195b3b8f395a
0f4cacad0d95049
430112937bdf7be
8effbb515beb558
079f4f923b7cb31
7baf93a244000cf
97aa5a38f11e59a
80fc0b2f04a9e2e
7bd173816904045
078ce5c0343ff4c
92d2b8aef85dfd1
39172262a393c18
04b43f262d8c424
9d428a78ceef8b6
43f54ffa070fdb4
16547abfa290cbd
78772ece2d0bd65
78ccfacfae3fc99
9cbfb21d381f07f
0544934167ea0ce
815a586c20ecdd0
4775da489172041
93466193eecc744
8b35c76631e382a
8572f62014d4866
28be88feb522352
8174b8156d56d0d
2d2b92578918361
86b7b1e152d70c6
3d8e11b3465795b
85cb44a0422e6d0
a458e13bd0a335b
94d3a3b404f9af0
6633ef302bd0109
32389a09d0d3430
274735a83fcaa9c
5d1615b65c2f3ce
51907bf959395be
2a194871a802ec0
6fd57b38e67b5d4
8fa22f8cbc91d12
6911d3dcc11f509
849831ac8257917
9a5c43ec56dad84
7f977f95ea2b699
5ec4d3d578f0372
49234fce56d036b
3f7ac2b3a274e97
5cfb2d261611e58
06d93fc6d4d244f
955dec13e671105
118f255a07f885a
370050c21900213
7e0cd4d05eeb9e0
750a203b12ee743
9e142552de9e931
703ed0e694c71c6
082cdf453dcd4cf
36d25c3a8bb15b7
761b5654262faef
8d51faf089a5eb6
610990be0774dc8
6f12bdf846b3fc9
7615c504c1d1232
503b3773771445c
0f30f2606d100a1
1638f7be5ac43d1
476cea2d50c4493
735301736073149
5199718aba82853
34a7b0e6aa929e1
3b057fa8ec7fbb3
4b5b24111708658
94883112781f17c
1719c59cdbb8636
7f1c3cb83a2d10a
5899c6d4684b3eb
5efe42422206c29
8cc8b9f788e4217
1c0d8bd82c00f8f
2ea17e9e8b369ba
2545efa77359942
777a3c1829b95dd
25c1ec102c56ab2
3092635fc524dfd
7bbd561d19d3d19
213b370e35ddc33
424d8759b930c50
5cc166c008cb1b9
06cf8465762e694
59caf2e6c2a4f8d
5a708effad4f998
6cf6cd7a356e3f0
2e158897f980f66
a1bed620fd10dcf
93c9c1c752a5ecb
5acddb7077c06e6
403ff4c23c35864
132afbf4b0570bf
662edcb40ce92db
3394dd7b4839a03
6be180092d0e7af
29d0f3aaf0383f7
98bbab522337279
0867d064f8b3a28
2cac20f596e3860
1421112f142d39d
54eefe8e4959cce
88fada585ef97e4
1fa74727e49ee78
9e890da7fd966bd
561fd3acc8402cd
9c7e668f2dab845
2a699c05c883083
4c20fcce9e49743
139315e6a854c73
1c07bad470afa48
83c9c872150898e
8072b3a7b792a21
9216a8bd1a2572e
9780b1ae1206443
2120f6fb1f13b44
67d1f06671d3411
7692084c20d9d79
8c47cb4a903c796
1c61f35463cf6bf
8d2753d8de22398
78494ef35ecb3c4
09cf3736745e810
61fd3e24e6cedd6
21b91513283d9c7
18f474323f504ac
1621da97eba54c0
18838409ba6d844
09014f696500ddf
47ca7aac2219fdd
8d30d80e02ba817
8ddee3554cf9d4a
1b14dfa0f5a5e46
3539ba11390bc04
88d3f21909ec712
051b0bbc03178e0
64c79ae9b63f384
47b398c5259f4c6
80f849bed4b7081
604e9d0cacd8e32
7bf6995ae9d1d2a
8a9faff08367104
0d02f878f2d0385
234120ecb4c0ca4
35ec22e7851bde7
8efba3b8e8be13c
152156bafa3db27
2b39688bd7726be
23f48545599fc5a
0b3286237969e79
3d1422458ccf95c
4e17fda040f461b
80707e81f1c30fd
0cc377217d0c7a5
a3dac9f0abe507f
2f93d25f621f1d7
59a5c620d8505b5
690ae709a965d20
85e8453c9765daf
2410e7e9d2b6fbf
521d0de031c8eb9
623109a494ac1e7
642f726ed97fc67
89e562668670276
a341fb78436eb70
a3a628414559cbd
92580100d7f3d29
1fe0d7a04ef4e41
55c4c342aea02fd
0503551466c92b3
87d7c99a9302e02
0a3f6c8b3c17366
21922aff3160a89
0951a65dc78892c
01165280ee788c6
571a83f7688cb60
417ebe8a7d2422b
1d84511ffb14349
077e13def1ed74f
59fd63b7ea7235c
3c1282f4befdfc9
83c864056892c42
6a2357198674732
65bab8fdfd77d5a
66ce504112be057
933acf76ae451e1
8b5792506448432
4228caec95b44b9
61115532451826d
75890b401d214da
3ff4171499368c4
4ae66a8942dab96
657ad3dadba8d99
3448440c62abf4f
73009324c126900
243911e9320f596
8667ba7caafb4b3
08de4d6a40d2e8f
3dc09f5576f586d
03d256de7821f8e
1a4e29c89645bfd
05888aba8e6d4dc
9edec97e232f2dc
9012e3475ff65b4
92f9e44a56c82d8
42542d9ac829a31
697d3130886941b
5f14e5af627cdea
542c907434baf0c
85316c7b4c615ba
2ae7482dc6a5baf
54220fd7149f58b
99272a96befcd0b
79a85f23c8e2970
2c5652bec288179
175777d03369eae
50b3d9741dc829c
3013431e81382e4
3bad809695a39ac
533f18b76161740
277c8dc80929cde
1ea69ce4406127c
3a839071d88d1cf
7e4fad714e61803
00060c1dc923c27
79a564081a5d08d
39abaa93be72909
55e19cc2e8e7a0c
42efc0527b186b3
2a5786d8fa38fc3
492538bb11b28c5
55e92a9604bda6f
8533bb94c5e0bac
58e44555f7f7b38
127da9443079ff4
333525adc3eb12d
047fa34dd1ba6e4
0f1a8ab2f71e4e6
5dbf2962c7ee968
19089597591b87d
6b578857e12927b
8f4588783c4b96f
87f917823efea03
761c54e72b47fcc
a453c2e03abe504
941d57246317efc
724c7c7bf038f65
3d7ff1cc4bbe776
1edfe2c34f810ca
6093ca2e3ffd3f9
102c3c7052599f1
348913a591cd1fb
503260fdc80ec60
8b569b887511a96
91a0cdffeaf4e1e
3677a74f11f66a7
9e1ce9564663317
6e6fcc1cb52f733
54a45db6e216840
a196c6a926dd7ab
0a2a34d197b0ace
12295dac93456e9
5598e1578a142d3
121f841740fd9c2
9dd2dfdc5effda6
14aa443e0450481
8d41872678dc332
88938bd7c6f97a4
673e1621a2f3c48
2c904f76e5cb8d7
3636afcc412badc
1560a0f97dc52a5
55c7663197eb3b0
702846397001c78
958e637fdc57a77
201417405edc4c7
727c88cb1882abe
4f97d34c27e710b
28fd8c06d3fd89c
48b8b2c8619b48a
8e588189cfcac28
029d86ce31bca49
1b9cf8b0b455ab0
2e2535f268c0ad4
3123a0b09adffa4
6ec40859677d0e3
87982a99ea67036
46f0ee18c58c24c
3f04c1d4607e5c9
2071fc41fad39fc
78f4a3b9d1e5bdf
82087b0cce7d6ec
3d702215e7ea4d8
9a0917e4b357fd6
66e4166901f6542
6e433ee7108fbca
40b28202351a157
6ddcfbde50e9fee
403603c12ec36d3
4f9ac421a42d48b
144b87677e2ae06
520bd15e8a3e551
378fc45502fbdf2
647a77acbec6a6a
1e33be85558983e
1860e70110a528f
9df42e2c0623295
9f4d34fb46f83d0
259f881fad90d5f
4dea05c5c0a4f6f
4cd3bb722a269f1
8a2b9221257f4bd
9175b4e01adec6e
8507cc9817646a5
648c1d93bfd7639
22d0eb467f68f81
6020fa4104a26e9
05c3d610c249530
3ff74438057e09b
21f7123d80114b7
7256c7eda202381
6388e8186cf33dc
7b2e19c017dab0b
5778358a933f9d4
a016a2638cf1bdd
2d6d94b74f4bfff
8e1a293bdfe6cca
1df881f1da795d7
92a7f2effbfdaba
3fd66c383d032a4
1835e96c9025e25
86b4e34db899c50
8ca278b9b9231dc
55b998f52531766
6b26a691040e0d0
0f4e4b375a90093
a1e594c013fe332
167621ca05bf12c
27976debc66de28
27c971ec85de871
3b2e166dd1ef903
014e56a24fa8244
0ca78c3d97cd39f
5260dda42e62711
2e4dd609b76abd0
a2496fd29a2402d
19f13aca7f7f442
51eb56f2c0d557f
5220c82474ceb32
731e6440971e42d
39e08aa5646e744
500726a42f24c13
0abadee3a42ef98
0d0b6da00a273d1
92e64c4b6ea485c
778fc10cac31bde
6d2c8c706884fdb
7373a51aae5c0b9
5aae0a628d3c03c
4ff4c0c66d0bc06
76f82eec823b643
579783d4a35fc25
83c269c9ae587b3
807b20020983fe8
8c12cf834fa0c23
898792d04c6d42e
3ec1dd49c3211fc
3ab0c9ad224b6bd
1049ab3b80d872a
2c91fcf915e6c79
706d155c6db53e7
02d908c5ba72674
00dfe8cfd8a8d94
0736de49a5e9283
45f7b242ef1d62c
9f57598eab25c4e
42ab2fc27b034d1
254142c9dc5fd0c
41b2008f8abd74a
19b5aecd2a3dbbd
36df0eb9acade2d
40d00d8d5b7a1f8
52d21b1d6adfa4f
1e65079db07aa39
8b42510a856642c
3e2bd4f03d39ba7
58c3d30d5eb9494
0100131dea39802
321c4cce634ed91
5c75ffe7ba6d574
92f848d8f254c31
425620071a83fa2
75f804cab7c32ab
82dbb22d24874b7
7abaa725071e88c
3fe1e1c80e5e7de
1b5f2ac7b5b8c8f
9d310dca13fc7fc
4660b6950397db2
1c03f6ada475934
5b62a17bb0ed977
3997cc6a54ab604
0e34f4427793fee
9e5d8413189cad7
8acf387e7a4019a
6499ef904ed054b
985c4ef37cf4213
59e8035d5a5ef74
622cf33b6200504
165a488b1cbd683
672db0a44ea425b
60e3e35cf4b091d
2ce6014d9684ea4
a361420f38c6f50
3498cb98c3d16b8
3142757edf87126
6f1f808c75e43fb
6b72bb9988ecafa
3f593444363cd1d
0a4e1f22c9ec4f7
348203dc547f425
6a82a77620d1dea
2150e60df4d4d9a
50be6983753da05
1c12fdacbc1cc6a
25a54fe856ca02c
979d111880815ba
a094c38291b1cb3
35ba4c6dfecbf7b
3b10fbed6f9a7aa
4b42171fa0e1f38
1125f19ba78da05
072df1c8b3dfe40
3195639e6c6733f
4e0a065afd7e050
331b8ff0860511c
935265c4e84d3e4
062faf6f9d99609
80468dc9cb2502b
7740aede8473429
068b5cdbe1d95cb
65c79b06536590d
390b3d5577cf248
942445edfcd6cb5
41fa3cf0d86c616
28b85963b984847
950d302df3170d5
16ca2c680fc8af8
7ac0947396901a9
45ddd96eec6c54a
1af91fadf652661
64667db7b905cc5
8dd7c92c847136b
97a0bd4bedbcb2e
457c3d15d9dd4c0
9908aa7e84b6b69
4dffe572776f484
9e3c80200dd6f95
64173cc51a61e1e
473d7e15f58a857
5d87f8572b06c8e
a17bb09d90d494d
8479754045f7ec5
3a47eaff114aa66
742b7d6fc566d42
3056fe1e3500807
18ead83ab833b0b
07d66d07249783d
32a6e0daf570ee6
85510e0bf2be57c
3373b64398ca4a8
9224059a8e609b1
18af5e417dfb36b
1d8c6bfa98f9539
468ce13d4dcd9db
6a950134de76d47
9dce16806b9f186
7c40605604661c1
8c97b78a7eaa132
83ed9998f0f887e
22c04ba31b9928e
327423ea6156d85
3c1096556a2082d
29d7047f74cdcf3
90a333c2d2b3afe
8cd422aba1298d8
92eaf30c27c9732
6f3dfbfc81dcb35
5e058b24085a0f8
2f114e428b7e8b3
4ab9c476f919824
24c3299e21a5a21
1063ed725a63e9e
76ff8182c330565
792e83f399a7247
68ab7049791fc68
9b6fa8fc2798ab1
9f082ff0430fa7c
29a894f69e3a8a8
5106ff7ada09030
57ef1e2b5cf3428
5b2b4729c979dbe
67b52fd06577c17
3a6bcd33fa7f885
a36ed9657244d17
7b31b009b1edef7
426f6f1105e234b
20c714fffa0ad44
a4492fb4a38576f
32c14c33d0d97fd
1f513658acd0348
5e04b0ae3c1254d
83336e4a30c0789
7f4f32a3f5644d9
9bbebf9a891a19a
311559198de140d
5033898fe389e07
6200c0f56bd938c
a2f00632d66fc38
59960e3a8a45e34
50c5f0b29c6e190
2b4ceb71b226351
28ece919f9c33d1
40583550b73c2d1
49723395fcce1b0
5c89c0f95969b57
35d891518cceeee
0c0e01d25499ae0
07a19ab7684e90e
02dc63fad4d4405
36aa5266ba08691
43f6ebe26e64f71
46f53bdf92abc05
101fbc575889bd0
04ae9bbd8b1d349
3dfb85a9daa0a18
019dc2fdc618cde
3ad3fef2cf055d8
0c40ec0d7da6f68
75dae4573679a15
519e3963d5d5739
162652bdeccf856
87f3cf3d6c9abf1
1ea1edd765410cf
5fba1a52e6e4394
25bd276706c9581
3aae5c42e34882f
69ce8fd10313b60
1d77590dae9b405
0209a4aa7a6c5ae
95af56afb67a35b
222a0d08c7358a1
1b4f77c17f1f2fb
52921daebd0cbc1
9564b04245c18e8
777f4fa564f394b
07b0b06cd375433
620f3b3d0113de1
52d1b4f76dea683
7316dcd96664f00
06b5238bdfb3b23
9eaa79adb7b3a82
6237eabd800a61f
5c79a612b975d72
88c61b9f9cae684
60fce25b687cdb0
22ef4d2c2588c39
178ac33e726ff2b
8df9cd9609a626f
277489671a284f0
9f799fbce53335b
8271bf279d254a1
339503a6ef804f1
95d3511e96dd1ee
9aecd313407d19b
077e829ffb26693
677021a945f63a6
92120f0fbc26142
8c70628b343b920
578732e062697f6
89bdf9a9a564006
86a2272695426fe
626cfea052bbacb
1a3ad22b7e48606
55e38737056c16a
16235a66cc35b79
927aa8a27d1cb4e
624677719ec2aeb
4811637e662c7d7
11fa075df9e3b43
30761c23a7371e3
2a8c0ce726c78f0
9485098c16196fd
0271d5b2f436a74
9383beb2e8f1f59
4388bcdef904d3f
5574771ce050db7
303312166d9680b
03686d7ec87e8b2
3784dd5df6167b4
6a85ef22511ba4a
0f54358ef7cfa94
90e3ecefdad0ea6
212ea4f69b63a28
8d33d0b6abd97f4
1fbc64b0d03aaf5
60395ee6fec861c
1c81510d818b343
a4a23b8c75f1202
1ffad30122fa4ca
8fdb056dcbeac7d
2f2ff12849e16eb
2f5d85ae680f7dd
6a3f20b624c0f72
7c666919383e5ef
48c8e111a15131e
38c823e6aa2c0a6
5035e8f29a6fafc
0f7f4948fab77bd
4548bc1942bd735
6cb03f4e9e6b77c
78d3a01c9c0e659
5ab5d9da44d47ba
2996150e5e6c43e
34a0f720237e3a1
9fb74d92e1851d6
700be25c0ae4c9e
6bdfeff14d01f38
2d3ef52fd24c10f
0f8afba620cd884
35e3aa3c32bc6ef
69e728e990bc407
758fbeee56aafe8
1c0c45148da49de
0887fa4b084dcc2
64757c55eb2b6b4
54c8bc7b934892e
24580abc5ce827c
83e0e2435967fbd
9f4cfae09ad1f4f
3f578973cb41b7c
1be5fc4f20bbaa0
6c9e9b43bbf82ef
21897a65dad6d5e
8329eebf43e16f0
8972bdcf013dfe7
70101e794243b04
38fb51c2ad33476
5ad8aa600e70211
59c8363a1128495
04fafb5232199fc
9970bf3795dbdef
359aa5eff508d9a
6f318d6db4c984a
6ca62d7d9d4acb4
0af8219a48a0613
842f5f6183a1834
02ed7a07216f0fd
0411bd50b2cf587
0c84476c96ecf23
7896b1f2f687e22
9d521f409f13571
1fffe8f41b8c30d
00af46a094da4de
77a68cd78c037ca
7cb18df6e1d6e0a
5eee4a2a284b438
58f7e1c76a16878
0d106f289231764
3a22ef2f671139c
6dcc5b50b427108
0e883fba354606d
63b91069ea7d9e6
0a9ab35c06a4926
67a962f1cb2dcec
72e50ad186852fd
23b4690a21b70a8
9191d14c0732cde
258123c9357fe73
310c2a04ec4b8a7
95ab071657be9c7
7aeb509c6945a10
4a2ab0d2f8f9c85
54048a07e4b240d
6a3553fe3f22758
759e76ae3570598
571d4f240f5c92a
5b261668fac62a2
8c472d957b442ab
1ccd1ec3ec9120d
03a2ea8d6a5e31a
a0b3bccc5b65c3f
9a1dea01af882f7
9efc33a67592622
6c5eb0d51e0de1f
993a3d28d713348
4286854d77e3275
12cc1c31b41579c
967913faaab266b
02d8e6dbff53018
2efb3c43f81307a
4905ba55b557325
4e4cd9029ffc13b
a03e7efeddd089b
3f210671a077450
07f6a5a45ed5b3c
38f4ccb14daf92f
18719de4530cdd1
27237361d715db5
5677df7477c2b17
87db25fbb0baf02
14933f75206bdc3
29a59d662f77375
316710cd7c854fc
21c0cdad36a0cae
2422d143a3765ff
334d60d66901205
6af5a3357743b9a
7aa5be13cd767d4
154c85cb37803cf
9f0dbd87bfbd3a4
0ecbf9cc5887a63
54bdf94c73bb58e
a1acad700959602
444b5dbcf195a4f
4244a1c5ae6c5a7
0cb0500c93cfac7
6105c04468b64cd
1aaa2521e896801
0bb38ca927d35a6
35cf43fceb7c6d5
69ca9cb209e7e8c
352a1f0ad3aee89
7bc4813fe9fcc10
3a8deed4bd7989b
01a272bfcaae2b2
19d50de3da5e7b9
4dbe130161b7dd2
9025eac485beebf
2dd824babab6a90
18eea709f858260
6084ea853aa8638
5a1d8a10028685e
4b7fbbfd6d32443
2f39cd77c11a200
125591418d6db69
02145a50525f0a0
8e9bcdd63724373
2e8c83c29bdb927
6af7ef21520af41
8b9e615bd604bb1
2b6c9e051fab747
2522c0b1d1c840e
1c6b36a1ac7e6b2
0a104ededc775ad
8d6b0e4ca1c949a
82ab9cbfc3781fc
6fc0b93bb817e8a
4f2dfd3e908b0ed
554d150114e5b1f
481e291388f53d3
a1ae195f7d609c7
91fb38d73d44878
29cbed817fcac51
16cceb48a8ae3fd
02bba3af2863bde
5fd09589ff72c0c
3b21960889c9962
9a23c72268b8bca
6ebc1c3fa79cdec
6424487b55d1352
358ab865544d56e
58508b5b9297f78
873444c6dafaddc
0b2f5bd0a446549
045295566db62d4
191dee4490416e9
2a64e4b69d6fd1a
4783c555e7d08ec
586c7c35efeb3ef
6d83a1c66b9a603
0ce42cfdc366b06
42879f2c08adf6d
67048ac4a809a00
4d7bbf1625414c6
91aac313aa5e701
3346aec7dbd55a1
73bf4055827ecc6
028cbb8dbd91abe
5d262fc46080d25
031a1acb4f657eb
18edf097927e0bd
82335062edce2d1
3386ea47414904a
62836b345b08896
86292d4778fee75
7ee916b2a1b3571
518c253199f25f2
27b5a4af20d74b1
1e62984c19d582d
3260984d7c5fe68
61943bd5b7fbff5
99f7f33d3fb7ba9
00064957893fdf8
972a4fee584a1b6
03ad49b89c45bae
157fadd2dd06ed4
686eafd41d10825
0dadee5ce191863
88e652c03af01ba
6a2105c5105a46a
2d0f40d669d6eb5
0f3e77568ccdc17
9dc257a035a607c
36e4f636915cd2f
4cae3ed3925e367
3d0b33b14517017
15edb12a427f111
539ecc9da8a2b3a
8b90556daeb02f3
99ddd82a1f42e4a
a0a9d32861d6971
2871e28174170cd
2bbe6793f02caa4
8e776b1b4b0d66f
293670ccf9f1265
763474bd28455fe
37bf591b9f13a43
1c93fc0ece89606
a1e23d42d8bc835
1cc972083346b7e
2da077b7c739c8f
50c53b8eb33645a
5a00b060e32b5ec
03c7fa92132686a
850703c2f87ea27
310d697e4867c8a
47e9d1843621b17
745d78350221975
3491465c7686e6a
3e3294f32d960ac
26ead7a09580009
64fbb2b13f4fb12
3df00c197d63637
50a3d868efc45f1
01038fe2bd9edc6
24216614ce0956b
8763f018d314cb8
801b8807604ee9e
8f1c04580c43a7f
8d481d92ccf2b1a
77629c4e8744337
825b4127ade54f4
60d0036c9e11798
28bbdad66a61fc2
34f8478ebd3e7ed
51d77e5853d3e77
1cbf2ce81d9e87c
241873585884033
6a328cd00f556b8
9833bad18af669a
861427b06af166a
44b9fb0c3ba7f17
51fe72ca2a50c71
2d34f50e4f47088
4baee9d5bde7f27
7e28cb527abdaa3
6fd118d4f67cd56
59e90666a17e224
7ed1d0d746d5d4e
6b7edb1a1bec0c3
9cf76a0f779db1c
3273dab18ffcd2f
1c7898a2bf70a63
39e671135746f8a
73de33e6d311f00
737c58aa990eacc
56d9ebfe6186994
23cc489a7878c6c
7f1a4948728dd92
376400196fc88d3
14962bb1e3307ee
308181b6c6fdbe1
595fc1236bb7f2f
46042449b83ca5b
087926a3fe2b21f
07f3015efde97de
7725a214b605e96
21b786e2273df05
2e7237b8331dd19
71fc37a92dd9862
1471d6d8f8b3b51
86583a29746ad02
62f4d3d0cdcb58e
6753a3e2f7ec16e
9aeee178077fb8c
453a5ee95e9e0ef
245a7343a9b03ec
559fd9608e43975
7c898cf20e1fb0f
24c66ef24bd464d
01a2e68416fd2ff
1c43212ec272b23
9f6baca6e823148
2c681deef5311c9
4777b6a39b46c15
965b9cac7abbecc
a4683258ca04b42
57697e8c26297ac
8fb88fdfe65666d
3ad4f83ce724a96
79997a3c9fbd3ac
62206cadc4d2e1c
3385df54498ad25
22243157a1eac27
4f286e90a6e599e
0ea6c286f0d1afc
698fca40a48880b
72d1a3145da3278
42be80c24b4fda4
614e9c43c918962
7de7bd8cd619c10
851dcf69a71663c
8b92402c5e25d40
70077492536ef3e
96ff8903f1a21e3
3b43f72256bd6cc
6d0f91a258e8129
250a809ebd4aa2c
4c189ecc682b751
2711088b0708e41
72d92d011186c61
981439d9d3d9b3a
035ddcd1aaafd4e
7036a532aafb1ac
0a8d206e05e4afd
345c956752a0654
1bb430d84be7cd7
163e6103eb94224
7e99389760f069e
2531681e042fab5
4ffe46a5a01fac8
2e5eb3b0f44eec4
833f2b719d8cdd2
1bda6c463613db4
9c92c160739f958
972f4d61f2393f3
5b3edd6e164dd5c
63c75215aed6dde
3558a188e1a0442
543ba98d6922cb5
7c54fa52f5aa1ce
8e5e35f64ca8330
78479fba0fa8def
7294d20ca999f9a
687db7429518d71
4372fc1ce1acdd2
1871a9526573b4e
32134534b0cb64e
095926595580ba6
1be6755694b090e
3b529a6f579b790
73f8ce37c551c4d
5b82fa36f025559
7495920b8bc1288
941049c97aa7f7f
130cc88b7c6c2c6
7f7b8d4828ca031
1cb4ee13281cf5a
464722b696f5ea4
6efe01d2e53c016
55af1bcce098920
0490edab1546e90
1bf9934c452088f
0b318c5eea85e75
6c67a9eeeff1a57
470fcb50719eeaa
87a88a6d9f52569
32dd8350e874eea
020d06f4262b79b
6b315e414343e82
0ee6258dc632e89
97c8bdba0f312ee
14d3b737ee92632
032b33c3298bfb0
65bc997264ad7a6
07a31f0df7e80ac
96de2c8d84a6575
87bef7e2617d4da
6041ce7b1a246d5
3aece4d5658f9f4
5af156dea7efd98
33dd4de74871557
97bcf32ad4d529b
1b200796d76ab3c
1e37fdcb8df6cec
5a1daf06236619e
12f7197be0974a8
34f8be3bd325b2e
987db0dc97de433
00a4c137af413a5
2bec8569cbd7301
7d077e2a1765ab4
41185be6ec8871d
3e1896203ac97a0
06893a0f7a2a781
1a06efe53c1f4e5
4a3543b11eb9c95
5a9a5beb3de4ca0
7a3722f68eb9601
4b3da78eab295b4
92704501abe5eb6
28e3ad2812e19a5
2c32f70eccd08b4
1100857fd7d23ae
9cecea9da19dbda
9e08da81a5d6f5d
30a45c33d751b21
a0b2e9fef1c6013
3d509aaf9caae00
083fdbcaf7053b3
8986c4004cdad90
29adcefafd79521
5164cb6477c9538
305d3e699ace4e2
62d14eea298ed3d
a2cbec6f95d8491
9247f67464735a3
63bb457f1ec666b
4ddb11ad7d5e934
220dee6e8f00305
0b9032d84c26bbb
312e4c300dc4f22
3cf9b3babd2681a
7c393574c0c79f6
4148700df11e340
5700b3cd5b8700d
01660a7ab1b2b57
52bbff74f88ce3f
7cc0ec2c538f173
96950a937155455
a165ee04c624c57
222c12494942530
0b6ed5b28fd65f3
5600fceb06024d6
20ef635def28767
27aab4d41a50817
18761566b51796e
0bcad18ea3274f1
9419fa3209f410a
5343ac8f40308a4
6fa265f9e87ea33
4cf19dbf59bab19
8b2810d09f61889
0f4f78d1dbab9bf
169ea247f01a3cb
2d704a7f2348ddd
0b0ba045df146b1
68bafb2d4c575df
0fdb59121816bfa
4530fdf2bfc725e
91d7c1886538b9e
320cc741b56126a
3cd8fae5225047a
8dfd053793a33e7
529a28c59da6001
88bee35516aca2d
72f33ea8fdb927d
06962c6f9073a0f
688a7ef81bbee20
29aa12628d4f865
4a1ef1fa6815d1c
573f663530fca27
05f3e751e92abc8
5aa1e414e76d238
5ab142db81b3ca9
0ac7c0d6a97e8b8
02869c65d87f1c2
2046f7323612b4b
7f688e03336e389
7c9f8bab0b4b535
2f56e6e10fd1dec
63d572b0b2c8499
a4b953f77df0e35
693bedd391b8094
5db5422ffe372c5
67ba6cb7d8b9b4f
05d8a09042de67b
5005b9e320a110d
2df5b4050e63d66
a14b3a3cc77241d
47e6ce75e03dfd4
192c23cdfecb1b2
3191e90873826d6
2db86843176400b
82769a0e71b7615
37b70b716484e67
9e96eb2c15baa1b
0092072d819264c
3b4778132c32531
84534c461c8a9b5
9959fe8779f8019
5f61a5e55e18574
95bfc8e9f767567
3a1e31b355be214
6208fec0acf9123
59f746556feb6cc
9d679c698892675
05dabe04265aa9a
0829f3e52d9a062
842940448716c37
66f74337112e0cc
58df9edaef052c0
0f9b79cdce9c4a6
3637e8b3a23d9f2
97198f4c83a461d
5d13f175010dfce
837d284af70d951
0a92d0351eeb4bd
8a8ee3654a86906
39ac85a9c8bd9ef
42c3efe38fee332
09f1841154855b2
289fa3cd2262f7b
503d2dddf04041d
5d7f5cd809e9361
2e35f807c1a7f35
70f81c9439660db
3714374796c4785
865fd26461198c4
867b40259e9b32f
a209129315dc67d
9fd857b6ab346ac
913c1c3d4e034b4
00b0f61b02b60d2
32ebe0326bbb98a
7072b1468ffdef3
28c990b55bb063a
19b4cff87f79994
355d73379ee872d
0d123f1fed8ac2c
86a09cbe99e6074
73527fce5635a54
9b97e3ae7c8a9b0
a2fff64069b4acf
a0d6b315ecad8d4
8c2ba19107ea142
4d07787536d301e
0848f4984055480
3a627407ab642fe
00e72b3ddba87dc
03f4f1f03faf108
8f068c717295c9b
5d892d2ae2bdd9d
0b2ec618570a57e
1efff08c72d546e
3dd690bb07c34e4
5ae147ba4494c61
23b2fb8941893c3
465ab6653d55aeb
722e8aa8912278c
5f3221dc4552917
83bbbc27a4e043b
04db9dee2bc2019
4fec75e6c84a02b
9f7a3f24d000855
5acc14841ad2b2b
4c59eeee49b8b2f
3f44e985674c0c7
9202df208e7df23
24f1d531b053d62
4767cbcc45f5c8f
0ca825ac12c44b9
64a430ed45e421a
740db44799db19a
0858848d1123c3d
0122f9e8bd62407
a415d245113e08e
40abc51528c21bd
886192c85f9786c
62620e0326b5ee2
3c288307a78002a
24e493d86ee8bff
2969a886c2c0780
647e5a1a56710c0
56dcb852e9fc3b0
08b044a8cf7f273
a1eac10f8c65389
058c2839820ea5b
960c594eea71f70
7add4dac8b1a08a
4716975c13e54dd
14088dee318640b
4a1b62398f943db
0609bd2f1c9f6c0
14f84d9eac1f4e5
2b41c6120f60785
756f461835a6556
a260b07a91b037b
2cabdfdfab5bfd8
3967fd543dacdc6
1c006e5207c0fbf
a0d175dfa7a1bc4
0703362939459a2
a3b734a0eec6997
5601ed4ec5bfdc6
6cbcb336461d166
6c41b2a44aa86a9
5e8ca092b272f82
26ceddf32d40ff4
79dc0bae5f62cc5
37745802b9ca1aa
98a839dbc537fb8
1eebcbf6d1b5e05
2e49bde3e26d9c8
5988c24b246e622
984f24c543f3fa2
8c8f4c1130cc30d
28e5b3ede1bfedc
a27e5cbc9bbe3d1
0cbf17619fd8c20
9395c9c4ad4300e
2d0cdff503b877b
097943732e74e25
035d057fc7fe4e8
8d0df480a0c686b
3e2635e4489eb9a
69dd0298efb5a07
3ed49a7fc205a13
5b0dbdeb4c1255f
54e8792dc7178c4
00aeb3c0ffced91
8b0d675b0011c91
78f6500e7c3bef6
1f0101857c86166
2ff9b6a7fddd2b3
2baf5baee9a5ed0
531fef401e48080
838b34063f911ea
5f3adc592dca7c0
51cead6dedf2af1
4b62bf67c34574d
8b67331439df57e
583f59ebf0bb497
a3a2970049f3f81
0746762ca28ad75
1e4a3f55604f2c6
261e2c52e02b280
5d8304719ee6718
073f2224e2e8ed9
201647c881ac892
94a29a0fb14edfd
67bfe832ae595f0
517a5155276b32b
9437fc577356f25
08b3a24f6acdb94
2f42254a82fb729
32b2df9c6f650a8
72ba53ec41a3024
09cb54689d8e425
1070c9b21a8b0cd
419a4e69b1f0c88
1653e9e70a0b6a2
52c83278e870ac4
5d64022bc141b84
959e4d4e75d86fb
11f3242a887993b
77313b5c93d5c7c
7557cf9fca5bed1
127fa4aa3010014
34985747391e460
6afbeedca92c3c3
7e9689e957efe2c
46a9aeba8a12c68
561945e844a6a44
7570b6e1cfd136c
6b8755aade12cba
89279f2bcdc987c
433aea9d10ce1b3
1a37ee711324be4
9fa355146bd88de
39367e1ffe8ba67
83451990c28c98e
95600b3ba4fd8bf
3c8779a1c9074d6
78b25a4fa1c11c2
676fe8d376fabec
63549610faf98d0
18342039a85d67c
09293c834915153
4239f0521f1ede0
09d9ed37286c3d5
1ef98a9500df0e6
6d3b220c139bf84
1fa9c5a24177a60
28a296287401689
5c93da5bd1680b6
8aeebd11a56bbca
58570789d45d8b3
9de4ea3b6b22f77
4780789bf75d134
6cdc7b99e8d37ff
3b85fb8157394c2
77e55ac9c97f26a
3e15cce6f2a31d3
6afbdae52621047
3466026cef978b2
73210575dbb2a61
9e0e4957d88af22
0700b212021afd1
3471982d7a8f18d
871e6e80c8f77a7
1358cac3fb555ff
1f7bcc9a1207af4
7ccfe823609b9aa
153014ad7746a57
9734a9862ae23ed
59ae51bcde3b2f3
40a4b688ce9f840
13c95620e2557a1
49a4070b339a873
a07709378c398d8
97b7272e35831d1
639df7cd4a8f15a
15956b7752aca8b
7fa43729c86f344
0aafff6bf99fc5d
31da54cec9c2675
a21ebcba6684ce7
4be9d790d379c25
277fc09d9a950c1
98e6caa7993f925
235e544fdc07eb5
1d843cdb270f587
572635723ecf460
7a6693b3f551188
8980fe648c3baef
8997c7e9e71d720
9a50dd8ba033fdc
8adba7275b1d5a7
0c0d572fafa7be4
76060e2e355f156
0817ca84b4d41e4
27d2dfac9cc3329
50f552448532e97
64c0b3b3dd658e0
1aad471fd884e25
9024affb34f3d8b
3a497749318c54f
487faf38fafae5d
7cba9b5c7a0d84f
a298452d08844ca
4ad3832d6203bef
3521e8afc6bffe6
6a78919a21eebaa
a3bb2a40757f065
87d303a1a21612b
4408c41eab9f8e1
73f2600f69cc8c7
2f12a4133f4a6fe
206f3885753619f
1f6d04a49e9e062
3dc0f848139441c
879ec31c82e578b
7367f71de8e55df
29b116ab6e685b0
4d0981c654bfe7c
64fcecf066dbbbd
77a8cec21845220
25f2862e178c06d
