000000000000001
99c1ef4f0962c0b
4573c69d81c59a1
36eb9b7f7374e25
22e90e3bf2424ce
2025bb3b0034964
5a77452e1974748
68397705a170a47
8c29f215597e428
771d59810d80db4
1873cddfc719e22
463fe6c2adb8b01
67ba7901f256e48
564c075edd36097
4e13a075e88aac3
4248b2ce298be3e
22ceb6865b02ea9
836d138879dbfd1
6a8babe4edd62bd
7ece6e8c6d483f2
82d6d0ffa8b9d7e
5bcce9fde89024e
2bb42b7d4b12b4a
9995ad17b5f7977
094ecaddc998a1b
4dd9e17f4b984ad
803c150c59eb0e8
899d7afd2b94f67
5b4c5b6960f8cda
025c05d9319be8a
2565bf0f4de686d
9809a32ef40b574
33b9165a17b788e
8fc88b666b5490f
75d3dd7c2b5086a
5e86f815f9d54ea
5480953ca3b3cf8
63c73a3e53a0182
68d235fcd1b98b0
730250fdb202f4d
59ccfdc54f4358d
1506547123577b6
2fa1c8293237a2f
5dd2df257d8e9da
85e98f8003e3a72
5e2b68d2c838b45
3040be2d074d038
55ddb045b6f72f3
46e03a87ba10165
2d6b656e016bf94
1628e501666010a
5203b750bd20c93
3e568a91481b1ab
2e00dedc0e54a74
1454e707f6b5458
252ab4f0e700725
42c93ab798f3281
48649bfd5747da8
3c2c11808a49562
81ceb03717788b9
37cc6579a33d2a4
9d466acd3c10bc0
433b627b6d9dad6
583d931b35325ac
6421a286f374cd0
19edc6eb1919613
5b895ff78aca666
24aac915ab84a27
71556635b46466f
2b0ed7934c7e5ef
3f5748d22bd4de8
5bcbbffbcb98cf8
924a411be18b48b
4409f188798fb23
1f7684de1f88a1e
2af7ff3d6a0a8ab
8116d9217b771cb
70b505b36e08b3a
972169d4e6509e0
467b25810faac10
804dfc8a27be6a7
31ca7e756672610
1752394e1f68dca
137712e27fb242d
375735428d620f7
43c311748c98f11
8532e40e2f60036
5dab935077f49ec
9636e001e0d8f74
5a3689c657b5fe8
86e6ea68bad8436
45258006aecf623
5c901e6894582e0
1d6a3cafe146b0b
8de0a0d51b3e7eb
9d5da29bceac877
2442a5bc5d7067d
32884dd3b62549f
69473efc47282f3
8b07103d5891bb2
6a16262feb0c4a7
5e9521a00f71050
464f03f87cfd001
9f0ea35ac01c9b8
20e9cdb8fcc6ac4
27efdae8f5734aa
9afb15dd16f0e45
397e2dcb4e99f5d
1c4b3fd0ff30642
16afcae1108a027
37219c1d6930ab8
0dcacb54a87d9ae
7287a8563b6125c
9f7ee4bf8ff7277
43efaab85f48c5b
94ab103a47557e9
8f97e0d2b028bee
888134e92748201
4b180893eb0799a
3e3473804f9f0a6
7c23d89d780d9fe
32eee019c657218
5bd4b0396c23c79
03801eb6c9f26da
8316bed4d1bdde5
19f0e8bdfe1a13f
31364a629147f8b
3773900e36f6f3b
0a358365297fff0
7bd2ba851097ee3
8a406d5ecd31523
02f31abe9744aa2
66d6ee438b4ca83
81cef662974137f
213b6805169fc25
961ad646cdc4b9c
07c94a27210c61f
1386dd90bad7b99
2add004d062efb6
059c1ae2256e41a
84fe946f37bcfcb
7d997c803fa10ba
41d205066b9464c
434f1ce56f26dcd
175c1b75e54e601
7fb9c6317fdd955
12b0ce1e5152f93
535c7fbad3d4f44
7ef1acaaf3093bd
416c786f20d7ced
51e32cbd90ae999
465fee0a0f2795f
255dfc92efad774
9892cda47f073e3
41665a301cc22e8
42e233de45b5062
0d1255a78dfbc19
1fe564676fc3644
82a4cd9f493fe0f
0e34753256b55ca
7df68faa58faa12
9577f4b120643ca
52dd165c92e09c3
463b7a761c8319d
516e88a1f67ca73
3cfa3081d247f7b
734fe405451743f
9fb01b44b47abff
4922481247d0868
03b00e25f591bb9
59f7ae5e427addf
47de1cb1591f679
8d491621fcd5a95
5c1d4eefa3e02d5
4ea3f775ceb90a8
684dd2017ad1289
656e9c743c88ff5
430fc4164673c46
6b7eb4d52194dc2
2f1a01d6bea1853
9dfdac31cee43ce
9f15c935107ac9d
61a932e981ee4d8
6522ca48de6d618
325a76657cdb4ec
378ea5df9e18553
6147c542886bde1
9c851c2135ca9df
4d757ef26b4b7d5
097f9fcf26748a7
8671a0c640b2a3d
540543254703018
2be21c4e8e2d6c4
5a34a09951f9580
8bce3247d8093d3
7ea81cd3b2ef88b
679b250a9d77fb2
75500370d0af0ba
84eab8052fcb6ee
66c669880915918
74da786255029d1
7ea999c65157378
7b23f9adf18a36f
6221158a67ac332
6970eb5e4a21dc4
941ca67caaa7473
6832e6454c3c825
6e80fc6b4e8246c
1b934e0f7a74175
344a71a663a6ff8
4d7efa5afee2e22
6e56d7ee29dad66
38165c1253c58f0
23b741f2a18eba7
8dafbe08a036c12
4128c42626b4a32
785c62c0e7c990f
1fd38f4be31aaa0
664eb96e57d0967
966db8658f42a18
260947f923ea8c1
2ca640adbfd004f
8616296161eeae2
77404ca258b9e72
0e90077c280abf3
9bc580f6c846485
47a38e4af6d4464
1e1fd44bfac0d77
4fb1e62f90687d5
1ae95b1206e944f
560181761ac1a92
80f534377379561
96e1ef3d25ad193
5e1fd39a971059c
45c06bbedf6790f
9e4212ff90460c3
30a09c8e2645a61
4144e04d36cd62e
61ce93d59cb0862
24db508ccb9ae43
59f56217cd679c3
752f22529573f16
18e88dbd6f019b2
1a600429eecc7da
7ae9828fbb01b74
561a78b9054144f
1e9134f8e41c916
3764efa5f29b6fe
41c6783c2b6c7d1
4bdfa77a0ac1156
4889dedd88ace84
0bc0c039d170f11
9ca1d6bd9717916
49cff16bed7df52
9e172942ccd0543
974dced97006a9c
8cf767f5a0476d7
20eada783e31219
80a6bf078408c5d
0891e617cb5ac53
751a0884fd75b6a
9991b12673d7b61
329e134f8038877
555adf3ae38d037
7a55481298d19cd
84ac799c6092d95
198a74400f7e113
8cf25a2bb8bd2e2
96f3be2bc02a777
584e4e0a208b7c4
1944eec64493226
82e7eda4cd6ea7a
76cdb83b54b1657
2422a7a4e7a7a47
3915dfb0ce5db3e
7381758f7241c40
1cd8b822311c717
532a451d237d64e
1e1fff5035db5b7
5dff1fd3e6bd75f
2c449e0f8fa29f1
3944a8d7fdfb625
014987e13a05cf1
1f5d4a64e311f94
856b10eab029b6f
59c96cc5325d122
3035522e3d27df6
2b77f90823a978b
43a8ef68d1f7f75
8fabf891050a831
3a48ecc916ffeba
761d0898676abad
4d5c49f42cb53b0
99ac481f10c5c70
60df1abf9fe4c44
03fd9dba0140ec5
198535d154a79b4
997e5b7009e8763
5bf76ee11421f71
7b49b1f2cf3b3da
33a270b001f7bc1
59f8813f0631db0
1bf81e3108c2bf5
0ac7252a4eecddb
43cea3bb3fa7b9e
7ace767def5e474
11d296c4d16bec7
94f0046c9da1313
7809ebe9f3505e0
9c9fff3376d3b89
3c3a65e8ecf8170
04c72643d6ebb89
2ef89d6a1c9eb89
990c7b371565b15
6233d70e34dc5f0
04446cc88026889
96d0ddcf907f873
968e8568c3a8653
101a65522ef5e3a
2d39c88104d9227
7ae8bca44560522
1fc5b64c33e3248
212bccf9fc4ed2f
0e82fbd9eb67084
1481a9869f30a19
34153d662cc0305
8680f7d025ef2d0
72131b9407243e7
9569ebae5cea50d
3b42287d52a8972
14f6bac27eda61a
7d792243e17c23b
3d06a34e8064f29
379b70d8b1b5e93
8cb667dc09a910e
2cc78d046331c93
59614fd9b73e040
5b4e9ad7586e5d4
8084285b2c84c83
790b4ba18f33609
41737f622ed3569
4abc1d09a74681e
39a4317835a3cec
5c538d32b69ec4c
65b16654c9226e9
4752cbe00106b0a
08b5cd3b076905a
030cb11477bf567
59a28ffb58ba5ab
1f88b2fa49b281c
430375bd2ea4e69
9afab9e4fe9819b
4101ddea92285bc
11ab563245660fe
0cbecc5251ebb08
12af52266fab88d
7dc818cae5fe6a2
2fb3b86a9bb2d84
55d947f1291d3e7
287ef959d5c187e
37b7f8c1df9c594
4f171d8ae324177
5f327c63cdf7311
59936537e6abae0
720df315eb52070
837a87af9325b78
2bb2abfed89be03
909c2d608798554
82cf814061a91ef
3236c74934b7f92
73fc37e15cf9a1c
99f6ab6c99bde49
7aa855945326d60
3e63884a2dd2620
83f29be2cba2dd6
6472fbd03ef5e0c
758be66db6d3ce4
5707eeada8f5680
52f4edc8c20e8ed
24a3fd48cdc0f57
34000f619470835
179b0e79631c4ec
376904b0c2a970f
971069df2020333
55c64c155addaf4
2d256649d95808c
281756eb5f2fa37
412ce1ba147e145
7757d63fc873450
78b08224d661d4f
64c05ed17d8772e
51cfd8dc5b8129d
4acfa168fa3e078
36f06342b8638be
7177f5a55e030e4
33fd1a4cc32bd9f
0ff02caec0bf7a7
6fa67164134fb2d
59c58beb4a78552
8366ddb0c57af11
924ae0c65734938
4fcf208bad24860
7d2bff833056bb6
0515653061038e0
28e67971a534064
2828e4d7404a58a
1720f3899feecf0
6f79d431082ea20
222123670ee860e
42987fe7953c106
21a83ab0d285997
17576376cb68218
9470275d332eea3
67883cca3209505
104986da1f83761
8203009bc37da04
427c20e013fa926
29cb3c3ac738754
8d339af7fbab04c
2365361603ab1c6
83e4cdf46591ef3
79924426603e9e7
74e307a3ace769c
08cd9d68e2e725c
4f68d89f97a1f89
38426bfcf2c7171
1c83eff26ad586a
2344939a332cae0
8ff9b66b63403ed
6d93d98865d81cb
322b834912046b3
732d685ad158934
5ba4ffeb9f8173c
69d55cf7af5f246
01657ff6dd158db
79cc2088adb56b5
9d9b6f7b18006cf
75c68e1a50b434e
77196140908f923
72bedbfc96d1956
2f0aef1a7f57b80
5935af34eb327ae
987622412ad62af
01563c2e716e65b
393f7816a8ac70f
8adc529bf41c86a
8c9b4437c0f4a9f
4428cf14e932675
7f130ae9afd5a9d
2a5d0e25c2ff123
7322ba17a8ddde3
0081523053a2ff7
6103f8812cfa471
34e0ec9693b7cab
659a8ec70c53820
6b7be324e0fed02
1f3a8a2220dec6c
89dc33b437bb285
9d97cf431d69c9f
82f6762c73177a0
170248e0b883818
4bf545dd3773ab2
0c010fd1215ceed
546aae2e9950d65
7cf1f84d1349f0a
1f19da88d04cb74
38c18be39dc09ff
83eace12bdded66
717bd54f8b1739f
07dde176774524a
8d728fbefe4c9a5
924469496d9c0f5
9cc97f89c1f77ba
12136d3fbe105a0
98ab5e0bb6eafde
6326899618fb24a
9f5e4e46b79f81f
72f0a5a76cf349a
8145e77df162283
6e9c8e93fb79275
68c5acfe378843d
25c344bd1041eff
727e44e55c0991f
60c1d6f6feafb38
8e84417e33a13ff
891a50d46854d32
97d564f44b05883
7ece2201ceb565a
275cf5075c5b3c0
6092c897f327e6f
38f68fcdbee6785
70c181f3237c6d3
21552a3d08cf393
3376c082b24cafc
5c756dfccdf77fd
5c1bcf02984637a
37171a24fb9cb37
12a31fee5a046d9
6a74470c1df2c31
8f19de587645410
9650fe9c3f855d6
2621702d86707fd
4be858b9a705828
2d86c4d01d51c74
74619ef9ad8cc15
80bfeff165fdc6d
9d75a6c080bd5a7
7a796fdab495c39
26bbc7df09f8249
4533ee3028859a4
399232f98ad159b
48881a6706d4bb5
3ede8bdb0cf316a
955433f1d90cf56
5014de534f72804
98c7a4ec3183b6d
1304b7713f499e5
0b8a1402adaac75
55073fa64ab5ed2
32420ac35840b82
9d0d1a44b376b2e
493451109f42948
26d6197502d6805
24b688109d49bba
7d20509a3926133
1a7d5b8cc9ebbb3
259e57858d36f7e
77aca3dd036146a
35b44e49b68cd17
4d7636abb6deaf2
09f935a3bb86af0
215063e751a62e8
67c100985b0494a
9f39a867c7c2642
7134e85f7aa7499
431f15a83970717
30588f4d1091f37
5a78ad113b97273
8cbfd583fec0aa6
95d67cdc82926bb
1737918dc0953fc
2ea7d96a80b33cc
07fc618d465bdac
5e1580113e7bc5a
3d6e02a3c9c713f
35d4b40d15c0522
069ad9b9d6a4cab
129d4980079e81c
3e3926b496bc468
5e2ac1db79e7ef7
73be316a81bce44
30a00bfff16e872
4881105fc31d7eb
96dd8671796dd0d
6c32bb73d256fc7
6c679132a2b68b7
15dfb50e4c3bf3e
7b3c4494969ec4a
33bfb1b1b850dfa
924819ea87a5074
3cfb05d7c6b1468
65e2711e2469404
89cf95fa67b682b
414b79539968e85
2bef3c8fd6760f7
5ac1630ecee0158
248503d2d8aac36
46a0e4d2896416b
0b0d5fef07780b9
53cd9accbcfc0a2
0003ce3bb00e283
2a361eb32d70926
151d8b4d09db257
830e872f5cf5361
00705f9f3d91ded
67345743f8e8a27
5d8b037b1880c55
743cf09b4977ca2
0608d94aa718bbe
6646b05ff6c663f
60f59f0e75c280f
05e950dfe4059b8
9a8b10ae346a838
780a52fca361099
2b53e9d6d9ed3fe
4fcf7524c3687ae
759011c208c2779
985cef6e566e0ca
5efcdb8cff56cb0
36db30bd8896cb6
608f76317331fcb
871db92c9b1d8e9
20e4ba817de8be5
5cbe69abdc8943f
75d666520460ab8
5d5bec3bff7ab5c
57df675e543d56c
46fb54420d79fcf
13dd694b527ebbc
3f6b23931137128
7df186031cfbbe1
4d65807e5c84e18
39393c29284aaa2
346be3349abe9f3
48eb095a11c208a
9b898276284df43
9bc62e9639f4c0e
5d2108dc301397f
44a9d4b1fb157f3
7820cb0c8707112
177a5a5630caff0
0c423f0604ca7bd
6f7f349b49319c7
1b62acbba28a859
6e5063f122e4434
7432ce7fba90ff2
0e6da5737205ae8
68867c38b895122
2c7e84b8b96ce22
03f816414853ad4
9cd0b34df1bb275
94599ef598b5677
28953aead6ec685
5c75ecc38e22864
49845da25612455
0798bc3d8ee23fe
20c30cdd2df05d8
8fda3b89f10cc58
2a4d2937c536aa2
951815ad985a814
19cf6289590ee9f
91e6802336ad5ea
0a04392f6ff93c7
3b1d34183d861f9
1fe496974615ca2
181a4bdb50d4d2c
8f92c13e95b395f
91b4d9751d9882c
5a4a04224f2f44b
2780d737e789236
7e8e0a16f566ba6
95cb86f1ec4db97
5ddaa94f1c647c4
9f47d7c4c827530
5a875cb56e02feb
17842237ae0bb5a
28c486232fe8141
4b1f0a8a8b20849
022773c2456d801
3f79209846c9da4
09ccadac9ac453f
1912483ca43bb61
925fd63b54a3983
06bc1e270aacf81
0a00b1f811c296a
87b7a8c83476579
914fa921d48ea46
73bece522a7a365
2cf3f78085f560e
1bc09e99b1c5f2c
771cd744b4a2de5
2818a1d4e603023
847efd5898cc523
23ff35d9852b989
75f0c77a4769ae6
8c6070afbf42d8f
9211014c4c2280a
19b2cd05ebf4f5f
1681d466c62b490
0ee0ddae4b5bebe
07675bcaab14696
14b4e8cf729ecb6
48f6c56bf378f08
7660cd48a3be2e9
7b8be73db4dfefa
19246a2982b7b70
2f40634602a7a87
7ca6c1b1af4c614
3b442e396f79f2c
3fce0af47fed79b
82eac10334b4252
8a85ae206e6284d
545baadeb92fadc
2f5dcc408634d2c
8815a4dc8d978a3
48d41e7b8213bea
2a86d44bee7fd28
5717c9cf0b23768
9e8a2cec9c425bd
0ae0f8e9ac6daa9
80bd68fca896136
169c6d4ea4ea39b
8fb1c5db8cfd999
121ff65f84fbd9a
6f875884c23c2c8
7885fab0c64fbe6
9776dbdf71b9ed1
72a366ac9216697
667933b3f175b78
0c255135bb08bdb
8db04b0335705f5
6032e5e5b0b6f60
42872e5c3829627
3fcd7a36cdac5f3
3c7d9a8a1a7d726
335c594cccafb07
47f62d36b796bbc
3c30cb9467a5bc6
6dc5adb1c5e149c
71405d19114a895
6222afaf630a1ef
4c182ac640b9c5b
9ede9d9a1c135a0
0e34ee08f03d59e
7aae20509531dc4
8129996fad17ac5
7ecbd429f76fd65
37f2282e98bc81e
4d96874bae345cd
4e91baf7afe8cf2
48732dd4a351f8b
02a89147c435c4c
41989921e25cb08
4feb87ec0ab9faf
1873b17229af31e
30a66aeec3b984f
9f78f570e52fea9
626a3976107fcf2
0b660f3fa82776e
6b64a792725ccb7
6bbd940c60232d3
106b1561550b333
16f5fe84e5650fd
46a8e401f582b3b
0e729ce00401567
20f51d67bf60eef
7cec33b967384d8
824a4fceeec7bcb
1f10719ac43e704
552ee1575313f7d
1dd8ebe1968e772
30f199ee0a8ceaf
58e3c642ed243b3
1e8f8d248eeb069
8b00b524753e70d
8e5ff6035139b52
6b0d4e429db9aaa
9d4b315a3536ccc
7a9b5c91af4c3b3
94420b2dc11475f
2da59d7471ed156
442c7d0a2a12de7
7691c0cc29b3f24
900698902e69181
4905f677b65623d
8e373f5dd87838a
383491daf982c8d
9035b2168050724
517087975dafe5e
5c54a71e1313a03
8218e14263f978f
87297985c1f1b89
39622df61c4632d
710d13bf337a97b
66c2d7759805957
1676168378d8983
9c8e9066f924baf
52cd2da06ad4405
1aee324e5a60ee1
23c0a8c5b0e731b
45fa86e2f3be181
5128ca9908a397a
35f4c9a484333cf
6ca6dcf87da3f3d
05fcdcb4c5ed74a
5a11bb9c9bf90b7
4c939d0415471da
8f9d83481f66405
6a3715b1f43ce39
857a404982398c4
36819f6a3654b78
4efffc70f73fe9e
0010890ccddcc9f
521161a01f7e57d
8c51af8755a988e
61daf3c16a5c408
702147fb28fb445
8481e2e316bb66a
2901b51809eac35
9f8ed06f910e04f
048c735f9d63902
9d27ffab1eedf93
4f50ed4430a2208
7712019f11889dc
525cedf025298fa
102a93a41bcd16c
50739878808823d
85e6b08df3d6d44
6970140e968c321
49ab0fd8910c5c8
199fd84f21bcf86
065c5fc23716740
0b0087a52acac73
3544144daded5dc
35a5b2c6128d701
3149ce14b09f847
8f2b4d4e5051d85
98380fb55b4395d
9e59bab214620f7
1624146d186eb27
5219dd4e3112b50
46dc0bbdcd7a71f
28774f60ed6db7d
484979b0e57f149
9012de951aa4060
7bd1392347a882a
301152e0d7b657d
3921dfbf30eaafb
1580e6001a3fbff
37d8e7617503111
2715276116daa58
2f3dbbcbb8bdd56
4b3fda6f0aa3ce9
2ee2320caf2fb6c
1cb27f3ade65423
14b3372882d8ffc
80231f989667584
44379eea477e059
94e3162ea02cea9
19b7c73202b40af
61c23e079ac7fbc
5c8a2f34632e1dd
2e4fdcd9b46a12c
213bd88f1dc1216
4ecf964b2a70797
99f8f580dd15f0d
8323d0114b77d85
5df3e19bfefcd6e
8af7b2422e7eba0
5fefbf899e1af17
3c547fc3a7919c2
5043071e8165e3e
52a57a9a98c53ec
003b98949c28d77
08e98ab2e1b9de8
9a36018f792c380
789acad9e198886
9ed7bf5c5ca5837
9edf9c5fa7744b0
154c236ba880059
62439cf3002342f
1230c108d90c821
8b5280d2c4ef99a
998456806caf5c6
7bcd4f00963eaab
48943c5d5de8af0
4317126862641af
655d979491faf10
0d373498943a58d
5d88a4091272f84
6c72970ea1c694d
30c7b0cb91ed2ac
17bb54e926f70b7
7681cb22cb0aeba
56bda1e16b94bcd
2b8b273cbdad9c0
61c4cf265a0d01c
0fd5b8cb574a796
8a967ebeea2e9e0
29393255bec39f9
04e9bf3aea4034e
18de8dd5bf55c30
73e5ee4bc356faa
8cf086000557ab4
217f028eb12414e
5b6081417dd1fd6
22848d2440716b3
24faae58a54f0da
4478131aa7ce652
6c2b25f64a5b43b
3f9aab36b7bd2a8
759cdde062ed251
5c790331d074294
09964be3a837745
5a3afb7a99d0567
84479a2b845efda
1f68e25981ee8b1
82e245aabf257b6
1f7600458f8175d
1c17bc26b65fca4
8049cbbe84ebd31
57040eb91eec173
1a1c74f494bc144
8d34b3a9646375c
81b59f69e6a199d
973925c22e66663
91f995620596f16
1ef28e90fa6ecdf
222858f67068086
2ab4064df66bf1d
8a55e0af3bdd9dc
8421b01d32d4b99
5c974b63c9febf7
5e587817b031609
56d328302d82de3
472de2208064ae6
03a75bf86878c51
60b703cb86789c9
49d90191689991d
2d2320915c8385b
2f40a4a10dae4fc
2a3ee273e7b10fe
1469672a6084d39
9053e1d6137079b
90c880f542ca1fc
8885a169ae4fd2e
0b1647986725dc2
1e7d48f1ac31ad5
520f7dc07ed5fbf
303f58af713561d
9975c8060f0ae08
0e2e030d8a2a6aa
23b6d7acd5e1250
0396d68f6fb678f
85c1c2f1c1cfced
4425c640ae94927
4b401b586ccda20
2c7b7501b9e77b7
208c11327ca7f11
3b8610aa69254b0
451471566d9e9f0
481954a2df0d2ad
020a5142473121d
7339ba8043ac6be
3cf4420286f797b
973985088a8bd0b
8b9061501d70914
7664806dce0d5b2
2ddfa0278a02786
3058e73ddf04acf
1b4c355e53a0b33
812d7612c7f780f
383ee91e54d74ca
6a0907ff7727148
1c6a1b3a7c6cc3d
9a5aa4ff91946e1
1bdbebebeb337c3
73ea913773c1a12
688187299ff0da6
20940a767d11ff6
8f7e340fb3a32e0
73474afcd6c3cdd
780523e9322a76b
96206be040b9164
050bc57d4a024f1
725093fb103cd74
0c8ba1b3a475d46
08837bae66db6af
4a69aa0b7a54e12
25c3126b36623e0
0e6071266732c12
46a8280c3ff3860
782cffd71cb277e
7ef4410537c2cb7
54ecba26a45b8aa
92ed1ea08de193e
2cc66e5e1bc18c3
19311c8ba0c886e
5b23b484d96a78e
6829a2058885475
68692366cd56986
7f58c50c523d82d
51a680d70d65507
4bfb9d786b2746f
5af201cf72a3769
6aa9f792ee1660b
761a5b5f96aecf7
27d7f8216ec27dc
064394dad35ec90
129e31bd3cfe2d4
432c4f08d91df64
5b541a17f2d829b
9ce8298c90005ff
6a99f922aad9e87
1931907995353ed
76540200ccebeaf
800dea10c697f1f
613344cd9fbbab3
322d231b1c6a86f
846a526d74681b7
29adc71d21ac3ad
49d556402cab720
56e99660479cc4e
11e7f8093223c7e
47cadc8def5528c
2d499ab543baef2
57d573748ae8a09
713b5bb00989a0d
9c28ad6e4bbee44
15bc4137bc3b520
089529c7e342748
519cc863255fd40
6b151cb3469932c
1bd02887da8923f
084e30f2d91574b
47f60f76f340e22
0c995a8a170da62
66a08efe1bc5664
3bb4e105dc0a605
824371c1704d398
4c39670c1db50ed
3ebfc7bb7b3606c
1008b0bb8062d9b
146c06de40c7472
20662ec1e38fb2d
70413896df9cd2d
09f2637c3af5bb7
65d09e9cab5ac32
46bfb6df387ea3e
2642494eebca4f1
42c8cece3f94d54
7ec2109a5b0875a
6b8e9ac7545505c
837eeec980e0313
78e88f7d2c32426
7599cdacf87a14a
65ea2ce4426eaac
5e7877c7e2cc5fe
44518d8b557613b
0d9c171e409d93c
3add7e056eb970b
938f2397f8fe4d9
9dc995c7df89a2b
28b0b32eb6b18ee
3b16191a4c8762c
691290545bd916c
3d08efcc42fde41
37cd19e9eb9705a
209184ba98f3f4b
3e047cfb2f82ff2
60dd06b7170352e
024a18d4ce7f879
944bfeb57044a79
9664908f52a1865
17ffcdec83a9498
963fb770fb6a38a
66a28c4c5ec858f
7f4a12abbadab0d
7955f0c67e760e2
0914c92bd01096f
174c2eba00b2640
4e9fefa3e6c6e0d
05a37f348ed3a0f
3f324971372fb8b
8076f7417e19203
51c4d9692ae4d63
8615f6fade32ca9
2d7f0b304f2335a
0be1316d3357ec1
28d4c391d936b3a
8e2391fd71bc398
3f2ef558028279a
1fa522690627379
10e902c1d759f5b
8e284c7572480f4
92ea59f04c998fa
94309387e8419bf
5d3ef57b4dc6726
3c14ae0fc1efeac
0db5eb5ee3753b8
9242fa977bb477d
9b545c949c4b8b8
794054e54a5a422
55f1c58fc8f2297
0d509b57441314e
9f50c33d092b608
89c0bf0d74cb9ee
8159ef7b784dc52
19b0972454eee58
9f5b170b57db9aa
324f2fee2cb24e8
07e888e94fdbd2f
1c4f484f7a46a59
7680d370db7d845
0eac9fc67b4a412
8c4061b1f4bf18d
77aa003dc676b83
7fe64ca8722f299
68957c2ce1b50ad
6676d53d7cfa782
463756145d1c844
1d5c066acd68e1b
1f843281b068694
3efa5d36cdedc64
22d7d20083b90e2
8dc2234ad315aa9
789edc90c047093
879726b6b1fdcca
3b340af8a1e0a19
47807fddf29440d
29dab0fdd71cd18
707de2b983d5077
8e915f8153baa4a
4de7618c9a4a278
65545684943f594
177d5d434278490
10346e20f14d281
1222e0d7197ee4e
4dab343dadfa680
2680d0d643fef1e
4dee96bd8c8966c
4134ba9caf008b9
004d1d152d45960
40c883abf20ded4
8db349e20b18b1a
9a2d860b74a0a89
321293fa9b78706
6e1d5da5ee66007
377e705fc01a98a
8af51d7e09d1f46
2d9db353baad03d
7e4e1c05e737309
5172daefcd11fd6
38dc802902077dd
0b57545e28032d6
8d4165f1708f31b
43503bfe0f7a32b
5665ce4631a5c4c
1d508a05f57a52b
0e33227d792415b
3508a988fe564bb
6641c09bb0a9594
9648f433fd66617
6f6a032e69d0d83
43933d036b2a393
27b4c27988d608d
20b5380708e7187
1f85988e68b434c
1bfae7f06ee2b49
0ad8b2b3d391005
5230be9a7f506c4
135c5ff106c00dc
220c1a18d7a5ba9
45af4a824c01d36
33b0b2ef73dc85e
1feb8334751e226
474d0d04a24bb62
4bd607678917917
221eca4c51f7a6a
9a4f0a2388d851f
0c85d61b6c586de
4b693cad012894d
1544ee16fdc8288
44f86f14188c137
70c6861545f9ce4
741be9808491221
8a9bdceb4e67031
2d1c602df3861ae
76c1053136cb40b
51f02b875cb0e7d
11972a64a9d907c
015b570502f71e6
197950e54fd55d6
3737adb2e18ab8b
27ab89e3320957c
47a091162f2c598
603926a9349f7d3
65d370d82ffb216
815ac097eb2810c
4ba3187511039d0
114bfe079aa12d9
85d90835dff6b8d
46e08f380fbc2ba
98d4a265ba72b6d
7df4f02b45f095c
2704e301d438a1a
9ff26071e2ea94c
1da5f888b16af58
215573db745a05d
13f30cef91b082b
5adb46301d49227
16ff8c7ba7fbab6
73e27d6e78e89de
87078953bce6680
6fb3d05c9cea93f
5ac24f7b15fbc6f
7a9afd93bff5ebb
946a696800c5b4e
5cf6f3a9fbb3b5c
31912fe3bd4cc19
862f15b6cd58310
0a00b39a8b1d3e2
31b1b6183173899
65d4db3d52e6674
62105d91bf83b4d
570417141d6e903
767527906be2310
4c49609b208353a
9cacae60b69d9a5
1aa7fff812ef0fc
0e87d8e006b6876
75676b4f6c1b044
345e76830cff36e
1526eab832be301
7ded3798b44ddfa
863124eb7239922
7482cbf195f3e24
37cf2df10f1db88
9ab66a7d81ef1dc
43113749c122736
3a6d3ea7bc091ae
46ea18fb9239cb1
4df4f0b6b92d26b
5276d7e20e90f2a
1187ea620dd5a39
5696cf6324959e6
6f5851d2c341d09
9042507e1ca5845
26a58037ca6eb5f
786822aa8259fed
2305f09011edfd1
6730b4c0834310e
8fbdb99edd93f77
88ac3e8baf3ee1e
8edc398a3e830cf
75359a24b34436e
2409ce0dfabbb09
0cbf250e7c94b4d
2ed116b4a841ef4
86edf90bc9e38c1
57a571fc505c0be
9f4b531fc30976f
582630b2e91376f
6345dffc5436042
9344a1ceb3552b5
1033195579c5961
7b8bd07365aeb6d
9cb1ef897a38895
87c346c9e72ec58
62269d5af18c72e
04edf899b916acf
878bc8a924a5686
471f4ede2c69550
808a9c051cf1758
595e05cd657f97f
4ba52422e2db3fb
9cd739c32c81810
1be7f00ce310bb4
61109af31ad3f41
699b7c298d26422
9fad53d1b6e4fa1
8ff373501109eeb
4364588964f8b6a
79c2400611a1ce3
7d413c8ef22eb03
499ab7c7cfc035f
5bbca9aec5481de
95bea6582c52a03
6b04584162fe916
79b91f934ce1859
40a44cda25c39ae
99b6f8a7cfef4f6
5c82f22a556ce52
2528391167039db
60e0099ee1003b0
00aaac482289abb
5792c6cb99b8307
01db5c9d066566a
5c79145180480d3
7a00259ab8f193b
4d29fa02953d01f
4d521d398450db4
51931116190ecbb
5decf3d8ab609e9
804c9c623991016
4c45a764535a952
4178e58bf6af014
75c2ff88d4c2c99
3ab1c1e81e9f120
1be104c9729908e
903a81bb84f5b87
891c0729d2ccc7c
982b081d9f969bd
6d1d3da04653b24
32f5544913ceb78
8fcbeab79bc7353
497d01386d15547
59a7784bf117dda
619063c4abf01c4
98fcf0b80cc6c7c
6be3aeae0d72f68
50375df6f149c92
8e27e90d5aa392b
57a4ac44fe567a1
19fb3bfb51d2236
17d82819beacb76
159e603e32f284a
941008c18871964
35a01de6c8765e3
88b421d8e017126
6a26cd69b50a8a0
946468837fb5902
0424bea9f4fbc0d
4f2a9e84c80d0d2
82473e70ff187b3
47c06800ffa5dfc
4bc4e1a3491a2cc
3ea38c61c149870
65f2601136607ea
6346d57bce20737
168742bde938c99
0b4d28601d36744
65baf2b42a57434
22b0e6fca21e73e
4a81170f960845c
1a9af9736e0386f
71294aaf0cc0e26
5c1958bfb40ef04
4ef881d7531acd1
58fd541c17fc15e
7f73078529bf535
4699a14542a7f84
3db8918beaa2287
930a5b2b2942fb0
41579a266dd72a9
528348d96a74b14
996f17e72cc5d32
6749b8b28093def
2b9538fd16779c7
9896d54e6dff9ff
3b6f1a472cc810b
068e96647c34b5c
406354fb7e7eefc
4dd6a0081fac180
2d752dd8eb5a86f
9a8382cb8cabafc
4b1a1c9784a7b4e
8a69ffe25e2e33b
2570c0a52ca303d
49d37c3d08e6496
4c2c3c5e0cc5d1a
83e8e799a8376a1
4dab831a12aa31c
193d5998d2e8b15
72e2e42b92171c7
3b8f41c31905139
237c490b18cf9fc
149ec23001b3733
8f4a0433b6f2586
7169c020d3cf621
58ed9079aa44a5e
674a395125b1884
6774261acf0e26a
8b75eaaa3fa5d90
4724479020390a6
6c161f471db0848
097d370d08688a6
4e707d30d9188a8
58ebc2d99ebb483
6db4e06cbdc560d
07c4737c640484e
4eb848cd3abeb1f
957e0d405f8ce75
97a029b81ab8366
94e55084272e46b
0071616563d8c69
8b66b59c4f08989
7c6e58af7cb8dbe
228c8d5b0de84dd
8a3bd19ce0d31d9
2c691f6efdee477
19b5b7b424040d1
2dcddb356088937
9b8572f569b4208
0a86927d9137339
2e549fbc349ed45
65eb2ea2556aa68
541da2f91ecd9a8
6cd8c46c966b724
589cf09217a20b0
42f40e8c3480e68
95b16ca65f200fb
33e7ea2a5c4913a
6b12f5d9cbbe8ae
9adce28a6a51107
600cb54446872a2
5233e85868b349c
6923ec2d54eaf88
98933a26146a2e0
31a69c1da35a2d5
2a8ee9c52819349
9edffa9f0aca7b8
60476e57c600153
46bb096b354e1f5
89425adb536c5d2
4d85ed9adcb3259
0e24f99bb9bd0c6
4f7abd053de4f98
58fa7c2d05656c0
9915bf34f432c70
11a3d5b0aa1c881
862516ebbb81dfe
219132c0ffc31ff
9149424354aca3a
589c72f25cb5b0f
358ec2914e69471
7e8ae5df7125493
405c2a804f19339
6a26c7e88934785
49d294cbf18856b
85274d73fb69c77
14a1a78f22121f4
11fdab05bb8fb2f
597bc7e10bef03d
29a48e92de0e20d
09e0ad2f6f77f57
233e5351bdd325f
8a4278bab799822
3dfac0df6bbdbbb
815eae1c7eada44
32624ff8ff41612
5648a302431afd4
33d42c1e82d8a99
3dc200563aab25b
49e4b6e4f118caa
4c8253175118643
4317e430496070c
6088c54e1c6a537
6e6d11566bff3dd
6a81d38dae55e07
0adb746afe98477
22fa4d41bf172ff
1799fad4fae10a0
3b282766c76811d
1082dcde7d8e2d5
601a405850fe078
0ba136cd381c4da
8869d88973df82e
8f69e44a6cda3ee
4f616c1c69e19b8
79d7563d55f2b5c
65241438164faf0
9f762a9d3097062
645d7bc78ae88de
94d9ee6560cbf88
5276a66fb77f856
73570209d2865e7
7a7dadf6d3e558a
9de311934e6dc4e
69b0b1cba6d7cc8
9062e44459380f4
6db92d546cdcd3a
36ef4a3426a4611
6e2a2a09e613aa9
12b110c0b203386
3cc025b52ede56f
51538f7e8efe0e0
831b7505538bbb3
7ee2b8ad2eac9fe
1b1034dd2021072
5edd8ec57295b10
9dbe067aa69e1f4
8be3dbc7df10809
22483387492534e
6e139581be91641
1b4282a6236cf10
9eee026f05cc96e
3f24f7463bbea7c
9fcf0f2293565fe
483c76811d29741
40a6b653e31ccf3
0549ab225815b10
5400425ef7088f6
039db88075b23e0
604cd5c82824f51
91fffd4ea79e0d5
2b279dfe8f74642
89305fef223bcba
4f37a193ef8a73f
5ef7fccac737a1f
7d6a99d03cd5698
28ea50f216167fd
2af80b03773c847
2441d941b9bc164
15835a61265cf77
04d321a91c12e31
096f8cc416cb197
4cd6f235ef3293a
7be8fd345f150b8
326d2a27618ff3d
0afcba3143b02b4
07069245633aeb3
9a463481b0d2298
586a2e467eeef88
9a1dffb706921d4
3d40d6e886aba5d
538016f0bf0a605
191b383d6c69022
1d656123fbc44e5
09d61947643e30a
57d7558e75cdd64
71ad6a24b7f2eb1
76187b171b04a03
5454455ecf4982a
33c4f3e3fd3511a
0c8e042cef58eb5
9542485dd52887e
0a4aa4a91f3c2e2
92a5260f003325b
1fcb804ecc34729
47a9f6105a5ce90
59b91c18f2c75c8
5dece86ac84d64e
4d003c1375af93d
3f9ef0093e9807c
8c6b38aaf03e521
6a9204b7a542709
10ec60fec923490
2c9448af729d6e0
520ff0e063598a9
2beb215d3bee1af
1cf6c25405599a2
0aa3eff0e0e3f6c
0afd950082a96cc
570643e20c973c5
6bfc10041ad924a
9c42c33db7cb5ab
8d801e6accff88f
317cc2f6917dd4d
55146f6c76e2120
9c3f00fbdb328bf
14773f753470bf3
77ab38f34d9a0b5
828e582c317cbbb
8b107665ffda646
96a391f31141e9e
54b6d429de62d2e
1ab19debc71f6c5
582fbae3fa34897
9b5c40f70c989b4
99c74d4863d7723
5842b51e5a19f03
45072affceb71f0
28277f2164b8a87
17509b883496a00
7904fa908a4fc87
2363cbfcf2d7610
6ce50f3349d0fb0
88224808ecf2776
80abf699526a053
4567df95e40310b
057d1dcba68fe64
366be6fbca34952
3996965f28f7a72
6327f429c70132f
04f4902a4d52225
4f324069509a3aa
59115942ff40a38
9c6c343023e3e7d
2614a827f939941
48fa70407b45bf3
498fe3d4153cd18
20b5fe8c91483db
7e621244318bfb4
71b70335185814d
55511f99fa03a1e
61a01fcbe7017a2
81e3c7cc6942625
7e4f2cf2a7b984d
9cef683a3458497
909daa40b58f5fb
4720e7b96b39c3e
03c9016884aa53d
61e77c284990cbc
770d802b4d512e4
3af3bcc024aa17c
9f9d244c6f3fdf8
6128b1aac37ee70
7a545228fe48dc1
87bfaeecc32bbf5
9b556f109a6a0dd
0de4b985fdb037f
4683e4027ad6cd7
5ddc890cf10f83f
482982f1487297e
8fc78780a5ca113
46796b612c9f11b
7bb6d0b5afeb626
4578cd62b641343
5397eb9a2a6f218
432fb2294bce4d9
34e892cf46c8dba
4c2446a108cfe9d
44c7f1093b27a03
59cbfb79d35d0f4
58d05b5b0aa9a8c
7415084f12d002d
800a40a97b1ac40
5bc2006b5247a8b
769ebf438614d36
67f50fd37b30517
8694ce932fc03b6
0159e371e04857f
27e26c83a544752
34af58a9a248163
343d0258c76f7fd
50fd7c7b956826f
47e4cc6d20bf24f
523cafaa3ab1275
45127a1062cb3e5
55e2e1b77f4bac0
40f911d36ca3827
8fe2bdefe9c4499
019c5600969d4ed
9a4fd9eb457d6f4
6633cf0b2f5b248
0bda07a109e9507
6e780b46a56a7bc
4d2035e2e53d395
020d172ecbb06be
0e3b4f50a6b76db
0c18b11288a1e87
6b27b48ff018da3
2b30f120926a5ac
0a462e81447606d
13d92fb5e688419
51c483eae42761a
2864123b00306ab
9bb6dd8a8387dc7
986bd56fbfd5e1d
7eaf50b6b71da9e
73c8bac782ced47
45d04375cd75624
31b7668e352de38
672d7e08a19c0f8
76fd4f0ee2f0d1b
650ab910fc7c38e
71d6b1b8604a499
61f53421134cea9
985c60dd49419c1
631e0b81f877056
865ea924a744237
0126de4304dddab
2a2720cfd9e5cc2
1d4b76481d98a51
22c3486416e7e9a
60e5242c7941b69
6524b7576b7025d
9c2bb9b23c91abd
21590141e930af5
1ab9ec3a6c8fe1b
1725f6caab01394
3d8a4b74e1bc3d3
5251e18d5477566
717400f3cec5d3a
7cf2d2dc3ba46ee
3d380702cd649ae
4387520e40fb21b
78d69f9604fde2b
87a4c39d4a2df9a
321fd7920128df6
8f1fb767996b285
3a3d0e6359e481e
0cf08c634118cb6
8034581eb429eb7
4206ffc2f7c2d9d
6345c3b61deaa48
8362903aa5dda0b
6a9a5e807bc48c7
01d23f0f0e5d047
5078e500110a37a
0789d88ad559029
3abb5447ff797c3
53d0174eaa5c1b9
5d38eb834038079
59fe758ad983b83
3f506db4a64e3f7
2b74e7186620187
906c967d6720e19
460d19504cb770d
471327186cff51c
8a8fc6a9c9c9d60
65924a54fa442b3
3c2740b97552369
19e9e5b433db597
740b9c474901297
744ef8bb444c73e
25a038788574306
50460fcf6ac4694
67a48d2e530bcef
4a5097e41ce945a
6504a187c255a4f
5f00754a63d2777
028c8a401345a6d
8a06e557ba5cf2d
5816da78d3193bf
2c2bd5f5da61332
23354eb43b1f578
82ab10c8cd7d454
601884f9e0209b3
7250d2abac64fb2
51ccd70c4e0e787
2137d9fabc94641
32907f1d933b5d7
0905d888f20c765
18d275107413468
815f56c4e70caba
47286abc4b92c7b
5e85e45ccea726b
07424d56b6a891b
11465249f1f5aa8
411237d86aaff1c
372bfb741115201
1b12f5d2207993b
6f6fedbc52f0c48
2a05613ccc3722a
2659d58d2ccc11f
129d6570a7df2e1
275e9018c2c2180
76cdf1bc20363b0
1001c00be67080e
789cd3cd41054aa
3e5649f57fc7a54
041d938ed1dcd6e
43359158c9c3aa6
30574586916a6a6
37e20d8aa4565da
42bd6d1fbdf02e0
17b7d53b26bcf28
58683ac45d3a52a
9c2a43a10dcb03f
36d7c4dde604f64
8f5c796188fa326
3e65c969023f2d3
10e3466ecf918c4
4ff8308cf69cc6d
282c56a7b0552bc
0dd0057769b7941
0fb6f57566e72f4
7fe4077ae278bf6
4e9578dbc923617
3abf75f7b5f9149
6e89e6289e9e2e3
2e1b6d446c5c16a
242c0574d12b42e
733a3be77f8fbd7
63190cb0d41925f
6ec3f0080419e0b
21bdba8c0a11444
93c9e03cbd77746
35b4e6646aa8e68
390e616b78daac6
48be4b08bb5413e
0893051f145e8ed
346a6e7c75b6efa
9ede390d8d1089a
166e12c0344f6b0
710020592ec361a
2214ea4bcf86b84
33d4855d60aeaba
695b6d4767794cc
9f809b1c345cec6
95c9cc99ebcda43
4bfe41d87f056cd
9b24378e9b31eb3
7d2af00ba5ea55d
162f6cc2d5f2c14
51b971928f37618
34b4b06fbef671e
9139610026cf00a
9e5b2b04066717c
858514f88959a64
2acf527e7a2a6fc
250197dfe664f96
28a6e5e29d6b9ed
9a130a65f22533d
5ba6ff9ccfd970b
8be103b75333851
179959c30cbf6a4
13466b1f85fe418
9ea4c621c9cebbe
341be96d47e7f88
460f51c5a450459
03c34fb3d766915
07ab35b37dc6c8a
3c63902754016be
8c0b4e1bd49c57e
1905a5cfafc624b
439f826a29f1d9c
479b32a2efec866
7d86f8022ebe934
49e8bd56b3f91e0
83bd66b76c64505
7accd3f2b5401d6
30647750cc6e357
05924593bfb695d
6b9dfae1f3adc13
85e4fedf4ab175d
914f825eed8ec5e
464648303b45167
0b19916cb6c2a59
21dd0ab30a16a54
8d517ff878969c4
913d4e5a8725f68
0711d1d7667c983
509c924c14e01e8
91bffd7e22a2238
273592aa33f8a45
93c99c5578c9e9e
296e7c234aebd9c
8c9358cac9be9f6
3e3c1e1abd5f7cf
574ec148c133e50
40341cf3af944ff
07601c2872f15a2
3e2e3e77bd894ef
686ff9aa49e871f
7a943a8119603fb
30bc47f384a8f94
8c86d8d81a4de5c
124978d349e66b6
7e368b8e1fe67a6
46850fe45673d4c
5bc0771dfb77e13
0f51b1a8d198c68
6d741516792a937
5677660a2d0cdf4
962b23196178a50
4c602d914affa0b
812565aefa8c867
082bfdd120f6150
0eec53cbaddf402
9f87951ff5edf60
8be771eb7908fcf
4f7c2ebd7e287bc
71743bc9b3145c3
64d8c8139593ba6
269b6c5f0f3b407
0f3c9d756d8f5b7
6d475e47e6a834d
2fd9e781307f3e0
6cc72453d259b88
4ff144a2647ffbf
1091fe79ab12662
2d1bfe666488608
79042d7163f77b8
84d4e02439940b1
3fea398a1b1baad
3845e57f1a71bf1
807317d62059cfc
69df01184601921
5c2470b2e7b18fd
2f49557a6117f35
9f620aee1cc5dc7
632ec9528d4a592
66b494366544560
553f53d4a5a823b
8ca623e8534d6ff
6bae8fa6232a57e
3668003b6466790
00a109d537fcaf5
3c0a77b17cc93f6
9760641112434cf
759893bf2d14b27
91ae3c42c697844
944e1ccde0ff539
4e8a45d4ea666be
3570b499c054920
51d4a0f0c6b13cb
217c4946b27326e
96c8866d3d70ed1
7639bdaf92ea5b3
10bb32f92f6bd1a
7f08c21ed65e816
67ad337e35f800f
0f36f759393b9bd
732e61ecbccafad
4ea53fb219f2ba6
98917db7d19d40e
481a0450f27dfd9
55bfad172b4ec5b
70d66a9c8926b63
12d075390680a1b
6ea5fb1f5fc6bd6
8ac6de722e5af72
2b74a7dad4c88db
1dcd36362403618
130694fc8028d0b
25cc4de2c244bb5
2e13eb40da54785
28ea12145515adb
5615a1fafe44fe2
575adc3148a690b
44beb44e84c6802
1517f704455861a
7283a132c2feb9f
2c4034ab057033d
5cfed00e659befc
3bfda332b869221
0c2c67bda88b254
6307c26ce96e96d
02661547b67f1d8
9f50f4b33b29ab1
0ec834b54ec2f61
016dfe55707c588
1ff3424910e5467
27576fa2677e319
46f49d290af4395
251707630c0f6f6
4eae71b5fb3bdb2
9b0736013e04c81
193575b1aa7a794
416f080593a0859
47f69008abb2595
683b48556d7fbea
0aca723fb82e261
2a4c8b335e9349f
69ae2eebf9e1b3d
191cff5e9af8ab5
6fdd1ef03c1ac18
4922125b4834ef0
866585384e4d63e
0e874f8db3e2a96
086fcbfc13db6f8
234ada81fab6fab
0dcc1e3fb3ce21c
1e665b04ecadbe5
12b4cbb38b63fa5
0ae7c35b55bfe99
04130535e62e589
67994d89d39bc09
5e3210558cbe31d
2fe92351b906ec7
849d7ec2aba89dd
806e96cca0d3e92
71179023bf52d98
3309ea68c609bfd
23f5d210b01aaaa
319b3b33602d5ab
48024ee67d21221
80cd49595d9ad4f
05e31da40c0ebf0
3acd958c88ed053
05bdafbdf90772c
19d4188cf17c002
47eae7c21d759f8
49d8b452c6b7838
6c756ce63a6d5c4
0a902fd62b11b04
8dbeefd718c40e5
51b3917b26da9bf
316e85cd7c60816
84097bb55d788d9
066b7d9fd2b40bf
3267e8497a5f416
340a16c885a982f
10eaf90c34e2bb0
02b6c44ba57fa47
24bd555a150a1e4
77e3bd99536f686
66848535368e219
1ce9663c791cb30
74a380ed2b98e8c
4f2ced8aec78c95
02723959abaa964
3ea79cc1377c73e
0e7bdf82f4ab4d0
2c2e9841d93b5e0
9ab79ca2a00098e
042a19229098d23
8bc30f6d6fe6ff6
58f84a22b8b59d9
6647e40747caf8f
27e24807e4b5ee1
53fa09794190d00
1519d247ef21d6c
15986c1a29ea87a
203a6aabb2135fa
801530186ec22b2
8e134d58fd0cadd
6ed867cf06ed812
5acf7de3a79426c
174336d86541fc2
1313e3e9e8d2f5b
28db2125abcd23f
06a02108666e6e4
1e400efbd3b0125
2fd719880558a73
4b4e95def5fbe09
4b10fb6ba943058
3ad234e54c939eb
1c28bf6c7948937
93aae55fa148069
2aad2a9f815e8aa
1afe09fcebc4d75
40e42438aca892c
28efe70b6a46018
5e0e44faf9e4f74
49d9cc7e47b9505
6eea816d0c2aeb8
51620ca303fc2cd
6b058052ec03dc0
9afc233694c0409
6d1ebdd3492d50d
3f87b2f3fa8fdc9
87dc59efeeed37c
8208d0dc23fd946
1f77ef6c813b6c3
28d295422ee1b39
57eb8fbb2697393
533abdecdae6542
3f7e73ce8cfb126
9c61ac6ed8470b6
784c0cc47c4fb32
889ac4439434c99
562a6b3a7ae0200
73bb908bbb4ea7c
7c3d99f94afa5f5
2d5e39214d59852
83b6ac7f241030a
2b0ae68e4d11304
2ca5102a5f958d9
3857ab962c29dc8
5e92ef143c2e40c
5fadf55af58f1f5
71d8441a8724466
8062e1cd19a7d32
37762888560598d
6c4dd30b109c860
49f37e04c915e24
35471726f5a7ed2
6446f2a6705c64c
2f4df70f3868cd9
0cf2dc7f32b016b
229dff0df89eb23
27a8be294da2ecf
09fef756d8be0aa
9be84b8189708ae
20c886c21035c63
24c2fa41047682e
9bc69c208fe88ca
36fbaa784b7522c
62e809944b52474
0dc238e8a1cfc87
6fa43dcb0b50f7e
727f576da9866c3
510cc0eaca0f975
7ec96543bb3320d
4851ecea6cda9f6
305477e7646cf1b
01e9a80313a81ab
6838bd3f0b3b1e4
3e610d934d1bc26
8dcdec551aed207
0d306d0f732d415
18a041c0cc6e993
775ccbfc6b78dbe
901d7e6b7667be8
046a2d8f6052fa9
0312b6e99a5db37
5c236cfea0087fa
50d279308561a9e
2c6c82d1b02e08a
4d7b1a03795a53c
4521bff6bcb2d74
6948996fff1b0ca
875b0b844a4decf
2fde7f4715745df
6151aa197715dfb
134cc149398a677
6320bb0f0c473ab
87eceecce7098a8
9eae5aa2aa6396b
92a37725dc1976e
17a0f4f70b4e7ae
68a06a46a0172b3
12e4e17bf24d361
3f528b3382a993c
039310063f4aab4
706cb5390935e4c
4e04d19a5d0a0f9
45e44f13170e65f
0ff020d2937400a
16d68b6055b7e1f
62b8a9d30f90ecc
8bb218cea2849e4
141f1192c983cd0
0f9643adbb037b4
98d317dc21ac67d
818ae41d330b30f
883138c9e760c74
6b6d7c7545c9263
9b8931cac2beecc
2c5670a9ab80b26
1e280f42ca3c2d7
625b75d26da98a4
9ca287bb3423890
5caf11d928a460f
2b8ecc5d8af5e58
36c8fd99dd68211
32a38921adb9278
7fbaec72b1b9f5d
8a41ed4cc494d41
463cc42f121ec22
2af89fbe1853b39
0ed9d1a1ddb3ce7
3b91aa8a96f5884
08ad6a925707637
4dadeb5fca922c5
67e43807c96cb67
5a923929859fbb9
6920bd5c60b24c2
3bf9f92b0c2fc7f
05da4aba57e484d
4d03b3d0e693a6b
1143f650b658f57
979378ed529fb82
5df99f8282e81eb
88304dd2db71674
80e26ee32889cd5
8691747a2055fdd
5f6b9da1f239676
76313914594da4d
921d4fd229974ab
6a901e00d0e72ff
8ed62f958b4c03e
425f28787ddbdc4
7c163b36b65a9ff
6332f75f10c4e5e
2fdc981fe86fa81
75ee9f65364e6fa
621517f8a380113
19fa8bbdf90f94e
41f730741c7d4f9
4c8f540e8107174
4f85abf2c80f28f
4d86c36b6fe6fb4
9eb4b6f31d2211b
16ca002940cb2b1
87c5b07d0fd63d3
09b62b94c4eaede
48403be75f20120
2ce7472c2293edc
07a4ce6b194c927
19553dce911f002
081c7c5aa59c73a
12857658053646c
3292f616784f3ae
790fde41c5a5532
3f50846ca7ee1ff
0475733bc224c3e
413d843f959038f
8633a570f4c42d4
2fc43ad041340c0
2ed5a1dc78d6932
9c95d09238fc4a0
2d5da2ea778d9f3
51b7af3a04e2af9
5ac8069269e08f3
0591971265ac9cd
2864b1205ef0e4b
7f60cfd34134533
79f3fd4e5feb6af
9a3a3e4d9ead327
323d7ff9c8ac64f
6f4ca33a56a49f4
23a583930b9cd58
0ca25f073205f48
6fe520ba86df6f7
272379494d69d39
6154ae3965a39d1
128b9a51594b806
730e8c0b4a7f538
66a9dbf4ee7bd5d
446972f502a73c5
7ee569012c766c8
158a19bda25fc5c
83f8d707d1d4e3b
86520b929e49706
396a3ed8651a821
6fbf95bca7e2133
6121aec310e2ebb
01209cc83a07e28
4319769a54ca3df
884348e59bf45ed
780f24d68881a89
732fe5e32caa36c
5b1d05abf9bb358
8ba2bd033598b19
736701c9e2079db
42b8fa790c40d63
59e53a779480d68
0968458ae155309
1a6ecade41da47e
921b11c5da3fe83
843e8e9948982d2
2637c277d54d732
7f2ce2b72d9b221
67d8ddafd65d011
33d87e0615d58c2
46a5b4c842a6b0b
84b678c9f55fbb8
804aab1c19e8034
91327075b548bbd
8dfa44f1b083566
5784e129d0c4117
75ae06ad1e40957
33f78c5252b66d4
36fc707fbca0333
99f27f27f325434
55f4f6568a3fecc
61b6b4a569442c3
4f148059152f337
4778fc6e16390e3
64ecf09827794f9
2923746a17ba5e0
12eeeefe0db696a
09b58191efc9b5a
01029e66be56820
7fd9844c4623380
70591b24f7986f5
6ac097c65fe2c64
6c7838139dced08
3b949d1cc7e4859
5e28c5bbc64b2b5
9d1352332ea8932
69d1ae3d23d9ec7
51d116a72cbb481
5cee4c907180059
5232ebc968cc8e4
9539ff9479d8ad9
03d26a124da153a
0ed9735ce4218a7
8b7f466d3cd2b95
4f102b8a94390a7
920119f5055fc3c
0de6db4c70df16a
263b632409e51b6
0fa438239408e6e
0e1a104aaf06e9a
0dcd9427cf48034
29a704179b46b37
60d94ba23078f52
9211afbc5816a47
44092b445733164
4b880d827f74fb3
7e73e6a98fe8bc9
8a1c9120f5bcfd6
7f6c94600c51cdf
6e72d3e16d3b9fe
7c01a5a4c08c85a
82ecb5b671bc537
328f3873e964991
69c82f05c871a69
8db9a95e7667be9
4d09a2305f4cb1b
477cd9a43ac020d
2f1e4ca07702727
4b8d75c9b554a21
3e4304cf8e2b63c
5c5394351de2cfb
8edd6398259bc0a
22267ad7f124822
5ef295e7410ee9e
65bff5e52db79d8
2f4e035c351e6b6
7ac4bb0d03e9a2f
59310549f46d4b4
22b11dcf08d5c95
5259af174669037
2397e7b8ba7f8f1
6e392e2cfd95bb3
22124c5a7429f7a
4ce45cb0305c087
49e6ffe9aae4a12
12275d51e428333
2a5b87ff0834014
97c726d8edaa753
09cb0d525ae1229
6349d52522c4d1d
2b66696b34b49a4
267093e5856dbdf
35dd100322c1a45
2fda2b0767203a1
0da386af44e6e19
315342777b2acb8
053e5f4b647cbaa
34c7adbc9ed1c5b
7b3d62d51e4f565
5448442cac35ba8
4a0e1df963ac179
3504f6cabbe4460
8e105e04164c177
7e39491610dc3d2
471acbf222f0d57
8c18c0224811d25
3684e4c1bf8d848
462f7912131a468
17ac83c1de0a939
9ffe2ea5702f699
596a5dfd953f62e
1400f79d3c2f5f0
59514b5f5d7f62e
693cb7ad8419bcf
04e6148b921508d
867b42d6fe5b85c
3691b144ca16a63
26be2c88221da7d
65461bf2ec24d2a
64e0a996924e306
84e46ecc8f2cc8c
74489e18bdf64c4
810add3781e1243
060c4d3cf7947d6
3ea4b7c84532b59
63343cc69f47f1a
9597f4ed574e42a
4f03b9e9830162d
8f2838e363927e0
2e1f0cc1674f378
03f89e1eb71d5d9
66546364904224b
4baec55b83062ed
4d5193ea053b742
49ecda1234c5bc2
51f9284dc007ecc
8a2714bd49fa621
83a091359d357c0
28a6e4b01a9ceb8
98203165f8bd66c
2ff3022a6d15d19
08c3e88a1545eb0
7cca4b941e86c47
9b9660fa51d93fe
3b4b7018e2ead92
0017e96baa763fb
0f916a26a74b2c2
655fe1c35955e3b
41f1a09fb8f27c1
950e0d1751ed589
3f018205a933d0e
98610a961ddd127
847544282e9e6ce
6298e49da951eb7
2f93ebca2358fe8
31014258f0b74e5
72146cfc6a219b5
48e45ff26bf911e
13fb0f7da76d88d
9dfa0c91c2a4765
26842110a751052
04a2b73a39d5235
3b19adf70264d9b
9367eac66eca989
3491cb2e0ac9e2b
82824e9bf6565cb
71d2c352deeceec
58561a1715dd500
3fe435366edd5fd
5b8f05d6abb2565
49ab9e289c57fbe
71118526bc659f7
80c8cb05f6f63e6
6e8ae9300cc46d7
8fb00e24643b8f1
554bdd88325c1ca
60a5aa568a47266
9b6606afc014ddb
282be22919d3179
80bd1f944e5abc4
051d4c0c92fd0ca
93cd2a385d9aceb
80823359f397d6c
63abcbf63ab15d7
535b2b8b70ee2f1
9c169f7e21383ec
98e23d99a1e0a42
8d98bce1fa97f09
0ec2aa72f2ad685
6da3bf6b3847624
710b103bb0e115b
4fe6af9f67d68f0
5f5b106167fda3a
9d460c71afdcbd8
8dc7029b27a3180
20a54ff7c7c49df
72a86cda65607b1
8026354b64c1db9
758f0c36c01126b
0227c9f5eee67d5
5c2e6924c2641fa
12ddafe09e94e1f
5d2c19c9dc04ddc
59c439fa1a9b694
52d50ae7a1487da
8bf906b52df9a09
3b49c9c10776221
09c135dd7af0ddf
52e38964dd4ac8a
94370e6499a45da
1d6058ed887e25e
59c9b20a65f21b6
9cb0f1baeb2dece
1f12cde4b00e3f0
76d78f1fcb03450
45b7db9a1030273
538e90022caeebd
3c3ca5700aab071
17119fa301f515c
6533291f3ccfae7
0214a32be6079f7
59c15d37061f096
3b2f0b0597d8704
49ec2230797180b
11d8dbe0d551b61
242369bf1f2228d
91caf24c32142bc
28cc246f16ad20a
8707f70074ba9af
20078336916f0ee
2b3c9b35983510c
74c1b1ca735ae45
062feb085a76830
3efa30c95716c1d
4360125dd12e4f1
726e6ed186dbbe7
2a7a1c5dd387ddc
0092bf2dee9d215
1cc13e8cca3ea8d
33dc7f587e7a595
046eb906e2cbda4
4bbcc5524d2df4e
6e042098422ae5a
0e806addc0929e0
25bbbe0f2663087
74685618388f407
8d6caa1232007df
112f51df0c49bb0
50fc3ce2d2caaa4
9d2790f8bcbd596
89395fbd488a9c9
484b8055bd20b1f
9de8c2d2f166212
92051be49d71933
4bee2733cbab8d6
17858ff17855b47
0d1ff132d6e4623
36cbad8ea8a4010
67ab5f1941b5329
22ee25dcbc6216c
5e71e4ce430d1e9
5cdb91029976dcd
4b382b4eae87030
114e8c03b207114
1e74212d982dc95
621d078e025a2a0
231eccec6bf1704
2c2795ca8aa0a89
3491e7eb68e956b
175dabc2e4f56cb
482c71df7ad6c86
8228b5198c151ea
44b7d0576fa443b
05ccf0aca5e2a18
3a8ee8798630303
7c7da48e8164f99
9953c3284fb7e7f
2801f76e9e57e72
63ac6b166710b0b
00ae0d4192bd6d9
7bc14b45499e0a5
7ad82363f6ef1ca
85d3063751d5020
53e1185cb8aa00c
40e14e51f040961
61af56a7af610b2
6e0ed3959eaa7b0
02fba6c824f3560
3bb9c2478c0741b
8ae937f7620f6e1
39574a037e4c1ef
284d76f036d5707
7676920070d9fb0
878234e10e7166e
91bcde75d45f582
43ba9fda3b7e232
1bce2cce4252d59
57adf4a39ed669b
896e41192a569fd
39baa9f914a6d18
43604ca30694799
81df904d071fefc
51556c234fb12c3
04980033f34bb64
2574fb5326072a9
520026f7d422d8e
012ba02554714db
135ec52690f2c0b
852649c8635d597
458d1fd0938b72a
8b8cbdf65106d87
76649c6944b9b15
2c74d46858b9d25
2975e48f86b3ee2
4c0bee296df70db
941879d9cfae284
323c2f000ce3f08
44d8637a9ebb45a
5a8ef5ed0c439d7
18045ea1b0454c7
7766ae36d9ec619
3c63edbee5f3b58
65ad05ee4d7e0b4
23a8b6c72343f82
6ea222c8da4bcc3
8478796954d9211
2ab56790ce60755
45000c27660fd5c
08c4714ec272e7b
16d30b623dff2c9
3bf46355fe71cff
89e7de254a0c35b
97790cb5e29cb03
18742c355528027
14c1748dd499902
9fa6f3bf625eca3
1b85c8083365f85
5bcdca2a7e9d022
278266eac53b98a
1f69c5f89006f86
69049dfa96b3f17
92306209680bf74
432cd956e576d1c
270a292f1210337
3942fd6b6024577
5d501b81dd12d84
6fe7742d83fa26f
80d9d5d046eda9a
189c94b5a88c00e
4d7bcc6df96b306
99527e567c50c18
3e6f98a201c78b4
27ed3e87466c99b
91422e81ed102ad
889a1690ba35267
37892f9354a083b
9502700bf2c32d8
3be5cff8a7a8459
6a99297a1d6b3a4
820838c8e745551
4d0fba2c40ab48b
9b951a6c271123e
78217691bbbac38
3a2c428396f17c4
64916652c92491c
6bc2df444a43329
89872d7f7ba84f3
87b32a4e85e606c
6b7748a12dfbe37
77b2955bf9051ea
6559bf1f3002f60
5f02140d1229752
7f69ad0fbf85552
9af97eefad9967e
1237ead03b6606e
0b5e128ec82937d
6ee48ecab54435e
395d394629f9c8c
1fafba8b0ce692b
5dd8d10af22379a
042cff747e41e5f
39f1bedc81b7930
47de16c7ae594d6
52f633ae426be7b
2a9849a7214fedd
38294ab887e0544
531fe9252d670f5
3436512f8db2c31
523d62bdd09a54d
87fead48eedf035
44ca5265c30688e
5c93267347d31e4
95f027088e93ce3
1cf1420213e9886
604e2165d9df52a
5fa45a37dd3a33a
50a05aa472b2ba6
865883c24153dd3
9ad6d27f5851673
96ea7a27007b69c
595b5e0af6830d8
13d1b92bcbe9d44
84ed4ce4dfde62b
2791ce25de98573
29ac813c19cbd03
9704970cf100482
42a52e094b752c4
3742919d97be289
1fb8cb050c0fd0a
431678579aa46f4
1c4d9707b8a0ca8
633ff9c83324bf8
5796bb11351b639
289316d9bb13abc
3518bc86ce8fcab
5569ed64a55a0ab
2273367a1df0032
48c9005dcb1ca86
34c39ffcfa9122f
4cc55f1386ff363
6cf685edcaa3c8d
14e3a530d481f2f
99e7540bf96e467
4eee62d7f0102cc
9ad369f63ab2120
044252c0321a383
546f45ba61da4c4
6ab990afcb30bd3
222ff968810234c
8c3da4a8b697481
86411de1dd331fe
16f9452af235624
899d78e377e5207
2b594e3927ffaaa
790471853076c99
33a9abfb168fe1e
1aaada2142d03a5
12b73ae5fb5521b
70ccee4e9434caf
0c86489ff1ea387
3e09f141621f9d2
5f9847c80294e33
7a436000b6c3ff3
64374ece402cabc
949dd021f9d7c7c
536073a9b279202
459c7523c43ccd0
8fc56e49c321f6b
3cfcdc37d670863
460e72f3ea8065a
8ce90ec0a6d4620
531031881ed913a
5c8dfea707e3f97
25a9040c2203025
8b7ee7c2afd8373
380e63eb12b719e
21dd47f69d637ae
63704871298cc25
87e39e4b7a26317
866afec905f2e44
5f5229aaa449c33
8e37b186b1754a3
8754eb4be26a287
07583b833df406e
79595780b29d340
67f884d28099fe8
0d208a5b143a369
0737513e9768530
4091a2c485269fc
777f3f1423ab0a7
0debe712c8d5fbe
7260e986c0a308a
2e453f04724d2be
80189cf68670bc8
7dd459d2faa46dd
0312bfb2d345409
566add1ded6985e
5227a800299f661
33808346e71b02e
1a5f731de4e7f72
5097366128719fb
7572ff816e8dc0e
811da5ca9101068
1b36cf132c8239b
2ea026d4152c13b
1b087c589e6223a
94bf0ffc73965d7
3f11c89ccd53089
765c8a77de89736
96e5f28fc3d37af
24a8570f1ad8570
5148b3e1f6d1117
50511b485a62354
6e9fd29550f630b
3f443215e8d3d58
8c8d3da8db349d6
7cb47a4c861dcc4
8c36dfbe20c6626
02fde7e8ab73e47
6f7e733deecca1d
21a9b87bf941b09
0ba3a0762e26b70
637a0078ec1a7c9
396004002cf7ca7
5f4680c43cbe18f
28fdfc5505b1c66
922e153c076e9d2
8a2b51c848c6ec1
786798ebbf9f084
5a276053f7509be
64ef4047fa16249
8e930abb2368b3c
27262d01ad0dac7
7c14f0e41b76d2e
64556bd4e8dc88e
42c513d6d6feac1
5d61e52048320fa
10377f5f851aec7
22c38378ca5ddc1
49d4ec3e49d86ca
55ffa1942dcac8e
2b016a15fb00a3b
0bb7b3de260227d
2d553c966e40533
515f8077240725a
4683e2fcbab5de1
6a763c43849025d
71803f7d299e5b2
84bfc716d7ceeef
2e828fd3d5a2de0
61551371acf5485
0336e4c3792fcca
61281ce04ee0a9a
6534199c11a188f
2bf3eecb6df3e52
75aaa9788f30b9b
1f51dfe1ece819f
464ecd78f3c9a18
3a50451be342973
2d7cf5c98524172
6b77758f8284fbf
83b7d7a9a7a5524
64a7fc26d76b0e2
62ed88928b97f6b
7534c9842ca228a
1aa3d682fd695ad
6e37c3b0ba34106
99548dd1c6f9576
0b50e6e9b7a5d03
05ed0f2cfa4e181
039bed75aa35b82
1431128238b5b97
21eb54ce4e32fdc
1d4e552f21f34ed
170547aea7c9b8e
27a12669453e1e0
85e182984097ce9
2fa1534bd184c76
60e913623bc15b8
8069980d1b419a1
13ca9918456c498
26bdf0381478dec
7635c1f1f34bf1b
71cc6b0deb44b59
5789909d21b22d5
7ae55d974b28289
7f3db77dc672f8b
45f813f2d7dec34
1e3b9021a2480d5
452a818e81a803d
2347fdc8c17f947
1bb161a7b0d295f
8f2316c2766c80e
3cfb17cda0464c3
4ff60e6b4bc9c6a
8f92d4472d67946
684a8e919c9c384
1033a0165ee1994
2689ca49673ec00
7716fd817a899d7
1af7aee83d1751d
465229aff46018e
964111100ce1e8e
9046b9cc2332d63
1ce8ec92e28f48c
6d83feeb49667e7
4c96e7bd9683d03
7b8437c4673559a
3afb80d7bc77a6c
0309542aee5486d
51fd8cb6e673690
50ab5b7b598a8f1
31656a25010c97e
21a07c81c115e81
39b6a1e87bb5158
5bf05a024eb3fa6
8fd2c8dafb841a6
591935a34ca905a
7b76a8a8f596400
68f0cccfa499bd4
1cd522ec26e8107
0d3a6d3627a73ee
20258a18dace9c3
00141a6b953f48e
00e6d57b049539c
6fe8108f9c466d1
0dfb745687f6ebc
96c2bbd8928ee93
2c375023c126b2f
156ad32bae63fba
6d5ad607cf28900
763ef63775390b1
6ecd0ff004d31f6
20514808b728aa9
5596bd22e51636c
724fbdc3d97f46e
97faad6f55bb292
2e8eba0cefdfb85
3fc54af3eac6601
6daffb88571de6a
59b92d3822bed2e
17adb23873bf1df
7a53ba001796ee5
20d5f56393d2495
22fd7ba53b6e69e
4f247c3a6c5b6ea
526cb8963604697
3198cbad4f42f53
839985a33afbb34
9201bb3b2fa9422
8a8088e1f445c28
55a894b607becf7
471b4be95f634af
882497dfd4c76d3
159ab0c99b3df07
4dd8df0ea287518
734d9a5b09013c5
51895ea99a66803
6538ef2ce04cd1b
52d08f024ecd9ed
9cf207e924769e2
3a594b1b567b1f8
48526d42d376a13
7ef8bbd04d7185b
5861f4d8af67655
7072b24d1bff04f
82c29f3bc05bdae
781900713b118e3
01829bd5ad7de23
1d0422eb8403cee
6bce8f45547d973
05165f434ea0188
4aac0a2eb65b218
1eb82952dd46fb9
0c8e98bc86c7c65
73839f3d68abb38
706a22d826c2208
81a8553e70977c6
84459e15abb1db7
50483c722cf0ad2
9d3bfface6db0a8
2174087cdf531ee
4be92ed971a0176
6d1f7531f25e9b4
4fee7767df6bfa5
5eaddfad77511fa
5270e67377ba03f
6a96abf1a1506c6
1f484e37857f785
9393b5f327b3c76
5567164c3e9413c
0db29de0a24124b
470e47f90cf3165
6c81a169c3d602e
4d15e67c4d9cd17
7ebcbbe8cac225b
5bac48136f548e9
10a133e2a721dfa
6f5f3894a7b2149
68144452833e47d
27a245add967fea
8c5ac48879494dc
770f4f904294535
1f35e1057451e63
74aa363f66b6513
17231641d235a44
5ee10e9939b03a0
26dc940aadbff19
1634625fa5aabf9
056556770322780
057ae75d8da5b5a
34d0e71d593416c
3b58adfe7e2a7c2
001054c4fb3bf8e
8dce86638a79c3e
9c9e8f9159afd3a
34925bc2b98e100
7619aa5278aa656
83b7a9e6d8ce7bf
7fc71915d865212
745cb32ad8459e0
2346006d465ae2e
78eb5de11a57d8b
91ea52c44f43b00
01be81e53b384f2
4aa8743a15daa0c
3de7e65fc29b03e
655b6551b82b2a7
780b0fa3d5d80b1
17228c5227cb132
22dbe5c1d4bd5ad
1a49ca6c4c0a4d3
01d192cef2daa73
2782c132053df52
8e49dfce1a3e6bb
76dfb60e833733e
2d2ab9fca42d8b5
351b5b86f981d6c
73b890670f754da
70a19b3d403a695
0f728cf8de81a36
4c0a347557e3604
9ffafae22ab1087
8dd97cbd4198b77
8d4bca2f693fe31
3a0d04e4b6d9f6e
8e035848dcfd46d
1f4a288d1f02995
8f09c4a835b8f09
74d05108f43af90
31f3a5271c210d4
7a20be8cd9e0444
85b7f091efa99ac
8e0283a76f77b8e
6d4a14b190f7e6e
1c077c54e899ace
8f0c2c7f974313b
0a4e8f2ea5344d3
7e4bd30ccc31a2d
3b619f0840a712d
6c493d44d3eae86
544f024c46a1475
88d9311412fa953
5e609a08c0ece9b
1b9122d7e9b74ab
3597b17bd89c214
2700aa9b5783da0
935c6832310c12f
4d6c884055e0bca
267f297d5d52227
313d18089a64b87
9f101c908a7eaf0
06d9fe0361faab7
158d520370330bd
31fd5f4f6b1e388
8bcd509079ee823
437055d85034bee
4229f4b594e2b62
9c437cbd4a168a5
6c45e74c12fc971
18859506926ee7d
7bb718d93bf1897
2666282f7f22d34
50c7c48a674c068
80932fc4ae964f6
4fc095d9f64670a
9b85d15433f3e63
380b345f5eb43aa
100bace5e35b729
1b067d7fb0c0f0f
029f1a0140c49b2
059622838f4203c
868912038cbcfa2
1b1435d786e2e7b
1d9587b1f367a3a
7089ec89601df1b
87172da9e04e70f
8689306278a13ee
739cf5b1fb128fe
23681a8d4e92a72
6170d53a6bf23b5
1cb114ed0a328e4
52df856bc5ba242
350f4b6bc24e58c
9505976da1d582f
69110bfb9fd48d2
1257244aba7bd76
6a37c2fd8bbb752
2706d40956e24b5
558eaac5577e9a5
91368abe61c8db4
156a4464d142bf0
780761a50926878
6e449c9bb72b4f6
20c22b201a517bd
03d02ef17742dd1
9bf7f5af10726c7
74f18ad753fd02c
1e9b88bcc721fc1
4774b06f115a01c
37a0f2026b077ea
93ccecb992a6092
2a15b4461bee025
98bb05910991b76
4dcad740873f2d5
5645c03e27cd9b0
90cbd9d26565dca
59fee8be43ff53a
3f3d2192265926a
411e18e68ca1000
6ea006a3bb74244
852aad929bf926c
1432f3cc4caf463
81e90a570bf1455
0d751212d41895f
3cc66726c5b46d5
4a796976057742b
86d2e858c8687a7
1e1e3b39db00800
19ee64dd978710f
5024aa8d048f25f
622dda2b39d2b93
0da7d5fa1a75fe9
811a39330a535d8
07b3573d8eb8dd1
2aa5acd84ed5ee1
3b7ebab93b2ebe6
73e370e5afb391a
3e95c76d66cd6a8
1634a5a58cea560
60ceb4cd0c8e3d7
47bd8738322161c
912d7dd54076238
037d00e224f1a3b
2fa25d5753c972e
1dfb7a1b0d57fc9
4fd723c887099f2
47dbc08fc25a431
59d2b1a423cc469
49b2d769d01a202
721b5681ddaf2d5
6ece2d8c8cd40ac
1c4c8082e7f4e09
5c3897004a8d458
07e7de49a1b0c88
75acb3ea94debc9
94ec354feb9d234
8388b71f9b17cda
2cc38e4fdfb8009
25068024728f280
2c2827ca1a08cae
263f66718c62e40
41a5f3296257071
76af6f400eca5d3
36f1a4ee2874506
40e87c8377c1938
3f69cd2f103c5c1
7ba523eb0f7c3f8
21ef5da1db8ffe4
6dbe23cd3385e8d
2596641053ba3f6
6b86374c98f7c43
80c729b10fa98fa
5d64c1df30d1a58
1c18bf7e140e7af
310b23a83664b32
264a42632971b1a
8d77d2e682c99e8
471bd5c736d2260
26b0da563d57987
5794c3eabf594e7
392cc1f92bd3c68
032b76cecbb7c7d
1c61e587198335c
70e5c1dabbd2b0d
6df198b5d49c3a3
8bef2e70bd034f7
4ec9af98d2887d3
3e9b6b7915e08bc
7681af410c8702f
7f79130b97a1651
49e9cd6ee29565e
0b3159fd6d4855b
21148c8dd60e1c3
418c9b3e3302254
7c3da3d9088935c
7fe4a7843924108
7c699d36416baf1
5b80d5203253c24
109bcf9619857c7
6c7c95b394ea901
6b8ce21bf02adcd
390801eca0421ff
2e50475a0076f94
04fa370289f28c2
76bbb3254342e57
027ba71da1ce717
10525306c666dec
5797e89aa1dae09
0c2ad2762d9d023
4174dcd474ca9bf
6c38f0079b00e03
67e93d81c7efe62
409cc0c4e0ab21e
9f3adbca19df957
4a66ca22cdbc0ac
61fd62e660dfcac
1837ab42f42203d
6f978030417e81f
8e2e5f962d33075
70c0a1336886c73
94ccfed1b3091bb
928733bea264525
17d8c652eeefd16
4a5729237243db1
2f63eef682fe4ad
0715bbc96b82498
369e26b9cdb9cbf
733e8bfffe877e1
8dedf96766c1815
035497815fe7f3a
379b72022611447
09c18698efb448e
5779a8ccea05db8
9bbecc5e624a66f
81a2632f15340ed
7b058c4366bc737
774618e2da6e72c
0e930db4d92147d
7564d286b1b672e
5884b03c06fd782
682a7b33b1e7fa3
2ec289be3e144ea
64bbd9590a4fc37
60f632c1c0ae415
1f993253531edff
4862142bdb2e79c
2f01d915bd319d1
96317e380c09276
8feade1f74c7cd4
337e37f313c4375
03b271b5d5e8ed6
26e06bc1fa0dc18
9d2edc02934fbeb
128930fd10d7013
123e9189ba83934
5a561eee23c529b
6729ca6edfaa19b
5b6298a35e4de19
289294c154aa968
9ba3f94a3246877
042a60df8d3a22a
5576fc2eb1ae9c0
9fbc3b0a2cf6bfa
6e8d680b4df7b68
8e9fce91bca9b9d
0d955088985a607
997b41f9346f1c2
673e1b1d43f43ea
3ecc96dee51ab40
464334e269f79bc
6f8b896b3f7d0d6
2ac69d2e90b01dd
5388e2f110a7bc7
9e5e3abb22eb3b1
762b5f3d895f0e4
7f3a43e3318b496
37cba7db167e2e0
07a338ee5112726
14b443bca07ad2c
746532a8746376c
0f6e9d748610f68
039355573964a0d
916057f29ff66fb
7ead06124a444fd
1c525a27937d860
1f90f0420da1eb5
83472714d01ead8
968f65aa5d8f2ee
56bffd1656118e8
165bf23702a44ba
09e2d2ace7d2941
14d6d9f9663d293
0704028cba6995e
750cef485e8c43b
235caa1705b027d
47baa5c1d7fc9c9
14b8c58cdd3fe24
5039f75a993aa32
3ba7b11217797ed
33b2219e9f59aac
159f02f8c589894
639f9bb49c8b57b
1a243027c98d50b
71df65c19fb692c
19e326973c60e19
32707e027888ab1
974b359dac2fb21
5b46e310fe294c8
7b012a457f27ec9
5db611fbd453ec3
3e1a2207bfa131b
14c719d8bf8130d
609d0f31b18d2f6
33c22d10ef9b7d0
1bb54be2d3afc40
904b694cb04731d
7c1c7c8529059d2
5d2f3291b044ca3
54237ef2426334d
629190aceb22e69
81dfee5365fa028
4676dbe11a247cd
97296f16f23a48c
32c6be9c3d14cdb
0ba11a7a4602795
5b4ee870f0a9dab
8d8f72de1128178
883c48892c71f3f
2dc1be18a9f207d
8ae78e3f5e6d34f
18aee4b6317d83d
7ddd51e67a1d2f9
8a8d24f07fcb6f5
2c166d55681d1cc
245f525dd061fa9
3df6a99abe4b1ba
960d8c25aaabd4e
4c27acfe8983b74
35a16780a48ee38
441c2bffcaec292
4fe6f84f5ad3b93
14340fa82292217
9bb134420c5811f
684e7308aef2736
416a383e0d79bf0
1414693e488675e
17871c6471a144e
41d06473038dac0
3421b8aca090936
095dcc3dd9a5ed2
527eb3d8590feb2
3975b8d52139b13
89ee90d8092455d
9e4046aeaa563dc
4b52da65d0a69ee
5a55ccf55338a6f
4b7c027e4ed4a78
46de8b29a7ddce5
33d8bdbc1ed4944
920b56c5d112b35
690a059f0f766a2
63759e8da86f671
36a746af3ffd931
4a62d8238ccf7d6
8622c83eebc0992
9928bcd26a5a8b2
91dc7739d4b44df
3b446ec61b31210
60a4fec912eacaf
538f4369d84f220
8e235118f93e19c
805d23ec0a3d576
406534649d631a8
2d4554947505ce1
26a5426ad052103
48b5e96791ce9ed
3efdca649f447c5
23e6498d017ed17
133cb1786cc3c75
4639ab150308b5f
228843abf588e51
975bd2436f2cbcb
85fa83f276a9622
3fa5a487c92178d
27c0b93a58fa8e0
8bb2c6174e28b45
998cc4d3c94bc7c
0ce84abc55b37e6
8cb243dbc13f694
39980ceaa0e7c2a
46b32944cae3f1d
179ac82b9cd4d6d
110b7e786e0129b
29d8b9d7d012b88
8f61d6036e9a2fb
76420150cb2eb9d
3205bc1163b749e
509db231d30eed0
2a39fdf57236cae
9ad9a9e76a162d1
300ebd24612f7f4
3f5a44a5bf21d20
64d7b4259364569
8afa8eb75363a94
0138f7c3e5fc47f
1ff5e01412e2ebd
8c6c3828be4c9f0
8c7ac34fc9b2a58
11e73cd36160c96
33d55e112bcffb6
31679b57c44acde
168a525dbacacd0
9ad404e542cc861
3f0292f55a9d2f3
55b6b58fce71a8f
263515a970328e3
3310ac63e70f551
34563182a007adf
66cd67a29c0d0cd
39024e38d485901
5afc0a8022f7f8b
349e84bf6829b8d
827f105a72762b3
2a1922f74083041
52325b50e0b706b
10dfcd7ebe88ae1
518f612f8a19018
2bffbe9b7e626ea
4b3c4f60b05cf7e
45bb21a7c332732
36fb1e1f39d14cc
02d08eb3d6a82e6
7a59719789198a9
89e3cf33e464a0b
5bdae3cefbe2898
2979dfe1e468b58
47e2f5bc037f5cd
694c3f7c66cf923
62d55b822db2204
1a2e01112f446f1
51c0176a67ff966
2371e54ace0de75
5e30c1c303a600f
011c5c01df8480b
7754a58e92bb402
1f2d6dc9dd3d02f
3207c731f217683
3cb7f71280f6623
6e6fca8ede3791c
61bf5e49bcb1ce8
22f9e6097bb0671
1762047d7ee4155
9292ab074512836
7bb7042bf23fe6d
5bb9b4a0894f23e
303fb142808d926
9faa6265f75ea99
8ffaa6b726f7f4f
07bc5166de1f830
86e560564ccf99e
08f374935225857
74caf4935376651
356e402c36a95e1
35f7084a8ef3203
782e81a09ac7860
389c3d5c9757024
5c34c252de55394
90d8e8061499603
15813529553b3e3
2649264be44c507
25ec26793f13989
09f9d01d4e86824
97e0001d1c18a9a
3094f4d4ae4003c
03ebed805d34479
22b6d4908777ad0
194798f58fa1c05
8c19fca4f3fe7e0
3e4ac6625307522
8ca047148918d02
962a6e1810bf6dd
31621185a09cf1c
35087c6b53f96a3
85157b1c5dff7bb
168647da4f03f3b
68234837f8dc458
7913e924c48e173
21604a4bf849f6d
041c258d4299caf
3e58f472a80d02a
8e94f2941982e6e
01613148a357c40
3165517e0706903
5879f9d0bd6e7a4
08a762dcde43d5a
8fb4f1d43f1a8a6
04a6ede76c2c0be
50f31de4a789812
9a0629d9811762c
981d68d5a7d8a5d
9a4587ab3c64cf7
0e830d02d416aa2
796fa67a265974b
15f36685ab9ff80
556730bee3661f9
23de019d2c24784
65bddbda336491d
0811a9743429142
370ffcb7567f9ba
082eb326d750e1c
20b29df8895370a
5aee6fdbea4ec74
2e5f3b5cbe6248b
4de1f93d7482158
6d7d229f1094671
3f246370e1d23a3
15022c48a1ef62b
1f60892f72a21f3
4f9e3c31f4200b5
45fe7aded59eca2
36777fc66445402
61bae8782871fb3
a0018f01a742af1
3499ccbcd5401e5
1f7713fbbaa581e
28b9ba1eefdd71f
7a095138c20a1d3
42568fa5d722ddb
3e510bf79972a15
808eea8a7362136
486f88c8f9c9ae0
1560cee8278893e
519e5be9462339c
15dd781b901335e
073f52e11ef21d5
62fb2d4dad0ed00
7df9296a680a2e2
22c248dd9403144
49b26b8623114ed
03c4519894553a2
9232415b494cf2c
220de708ac33f3c
2da123c1f1f6c66
7978fa66b7366a8
6f09a38d9c38363
0663375b35969ff
9a2726f1793ca17
5069160ec49e1f4
8022bd390a2c868
07c4c558356f5d5
120be1bc83df35b
3d1ed9e3b1db605
0d8fe7140c13d34
46ffb7dc2d39046
10ecf280a0d833e
17a4cd2c427146a
19724bdecbb9511
4ecf8a731fa7538
83488bd5c9c0a92
8afe1654f18db1c
91d3bfd3ee22f75
402561b7d515d4d
0dd877971602919
5065236e0f59f11
8621d8bc50e0791
4f0f431a205b882
740b57eeb7f79b1
2a11ecf1aff6dd1
93b81d48f1cd3a6
1799f6b166436d9
557152a75b14685
69ac3540acc2697
45d802527b313df
12c9247ee24d68f
6b0410316cbe08b
1e9718fa3226845
7fb6b6fb5955e66
81fb649019c2828
4a2175a83c280f1
5c03f7251147ae4
2769a79dd0dd41f
98933078338598a
6aa6d3d4ad64b42
011a04104f9002b
9803848df95781c
7a76d070f3b4192
3faf748a999a594
566b8c6990f44e2
5787758a67166cf
84e97266462e061
1f184f0ecdd06be
5f4ec8a93bd937e
3fb7e351ae9d998
4b71286d6901c12
6d4ad1215f4c143
485881c19927c87
3a030af446f2211
93a167c47f4b317
14ad2dcd026ac48
69dd8fcf68ecd78
4f015953715dc81
70c0b01a9561904
1851a31c59f6368
0edd9b811f28b9d
7183885aec333b3
70d27b9e32b57d2
6203b1d9b5b710b
499462fc3c8a447
64e79d2dcda1b6f
1b5c6eeefab529c
2db7d6f9963a940
4a448d03afd1abd
362d6086d8f83fb
9225d550e1f0d25
6b3c2730026cccf
66d890fd1a081c1
640f093725c5ba8
91c3e32781a4357
153c39297ec27eb
2c55d1cc316092d
8b9570e38096db1
7c1408db4108db9
58fa4ba4377e4de
12004cf01430be3
2853cc0e555e36e
1c758113a8eb15d
1f0a38b11890ad9
531328cc881c4d8
35f17e0e7e6634e
1005b1eb1ed03c4
1e1c6995e7f84d7
99ac7a3b670ae53
9d010fa05e87c84
0e97f9a5b788a52
3a96d8319b77ea6
5b811324fd581e2
19531ac67c385df
77c1f87abd565fd
7a3d5957b4f48b8
04a7caea09ae56c
20fb7ce7186fb48
660783f9c0241c8
3c49e88f8b38fbe
9acd440caa67248
1b7966858255828
82a8588b2d20b8f
1ff7ad9a254feb4
300e87750d016c0
73fe049c42e7e61
5f27c84cd57e61d
2baf990a227e311
6afe05080778698
08cfd6fa2fcd0ea
10d5bea5dd779f0
6b299b7700d512c
7d6f2762add4d0b
8912ee11e3d0f22
56870030bb94082
68fdc57f214a2c4
86beb1f025153db
5c4441f0b23f1cb
87dd168d7d56a0c
58a5ba59f678374
389afaf339a3e67
08111466dd7b413
219d2ac05919c18
7b55452d9c39f3d
6ad40ca1fdf4fa5
15bfaa8a77cf4dd
0816591aba07384
41a9c718c421d14
14f48f8975a3a14
4ad77f65bb596c8
6a8e85e5d708b3c
16cc7e3bdb74a4f
2e1a58b1d30b6e2
95c0ae72cff6fa6
16c2de65ff3b25e
9594625dcd705a0
1f355bd0119da64
6aab4c78f75e26a
9cec0de6da7d18b
1c1923be16eb00a
917657250e6de72
944e982088e8a27
8235fffb7696d3a
9a811cfc9be7a7f
1cddcdb533f71cc
17ca755c5996011
635188397fa0158
97228abeab0e4ed
86793c9bedc509e
95b2a7c7dc74fdf
0696aa1e67b4212
4b63369c28163fe
1d2de425697623c
6f77cd88ecacac0
9ea3a05b6760949
3a552a7692c1e31
4198277848c7ce9
67349a56f2dbcea
0329e9a19db5921
435c27215f85a56
03a9ef47c427159
3dae85747fad123
88d3d311da413d0
7cf32be6f28ede8
9d6c92b54f64f4e
1cd591cd038a65c
89453939ad45062
4da9f97b52c6c6f
0b9a2faed89603f
86d7928e3639cf4
545d3ba70b50900
2f31ba6c9551ab2
86b7707be4c5865
0eb6aae9be74057
1ed5f4c9c5034e4
6bab596f5a062ad
8d5632f16a203ca
009cfebad98f688
5d824d5920175aa
846fcb402bfdc88
1228d521351036a
13cd88bc42669d7
66bda4de2cb2a69
3eaceab396bc8f0
7b7d9d1fa686d6c
90a3cbbc82faa02
292e780a1ae84e1
150324a0373b0a3
2012f6bd2aa2fef
679f7050d46d1e1
53fc64ed3b38331
0aa72f07e573ef5
824272486e6d570
8e53e08e8930962
73582af751b3ab8
19f40837c45ea2d
64d70b320961433
52a0486502e65a8
196a100b36fbfe1
8e0ea4cc2846f53
08728706913e5d2
175e3a871af5208
48794f84d93293a
65364820258a10f
878b0b26bd5c1e9
5dd6c7fa3956ba0
2653bc2cccdb74f
09c2b0a62cdac67
97df8236386125f
38660cfd6e83acc
275572d80e4c4f9
4b3b618d50f0c28
86668dca2282d4a
03d9b2c32ada3dd
36f25a60f29b762
3c45f8d1a3ac077
4f97c55ac776e86
43e7fdfd9c1ba7c
8bfee5675951b48
55068d196c9883b
174acde310d6267
39126dccd8eaf34
620b15b48a5be0f
0dc9123e07d8774
368230da01dfb13
5a9bba53a58db30
97f6bc0b70d98ff
2d9d4d9c97ce7fd
0cc07dd91233c07
982f4a503fd261f
9cc499dd9159ac7
8b0b7c99093011c
4996c03ca995885
811d9b0f170e81d
410cbf8a8e6ac9a
3a3caefd427bdbb
2b62297593febeb
3e08513eb393eb2
62d6e2a5a959787
60ce376a2c75d40
95f9fa014ae009d
674c94c5e66e891
96ad3f81037443a
4ca1e8b98ef513c
6fb15bbca648cf4
3910ede390341c4
2a35e5affe2ac56
01e450404708832
855dbb1fd6cbb49
328d9c0d4d120e4
0f1fe911d3e31c0
742e836cdc9391e
0357b0f1e0661e9
9bb28c69a6d1a08
5db612c55b3f53f
3c106edb80f5fe3
0d1d87a3df25470
885e8f5ac6f5be7
7f022b10b24dbe9
85353aff4b474af
0b2b506069db9c1
70b6cd2eec18c5f
1ee1f5eb7e30ac4
3cf12f5f69d5311
840b70715e0e2b1
563ebe193838c44
31b00623515795e
1d87986c1b0460e
441fdd85bf34a5b
069cb0c9d84c037
6dc7018738e07dc
1a1912b22185692
1575b4ec2c9438a
7daee9516fa2cdb
4149d5683fd9041
29f873d554a99e6
830cbe75cb33716
7842c6a8e1b53b1
8bc1a93c643914a
6f0ee6bda16919d
36d57a332268b9d
513f66047c33439
7a44ed6278b6afc
39276d6245f3dfa
7124fef7adf54d1
6fd5838fd81eb5d
6ccf8682421ddc9
03fc1a8675c8d8d
907eb89262329e4
6e2a0f787320eb2
5a56e023e57fd77
77014078105a5ed
2bbd47cd1adae1b
5aebcf67d785d4e
6b10fc74ad97fa8
45b71310610faba
2a508d5aaf7fec4
1bbb06529724986
9e865b1eaafa76b
0a96d255bc2a0cb
87b1e694b58d18f
466789ff97d7a49
0147ac688fe3005
814e4f8ad4cb114
52f77520d5a4fdd
917a4cd73c02dc3
02b4604aeceea61
58d3a44fbe1209a
581ba03f7e75284
1347ba29a488b6e
9123abd6f4a86ae
383f04cba3d6dbc
26544fae6ca8a8d
663f20fa59efde4
8a9af19afb92e1c
3de7119a69e0b01
8f5e14dcc00fa77
8960b891a09b888
1bebe8c924ea872
317b1e9ee87eb22
3698056d3b440ac
00dda85d2358ce6
9fa5676e28d0472
881bf6f7335e822
4f47720e1c9e742
7c6116a48d8c0e8
57789456d8f7067
3dadcc35e4c6ba7
27e585ed4aa1f80
893ca7379499007
52ef0c4a58bf1fb
49096e98d765293
951b261a125c0ea
4206c2fdebd790b
028f3a797981f19
8e92a9346a1e8cc
4cad54bacb60535
51d10174fd3b4fe
75304a14945662e
6f13831d6b09557
4f8f5255ae16b51
8add1e4bc655a2c
7fbf41b7f3fb711
612b9354e45e464
1143dc6f47ba730
0dd22247983606a
279d53115c5cdf2
8fc2c45529a20df
2762fa895bab958
7a078ddfd6e09a3
9459366d850aa62
266403b75c36ab3
2e83c501e7b8ad3
659eb6836f840c1
6f4b03b381c5fc5
1766dbe54aba852
5e5cdcbfc866f6b
70685c1b8718ad4
1365f6782633409
5ce2ed09b8ac247
83a6417ab20afb4
130f9219e435e29
41e9ca5bfe80122
8bfeca3fc0ea541
07f2635a7f9bbcc
652a33ac2d50005
2103ff857819e42
72aa7aecc69ca4c
53eab921c3e4cf2
36988caf11813cd
78d47d7e023fc51
29c0092fead0ff1
70ea1d6013cf8f6
8cf1a8301f25e83
99f97dd9803cb24
487517cecbcc1d8
4531c2d0478d211
9adee9ab20ee6d0
3a300b272dc73ae
5f0ab2d1c7d940f
788237f20bde08f
0dd23f1a5d1d718
66c1cd21eb3011f
6b5cc85144ee15f
2eddfd38505d33a
8ab741b6bea887b
1b000e11476b513
99ca604d9812a90
2cc43aae2741917
32863ef29645ade
090026ba1c836d6
7d2b8efae4aa763
7f8d8bd20c0cadd
985a800a2e7df11
0069ecf20d76300
2a457d1a067384d
8f26310389c2f31
43286cfc4249614
96b21085e31179b
6d803d4f9d53842
1188d02a675ba44
6795573458f068a
4ebbdb04dff3624
01bcf5574affab5
9a22c464347c56c
3e3234c78e1b500
4b67f81156e393e
7f1c287cc279846
99df21cf24596fb
8cb3c29fdc99a27
57f70347d111fb9
3cf53507c0bc5b5
2b1ec7ad39909e2
106c2b7bd0e3d07
6c3a262436351ec
4b9f916e19a00e4
6a66f6b5e8f4a72
42d14c97de858ab
4a6d947e3fba8d6
4fe7f3f0030f048
7a14fe36e49b70c
6547eb299819d71
1d9432185c2a40b
08e17bf2936bc6a
2083b87b1c6c66b
974cd28c01287a6
6d574cc8b5f8e3b
082ba2b9cb915c0
6505debc146a6a2
91fcb14fc754ecb
36aac5603099577
259812bc2ba0ebf
6923de113e9f1ee
352111a777f3866
9c37f6755790fde
97a9e054c4f77f3
7362428229d9811
156279cedc0e862
0a15e845b61ffcd
2e19968bf25a4c2
94fb6292ec23639
97cabd9301fb578
19021053cb24a9f
1973c378aacf908
27945c279db58da
4e96be6b7d16f1e
52c0340dae8d09a
45aa5cd82c5623a
46caeca39a05703
24e447cb6705108
2d01c652a5aff12
499662fd4a47b01
052c3e4cbbc4f34
97fc5cc05c34440
10974dec2c17578
727ca98b879a78a
4ff9d86a01a27cc
4d69fdee9ff7aef
7d4e760319b63bf
8611bb3d74b8f36
06621875180335d
47910d9a4c780b9
0bd64a4e00d08f0
182e920479bd670
67d113af124f2d8
4221c5d71947fd1
18e1349e8eb75e8
0e570340935e07e
2d34cca470a9c5d
3fcc5aab8cc6cfc
9d606d31fe9a8e7
5461a5059b29bd3
2f4ebb0bebff6fa
5dbec9a3beb83ff
8912660f73e8e11
17a196d4b681387
048162341e382f8
6bb2c059ab9f69e
63a943135a320d9
47dab0cc2543a72
4a87f4c64a11e6c
17745272d64439e
028dd39f75049a3
017e99d09d69d77
4e2dadb2b95adfc
6b48fb0986bad3c
0dc3952e075036b
34cd3c2ff4b1a28
08041d743c67d96
58196328d707863
637dbbed9017e8e
5dfd8618ba5960e
4de235a9d263677
2ee2e6d94753b15
8ee342e6de162c7
16e8aa837416575
2a120c64d78e5e0
626548aa42942a2
0434ecb539e5aa5
9f44d7037c01cd4
55912a852ff77ad
2c249d8f4b6d62e
1b54700e1e449bd
3566a5257c26b77
2e37555b56a4234
2e03eff15bcbfb5
7b3536c07ea8880
2b9fd9c8b327594
9d12f65e52ba4c9
00108e424d39d51
4e4e09922d7510c
93ce6b4196587ea
5cf80f3eb872836
0aa12dc0843e680
6e05f4075b54f5f
7171904439ff7db
5a48a4b86fc5a76
52d9873a748c8e6
2da0bc806442f71
3b55462aba01226
4162687452a1133
831d8e390df6e33
9b4512fc2e9368d
593f16664771a40
81f617ced41519c
95edef90c591744
112f97d85499daa
8100d459574d9ef
05915232f01a33c
0959388f6b2315d
1c8a9be90b7efa6
3ad5cb4758562d6
88bc0179fc6bdc7
1f8dd7d208f5418
3c237fd1ea5ac60
279c3b7117525c3
204f1ad225d3b8c
1b03104a22b10c4
5f663123d13c49f
95737bd9afab2ed
0cb1dd98aacd5ce
0726c293f26f549
2616e6ef5c7a9f4
22a78e5454f29b0
0e4a2143af949c1
05c0c2d043fad41
7881f60b4bad41e
7af64495c96f7cb
581de6dae43aedd
9589054fe72fcc6
20a6969b5a1618d
9f5c6db801647a6
1e98c59e8d1f321
62f13a5ee3a0e2a
77b6e73efbd170c
3a31cdf672cd1a7
8db05bf91a56d7f
1231dae11362500
550e4b843964788
8a886b257357412
9e57cb87e1245ea
9791f6022e4e280
7470b2408605397
660424365da1787
714e7e5755a3cd5
325ecf4add1a54d
8da25e3bfb7e6fa
01d40e617b689eb
3bdc497f649b750
128456a0ccf1c74
08b689fcef7931c
45daf38006e1173
10e75155ce90551
5a24185bcb94340
97d89acb5d9c6ed
0a822065e37b8c4
6d57da2afacca91
05619958cb2a575
80732841b7cd560
087a036e4a1a6d2
17d7bfd75ded420
6dd56ec88a4c4d4
57772eaeae5af1d
8a1fe801515e4d3
81732128671d1c7
6184592801579ad
81a08c92cbeaa4b
9b73bad73fdf22c
459340356480b17
17e1128ddc8784a
0752e55559d72bf
5c0efda4ae32b17
865cd223418d737
440e83ad98e0af7
3be373e447c953b
5f8f7cf3b972fcc
55ee22881eaf6f2
415190a42c74a15
5a7720b6083224d
9fbb0dba4aa04c2
8a7678660d9e13d
52f65c859012059
01b7ed79dc573cf
5a9ed78a58730d8
221a7d0ff324709
92398a410b3028d
31cecb5f9b67188
548e9099368b66a
74a8d7400f83294
7b49471409d37ff
9849f1798175c64
34a330551f56ebb
6acdf8bb086f721
053e57f2a2c25ad
76a4b865df67de2
58d5eb81d079b18
9884374e67709de
4fe9fa3918317b2
15478fd11217086
66411a57ec60f13
8d348611afe4a39
26220a053d7a9bb
5c8c0d50eb18159
584954fc5f4513e
0712bc7bc8d5445
8b2c6f61a2b9a7a
1243ee2d9268df0
78f76f2b0906738
1e80a229d4f313b
5791c4362cec21e
220fa21a4095f12
45f302db28a4f63
22be57432447fa0
29294668a24b3ef
65b4326f083cacc
33d79778ac0c2e8
31153f2f7b49016
6d2c460457dcb86
0bc1a7aba2cd9d2
6ee91689781d445
5711751dfdb844a
949380ef11a5190
4d36d208fced2bd
0a916c7c6c4c485
943c4a76fae46d3
5ffec2e1ec5e995
8bdb0b7168ade9d
38b4b11067154e6
1ba8ecd7df152bd
3896c537627ab0e
1f13c9700f86e86
1bc3bf840f54807
9ab22dabf184012
20e98886fcdf497
0cb9fccf46663e5
53d88940807cbce
5eef692a66fb124
9bddea1eee6dc74
33d130dfbfd672d
4de58faa0ee1d7f
326fd459aa34629
33c028869080efb
50d0da0b2540154
2a407fda010aa90
19fa5e8763e4be7
6bf1760682f501c
628533277306d81
4f7f974fa2f12fb
72f92039d8ca85d
5a8d3e7e9f4dca0
4c42b5219a950de
5e6c318adcac2a1
5bf28a5fa58ce57
0317ed642e720a6
007f785ff5aaa87
18959991c59a7cc
43f96d94a714b57
8b80394f4536f52
68cca59907ac5e7
0b1fa9ee85324ca
13770dbb7ec3eac
26f5dc44f6fd53d
03e39a9ae18d521
6c08e54bd585708
0e00f070bcdb292
7b100b91b5dedbc
61333e4da85c761
79577d8d0f569e2
50bb58df874e8f8
3b7dd918f1578ab
4e754580a9de226
4118a0bac564253
0d6996111cf1dd4
4e1bda79e585e5e
1f44b77b7105835
6194921d76a6ad3
8ece1954d575dbd
1e442c4a8fe239d
3d2674d435d5307
32df511d34476e4
69f53dfe557a3c0
42fe5e543d946e8
4600c57294085b8
8035aa5c7f574fd
94f8b7ac26b211d
02cbcb326b48dc6
0657b1f9ece18d5
0ba2fdc40b61ff0
5754c054af5d790
82590d1236fc24a
39c10127e31a050
909e3dd43650118
340619027c35b76
90e4304cddddc64
5d33b398988baa0
124fb47b2219266
56a2e23d3876fc7
1a03e5a17d99545
78a92babbf5bcc6
271ca95d9f180e7
81896e0825b8ca7
8a6c73dcd36d7b6
2f117e9aa57c1bd
3f2b3291d04f42a
6e9ff3f729187d3
380daf2e30d00ca
3e2edbc6f6fef6b
9f786e29eaaba40
0fe551929077de0
65171a49b82a22d
47b24f1a7f8549d
2507900c00ec8b1
30ccbeeb528f986
6b1f6f98a91fb72
9441d7d78b30bef
21e46e1d1fa8c8e
9af7149f6762143
83b31deac248dec
25d6c57c9352408
76c97c52f3343ba
72b7ae88c5c8edd
5149982f5f0ef77
59184d90c72ea92
9ce3adcab8415fe
1f4da48ea2a15a5
65e8e327d21335a
47dbb5a2c6d3ed8
2aee19d5c019643
3709b857e696ca7
384e9de61834934
75494f3252f6d19
88b9eb067be9d43
5b4892ba8acefde
514278ad025eeb8
4c4a8a143ffef8e
15cd548c4c5ae26
055b5901cc8e67c
8aa8546c9c1f08d
50a594750438eae
6f01b2047db3a1d
6d936fa7c55f8e3
43bf2699e2bf61f
7cf7af2cbd8c177
381ca0356c2f058
92b2d4edad63201
644d4f4b7b08aa9
8e2720117f081c3
5c8504353b5d853
752d71377fa8145
534fb5d0dbceece
1502c7c6e290452
63b5fa1ecdd7e15
0cd0f5ea9681eac
984a6fcf5315318
9f7a80dfef807c1
1650b730f6ecf31
0b280994c912e7a
97c5b0757f6b7e9
6df643f903d89fd
55f55099bf2e594
619616c668dc3df
6b262df548ebc67
13b6e8a9d7bdc08
611376b8c706de8
0f1f52814a0f26e
3c75081c893cbc7
56ea3e93d2e2b4c
87b46f997f46275
63cdf2973e053a7
2077db0c3ea65c2
600b42fed05d778
29da455cc1fd432
516c728791af9f4
44a5ace60ae3ad3
7271da36e3393cf
4140154bdb7626d
060cd3de35319ea
86608a651b2ea53
513f879c1e789f4
06254783b5be82c
16881b8bfc9d289
2417fa571920d95
4777f539c1d226f
1b1f5c01f056316
129f671ca6a7c41
7808c51c0019505
2e0234bf08a6362
3545d5a87378c4f
65816186a7402aa
4578b69b46cbd7f
1b8e7f96ab50eb3
8cbd4fac1d0edde
1fb0685695451bc
966d130d7ba7573
2aca077ccb7a8b3
3569643c065dbb1
05a1f12582fc99a
46b8ac8ddc89ede
375e28c4b4e3b66
2d67c65cbf690ba
1ece4c7148c45b7
594245ce2746f29
8ac06d127a45d32
58f8284fc77c7fe
85253b150d50a23
2e866e7bab22c7e
56e5480e6d5db91
0d78ac4788d73b8
7b19e7047a03199
2a1c8048f2bd292
2835fbe56a11aac
748d38e40d84697
22655a3e330949f
9d235042ef34402
4f52b3ec038481c
92397237915e998
16bb179243d4ff4
68b16a72ea19fdf
97a77c2a2a7de46
0c154bcfd9fb2d3
5d8c02f41597562
98354307cb34fb3
0ca3f359594c241
840d0124451aa51
6d34f3003e1740a
6ff0adb369a35fe
4bd34d2a01d903d
94fce33292c19f1
0f95bfab44175b3
1870065f520313f
9097936b1e85d5a
771eb2b035193ec
422b512df1f137a
44b3308c28698b9
2afcdb39beaecdc
27a55994118f644
5254ecfa869d4cf
90a251f3eb031d3
71f9c87c31765a7
16d9a00b874f16f
18e051999325bca
39f3d7cb21aeb30
9dfb130111ed053
7abb84761f53d36
1400450b32ed435
5fa67aee2d47351
8355af52a1395ac
01d8f454f26224d
3eebfd24cf3f2c6
64ff6e461e89193
49cdaa11d454464
4517408bf9ef5d1
5cf56f6095b0854
8b4643247d3583c
91a669d6c83af56
198d20e5091d805
9357669a1210d6b
91f77b47107d5ec
17530892c0421a0
124cd9b91b9893d
065834c8a049a74
4554c5e765d6fdd
8fa11d4d8953af0
9f64374896b7327
5d6da1cbaa692e1
03ab7ce9c63da93
7f1a7e9986a1018
6d89b35d1710575
259f0265e7a8ac7
2d6c3c85087ae39
728bb0354639049
9846a686858e708
71c7e3ccb6d0427
51617b06a92d057
2dcb53b2f15571b
6a1d4382eedc35e
9aa6e3a9c23b0e6
63c74b27ab0794e
48c4b705922ce19
0c3fbb7c3b825a0
6647b19080f4b3f
3a5a95c5dd727ed
42ad6cb89631289
94a6ca545287407
336e1c05fba24d1
1f6675ab745ffd6
364010e30ddda3d
61dddb215f9ec9c
89ba65e2f317238
6200ccfed6e9792
7a02499f8a7e25d
1e319d5f72b6472
9eaf093d1f22a0a
218522c344095cf
64af0a24d40753a
2ab38db4fcc2751
64eaab7d6124766
632cbd5ca21318a
02d2f2b9eaff757
19b1ac1f70f2b14
29415defedb5255
1a46ec224543754
6da31fc1b6de14e
9dab9e7b9bc3074
9059acc5845af88
8bdb6aaeea11fb9
8e2df24d575d7bf
81c5a565ea27d8c
8869082adc87ca9
4640ab6e6b19e18
071a47fe09a8040
62cddde9fa4c3a0
06ad7221e9715be
0b0ada37b29dab0
56eef43fd1331c8
392e917b3397dd7
147605bc9229bd7
0b8c455c4c3d2dd
603b4c7c28f5c1b
9e65cf25757dd73
4925615892412db
1207b96d9053c09
58986abdfe3fb54
5eb4b0a10964af0
0bd5d6b244725b9
32a8267b29b33e5
910321859354645
80160a46874a385
53d6d3b37938417
67768cebf37ccaf
29bbae3740aa9ef
95d5f0d0c9049ee
71d8239425dab96
12eef09ccbc440e
41d4c857a6b20a4
73da050b2145c36
606c25f56b2dff1
97bc3d439927ec2
9e86e77ca3937cf
03cd34203d864a5
8bc5266be9e4890
9a52ec0011263d0
5d6c461ae422605
1eea94a706a5a72
4cb1e80260a28a2
50b40eae939c041
6e4e93a66378482
227e364e2745f60
83ceb323fb4702e
6ad4bfb25d6821a
6bfe72a143ff4a7
9bc2dcc66af2119
94f9c5f9515d7d4
8962a071face0ce
4870e8acbfe407d
39b8172c12e2cf3
43b57e4763247b5
5c21807b6face29
986500a011a5f10
26e7eb1d2b320cc
3aa646c5b471c9f
7f134d64e4f4de2
616a11893c5e427
64c49a943e38adf
6d543d1c32c403e
8c5626ea8ffe6fb
50df79be9ba1582
652a19d247a2e35
42f0fde21da1af4
9e216716735edac
4548b108cc63cc1
8f42417173561af
1d177ece6cb1247
60d2219c070cded
485eec9f00e62bd
3f1ee1dc9002232
1d9f2f31eb991d1
5307f1b254c7c9d
97a9ed848179aab
411a72da4c1f9b0
4143b1747e919b9
5ca009ffe57579f
70513cc021bc65e
1b03264d563c760
5e68af025f66542
2832d75b0690df4
00cb897a2903105
19bd6e32632fba5
5b6e7b249e5e80c
0e08fc6d1ace0d9
6462f032bce5308
96095c3b679606b
29c060c36e022da
5def632456d946d
7cba131161476c1
41e2a77a620fb3f
4e0a015721b880f
545b0aac699ec4d
0bac9911c110503
40d3973a5028d89
9a1d989ae14ef77
7951897a66a868c
8374d00a30ddb53
5f8ef8aecc3c879
56422f1e18a1fb4
4698f849fac81ab
832a92131f00d74
05fdb6d6c756f62
82ad197d5d9d68e
890bcce552d6130
9ddebc0d79133ec
3d9c079636fb904
44a293bc37dec31
59005dcbff7492c
2857d8c4ce7d4a5
2a869583c19835d
8becb78fc8ab782
9ff940ad144c55e
8da6011d96aaa42
14f719abf91461b
031f5f4248bc29f
89e0cbb4703e656
5152e7cfec4b988
8c5bee2c8621021
91b953ce00cad2c
95bb93fc78972c3
097ffc011b788e5
9114c1fa3b23ecd
5c64be02a48eec8
5dafa651bd32e10
945346aa9a93e42
2c93bd742ed99f5
40aaa61899f39af
2ea64a47252f2c1
165cb23ec5733a8
7db11724c2f5638
0300dc07bad1043
80cc9744a9ed6ae
28715fc7824209e
9f8f43bd50cd812
4ae4d268b523d86
4a95e3ef1b8edc6
8339ea28634523d
886bdd42a4bad54
26e54f6693f5d87
96f564ff73eae91
58e9ddbd4acaa2e
28bf2a84bc06bc7
4fb1a7f604245c0
2e0179804e161d7
4bf12b0281bc512
467422f5c419ffd
4647aa8fc95b843
91c79bf7010ca04
309deccf713f743
5a8577f3052ae2f
8e0f7d2c46553e4
254cb98e70e88af
08fe4d6f91ec850
253334d50417990
22cee50321e0adc
9f08c804ac342b1
96e4db65b84eb77
793ffa36b5974ec
048b1abb716fcd7
32c27d7bb2226cd
065d26b71f20c98
6808e18d0545a6b
7d204a7a9826a6e
853ea521840fce2
13559e85005f075
432d813e748e3e0
735468ec7f71ae3
000af3ef4233a32
36177d075a667a8
21acb2d828a4549
96170bd4eb437de
83ca8f4f3859fa0
9f8eb7ac6e44151
4030feb3e9419d4
8ea08f2af9d993b
630d10c2973274d
4ed36d1f09f1a1e
5f2a2aa1b6774a6
3249047c3e08dbd
83b9b4098191be3
38cac2761e51d34
30598b269818cb0
28939c68813ed08
63c46ecd9e1887e
180c83abd00a9ce
90bcaf7a8372ff9
5377ec310fd9bf1
6492e54a0487251
47fdf5753c7feb2
9c3136cdf38e42e
4535203b441fb6f
08706e12cebfdc6
3459c3bd2a5ba36
2231eca3a302725
3b2dde9dcb34d90
400e0db6d9ab811
0fcf307f04be1de
4db704931f1bd86
2520145dfe36b58
002774e881cef24
7bbd521d19d8c8d
139614748775f3b
8e44cc9539ed513
4360bdcadbbe3a5
98051acf06a8e11
7237b7fbee3c042
4f5fad3035f49b9
8829de81dc32a86
1a8fe8a321cd777
75e4548b911ce1f
6b4ab8f43d8f8ba
7ae7b3237f6387d
09b5722aac37996
77b851224d5887d
7effea869213568
0f85d6422ab5bfb
3aa40560af1a364
86bf39854f0dc54
8afd4695f7d9666
7bb17ba544889a8
1ea08cccfbe4b85
2ab1b0b2f6233e9
40418049b391a55
519bca2b91088cd
133662db4465d28
4b01bab9e0621d4
9d8fb9cd3c5f4c8
41ee177d43c74e8
23187a5dbabeb9f
09a5c4d05a85ff7
018f7e33ed4eac0
8937a19e32ad53c
1f68be08239660b
260dfb68a391815
08c7dca29c1a709
4353a21bfd9aa4f
0ee30908301bd5c
3f3f129fc88f5da
2066320bc151b0a
983688282e472c0
42e0bafff7673ab
73503c76df7fdbc
18e2d3388e59a28
2717f6519faf6ee
659e0065b3a85bd
34de19b30a6cfaf
9a0d52b8a39a71f
3610750aabcacb2
7515ec7b35db14a
3d6e501364ee24f
186ba6e99b6ebf1
56317818ccecab8
8dfb0b7a74820d0
688bf931f681be0
68efad2b4595c88
80041a8eb78b849
94ab51f060a9475
0a984b58f4d8cc4
618a5488c6aa83a
0182537ead26736
480c908c9c64ef4
2ec33831e318581
42c85aa688dbe50
9783955bf4046b8
94c7a9a2af7d14a
0ba5c235b29f1b3
21ef93f374a8dc4
169d02323fd6493
1b54124885627e0
97bc31e1051c4d1
82392a3cd88da4f
74860d17f9d4a18
155dc2d4f320347
8fb1268d93ba177
89b8e0cef54a7f9
7962284ae0b7343
2c473b1e6bb440c
3c56b069b539655
9541903a5b36eb0
7cdd40068f65d92
863fd80515258e3
26807ccea6d929c
76abd739aac03cb
36ad5b27854cc20
67b6bf33ee88c8a
6b8dc326effa3ac
7c62d79610c67d0
673f3f86aa409a2
520401cbb70ac11
66d6cea523f9740
71eb113661658fc
7e3e1eb8d83e1f2
863ec7a8b096ff5
0da75afab98f9b0
34dd04d6151f765
91b14eb4df06bb9
4b8073d9d2d6b8b
3de94da6c48e399
6f30fb1849dad7b
72c33455b761a82
00bcb50b6059a38
05b0353e54d36d7
789f5e3f5ecdc35
860b92bdf8dae7d
0d27e955cb3ef9a
665ce32c245e92c
483b97dc11454bb
63fd2e7aa64cc35
56fb585cc358131
3d24613573476d7
958c1d3b2ac6c34
4f48aad64ae860f
6082458a92f478e
7a0d2ee3ffed279
8f2876d35500a3b
26a1364a30486dc
80b2ea4abd4b6f7
55f63709cf76a37
411de63c00e4716
3fc1cb016e61c09
47db6a036366491
5121cff2aa544fb
573ec60490edb57
93b67944fcf0fa7
4107edbf12d17aa
9c09b15eb0df3db
952e485c40f2cbc
4b46867d4d4e152
7f70c7a344c7c84
6d6139cfa47496d
8775722d683520c
3cd89b645b171ce
356e931d877012a
512fe2f7d9ff140
5babe25e6fb0e87
7b3664908a9e748
5170e4c3a3ada6e
73af7b88acac484
765673448eb0717
71135a9ab39d31c
03c1fef17be1b99
725fcbe2b5ee123
22ed508cbc64e77
638b9a64aa60b1e
3db3d454e19d498
4f38954e5bfd87a
8bc302a9555367e
10f9bcf9f725325
77f69359c3427d8
3bba3ed4caa5e70
528d07199b9b5ef
7674bebe57fea72
163664b20a8aca3
8921a561d0dab39
0adf0eeef6889dd
9ca9b2e1e01fa1f
8b3716cc5363025
7a218723bfdf915
27aac27a02528df
8684cd93a3ed597
244b06332dc5c63
1bc24d8835b19d1
2ab25d9ea6bc48b
182c0bec428acfe
53ef7cd355caffc
228eff16fa37dfa
13b9f985db714a9
95f3ea2f7d3446c
4a31f8893b4a2ba
114f122e2446d46
00e021a0cf28cd9
184f2a69dd3a16f
0fb74ee49fbaec1
26ae0114ad7e944
53cb1647c657e33
709f7193dfb142d
7ceec900b81748e
7cf29b3911deb4e
910d7ca3aea17da
45494aa20026b34
7a86add5c91f0ea
4b6dc4dd09f60d5
092486975e6c091
4b4798291e9eec4
586c74ae0dc54b6
9f1d48e0a0d2824
581371de55e761d
7659d6412a1ce09
5fcedb9a77c8719
917f6eed20809a5
60829f14e60b3bc
2b62f9127f82fcf
6ba4e7c229c8da1
51ff07d42c71c51
9633948c7a73bf5
8c2a6467f453953
53568baff129fb2
8089c843e862fae
579c26ecfa74f10
36e7312d8c9f8e0
91486354c13d0a7
5e929bf4380e55d
5195cf5f1293e0c
5c5d87ee87f23e0
311b722c22c2fe1
8f8e84a68db2dd3
28837eb806381b6
19667eecb50c4f1
9d6a1ff362dc821
1cf3b1e0a9e2bad
3a9ea99193a9210
8e46e85c8fb1f22
5acc9a4009dc09b
5754878d7d30b8a
092720d24856160
995f6f35d3324bc
63482634fbe8ba4
6c59811efd473d3
0f0d67680b0e587
4475773ca9c903f
6966fd723950dd5
60cb56079074d3d
0123a4ee3ad5d27
4af4ebddac58aac
6c6cfbf219492f5
17bf03f77632e22
383a09a2261b13a
55f416ec32cdb73
673d2e206d86c35
0bcec8596769d23
1c20eddeb1f07fc
854a741c23d9165
8ac205e051d5ff2
765002a10bce20f
0e9e822449eb251
6a9320053adc687
9b9361113a12c29
0281d65623ceb08
04ae9a5beb7fcd1
8ebacb5f129b272
314e995e7805a4e
3589edf2d3542dc
978d79767876900
621597e6e43082b
6a7b2871372d1fa
673c11456fb8873
77c96c7319f3f7c
951aad573b94798
70dd7208f6956fa
4c9cb75c465e67d
29ddb1bb3422c36
623b88c0f436d71
01022498c95fa5d
36ce68738277723
4143e6688e97ce6
8047291afe30027
0ba4ca103183ec9
1bcbd665d6f77be
6567dba2a48f098
4272b3bae65a1f6
9943629e58c1a44
6d85d1e41919580
85eac4d424d1b82
8f9f1a7507dfeb3
862de9ddc5989fe
9dcc076f7811e1f
0317806de4d6468
2628820371c4963
1ebe57100507d3f
81be3718a2f15d7
97f30eb1a0c95d1
5574e075a9df734
8119e24810db6ff
598387cbf428863
0a896f8dfcf40b2
08b62f6a86af692
55f018b7aa9566b
62d473b3d4a9e81
8cbc36fd52fa9fe
49eb4caebe727f0
4a7e339186caca8
3a79e41f881b913
714c1c1e354acc0
05870e91b841a3b
152179cedca3c09
269d37584f0bb3f
0fa65610b80322a
1ee46d2d9649cbe
822fc4f1449c33d
35cd2d81b4c7f3c
4955de571360e26
473da1850f29cce
624169d4a29cd69
74f2c2acb9dd18b
22b7ff3a7d26af6
1ed7c2ff4fb67cd
156749da6749b6e
19903b697c2b1b2
142c7743b96e25f
0f267a7ab2afb23
3520219f73a17bb
7e7fdcd44b7c22b
70b1f71a67b874c
4d5f70aa4fc38a8
45732a2d28cf012
71a1e2045221a37
08cb5a172e4b2b6
6a1a3b390f53633
94553b4d6337db8
59e6d6b52bf70b6
869a1e7033f7d31
5a9a0c68c5a505f
6ee980a510bc969
8249630841b798e
9fef49152aaeb97
2e70b3c04572864
93f58b9c232f6e2
92d185b6e080f2b
267e2ce54092df3
4395ccb906e1c5f
770830086d5589c
8dc536c4b8ed03e
5312246c31274e8
174daa6cbac9ae3
73329bb42274b54
8b429aaaf0a2b72
60fe6efb1cc2db5
4691c4c56e8e7ae
74afb6d96ab90c8
64c47df0e34a5a2
5b8a8091a90379e
0b9b3b1ffdbf7ee
75d0f9a53b5cebb
42275dc39aea76d
895fd007107329a
70e149203784367
6c65bf6ca49e728
3855cf1fcec2525
3a8da11b339cbc9
1bb90eb57549341
6018a8e265f4e6a
86f2d32b1ddf2c9
8423af2259a35bb
1d6d05fb621b08f
8c9ab15a7803416
4f23018f56dddc1
9a844dbbf56f1ad
2a48e734d781241
7c65dc8d7a9a98b
4d19b31afee44d2
9e4ace374df711f
767225f3187599f
8508418591f3d10
10cae49aadf8f91
435818d96a5cfbc
15f68bb5dde54f3
5f22017be65bd10
4ff57c9d8257cbc
0e490c0df22696d
5096218c610e9fb
69d063e4163f92e
66ce26d2a35c3ad
51187501449c794
428c9ca2719e845
204cd2f19a7bf40
55f59085da1fb7b
213d6d02a7058b5
506f5f97dc7e461
0a1132056b9afce
6cfe87b9f1d4569
2e41839d6e12f7b
6d4088acf33cc59
18dfe40a21d3752
329685d40921d44
3d89fe3239640e3
533ad7b86050896
1ade7eecd847b9e
7de1bc72e0e63ab
748d5876a56436a
13174ac2c133f62
61a35f481a0e313
519cb96e0e3f730
01db31bf63e1ce7
7828080a0b75f8b
692d6842f7cd1c9
83a17a027f170e4
31d238e41b8b79a
42f74970b76569b
48a5c2f61cd3e4a
709b9446c403f16
06b8c7310d47b2b
7eaa7ddcd4be8d3
074ad7ab5e9b66d
41571805c4c2604
650439b7a1add38
140d14c0cf1a5a9
0a1fb26ad542b65
035b430fc9a9d9d
4d18123f4bb67d2
1cc9aeefdc2d60a
9b7577653f6a232
115d5767ee5340e
5933cb83f9fe47b
421211681c43fc9
6bb3b23962b29cb
3ff3da8a91ccf53
7242e9b69279a84
9dacc744dbcaf17
0d4b1f48fea4f65
1503e99a6ac86db
2835da20a874da0
3cb699dd8e80835
823518580bece14
6949a82522ea7d1
37bd136f0501c88
91ec82d4d568e4c
28bb337e5b1b088
510d393c5d69a2f
64f202f7c4a0e8a
6f415427875574b
3c98bdc0a544c71
3dc060500315f8f
4b11adbb6d18d40
7c95e53ade1a074
2e58be373ea290d
28fb97e48dd3a02
53eea130f1d3195
9122110f325a380
440130e4b53f78f
813c7b1b08f761d
511fad2346b2c57
5ad58a71633acf7
6f60697baa25f2a
7c4c9d23cb73006
28684828eb7cb0d
400fa9654a832d4
8aa95d0f3ad7a68
8d7161568618dcd
58d2e56e4043245
67502cee778a599
7dcfe6c77ceed5f
5adadb3e35adb73
7ea0e815c4eb97a
257d322eee97fa2
9a2dccb8dd251f5
2ec2a60231e9871
8b608dcfcc73f3e
577211f42606890
74e075c4002f98f
64c5213215ccf7b
0bae9b9e59c7970
46330bf3ab5c923
937c0a26f9655ab
8d8dd97687e1c34
6eb1e8ea7573258
9bf6d3a4c1aef6f
28f38d94f83005f
59e2ee338553852
7107389aa038b34
701afdfb25b6ca1
30ed57970c49ffb
9c16730dd997382
6da0f52c5348ade
39bb0a114f42d77
397cdb82e8745e7
4e3efaa12423b10
23e49398a65e2af
5f153fc0f8d14c6
534a08d7255e114
41be1572f52e110
40f41f79a8e4b00
10612f9c50ceed0
035def32218be2c
696c6f88cc68cb1
4c8081e787be4e9
75d3811182990c2
9bc66388d8617f8
2912231c1c5d8f2
5645ae415a7384d
5edb5412d61f067
0485181c7436052
779e8687aaf0bcf
4204d515e67c4b4
645ba86b75c7619
24c79f6356b9f7e
30790eb8eba6f39
3b0c7dd0f0e8b30
7dd4f861703cce8
247d5c68201db05
3a8743485002e20
68dcd023c2177f2
7451599ed72b033
65da406df237911
0c210452d2e8b65
023c8569dea3867
1f82cfdf4bdfc0f
6135534aae2b647
8e720dd9b9a016a
50bc645dd0c4962
942111ff53314cd
516b5fe44cbd3d3
73ad707fd08e3cb
33a5ccb9154f017
9384c804bbcd039
0eabbf243c4a697
9ee74f73b7fb695
1b89c15eee026d7
1a7eb0c618cd1bf
662fa75094e4eb8
0ff4b693dbbae26
8cf6115ae223d0e
10e1d55c72a1c8c
40ed273423de701
9bd5ba1fff5310e
7dd63d287977b28
1565716384d3cfc
37a38b85264efcd
1149fc98ead1ec4
8788998bfec2df0
440c505834406c1
6329e632fcbc445
343ad7829172954
7cf6ed6ff71bfa1
146f86a0c76621a
3849bf78147b756
7483d5dc6681ab3
7adcbb0353c93b3
60c30eee64c387e
4e62e094b29f8b8
3df9fd7fa039cf2
2ad2a4a62daf423
003a6eec37d3950
606958ba3725413
6f343f286b02f43
483260bca04f6cd
19a3c71ff524659
4bafa5e1810daa9
11366b87f012e1a
88dddefcdb087f1
52de3d46ae4b29a
265fe8fef613832
1d363a77aededcf
277ef2ab1cd164f
5bacd9615cc004e
6b618c8bc24baac
400e8ff60ee6188
444165b5be596cb
3ded0ac65f4d93b
38b50b7bc5b5521
39f7adc08f8cc4a
7d93597e286e6a4
6fe4b8c51a2f286
1d67a65140e76b1
341f96ef616c320
104135cfa092a5c
7d86d74b1636ded
5a7b05eb1569b3c
33927eb9ad84a12
83bfc4cbeb62624
888673d8c480e09
23771aa7645975c
9fd5bdaa31bf503
0c802b09269cab3
965e7f1c036d69c
54e709032091f87
9adcf8cf289c2ae
38df91943699211
22ecfbfe7c9586b
8285d5851e16041
9bbc37b9cdec716
2e9e8174437b802
8a083445209c789
80c5dff71766b7d
6ede62dba9dc3ca
4323fb9d56a22e0
7ac02961742919b
9e10371fb5da70c
32561ec097bc171
189bba9d489dd78
974f7e49c891912
8ede1fb14c2f4d2
190a2e3d913e3ec
7bf3a3528862461
8286364c6e9475c
8e551bdc410c7f3
886d61be856965c
059a622f12a3991
8ebe1d18b5c12ca
2463eee9701ebc8
1bbd90e28a9a654
847aa9b0db67021
9683edda3e57ed6
9a37960c5ed9c78
09120eb8a589b9c
9d4e6b59fa6464e
132bdaae36498c0
647961f5ac63d5d
3a511a8672faeae
69920977de99640
955eb718e53dbb7
78ea15b5dca75da
30528f37d62489d
8e4b2d97c80878c
6ed69302743e010
4af9de22ab29d3c
05195f7da77d544
23dc1ba70b1d12f
96e0d96a58dffcb
282b59ceb5a2427
14268cd26849f7b
68f98d6acad6ce9
134c0aa27cf41f0
308584b1b987486
030865a9529d4df
94fd24e9b1fd09e
8b502ff77fd84b2
7c105de14a68e59
27310fabfacec24
24ebaa1caf84e63
0c15440d369e925
6b939c13cf76fa4
971062e4cb09860
84c6aa526cc8c2a
8e4517c96b40666
4c062b8a1c183f7
7753213ee89310d
21423d34297c207
97b03fecbc686bc
020e809ebcc80de
62fc6997b9f530d
415cf2478477764
33fdb33ab1d409d
800a538d8a22bbb
4092cceb01045d4
7aada512aa318f4
837843a7a9d3ed5
18bc1d3e9c3e37e
85a70f0df7de6e6
414475bf308cb5c
5e8c90eaffe1080
8e455a6aedb0892
9ac3dd6e99d4a26
3ed48466c5c4809
2bcc3da641e7d72
282071ca658e684
1ae5a99c98c3c8f
902f8c798af51c5
3acafe3fba77a07
3477e9b0da625ac
6e34ddc6fd5ad38
160684d4a0bd612
50bbdb0bad4dfc1
8fcc8a0006e6d8b
2e31ade004c4f66
31db61d0032d964
35241b6fd13507c
73f731e8ee1a7cd
2f1e55c69a030c7
672b44b4b8fbcf2
6041446503dbe7e
5f0375ec9af20d3
88f14c59f5e5a73
1bd3bfcc5540d2d
6afc4fa3fbc9b78
7f749efc552e18f
7a223831fe8c3f4
802532cd7e6170a
90a9d6ce4293fef
32b0f92ce980211
4b1f625db276db2
4a586c379fc1b32
32b949a97c6c20c
33000ee704a4f2f
71ad718f624fab5
72526bc479e76f8
71b7c117597c634
0dc1bb43f2344ac
2994b8c4b96d487
0cff486689f8f35
6855678e45053d2
4c48c06c3952dfc
17612198dd2a32c
0325f97ef12b6f0
5b93575a0280a2f
5784bd253b935c9
1ea21bd35bbf224
57f62340e2a89da
64912532175b643
9ac793d70b3a3e2
8296eea7b739ba6
92e28dc017c3ff4
6ebd2e958b22400
41e1eacae8ecd7e
58082b413c59773
5a5731ac546a317
99223ed61d445f9
7ea7b1b4a50984e
65169badb0afec9
7e1776a5dc543d4
1126bc6e2e9264a
651cd29a3579f4c
3a93ef86c0ad978
448aaa38afe640f
258566512023c8d
5636057ae924959
3aaa17581778bae
145b9a7bf2ed3d0
8b846aa32f7765b
4dc7958d69f35e2
2778bfb609761ab
9d7d8979d69f4e5
4ba667a8a0d4ae0
50615f8e2114f13
09df1b3311d5a54
9b116a603868cc7
1dfe0d360444903
3582e5fc80a6e6b
7189d6272588c33
4071684e73d362f
5ef940d2d515211
43e3dbf88f00c61
5f5003ddf7e60f0
2db95257de57b90
24e3687b1e732f0
97a55256cb4e2c2
51c242ee1bb7fd8
4196b3fdb8e9dea
64d1bb575a43084
95ae0afdb90600c
57f2c86a4187e60
6f4c838b151d6a6
1880a7c0e583969
0f6bb4d90e4bfde
02ec16cefd5f480
2bb248ce03c0759
3288b728db6066e
0c23a3df064cf35
5fbaf6548689462
65913de4c8d3d59
8f53f3a4984465a
0fce003bb1e71de
57095efe0d000a3
798a547f5cc63bc
2745969a721f3a0
59cc70e6862d7d9
336e0a132749ed4
239bbbe848bb0c4
69fb0892cbdcd71
46fa8c8bba49fdb
1d025f9043fd0fc
196ec3a039f83a1
61ecc48d8ced596
3d96e3c6bedd2bf
3dcf68bf7af92d2
0f946aeeb1a80c9
133a9050d3c82df
0e20dc29224390e
52940d1b00dbaa8
723f49f7cd95d39
76a212dffc6d086
1114af824204685
7e72da37ace4b2a
543e56faa4a19a5
66069e26436c81b
63b4b2894e2dfae
4e5a1a904697f3b
83091982c5caf35
75c0d45df6b9479
975825fc206bf6b
1953d28c4780db1
5328abe2938c167
9bbf4527a59cfb5
015ec2733188929
6277ed08a0529b0
3980e15fece3b29
611199c3aaf26d6
63823512984fb49
85f9617077718cc
9bd5968c8baa18a
8a0f68110ec66a6
2a5954e63d67544
38a8b9eb3b3d92f
1892b096aa79bfb
3cd2c8c1c05da45
381c89a5111dad6
43320b6150d8486
5ed0c3c85393e27
8001e8cbbb75c11
9bf4dd940dea57d
03eab44ea7c645b
614cc7e54b7dadd
3c502ba849731a5
23a15bb9a79a9b2
71903beaebdf365
9401b7796a2b65b
03b7cc90f672ef2
9503fee689b3d29
68d5b071810d223
82a74ca7eb4d490
7652e4e4f498645
7134f5b67ad0866
7da790096c965ec
25a538348617092
34717639efb1451
6d3d56288bbde76
1e89202371b5411
3fcc27f90d6b8fb
799a5a85f5849da
30c8d7f60fe2b1f
37d9d2b5df696bd
35ca03c258ecd14
68993d4abd279ad
19edebf24d0607c
4881d28acd3aaf7
035d18cd9fcdd60
481a949fa652a6d
0ba1b6f585ac681
324f49f7a26e0c9
7ab3ead3bb8afe5
2fa36429324809d
7d4e174d1f4952e
7b72e7ab90f71ea
48a1a6abf401bab
6ac1eeaca6ae61e
51c0d32172013a7
9b29d0d6b9f111c
37968181fd66e79
014163caab1dc7e
1adc414d0bf0d8d
08e2d6eb63a2e5a
187c055b763108d
75500ce1bda8344
3217c666e5b7d83
9578b986994d036
5af9504b8044932
4bbe00f4f038e48
098d3432ce06cc3
3859b0754ac6e85
01cf3fab40dea53
24554c8e23c54dd
056c453ffbb7c59
919562de213437b
45a95f227fba62f
57e396df90f209f
068b08517484b8d
9e5f26d0550687c
2178339430a012b
2eedd4fab14ead0
4a04ce544cd8f30
68c4cec4b6cbffb
9658d940fe86446
513ca9f5fd1cf77
9c985d769e73089
2fbac93f6920873
89df0918b32312e
998c102e00a9596
06fcb0c425486b4
3d4538989ebfd7e
216348e6c1914d4
67490d02edf1ec3
096a9b621fe0b74
4bf60fea7aa8a22
0ba5be6b82fa913
792908f9175230e
51287a744aa9c9c
866d044166429bc
9b7586f5b670642
2672e754bdb9898
3b08dd975c7c258
3b77d67332963a1
08de442473064fa
5436e955f5441cd
9fc6f0ccad5506b
116a50780871c68
9e0fb7e3cab2023
6fdf7d8f7886335
7ef7a94c2ccefbb
6e774a06b4b58a5
9bb5a348d3e18ee
369c390c37b0a35
25406433aaf4c56
4d50c8bdda40107
757998756f267e5
0fa3759279898fa
711daaacfa9be1a
4ca8ae21399f327
124664120b14b64
7021857ada37d2f
38fca7b970585c5
1d33441ca32e95f
58e37be48e07063
059e4a1705777d3
726caeb9b0d8bc4
0f3cea84359abb0
4553ada43125209
9d44c318c7820ae
37b2ec71e796e1c
440048665ff1c3a
21b0779e831cdc9
3f96f529eef4055
3a685abee1d232b
7fa3403c4d29106
40748dfb0c3fb54
30d36466e3cf2f2
143f4ce5fc93524
4f02a73d83c8c64
574d7cbf870b5f0
85a9ce0aee7b0cc
087c690354a223e
0aaa3d9b3e6afb1
3c06d7a2eda4fe8
0ad8deb5804d258
29ada0cafc0f589
682fa8bdfc3c622
4307fd5290ffba8
48ce2db34541f6f
53d9975ee8c42af
363f84b05db9582
8a5d41fb1057d3b
8cab2f1cc8745a9
0fcb3ff534e26b3
24be5d91446d8b1
9513d1bab7183d8
65e1289522e0dad
947a782133baccd
487190d8a7fd1fa
71b02662aa84f18
34cd1bde3e2ae28
36a5cc89f3b174e
1b8b3efdf096bc6
6f118a8ddda7843
3b33252f4497fa4
1098bbdecdac7f0
409ac51c9565c4b
7a9fca21dcc2cc0
4838c7531d161f6
8c70349dd4ee855
93dd64315ea201a
12f8ad433b5d6db
1cd91bab638af6d
4dbd4219c1a8a33
7cbcdec5b594ac9
5ae48d4a2f7a070
028f42c84edee9e
0818d25d0eb6f1e
2554373b61da6de
8da6f4af68a0335
4d172df8c6123f2
6d809f638c20649
6b891a81e232c43
34422b64c3c0c6d
34f2cd8c6245837
4e939d79eb895ce
7051ca12969b820
6c33dc5a1d059b8
8e5f4aa9ffdeccf
4a139004e92051c
6ea7c12c7fe9801
2837f9887f02836
30a0769cb0b71e6
8edaa826b1745ec
427a22e0636639e
8aa55b0ba3ec9c0
59868eccf16bb3f
5a161ec203fd0db
3d0287c9fdc64f6
4a22a15f3e15fba
4a77ecc4663cce2
3dbf14cd8235d5d
2895f5d3ae3c14c
6a06563bc63f59c
520d53896f571c6
822879cdd6b1de1
85980b3fcd8a4fc
989c2bfb21ce802
9158ccf5d149d7a
9ee6a220908031e
9db1d5b5afcf421
97673cd60890c7d
7c5278deadfc41f
92109e496023b1b
7e7ce00fe216af5
4d50122afb01c27
9dc3e8017d39aee
9d04ed4ccd396c1
2bf784322ee9da0
2d6a3d3d74e54a8
8d3219721e958d8
90ba54e0c5309c7
1708c4a4f4a081b
48a6041a5df16d0
23dbb521ec1760a
9299ffba7979e58
3d650967c658659
184223f189340ed
1d7ae5074a6f375
588975fe4615a69
343f0905276b11e
392956143da2b41
1d5c7c6c65a2d91
61913ecc2ad74d2
247b53c522b3027
1506b313dd26c19
7ae1d32e8b74440
8454ede862a9de0
47b930aaa32dc8a
294809ae26cb22b
3e53d075f1e59f4
9fad3f5666a6a9a
9bc860dde77e4aa
2ef0a26fd6edd50
3217b086cdaf691
1276d37d6cf6a87
8a2955260cbda6a
11e8afd1862c8e8
9b29009358951c9
8adc22e25b90470
54d9cfdea025254
3582dac497d2c84
6b64d916fdedded
3699799207db3d8
0d9632a25678252
26168ead61e5c15
9fdd45158f6cf2c
4dc3e517d5c13f1
90ed32164b7b5df
051155d40eab9a3
0c4618d3b208aff
9a09ce45c377630
9b7b6f8c01a3341
3eb50c09d1c55d6
2a3b4c4869130b8
5693ce9b71d0593
1d2ab9d1f4e8f5d
4f98299819482e8
3bb69355134449c
610d888e536876b
62e60fb6b13b1b8
453d836f19fe91f
19262d5b350ebca
03a3769202c0a08
0846c8e94fedc25
2acb4c2bf201fbf
9bd0b1d2738a708
403f422e339ca35
026229609dce5bf
6bb41be83278ab7
6cc4f57d9ff6a05
1ae9d15ed2191a4
4a56fa63c75f3e0
495e53c9a53c56c
21d1aa44d8f6642
88d2189fdc5977e
93cca8023f4d68a
5663f569fde7879
6a8da8bf4c83c0c
4562e20812188f6
76541bf5137ad68
8ee38c74da2c3ea
5dbbaa9eb4d9676
9045fae1f7eac5a
99d3f1452cea854
1cf9487ed302851
81d493159e7f3a9
5de54c672e7fe7e
54897e55020cfe7
31603f0f04d035c
8aa132d1595cf6e
0e1d396784dfd95
127acf819b15c0a
537d345f87f4516
0ae77e484181441
1390d4bd8c4f8fa
75cd0dfd4006664
8dbf247695c33a0
368bfd50a6fb0f8
24c45ade202e9df
1f120c7c2b7bbae
98948e405efff99
3632b733853804b
8f3237ad8fa9296
3ef6587a4acc0e6
1ee59b401deed5a
09eaa32cd07bbb5
55d4066c741e73b
2cf5e749a7f0d46
2343b448f16a368
694e0bd649e242c
3c2b5d17e946c69
7e9f080519decd7
201b915c4f2938f
3ca2dc5222da241
4426373115afd10
3dcb1a2f64f0cc0
5fc5f094cfb4917
566428aa893b81a
0e2b4c33e49389c
08cd213de2cec95
5366c5eece7c77d
51fb0b8d7a6037e
9e1e30a8d68cdba
490bbeedbf88014
8515f98eae81fa2
7293941d9b83b2f
48cca956f082bf1
5cc160e5b294f49
40db5b0fe6719a2
927969f9e8809a4
58ba6676dd3bf12
0daf8e81ae1d10b
8c784a4872df5a4
9118a5760422eb9
66d28c07a349b26
05754aab966122a
359dd61fae6da5f
60b952ea0d1fac0
1e700ab36a7d0cf
3358188331dfc12
94f2203adffd3d9
79f981c87ba47ae
827404af14d8143
74522f3056456e3
497b5fef5274141
6896bbab78e4175
1044d0f10ef6ed3
93f6485c4083430
33039848bd39b24
02e49467b382157
5281a05b0cd36cc
37a63a7900043e0
90a7b3875fccfed
622418c75e2ca46
4cd79ede27cc3e5
0b7be8fb0f72d05
7e474e28cc9c02c
4f57631113977d8
77266c467c77767
451a974dceb6d40
88ab9748c261906
75ea191b348c5eb
89fa3ceefe929e4
84e4615ce6efa2d
7d2f3387239f0a5
7b6f3ac6fa6d1c6
846ad74e9fa1e67
5e94131ddb1103b
2ea5275feb78e5b
0d2a407a2202574
0dabebf15c83419
7bd11a9f009d13b
33382b282b90574
9674ef016945ae7
374010b1405933b
474845db6793bf3
41da45d91b96e22
68d0b012aa771a8
87e85d81782915d
7f768d55b479bb4
46466f105f9b6aa
0c596c390de4d28
2c465e8a5041d52
5b6f0e23be7fca7
671d0518f257f4f
8215f418639c15c
4ad37326aaebffd
55b163eac6d3c73
34f27420b3ff9c8
9d40030dd60646c
422d959978e713b
9cc2fbb8cc7fbe2
0c1bb2f66656f37
7d2bc13508a5229
7ca308086f9dbe5
0ad9165bd2b1d09
72a22fc757c9bc7
94f375571ba68cb
6bfd5d3ce1d7eda
739dbd1ba096825
9209bfc40d194cb
3c2fd0f4c32c514
2c88652a0e13dd9
7798f2d9f72ff14
479c3ef35b538d2
9acfd5c4a9ec700
1780f6308084f21
406a4ef8f1cc4e4
762c4342cec523f
0ff1776cbe841db
718b02c24fb766c
4997562dc3215dc
86342a19f97fdca
4dafab1888c8fde
560daaa46a23066
8f6461e37575740
2b48354a59ec530
7113d6baccb5228
0b72ba58001c5d8
93353eeb57f12b1
41a0b77851660a7
5317c4c0275c7df
400c075de68606c
9365e04925697ab
05bc9deeb02fa77
97d9532f7be0af3
2015e8aff077793
322551fcbaa2288
6143fcd6c24db3a
94be0a34b521342
24526596826809f
2b0718cf23a90e4
36df3d4a690d5fb
8d86ee7c89f93dc
1270b66c3ef2a58
6efebd096b94eb9
3bcc01840fdaedc
0e3715cfc4e048f
8a72f37dfba1c6e
46b4386163a3b33
3046db3a4321c1f
18a437085d59300
342294e1648a8ac
6093ae198f5a545
2a775edc37b7a27
2db3cbc8b17c15e
2d8313300139e9e
8da6bc6b75b194c
6adb93eb398f5e1
3167d7c1bc762e4
296c8adcedd490d
971d391ea3dc4ff
94b76c4dc2999dd
39b60d4b9b2d2b7
5ad964f3dd05f25
30fb538c5255197
8359c8ee1bc653b
72e2b0c65487537
0708332bfa1ce87
012c7eb93508d2e
9ef6f4e2b0c8596
3feeae37fd3fbe3
6a6759a7dc4ae19
8debbafe1b86407
7602e0b261d13c3
427e08ecb30ffe8
8e4723a46fe563a
3eb94767b9ce250
3bc7b914d3114c4
412f2847feea586
6d6c7769090a877
71a0b944b9d3584
3f5ae683a7a6a0d
72704e3d943c1a5
7d3f63f12357ffc
478382e2e949809
9850b7536b435ea
3b75600404be318
9bea21378e00c30
279958376c7cdb0
28934614ec09e10
45f05ccba437e24
25d16100472907a
67cc3c780703206
0aeb6c549baab2f
92e964e1ab51674
7fcbc48148c7170
95b4bd9f811db19
46b7ae6953517fb
4fa2111a465b0ac
7aca2f8617d023e
30ee61aa17a7b25
611923cc13b6ce2
7da29d46d425e0e
42d53f16953d3d7
2241b7e52889fbf
1ac77621663a029
7aaaf938bf6d602
2ca9953ff8b3b4b
130605830dd5423
939e6389d73df69
48698933cb58549
052a6386f4993ed
54347463893115d
4a57e37f39cd7f4
5204b1ca5e9e4d1
3be7bc669eca5c4
9458c33f5b88b99
9dbb7e016568e30
5b3f5cb7a933db0
331165d01c4eafa
44b2d7c73eb28d5
1f78f17633a3f99
5e9fef0258bfbc7
33dfc28b646731a
015e577583ae5f2
2801923f0e717dd
200e53f0f080151
375d2df0b9acb6a
7589123bfa64fd5
2ce0fe0434b15a4
7603f628a50826a
9df88f7012424c0
7a8a3ed74052ef8
538f5788170f10a
3d7985e4f365abb
75dfa6cc769262f
0f6c1e9e6912524
6928ce803ec7f50
48380233e45fe13
65e2dc56ff50ed3
2eda8a21ba24746
3019c5389f60cf7
03824f97ff9bdc3
34a9fd02be487b8
815dfd96b8b9959
089454a9b6e0fa4
8c938b66adbfb21
22a4a911980704c
1603ad9b59263e5
931095483b07a0d
365e84f25ca8d43
7e7393d97252261
065a12f79cb42fc
77925fe2a9b1fae
360b42694f99931
019f06c01966728
1e2d64342d8d618
24d744e67e37a92
72102f8a7237ebd
8969e71cc32b47b
5d80350f107c3a3
569b21c2fab1f2a
56d39b489e0ebb3
57785b57d76b8e8
01aebde82395af8
63783a5daf7748a
09eb9f1f5296a15
64591c3caa3c716
2d6692ee69463d5
6604fa56de9e9b3
2b17d90186781d7
44ce928bbf843ec
154228f2481e9b9
97763d5c58caad1
6ed6b0c371a554f
4308513485e6af1
5683e4480eb7c76
46df1761b5d43e4
709ce151f93d79a
3da70a982ffd295
732986e5113e063
2bfa5e4c63ad2fb
64d38fae68b7c1d
4a366809cb2eb7f
26e661f1f9b4dca
9e98c5ff0aed629
187fe36232a9db8
68878c77821ab7e
6b80023e5ca2153
77eba07396c6971
700938b3d5f4683
8a54aecd2c7589b
3999f650271a811
88fbdf5b0267b3e
4bd2689a0280da1
67a548b4dc60cc2
11c52fe5805193a
4a45be17647b757
4f456c83c6d89d0
7a7856519d1d086
01bf7d5c18d0f06
2caa132923efaff
491837677d81a39
2680af1a942c06d
557ce7f667674a8
80e78081281fe86
28a8f9dc531780e
018759ec9ffc3af
0f7b4b01a436ec8
52a001766913500
0655bb8facf9e2c
1afb74352261275
5b4f6852087bb11
9a5bbf4de404c99
688ab1d3ec08d34
642927185c98131
42578b85d05bdd3
61db991bd8f9738
53e492815cae92a
57b06983abce5bd
7978082a413005e
96a9ecb1138a3c4
8d5cde40a14826c
0d9500e0141fab8
1ea66f45341ccf4
4b3e18b43ff5349
52b1e55d3b010bc
2f903f8429c64a4
89849bcf3c82d7e
54ef2fd3bdc38a6
5814887d5777508
256749fb968f61a
2a24af1d745c381
262853a50eb8188
38699d900645f90
3b231c8cd04d7e7
6191ddd632608c9
924461e1fcc8576
37802e5ca07f446
484a94098e6c3d1
5dc9211374dff35
7f97784b8134869
356d73bca259fcb
28b7d3948efbac1
1f11e8474ca3e08
1b0b1837cda8469
3b6e032099c1241
22f510c9661f3ff
48d8e1a1dc68039
548c0611fbeb921
656512836065f4e
4413f4c44413a70
8220258e3912a7f
123023f55ba9bc9
05e269eab2f9263
550af384b362784
8854616dd030765
03d59b69170da78
8f5a686f3e39e0c
98a2858e8e268fa
1f3e6c57636e496
58a51344b81582b
484794cb83b7fbe
609536d571bffbf
598e3c1e59d0815
91bbcf82b8cd574
875cd7d0bc1c39b
937d5f3f5ecda10
7b58377e0ed7dd6
621e4e527a57ac3
53f391afe194a49
6f72847c4c17e7a
61a67b9f789c9c1
421c14c5eea1aa5
4d4f906591c18bf
0a1e1180fdf1685
7308a0084bd43ef
6769ec935b3a7e3
37acabd3c2055cc
503d5303ac363fd
1f5c83639833c86
5f5c302af5cfc40
705924466e005e2
6c81f562a62ec32
79e4a9a4f674f13
19ccbe116d0ee7d
0a1258e9c6a4acc
76706e74100c810
0bae85e726b33fb
1891a510d20cad9
2ab0e654f4b3077
91a442c107afbc8
7ea70fea0330568
33dfd939f36a840
5165abb6145259f
8474f5beef14ab0
2bcb8e31a176f82
5442e890356d032
6a223219e0d3495
898053f54855ed9
189f7b1bd3c5d4f
98c34e9243dc8ca
9c49f73e6a22b52
53e06f0bcbf1179
9fab7e0be27f376
7e46b8e88b73a01
53503ac5041afb6
126bee519877bf7
3bc03b84965c8b2
33e8a1258a9bac3
327a22fd2f6d6dd
6f80c38d932b405
658beae23971571
8047bc002623e0f
45853efcd2647ee
5d6ecfa0abbc5e9
118f8962d1ff35e
6b56a65b08f30cb
5637023a6ee5ed4
3fce9332c6381c7
83d9d33827a79c2
22ae3c16466f35f
80cd7a75edd0518
441fb3f89d3ff1b
6a5503e5ed97e40
7774a4eae32bc47
58aaef1053fd60b
5cbc42a08b791c1
39a7a333769d95f
362891b7d96c710
27d6920bc08c8b6
4edd85bdec68b35
0e8ae70c546a49a
7df65b7c32a85b1
276d4de1c962ee6
9fce76eb03748ac
9a3275fe9928457
4206d1fbd3c0a98
278c723a612596c
9555945509606c5
56fd34799bfc47b
0e06827f4de3ff1
8a232d5d89f627c
6cc5e1af93f6984
03c2f8f163c4771
41398ce7c6411ce
86a0445b0d834b1
9239e59b4ef5155
554d6811a8a0939
24856a1b8e5d365
626c9bbd9d4edc1
25c4f3c70cdf13a
1b6d4f03f4b4961
00f6b26f48e5735
1413537cb3349c2
0e020e0561af36a
8da4ce2e7e5fd20
8868f3ab84c3939
3f1e783489e2a2b
6bf2249ef8c18ee
6c09427afbff4b0
76bfb46c02c7d5d
40d65926df4cb29
92365277a6c11f6
3bd9ed02e82f993
698c394ca5966f2
36d53850625ef18
68d68d0c924a984
1b05facb5db2cf7
933d07082c94003
515b9ddd85f7e12
4ab65abb5bbd0fa
71d1a7fccdaf7fb
86ca2f1ff022f7f
2ff5772234c6249
1c37d2ac5717929
8f5574049aa0bd2
9e1a3b1a366338b
4c7ea0b3536f7b2
3725908b08cccfb
497bca4050046a1
8e4cd06d8c1c035
7125271ea6bf7de
161438ce46d232f
980008229f74e8a
2c7c5d9566cc7b3
589a652ccb6a60e
5f547f4f809d3ee
331f93689e06d49
7e58d253785962b
239908ce79f1c1f
1cb54cf3b188d1c
53677a2a982f2a7
86466037577b9d0
9f4b5b45740ea03
0d88dc56aafd3df
06bf4c4311cfa06
5c59a101df0b33c
9ed535d79fa353c
541e530fec026f1
0bd77f395567243
5356a4f10f96a73
5b6f82dac0bcbb4
48fe57b6f86ded4
5709f76b53b853b
9f0b72bd3bdac38
95383ef8af797dd
428a8c99c95b645
5e815c0e5ef4d44
59c7cf66389753a
508fa66fff3c090
0865c6fd4a86fd6
4fba429e90d0008
0c167881b033947
5f08c759d946d1d
03085cb42116a92
52323b52a7122c7
6de3e9a1ef5fea3
29d5a5de3ec1838
12099313b935eee
7e35eb0261e234a
43b2741aa239e87
3af115ab03c82aa
67a7f051f39f258
4b652341adf0229
48d018dbb70b636
4027c330e1ffe82
4477cc50f4a01f8
6b93da76c5bb04b
70d93cd4e4053bf
28b08c5b2c31e56
2f410f2a1166ca8
9b0112bdede5997
9f3fa7d46dd904f
20b973acabd7f70
953ec4b44bb609d
7006f4efb1e6be9
8aecf8429308fc8
0613e8df2fa8df9
76d5a936a78a407
1583cfb1bd3be0d
89f57a471dc574e
3a40bc515526da8
6c4174775fb8591
2cb90f0d252c1ad
50f99ada23691fc
60ff161c1778993
0d0195ef7c75e15
518bb99efbb7fce
896681bfc67f352
905e1c2b8ce9168
7045c64e34d9d0c
349fda7406d1c00
9b63fcfff1a8819
9281a90d63fcc4d
6d1612a13b19693
85aea02491c57b3
649a693af8ee141
4ee0460fdcd3593
932d5f220fc6116
6f64bbbc2498670
6a9bb52641c090d
57621adc5fc5de9
43d819acae50eca
0f35b87176dcd78
8c5ce6f9595e653
705e052207cbca3
44eafdc33d95b6f
700c0e3e0127e7f
77ded415b672f4a
39924c2dd7b0b47
640ff2e057eb8d5
1892f2bba8535da
8992cfd650ea4b3
29cdcd805bcd128
30e2d154f7f065f
9995c36dfd9fc58
88c5c8c575b5f3d
8e7dbdd640e9356
63e155b82b1486a
037e6d5903dea05
44c2261461ea6a2
41d15c326dff62c
243b9965846a36c
6baef7a5fde519f
9faceccd90ae258
739f4328ad85d80
12639ab43500fc7
27ecbc1a3da94cd
699299ad00f8a91
8597cae1f78c694
81530435ec209af
7cf4d392f166474
14416db9051a079
19537e63368a570
3f4d60b5f9f68f7
02a29dbe0576d6d
74b935bfe871db1
41d13b82ac608fd
9818f6d7e301106
071f9ca818eb877
2826322a148642b
4b8584033140a45
75aaec66ca76914
5d7b138a3c7b21b
3567eded77392b1
30394c38ca1527a
8bc1370050b9c6a
0fb4287f036d844
7a72d0fab3c8bfd
2404a9dfe5312a4
4930f5d1274ec58
9b57dadab186047
53f663cb18857a5
6ebc6765bb9d767
624cdfedd7c95fc
90c9903760d9559
0ca39d059626101
74059c20ef07f56
62c51e0fa8c9951
1534bbae5ce2801
2ca98c78bd88f76
63167eeb7041946
5d3026ae552c11c
8277a83dc7e2077
13d34f36f46a5c3
8c78e862f2b41ed
1a8a649e36ae8fc
12571cc37f2d98a
27702cec1bbaf46
27c12e8b9557054
78f90877f03b117
928c07d848a441c
698892007c130eb
4068aa6726ee824
5cfcb829abcb00c
74cd75f320caa20
93e8314777d404b
30404cbb04ac1d2
6367ca14e764bfe
998778477d30833
174015455a6f561
1f68714479e491e
8d8747da650eb04
02858c6d4883c38
6e53d226e815776
1fc45534cd6c40b
28716c1cc4e5aac
94445e46a083686
7b14f6f946f4f36
0b6c3a152dd4651
985660ebbd24a82
7792b560c4eb399
0115a7e7abc4a79
56ece718411810c
0c08c65331a2a48
59b3f2d7b3bd1d3
5c84f4f4dd4f2c5
9ada1b6657de05e
32200f41bb8772a
5aa59d0ac85db89
2d34fb2feda224c
31ffca5db264e31
8f51f1b7e1f2ac2
675016f34845040
1e201074378eeaf
85fa6acb62f0cb9
71644ba34453101
54ed71d722c4beb
581219e6ee1ac13
5c69e8e58555199
14104243068bd39
50bc60d2ed5a6f4
65328dd2d3cbef1
346fcf9de2e996c
83729158d7ced7b
8dcfdeaed359e2b
3f1e681ae4831d8
96fbce9421bf79f
615d7f4abf540fc
81693c52e5d5273
990ddc040729d9c
706b8ea03c8cbd3
93d07d963b25d94
328d68a0256a324
95a6607943c261a
086695c77d972d0
7ecfdad7c1ffc06
428e044ade2de97
309787394301b1d
3b633549252f090
448477250149db7
2d7a44ca015ffc2
5f25a1d3892051a
2270408436dcaee
07206bc27eb34a9
0ccf249bcc9e8fe
40eddcdff0b16f0
3e1f0a65dcf4f2e
4ee7f5acb8b98f9
8d20abb04a45960
00171b8560685ea
0864fcedf4bd91f
8fd022e1237999f
28dc1d2015b7f6a
45be0e431b72517
0d0826d42dab652
59cb294a4cc32ae
4ad64a4cbf1ec0c
1feaffa021aec5e
0e846f19b33d39e
3173b854187c330
9d257b3399d361c
78823bd35b22610
3e2f697146e0734
69f8cf9de3fb38d
7a950c8edca4df3
4aea14c315574c2
3ed32d90eaf22cc
9ebf1ea1d84b014
80e3cc386ac4497
9516f04ace58096
148ababd1e66077
7f3ab29986bc4b0
7fdee4b18d192a4
2b11a2f8e7fcfe1
450ac435011607f
209d98384b5d7e0
20ff9bfc814367e
8848ed268c5043f
13db7a9a84029f5
9418b5f08e73293
36d5a2d2bf7bed7
9480a2739c78b48
91203ac85dc324d
80924bad590a2b9
5e3027db9b30c71
64983117c65bd77
12f5cafd0def02f
96f3d4a2da885c9
2e1a78552fdec01
2157f16f54462d5
22f0327ff374ae5
59bc8a50b2291df
27336ef57e7cbd5
4bb02e6f2d8a764
69de5ab6e66b33b
5da35b36485620f
5ce58df0838cf30
26534f8edef9ef8
6d409ee564c0780
62155425fb77671
9ab6a54957cf1e2
32d062f4d8db3b8
3c3b6651d7bbb83
43611ce03ab0f95
8319af3cc4ca2ec
316ac28aa1045bc
735e174e4b952ea
96985959df3d0aa
141027569b96851
1400e301282028b
17a44a2a3acf0f1
29a4d11d6967cef
7e022faa3b69c45
982fc7aee686ac1
6966d763a073f60
4a6e69e8b23563a
1fa650cb03b93c1
7ca56995470d1a0
4542aaa34b8f2e6
974fa6ce288579a
2c449e92c3a1bd2
97cad5c837625a8
4144ddaff05afd3
373cf4695b55810
4c849944949dd4e
9dd7905f8d718f3
68e32a4fb4b65ef
36e8b3774a16121
040dd7afe272840
50468bcbd8d24a4
1cd41cb3e72f9eb
3465f03399dc7fd
0d8c9c8c16c1bcc
6f77224a5697ecf
9e8b43f6fcd8330
374ef22fea322c7
3770ce11bb7e717
183b3212950e497
3fafc4d54970ac8
4ab52ccd1ded207
665853c4f1b0feb
7d0dd37f3c87f92
95907237e4c9224
3b0e79b23106382
2c674958637913e
6afa2e449723688
95a4e6be164fdc1
9ffd75245082b6b
6879d7b0322781d
3e20e4e70987d22
8631aa139c29ae4
393f1592699b089
2a10aa3d45287e6
0888024bb639d6a
16be3812c583654
6881271c1546f94
80fedbe99132023
955b3435be90bd9
2e1ad58d1329c8d
1be2973a95f7f68
11f90e7655421cd
02c945bbf68deee
8cb672b1f3e89e1
20d3d9f78b1c146
575cf59e32759f1
48a367639a98bc8
25bb54623ef3eed
59639fdf94e1100
85172fa73117546
9a9b6f977be8e09
0134191c0776c97
72a1201a3d4248d
27c55f3d6d5883a
55075d0b7a0d68e
78c601d6741a341
5bad093457d6be3
561b2043ea081df
42ad9ba96b197ff
6e2f71e84d8cb78
3ce7fbf1d367abf
1ca2ceec39df7ac
4084f54bef75e75
70f351ee1ad3cdf
85f4ebe60ce60f5
3425831972bd0e5
0599abc50214000
9b7d65cd300bced
71c3985a709687f
2eeb3f9674508c5
9224063b1b50c19
6b7a08ff388794b
587f6a9740ba0b4
92056624473a4ad
0d16435e51c5492
4530ceb0ae1b877
151e0aaebad6678
07378249d9a0cef
2698456028e27c1
7dfe8c66f6f0a52
3000ca0188a494a
21028888366c409
8c7fb1da8d52baf
41137401c47b5bc
09032e183e7b32d
1350da4ed0f0411
326fb00c041909a
6b0ba558db4a6bb
7502df252b7bd61
667a16fb0235bf3
10fe56123ac046a
3ba21e4b8b247fa
7b0dbf708a7b5d8
72d97ef281f90e8
7e541484adf6e14
99dc0c5b0ae03b9
18dbaed19c05174
8b77b87e0cc632a
5cfe8c8994ddac3
8d83f867250faf1
37eb5a1e9d64f50
660e1559665a59b
6888c2543e7c14a
30ddc5657f336a7
074a3245cd9d50c
29a6452b69609e5
57fd7697f456474
875211934149beb
10bcd2e76808f99
91a291b8964a822
974b9ef4367be5e
9ee3301d4fdbb51
2dda8b51f179df7
5bfd844b4e6a815
096cf4c7f9f4c66
762777628db5802
85da54a8cd6d51e
40b9e467ff00004
3c90e1848dd2f2b
77bda6e6e5b204f
9d208904af975ef
1227bf588061438
53aaa87081609a0
36de7f3f1778e96
847dcbc1f0eba07
142a26b01912978
349a9b79b740695
780b470c9c3caa6
6f22b94b107f73a
4a613a4778df795
29bd5b73d35800c
0739a4249cf3e57
0ddf145adb5d985
332679b2e9c608e
4c3b5db1b2d5534
755b22365d2d419
86259f8eb163c09
4e546dcb8210a20
196b90429bfeb3f
1b3df0c8708e71c
1d89237e80a74ac
4a8e365751c5768
97eedfea93f3f85
91a03731574371c
9d747f91dd4a3f2
0f8520c16329908
202056fe33a1837
668f857ef6ae73a
8cfa3cf242e4c89
0f5926557932fa8
6c0fab16977a541
55e7c2f01f8a0af
18e0483bfa4e810
6d667b90f41fbdc
875a8b55403e349
3fa4e519bf1476a
276a76c49ec6dfe
09b77dc1f47ea39
66c35a2a193a947
812dabab6ad1214
1be9c021c2b41ee
098b374049b4908
442fe47f66f24a3
917c6dce78bdd8e
2721c6df31e0f1c
90d2f01f006a630
62655260bc46f2f
688b4e4f5f7d3ae
35ed3d58b579051
5c5b1139930a0dc
1ca8edd8ca77502
60f43413481acb0
217ac787b5bc7af
49f89f8b03327fc
5f11d2e3f714289
80ebefd4073990d
49fbf5b5a6be114
63602a849a76015
18d12109d06b0f6
0e062fcc8d5eca8
8ddc9604dc15acd
9a77738f9bd2c37
2a906a9639c6dcf
69084f80042bbb7
95dda92ae9af686
4ab6106d8a4e805
871963cf0d9bd4e
3fb2f48783f946b
830008cafd281be
4c3c3ded261b591
349897cb869f0ea
1304b5a5222d2c0
797ba47015d450b
919b2ab558afb97
629c6bc6b5ccef9
03001c9bdd43093
923c579bcef4597
26ee1c4cd06ac73
5b390353c400e9c
8723f9407aafd7d
0a95b5b303bbfe4
7282eba01e8cf78
9af342ceed97679
4429ff2f33e1090
3321010e9222018
97ea96e03c578ff
460cc4147770fa7
7b8bbc12a560795
6051f6ea7b1ac20
59805218f26e503
9b8eec0b5ed4b22
93be5d4cc8f33fa
65d19053b443d55
803002f03d77a15
5948618e8dbde00
0a1514233041067
809e160b630b560
483929dda466b83
647b52786e117e3
5a6c392758dc53d
7815232f2244315
40aee720be9be03
421a15b08995975
75e5ec14ed877b5
785837f8a43133c
8f14704ececb55f
55afe7508f6f473
2be3ce2a448d99d
292826b3ceecec1
994687fc304cdca
222d3d0b020aa48
60b31d08079a649
715fe5a60f8185e
2744e4f77bf4907
977516f8f7246c0
3e9f04261fc947a
4dc31e8bbe781b8
79eb51b0884b09e
8b044c8cfa416da
7c764955002ced1
785cad705d1d356
37b26c891afeb9b
50bdadf0856cf83
8039e179a7ecb45
9fa6be591b8d955
50436b83c215961
1920eb3808efd0c
26a5bf4d514c695
299a52fbfab5799
761ba5dea78da67
4d7f008e0952c7d
5d5a78e288f8366
594513a72eb8936
901e1ddfccb4955
9e82fee4e303f93
24b2169d4b015aa
2f4118f25f0cd22
2e799ec24c88dfa
213a5c5b1319c82
6fae20685cd88c7
200955e65888949
8fb3d6bc66a38ce
20bb9ca9f694b5a
9213a57c7db492b
33a7e5c8c17f8c5
0739774e388c8db
942866b7d6e638c
620624789581baf
8bfa00deef05ab4
84b9ecf628dae2f
14857b59d3b8e63
9f4da3aef48a5cd
68c54d44ac1cf1b
42848c08a2ef007
2e14b9c117bf301
553c535bdab2b7e
210858caca623d0
79dc88095026b0b
2f115e5e6af3fdf
4609d99354901b1
7e1b2e0ed5dbe23
25201d49b8f7149
98f67cc9098e121
250584072cc8b1a
40bfae0c404ca4c
5b421da9a8dbef0
0edc53348dcbbed
0626d55c8c108ed
9efcc1f399b8081
6e575df2b52ff66
88b7b1855899efb
9530e4dc7aea7b5
3e36f6988e82c5c
0802408467150b8
425bf6f522f8feb
3b569458d2e3ed5
2b069657a8ea49a
45421069011d00f
317e185221cc64e
84c99650b5a8ff8
1b422567b61f362
0ed890518cfd2bf
9e874712af28447
5b10573f3912840
184087613787df3
6f5b0e3c0ab10e4
1e338fc346b7e10
740198e278070ae
03cebc9f345d79a
2d19a2475112683
45d5f8b5f123de3
71d68bbcbee132f
77fe8827ce9d18d
020290aa6fd4631
182a3c80b180935
4bb947132ca5f3f
9c990930fb0dddd
7f7b671da11ed3a
7f1cb56701aa4d5
269a606c7dba46b
02ceaaaa5e63463
111b584cdaf9609
1997eef415211ec
6b1316d16bf5722
8ad8c417cbc2c75
8cf0cce803d7511
2259ab45f34c20a
77ed58c058ee10e
8d7152081030f52
6cbf4d69b57cc64
91a3616916f0e17
3a5965fbc4b6009
43d495e48dad588
3720b07c56c487d
47054d302f0b0cb
1303394b9648d88
491192b94a87e4f
6ad9e46f12b6211
0638ceda2059361
7b83b5870b56274
16d51e62d4fb31a
7ad6fa11622082d
8e43070dcbb909a
73649b7bbaa8e9c
7c818558d31b523
77bef8171c49d16
00237fb854984e6
85e3c08fd3d07ed
5151bbb3ed2476a
07c84139938cd20
2c4d5d7c6f31ccc
8d1ad8706b0c29d
415c9798caa28de
9da316543a5cb2a
43a49407eab44e4
771fb33075c4ce0
41e015cbc078b1a
9f735854577f26c
5a832f86077f5fb
6ba44c0287a3bab
51f94e59362f306
890235a5b87546a
0043ae44bc171c5
643c0054b89298a
5f75b8ebe64457c
2b7acff6b61df66
55524ca3433a1f7
97aaef511e401cc
51d0e1eace6235e
6a8874ee9686f73
3d4df8ee3973a3e
0f029381a97b5fe
3a91a3db010a2bc
64ccca948324db4
101adb1a3b7bceb
0d5d1c707eb6355
8b128c7a759c054
918147b608ab3fe
434de9b100ceecd
7a04abcbcbcf1f1
1e6beec9f114c15
63bc537bcc7b016
1172d8c5b755e92
290cdae2bd9cf4d
02ea2a40a237b0e
89f1408f872c2e0
61970a54d364307
86ee1c6912c6783
5add6d119b4c0df
1858c88f14277df
4f9de203fa823eb
3224a684b1130d7
46bc7d4e906adab
39bbde3063ad43c
11e9c0aafa5e94e
31ac911e4a6b367
4fc2c4d151967a1
1df02d58ef6480a
414ba43c26605d5
00a8d0ca78fa278
7c4490e0592fe75
161a5f538bf58fe
2941f602a1afce4
2939e71a2fd2de8
8e73f3144f3a967
8b893d978ee018d
6210555d6e44080
1d4e80f3b29ea7e
0cdf8c0dbfaf89a
522e518cca0acbf
4c9ae631bed11c4
70708d89df71318
3427f00e5aebc96
685a2f36cc3ce4c
1d23d390749e5c4
2493a536e108230
26ef81396339aa5
90b1953a5e4adad
0dfadd361a146d8
044bba531768322
6beec15e879fe62
3fc7962e4d33c78
2d429a11f40a698
1a8e34bb5540193
02b9679a123f946
1289460a52ba682
9831027e80fcf8d
763f7a136b1ce2a
94124d3fa7008c6
44f998f0078f84d
8b267e162b6c569
24874f855fc3de3
0288b85c02a152b
6239adc1527fb4b
3c8d8d66b147b17
3b25f6927aa7abb
9e8a53425ca3a1a
301205cd55195c8
0000101080446a2
3eac352c070b693
46a405cf6d0a6bd
60efe4fa50edc9f
09a91afb790fbb8
9125dc9bc82e014
95e7e40671c9f4d
9b8002c6c98128b
5e55212642d6537
55a1142c66490bc
14b638fe9dd04c3
0f725bfd8d53709
852e76a2386a4d7
67b11ee44b931b7
9e4b02b59619625
5715d4c2b95e59e
21fea0534e93d0d
6f53bddfc4a09ac
8d53813a77a9347
1454c19999a6c6e
4b4c18847b36287
503da07b497451e
86bda8fd8124bd8
52726d82cf6ae1b
43e2f580de11784
6fd446a2be0ff30
56be452c7642572
07dd24018b24871
5cbbd55b1bbc498
0e5ef2b3d08e3e0
5ca235edde8c9e0
1a137343c1daa80
379bf50f29f6039
71e4817a10001ae
01ea512bc660eb6
20cf7977a46fb49
3522e7a12173d7e
203e87cb7a90648
719637d00833f3c
3a4f08490082fbf
2608427f6498702
7a7de04511f3099
88fed92345d4ab3
3ef4a572433bf2e
3a01388d1b0c083
4eb3cf1923156cf
347a0623cd6fd83
0a2f776121bdc13
489c0670829870d
34eca19a759f66b
85ac54f08ead7f4
35a88ff532065a7
0bdcfe5602d3408
078b7f0b89dd935
11e730e2a9af481
73e2ffc53284c71
95c6ebb8333f20e
7c11ea30ae82248
6bcc7c42b794126
0733a174ff0adbd
36b1b2d3a85613a
0dea0d72d489893
045bfbce28d22da
1ba39f48184e7e9
909741679121899
8360242260f4fd3
801f83d290ea837
22023abc14ed1d8
0d16c5fbf6a3b3f
8f888ba32bd903c
77eca5a6abcff87
662a8bf374d555b
7a8a3e972106936
348949ddb3c3cf5
970b352cd460ace
86f98b026f05113
8791df5b99cffea
92a8025db481120
0cf8f99ee0a6e9e
4d4b4f92c31a329
13ae92d8114ba7f
4508a8a7fd315cd
096829309dcc474
29a967134831021
69630d64e930081
390c6a743312f21
0e1ab1d2d257642
3090b8e6417f6df
48b14e58ca2785d
570df04d17cdfa6
8a6b9a57106ea50
7f22cb10964f6b8
9ef82dc0d940456
8ede89ad3ca7001
3cd22ebc7612e48
7ddbe55ea15a51c
926379520a06c3a
8e33442f7916a6e
93c31ce31b21ba7
1517623f1b1ee66
44acaaba9188e9b
4bfb7deb932b65e
02846752a1b626b
922df05a074d2a6
2df13fbfa3375c4
90d097ac680a9d9
1b46989f32f227b
46deed708e84f25
9bed846a72095fc
7d91da3f4842ba3
076c4c2a20729ec
563966b3f162232
733df9ce8412e82
97287803dfbdf3f
442492129ae2808
1cba836711da6a0
0f0215dd834c764
1bf6de8732ca3b8
74c98e70cbcd2d5
75a9c59ec3ac238
1f564492500f356
2b468baf38a7743
782fcee7d292237
4a1c57a9bf6e10f
4defce9a9730944
039c331cc826cc9
4daee37a92c0dbc
68fbdfde4f3f5e3
3cd7d68c00d738d
042e83df33066e3
22ecb060344f312
11f3682feeb8eb4
3ef70589143c275
23939d3cd5b8ded
37338cfeee5b2ff
5c5b60e48b01d41
67d02a7de9b7d28
630a2269e7b69a4
5d5561342248012
1e52446b45a6b99
914d942da4a1815
33eb03aadcaef7c
7dfcb8c446cf8d4
6a6df4217392d96
7b9e63a9e09945f
8425f36aba793e9
383ddef333fedc2
0f479db0e370b24
3964ee4fc392f6a
168b9dd11460bf3
9e020993249a585
1e85ee3908509c5
861f6f56d351c0c
8cfc0d6b93807a5
9af39f49adca8e8
0a7969e21269306
29cc0f013b4f673
2c26a551dd5e9d7
4cfc92060f8b472
26d2d2b46884d96
60b1da731eed153
02596cbf887ea48
32f49b62d28d6cc
58b96ba99a433bb
84b5a8fa8129f22
1463d1adea920c9
39aac1beea9276d
58be4db4e883bb2
7091377657c7e5f
07363d6f5959741
22381bfa5bae241
3fd952f1e14097e
73cdb4a8aed5e4d
6dbec53f5c68d3a
20ee86da26c5846
958b4782d69d1e7
666ab5efb628022
07adfb04f094b5c
983b14ab8bb0e09
956a54c13ce2fee
646485874291d6d
9ce78427df9ccc0
2fe9b8e51eb63ba
05aadcaee323ee3
8095cfbccac5d80
89dd6a586ed2c3a
5afbe06630bc27a
5a3738460fa2418
758e2cdfb231706
5e2ed8883f7d253
02933f823886466
7d392aca9b77e0c
8f42c8227ecff70
30a2820e21bb0f2
97f7822df840bab
43923c57499960d
7986bfa20133391
01a42582d2256f5
299209b7eaa75ad
802080b143921c4
1ab9dc90e2f3ed3
30904c0c1c186f6
671afd8c94a1ef2
6950026ced60248
2aea2564dab000b
30e2a72491164e5
8df6879886fdbb5
27baa5fb62196af
8699511ceb1fac9
2132cbd7cc9227e
50c68e9b4540fa0
26c5c941bd88e72
51135ba8e4954c4
6e199a0db2f780b
3389efa187491b8
77cd5af485a2bba
051ffa40e31538f
81e5b41c6054923
5bba06d787e50a4
59579aa0b486e5e
33c9d8f3a20b7c1
1254d937a925c1e
26da5f04a94f623
64039f480ad0552
0335e47f8ed4cfa
4ca06b98d153507
133e14052bb6542
1c69ca807bc10bd
0fccd603a8930b5
87c65502d34d1d8
86c56de73829cf9
9611c1af469bedf
2d17ed055635ec4
849c29304a87a3d
2786c291bac8411
117aae28bed58b4
64da95921c9cc17
7ec98dad0379735
3b257aaac5d53d7
7146d12d509413b
80310bca039d4e8
8ae3cc5137668e3
68151a67ee49d03
00d5080a8806736
917258b4ad057dd
150611d63858e68
606b3203329bf3d
421cbdee8962565
2b8163124647ab3
77a703d1b8330e9
634a178aebc9c9b
9356c99a537f5f0
2d59b1270db529a
53dd2ca4cd8e367
9593c491fe101ec
40f5051b9b4334b
819753b51e30f1d
74527d00a1adefa
6c85eecf23a7b06
216734839a49a79
35df6b130f46552
632ac6e2a701578
5403bb7fc4d2816
3eed1d86b13a9fb
2b1b37c62dc0ec2
18bea757e1e4213
6669cb1abc38efc
0f0a1d46d3ddf66
3d723a628170cf9
9db77b778d9b357
40b8c377ec09bd4
3ffed9c17cd2daa
878856dd8362e2d
65ead3b2abd4788
71980b4ae02d599
77359ff077433a6
9f2f29b2adab5d6
94daf785c0701f8
244a4e3d51f804c
52bccd6f05aec32
7130f80f3cf43e6
12ab7666370a7a3
4f6708ddddfbf5c
521042182a2ce9f
90b5eece149ccb8
90da0ae1c80d347
0b67e7de3ba2037
2e64033fd4443bc
8a7abf23e41c39e
4840a06e04af962
5d9fe0ad485821d
3bbd370f3c6bce5
6d9d1c3c3caeccb
28f78cbeddef852
2110793c2e3b55e
44da7e9007d6610
32252b35642b145
3f42af59743607a
33162a02df0a521
2e5c24247f72bb5
183921b006d65e3
5b98830a292da8b
29db855596e685d
5dcaac0c9fb5809
855d0a75f8213e8
414611bd5866f20
2e51116762e0ed5
5f0be50d38bce61
033a6b91e49c53f
5b01b72c5cde04f
1d9d8453ba42476
543a2e3c87ca96c
92f7128c424ff71
0467ae41951819a
856dd03eb062194
817df95b5189ed7
42945927e86980b
972ad57a4ac5020
9bb003e2b405697
932dbc092105a98
93d548b60aebb2e
53c9efeac5b26d8
5e5e99a14f4888d
29c59738e6101dc
5316bcdaf4ec524
0da15661e054367
415deadc5c43d1a
7f81a177d1857b4
8c36fca5731ce3b
4ef37f3b14d9e87
042a0b61b49e314
96b5a93adc7825e
8156bd943f11b31
91790fa8f941c60
032afe8508aac8b
16663cd1f18f02c
36131b34f045496
6309842fdc4c1e2
7a2ef946161c7ee
203a3106758cde6
9f2364eff7f3404
95c6a4c4d95e490
09b93b9e36ebfec
1bc6511c18f146e
70192824ebee6a2
82e1ebb8031ac04
4f1a13da3d738ba
5625f8351f5451f
661284705a0fd4f
21aa698c596946c
64b935095a3b408
429861751195dc7
706a6234ca62542
87eeace93c6b668
7d6faf4fa36f67f
569851a467bfc58
938b25d07277c5f
3981d1fd1147ae0
6a78ba2263a8fc6
3d6309aa890a667
3dd6ec92313a5c8
632b2436e5ae2f1
454353e68f8d13e
2c86c895e1cba83
05b3e5a37ef4de9
878c2468b27557f
8a91301a4170d87
89f58f60ae90ecf
65c1335c01e597e
3f7942eb1b56cb2
62a436dc7890a60
31d9cb19969dc9f
49bda86a215c470
8b61d0c208a6236
185756b762ce4a7
61f4fa8d71f9c96
2db87ebb9c86565
776723e17cbb73f
93f5fd4cea25338
639c3d5f7cc4c34
6100da68a19a1e9
420c1c2b64be1eb
98c69dcdd1798dd
8119304ce36c59d
5d735f1b76081be
36e5445599552fb
28c5903903d63c1
34271676d08071e
9f0fb9a405b338f
353a386bcf555e1
036d215eb8fd4c9
44c513a55690041
8bf19105937e553
3e425ac1167439c
668f703a2397336
2719ab86c17d29f
2a844e12f8c45a4
4033620b29e86b5
43fd202d7544b0f
0fd037391ba12e5
0ec4781722d94f3
367e1ea94497679
062fc532703f22a
8b983d7598bebaa
52853643403f858
20818e1a639d0a8
397bf93a1b8dd2f
7c4816400f84bf5
08e8743becd2ea5
2978973452da1fd
2c2380986ea3e13
06f97916450fa81
99ab73702fdbeb3
2b061906f739d16
0ecdab6ae2ae85a
3d1e169005202c8
377f99ebe6b349e
2cf39660fadf54d
227c2585e69a1ac
25dc794d59f5816
0ed8850d1807974
0e190be788dfd3a
1eb54000694c9ce
17852be7bbfcdff
00988d3205874e0
94c67a23c4931c4
895060be6b5f98c
8e79cbedfe79a95
8ce8e60fa59d494
840689f7dfd6514
29bfd7eab6a5dfa
711111e7a6e785c
01fe0f5a49da88d
3139f0dd1c8335e
4f2f81e8ccadafe
4ec8e554272aaeb
72eb70c7a16c120
4b7b4a3adb95b2b
7c726a80df06f54
3bb378c5ed68003
7ef0cb65334a6e6
5f8adb3264ddff9
830195fdbc36bd8
802774a62e1b37e
43500513f5c0cb2
7860ba3f9fc74e3
3450ec7ce5dd740
49ee7043e020b31
8333bb56be1b724
9953b16a5089663
5638edf2ced6354
521366cbf1d1075
2a20a12d490b1bf
2f68265d1198332
21aedd9d54b9c7b
80a8886f5f3b9d6
1f4f7eab288f9de
64e17516a9ea8b6
6d73d1e89b54d41
2e67b661d0160fc
3ed132e02b2c591
6c34b7f7dd38d94
98a26b796f5d0cb
5f3302ab66ba513
0102c33c9382306
13fa498560585cc
3cc73ce6dc3d434
7d4304da20c703b
80b34c0b567f4c3
4e1b1bbb7fcaa9f
4da7d6bdf26e516
41e0211e19df4ee
8865be303f0e9cd
9465b94c4b3c0b8
33a4d1b0da80bbe
198f02263d7c68f
4f15c2300ca4380
1fe3639be68ba1d
749ed22d0f6bcf9
8086371eeb5fba5
424f60db6c11bee
9ed363f08dfdad3
01681eb72fed115
9a8fd5a6dfa8744
145b76d6c32c75e
2aac9a40e5f576d
6362c4f8f5685c9
4f098661cd16e64
12f9116f5fe4a80
4463b741d4315ce
5cb7ab77055cb05
2227757d9c16a01
26ae4654e794d9f
223f30f8aac1548
92cefe82b9b94c0
6e82a8a63a200e3
2065ba01c0c430e
452c6b290950bfd
1977157cf0d0ab7
35a6a51edfd249b
14d27ccd309568b
13268e96f7c6aa1
8b5be49dcfe8101
6856a5b3a92924a
63b13e7c05e31a2
656aac1e5ddeab8
7b2ed174564e4c2
3e1d4bb24d85ff1
2e463edd9aab680
15bdc3b0550c791
1f8d8450c170b0f
513ecbd4286a165
5fd7d32d30ae80b
2dc529090d77948
425e72a04991317
34435cb83b51b7b
8e101a51eb59393
4e98686a76a1330
62ad5743cce5af3
6445a8f22a2ca83
30f519b8fc94830
6da936a5b2da550
4c74a69291532be
9eab8637e5ac573
41d5191bc118177
5b8494f127a1b44
8a33373bd33497f
278c5d5cfa623fd
88892e8bac96a2c
8c56e09d681ea15
481f7d7c65a0d5a
6fc8f4d3fcb931b
96db69432806a24
40c77c69c92ee00
9459ab6d9b263d8
67f7ae35449ecc5
631fe8becd5647a
79120575c55b6ee
1da15e7268624d2
7a5379194224e04
6d9a345e602043c
22cd1e0e1ce48c3
16c9b6d9ef24c42
3014780b584ce2f
48104ebf427d122
621a0786f7a8390
86d2948ca655aad
299e6050b8f9848
70cafb5936bb169
6984a70605e3347
4fda24ae6df9c91
36b8c9628f2d6cd
5acca4c9c9bb8d1
777116698b4cc07
8067b6c2b75d943
80298b249d153a5
8ee25a408ec1718
743d3fe23bf1167
390340d6e56ca14
28980502b123aba
34bda04537fcaf6
10f24b730854aa2
4a042b54811c1df
5da84a66e3aaf09
4db9bf0357de043
2fe677dbc0a3477
7a64c3578e81f3a
43dc44f7973afeb
76855bf77bb28e7
46674c41a23a11d
6e189aab5f12610
08473f8b5589354
58eefe0d5e2834f
2a58b75f597549c
0eeac6a74eb137e
6ae6b702986b563
70367ae14875879
7d4ef4167e768e9
67790b870a81e4f
4ea8905e9b2c476
067d872a0709d7e
71b3e4cc3a8a762
40de77e97953121
74e0608c8a8a199
4c018cf5fcb45d0
73a36ad338a99a9
1dd635ccd2dc8b9
8cc273e0f386fbe
3f93d4b3765d0ee
54b8a90e69cb701
1493a99b22adb35
1e23ffff54ab2d0
713a98e94ca2374
17d7daa8845b296
5f17d4daf4e81c4
3133be31366d519
2f90c0879e324f0
8c9337af8339846
5350af8b7dc16d7
379813efa46759f
3daf7017e959e92
3d37eedbfc050c6
9085539cd95a060
2afee205ad02644
448ab94cc6b849c
4010b8804f85ed4
7f7037f85b21820
876b18f05cb337e
0e94ca7bfb26b17
2e8be2666551d14
952214fb46144c4
644a156a96f34fb
890c1690ed44a8b
36499f833a7d75f
43078e0790bfe9e
32ec1ef6916197d
21e36379459d2f6
151111c2815b51e
9e829102b87a5e7
8a2b83b72725e7e
893318fc2091f4f
809e240bfe45c08
7451088294ba78e
49af1c9ee48a5cb
202a9d145da5878
12788060527f608
8717b74cc0b025a
29af8fc0a744594
2c5308cb301e7ad
9fdbd74865db5ef
437de2cc2888a1c
38d0f57dc472d51
0a92c4ef9ce1f12
8b17727bd113914
05421d7cda7ea38
9253f6321958239
01491a2f92e7f28
9dcd57f836fa79f
6ab669db593e7cf
98fb67f26919748
65914366fdc4d84
8a3d7e2ba2640f1
0dbc4d08393f31f
915c410b879a2dd
68c8041da60ae9f
04c9af390648bf3
1afcae8e86a527c
7bb223773864a9d
a01468b85ad9ed0
493a690c90fbaba
1882d367f85e1ab
8b91e83646b1078
70a3cb05e45c320
05e4cb9c6f773cc
740515b31dfb937
7f95ff52ef01554
8db8eb3d43a535a
4731e6f8538d96f
291b0592e838e87
9a994238fc08fbd
19fe53d97616048
005e6b42539f24e
7ff0dd5ebd1c610
6c7cac8da2cf45e
3130c918f60dda3
98a38321de8a0c0
2522e0926b74580
41c20626a367310
4e43280c71cea76
69290fd906cec26
9b0cf6a31d2ff15
5b8ca3c4fa71c52
1e64db75ffaf219
5ea87b3da402eb7
709a6a0db866ba4
6adef528fb90f27
5a9eb8cff32a8b8
50ba3fc323735fd
90f470bc4caae26
11fa11add89c038
59259fb81e7e96a
8401931f0ee5068
7829b43d6784db4
6f6b1e3f947f8fc
493f67b2af5ab84
6e571326ed5738e
87cd006dc78e741
14ae96b3ff0a991
7e897784ff2cdfa
6d5fe54a0382226
95c1a64d5b92fbe
38099a4d26e6545
0674eb0e9d089db
19a9d89124a2a52
09269550a0a140e
94e8afcfbca2b96
9bb7f4a9b363d62
1438ce18abcea57
2bd7f407728b840
09bc38a950ed6c1
4170a37691e25f5
83809c1de9b8c7d
22e3002e41487f8
54cd79bf075e7cb
91ee76eb79b99a1
5834d622857d19c
73f46b6cdebc607
2b6174249e4ba67
95302d1667b522b
01820b702197f3b
5252d331ccf384e
0401bc68c7d0722
20af70e60226455
5c09b9e525cf469
42c444e3b507680
7f0c3040b646180
76289a6be7394a5
41b2a524a2edd27
068e53e1a27151c
9708e74e8931101
8e864ff61f9c9e9
5fdcfd8eefb0ab2
95c0f75db3b485d
4716a2c12855a61
3e71ad4d14bce0f
191e4698fa0a430
00a65f2a76ee421
6e172539c8e18a1
887034dd5a22571
97027931426a0a5
202944012b55804
6fb51eb684138a4
95fe8f216ff8a29
895ca03412ef785
10445e2aad66551
4d83fb1a1fbdd0c
799052e66c87d07
39c939f1b201ad2
8026be9e5949ac4
7a316b211190241
35c55cbaae64c9b
60c6f9dcbdeafbf
0af5c51c5a2f7d9
2d4804d6a68f100
3254259f5c683a0
070c5f5a6b3408b
289d5b84a0d72bf
692e9fa43459c8a
1585de096043667
3dad2b65f10f34c
4575d5fe95b598d
92ebba6803cffd7
7dbf68413b3b65e
79a082af7ea9feb
583764cc0b1b6ec
811e77136c806f5
9dd1b1bca3190c4
4acfa07b6af07cf
54cfd4d9dfa404d
3e928157aa04619
3b67dd2506dfb5a
395de1067bb59ac
09c40040658286a
4cf7f4c189af2fb
7bbad387369f99f
1ddcd70944dea1f
2129ee98503b43c
3d0f384b4b281c4
9a096e5097f85b2
23c1a029bbffbc6
973b03f8030cbda
535d33f8312506b
40fcff2ac1a2038
2756599b2ef2496
9afe457dfde4664
0eb14b756c652f5
08a5eabb7dd9020
563814a7e0afce9
013c060ef120b3a
5d250efd00ee8ff
900d4f9934ff32c
0d713457d46116c
39facc4c0266519
76a5287149fdcc7
4babb124e7925a6
7d3adf31f123eda
8a08fc11b74c0a9
3fe2165fca362a5
25eade7cf7dbd3d
9727fa4962514f7
731a8bc74bb3d33
80afcb197a6bb0d
66303f96181e03d
323517582f361a8
16549b0ad4018fc
825f805aaf01c7f
06215bbe004bdbc
7436a6f6132dd76
0120454eb0ff020
1e09f9246c14653
0a5ef15bd54112c
647bc68cab5efe8
27a06e199802ac3
740f2ccb857441e
0630addd1e54e8e
50364584cd1231d
4dc30919cb64a80
107991ad9376ddb
39d5e0237b279a8
5d2e55a1ca669a8
5b0a22db3390a33
96d4e4c486b0242
8cfcb55ff60c7bd
91e150bba4e99c0
9ffad552efe789b
9cde2dad901b0d3
1e955f04bb50bf6
156cc6190e8b735
47f26d6ebd53afd
03430e82ac2d643
5a7227010fabd1d
7bd177ad168ffea
12e4322bcc48f84
55585a6e8393f22
21ea5a9a102091b
043517cce141d36
8e131b8173ab5db
351b71fe08f9b8d
31cb96cb3170bf7
39d344654ca01e2
482f42ec7e1f328
81edadc28855d9f
1ce62057e899649
37728b3f1d94ad0
687ced15956e6d2
92f5b847259b75a
61622311f2e3737
4e3751175c2e267
3e74eb65f50955e
3542cf534f700c2
8874050edf4a732
0ecdcb7f7487932
91a9d765642e0eb
9404d9e3ca7d984
2c8ba22cb7b7f5a
6dbbc89e91d507a
372435e50b2bdc7
1c201f8aa0c49df
1ac685ccb01e034
2fe5bcb0e0cc030
1ef9be40d2e8d90
770f83ab25985ff
01fecd166ae363e
9004dbde1640a58
7b8965350c04134
9778c683680e45a
90ce8856f96b95f
1cc1a8cd9c26e63
2ba7e7de0d37f8e
3dca2bfa351e209
03329848c0f94ac
91dbce226e20910
2d4c630fb51745d
4f337f099dff725
1c08db21383f772
13f5870187a9ec9
1edb5d4b92f8cac
7347f6bd7eb7288
0f423b3cd18413b
4129847680ea7cd
91898a7072d4004
711f89f23ad0060
913fd810c9b3571
8b8b76964a33269
5a94033962ea50a
9a26794083b0884
365ae198f7d99c9
81e00124f769c0e
2e2142928c2d880
25dc12c47cb320b
7f36e4a527c999f
708855f7bf3fdaf
4a3e00b303669cb
5b4bcc74ae1993a
10cc150b0be766f
794be8530b2b54a
4fdb15cf22ca75a
0f1a7cf1c377972
57886512bb8a36c
038c01b6b4dd3c2
0c7e3e8df3b54de
916c1770a5548bb
831003bd39bcd2d
3dc2c627157bb40
4ca7d6545f55baf
3faea8cb2e104fa
2a2387c32404bc6
7177e3f9b207310
23ebba88e525125
71c1b76a459bf4d
7a5e1d9e1ca7cb4
3962778f61e459d
1d61ca91a3ae7f5
536603f6c626654
9ceb5f6341730d5
8d7e8cedc5e86cf
366ecbb5f7cd821
2d5a9d4f3c58e8e
96f4f61cd40a3cb
8bb7c1ef821cc18
5a747f0a5846ad5
5b31d052e9ba6cf
0fa4e5ec1f2b058
622a8f7d17087f6
034c62420a9e657
455662b4c09696c
3f957d96a03638b
086d5519b2a82f9
4e3b75b117d0946
1be12edaba48a95
667ace2ebda03fd
6c6840bc641c7d8
35fb1087c7304f5
9ca030cc904d502
5172564936b159a
6623f7d165266ac
0bc68ef663e4750
0c09ffdbbbf9188
879bed9eb89d49c
072c02f1b65d2a2
33528b105e9af74
698720792cf057a
7d16d1c60f2e7a1
3f8d3ccfaba8d3b
88a59a8b0a7f7a2
9c0ef98867d5079
66e8c53f315a878
4b3c72be31061a0
3b1f09652cab2fb
49c6bae84a2a9ac
09c3710469334aa
017d12045d470b2
0a742d3d2ca1c86
473760285791966
6e299144d913276
7f0ff24b2b0ac15
97c365bf7573197
0ef787ddbd0d9ef
4286e65a9a179ee
3ad68efa6e639f3
5d92d9e9cd4172a
02757feab280d94
67d6251f204a7d3
6bcd99eb8aceb5b
7c4186946a8c038
04d2a1a1787ad42
54e8ee46c9d7e43
8fa32e7e374284c
810996cecf65f35
6b9d5a32a97a1bd
53744645af5d671
75ea02efa6accc2
8ae3180f8ba82fb
51c035b78c3dcc1
44cc355166bba42
0dbdebdf5e4df8c
91204ef30434e67
70bd6152ab39141
111d94a466579ce
4a32706054c2a95
29b423964c6207e
975380d591b915f
86b4f0819ea8302
43d4765e389a0d1
80350bdb68102db
686bd38be744de2
58684e626094c20
4ee890c0dea36cd
4e870106920508b
645f472ed22f0d4
7c5a2e7704d3a8f
3e040be9e4ab775
35926e0f86344a6
062cf9c727f17d0
721155b7ab49a66
7ea0a52b8b13e46
445d7f0381da04e
604665e1431f3a6
03e365759288f04
4f410ecaefe1df6
8b9a363cd341030
0953413143af4b1
76340c56986ed50
31e33aee5177d93
0cacc53614b94eb
33c95ef8f8a0556
59dc59cafccceae
56ee5ff3e61ffce
1cd7233becc11c9
4bdc3b04e927360
7f24b08245eda61
5e3d6690d5aa063
3ca36ef15d8a5b3
992c035ba44d97a
1e0c6bc0471c3c7
9035e7ce8ba90b2
7694c203428a5bd
7fe31e19c14b297
21acc539fd2f844
5017cdb8105c2aa
9ea9a84e17d3e21
17f7c492ac032de
8b1ff739a875a45
61ba50f0dc6d473
38929df7351b0a2
38a5b37dcc81f8d
7a01ccc59ab837c
23315ea1643737e
2363c158f3458ca
5b97d948f6fd221
6cc202d29450d2a
49916641bfce6c6
3cc25a679c3113b
034e26c0830413a
520e0f5a19fe45f
5efb0d5e8c0b8a1
49433b796d655ac
3bad1fe8e174260
4b14ad79296cd47
8887d979150be30
15cba2db9711154
306ca6307304290
796cca7783a30a3
855d70df6a3214a
31cbb7f94b89390
520ddbc59d88fc7
688a7f18a05ff5d
9d2457979bbb4a6
47f22c706d5b2ff
369ca492d837d7f
24269d79f5d36bf
37d962a98eb7c05
2555e70761f8050
58971b8802b3c8b
48771d2ed8df7c3
2e015e859e201ea
626fdf5fb8653ef
508989693f3626e
08b8de922c50676
174159cdd47d09a
472b0b028ab44ce
865afc34a97f21c
6abf50e0d7208dd
6c8b62f1b92e5be
0bafc6350dffc42
0fcd184d1a3a0a6
9f50cce6f001616
44ae88fddfb2ed3
8d8f99545376669
566d0600e29b498
49ccf7e25d6d003
4e46cbcf8a9630a
4caf8d44fc5bd34
679716f6faa2f6b
6998cc28f4652f2
8756fc121762fdf
47c4670b1c73aec
17f35295ef0ab6c
1040e50c08fa178
9e31cd57c88df3f
66e8da1fec37c1c
708f6765fdb801c
379524d3b77ea72
9ce851a45cac099
7f248bce0ff5589
646315ac4d123fa
28e51161ced59a6
33bf3ce1c83b4ee
6da497ef4a4549a
9b28cf24e2d0f65
0f870174d28b3b9
392c6442588ddec
9ce4e29b043f264
1180d12efb994e5
6d3df430a4b668c
9c90b6d0bcc7ea4
5979d0b69eb8b0f
343f2e957c5ba6e
7bb13f03f1cebec
29093635b99510b
557ec0357f3e865
3f11d77b59496e9
2b21cdd09ce70bc
4e653aa0dcfcdac
3dca8f12b2ff650
121471bf57c4029
73829b519e669a0
85c84a47f488afd
4b18c00fd6535d6
4d16324aea55825
90f8c3be6eb4085
44d56cff462b3a2
7dd794099793d27
4a875a5370a145b
3e0a30f50fcf903
2eaffb4cd54937a
2c9f680a03eff69
75ee5e9e1ff416e
7d3e4498127e697
7b18750bd02f558
82ff1a6dffc7197
92ee88c252c843f
51de49141dd0938
6b5c4ff7aaa1ad6
67a24097512c881
4c0384ce20ab32a
2e40885193a2bc5
49ca0f13b50757d
569854deca14824
03e8ac333da54d8
5cd141faa0296dc
5ec683a09af7be4
4107757bb0d5172
8837489add53e4d
4424cd37095b784
3e619745e188d3e
5bdd1b6317b3571
195443524219d17
5548f6a09e87c35
89058a2e6a7e008
915a6ec355c7702
06a9f29299411b5
8f77d008dc87d9f
5859df1cdcf2fa2
80d5a6ed280fcd1
79df478d009cac4
9e28974909ed2a9
5ba5f5083d5e07d
21738c79936c84a
591a339cbe61b6e
033cb8104ec1726
4f28837e7f008da
033ca4bc3923d9e
57f67a295904140
971ab7c2f591011
4fd4c04500617a8
39f9d36d9d7edbf
585ed5016bb691b
274253a0af12a74
773a638b6966969
1498eb33e25eaf2
038929f698df8c8
9bc13d974e30c3f
2d819c385f029a0
5d3561da00cbafd
85cc3fa5e117916
08bff8167d3414f
15e50dcda4bae8c
1a08282c1f154c7
217ceb6567fb0b8
2c0e8c731852903
75bfedfeffcc077
56bf1267908b69d
30e06245a88b6a7
07a686497a15c2f
3c7c8ba390eaa31
5d0c74c508a2813
8cc551854285472
179a042504dce8f
2f64e840172a31d
8769b7657b2c94d
8f62d184ae400b5
356bc5c04eeaaa8
246f87c245b30fd
01c52a67b19a059
1a2cda271560ddc
0609599008fa496
31e995b4c77ef69
68e509066ef7831
77c79f735649dd9
32a02d41e0edf3b
8832cf2545d84c4
390fea1fb5c3d5e
540cacfc0f438e4
5bf9a8436d51dfe
7e4bc1421017817
504c6cb8c025f2d
1e2d968a4bddd2d
60979960fa9efad
9a5c1eb08b0020e
69b38de447e5258
40c985c7ee18bae
70c73f0bf5b1ae4
3dbf5418f33a206
18fb5e31ddfa54c
5239c533ba45428
7eb8342db860195
7c104fc4c28ad5b
6f06ddfeae01028
149f15442c4ffe9
8441a05bfba5ddb
981b82dc49fef59
273aab72216cf61
67d6bb0cffab018
0691818c6456b6a
5f04f001a6e8e39
5720cac2f730f06
1d6aac88d500db8
430a34a60a47209
2de44686db8059c
36a32a0821aef22
7b38640ad771215
382a4750b801957
5a165db3cbfac00
108c9a211f1da90
6b53a081296d7c5
96cb4199b193074
2175b2d3726d13d
8460dfcd43bfb2a
20b0c6c980a2a86
0446540500fb6d3
6fbdddb7d794d01
86b0337705a7107
a008f590a25f51d
990795acf832880
7ded7786927a5ba
542a09e074d6cb4
7d8671fc078a12c
3e729ee0e87c7ca
0426470d680c672
87273619374aaad
9c8c66396af8f44
95475c0ee97251b
6f0aea18666c5b4
37062e64501def2
1aa64c360680834
18c1b9859f1433e
3f22618a3e52892
399899967cea2b0
6295f8dc7eebdc9
8249e1ef6a9a2b8
9da73852cac5a8c
00b3a90e2328238
423bf9cee467e7b
8fcb2b4871ecf96
4b9f03a703ee381
97763a916a9138e
18e42c4d7c2cefe
3fd681ec5125e7f
1b6e04cbac120cf
1e059e23888849d
836fb4cfb941122
6d321b7576cb213
34a31e3c63dd363
03b5c621d221806
5245cf6fc3ba22e
72a3da91dd67d04
96e9ae6e149b26b
86f55f6502d1a11
2ef4f5a190f0c28
95a1cb7e6e8c219
21d95948f592aca
712ef2cfb948daf
64147c9e97f8359
9ca7581f0a3e775
186f12c164a3397
0d6d898ea75c5e7
57d527f5e63ffa7
0109284a0dec88e
34a824f1bf14e86
0bfcb02a6dff6c9
7eb7d77b7bd2f2d
49b71a711f407ff
428e2b5a1c41205
392f2d120d24ac6
97434db2dcb5576
77f5e55a263a1f6
9ac3f0fe973f059
21d8ba97f3cedbb
596e1acf1192df3
5cd8b7c53135d9d
2f5c6accd3e295a
8d31f4111043e25
783bc6f3345d169
4e3c7d5b8032ae8
2d10f66814c2f4d
48b11bdc755740a
29c55052c551c2b
57e6ce68e1e36ec
94f4140bb25c429
1455862f17b4be0
25ac37f9fbb5bb0
6a5b85f34c1ddc6
909d5f7c8d81089
992e04589102eef
4187f0e1c084b8f
5fa057e4973d9b1
95e0927d6b10572
27563ebceaa09ed
795c57b3dcd41c3
14779be24e0ffd3
9a3e4ff02ae867d
973326f88ef4392
82894c917f140f8
0842c634e7a26b2
1cda7e165a15c85
9db4f59d56c69d3
6943735c1174061
0e13893a491d025
558b7e80b8567f4
8d7a236278960a8
7e5736e506907fd
58e7e2d80ee6261
29d56062048a92b
6aba94909815a52
0ddf7ddc79eabc1
41291bd4933cfa7
7bf992da37d327a
01ac50a3df97300
14b9567bd4f1abd
26fda0fd9307698
48c71762ea63c56
60a306360ff61b5
999bd26ba36c31a
02667eadeac08ed
24951366cb151c0
5c77c1de89624cf
1e969cd36736a33
70985a537b43bf1
4b9b65b4eac4434
7b5517670ebac5d
17ae4b2371fbb9f
526bc7e3878099d
4a52290e34c1fbb
7c992faed69d81e
82d24e6609c9294
082fd3c6be00329
56c5269e7b026fd
5a2a848c3851f54
6a128cd905a1a56
8c8dd7bcca1f0b0
66fa6c76583aabf
1c9e1d429014a22
4398c40e714cbeb
076a275ebe424c1
7f98534ebecc50c
3ca39124e2e4506
4e7e5e399e13470
1e0a93a3018f7ba
03bf09ae82aa26e
913686949adcf3c
3f5e18518fcf017
523d42791c18d95
974099e75901a2f
2ab002073715526
8b7da5dd932fadb
31702a9234f9fa2
1af69482e8d48c2
34c121f9d107b34
0dd4cbb4a0d8f7c
2f03b4f99e35801
48c72fead181fd2
39d15d8d6561012
8cbc2db1a806c24
