71fef70c177ebe7
080755d250df921
34006e81f330d2f
51410c8bb532151
7c65e1cac8930b6
3f235490a2b3fb7
245ea539f432345
2c73d00cc040485
1278a0b48d05307
951fcbe8f365803
399b4ee12ac5673
25716e55ad9197d
393b39450bae856
5127706a798568a
618fdf439745a0b
29c85b69bc451b5
5c4c7dd702e39cc
7d3ae648572a609
5d44e8f6e3483e8
815f26b753d55f2
7e5c43349a07455
266f5828f761ee3
530efc5ae4fbef6
9e553e96123a3d3
0fb8248535a28a2
59dfeb86e0294c1
54047e99e9db033
41bb8f235172cac
01b48016846e47c
897838ac05fe75e
59f93948f272115
50add4fc5e744bc
36d22542311fb87
4116d67c62a3e15
2cc61bc6c8ad365
70e4e9adac40301
507b0ae1c45a23e
683e6c1b5ce6aad
720d281fa78198e
a589ef3a57498d5
a5003cb6ef23a12
3f23ee4c4916b2d
88c17afbf456d9a
48431ece97d79bd
6590bee597fcb77
156b553c8e39a2b
0ed535f73c3c0b3
524b4ecefe19831
2263319718a667f
941eb9f0cf36b11
99055a33f121bc8
4cccf2220cbcb3f
a0bbd9f6b7d1ab3
a9d32bc9f9e4c4d
14bdccb8f7fcc97
32de13d10dae381
32404c76af25ee8
20dd0ab2fdffdf3
6c8d4b7610523cb
7e5c532877248ba
935d589bc2a1f9d
7ff1d5953ac90f9
a2a9d137b85f3e6
a006ab62b0554b5
132bbeb8620bd25
50cfbe4d5fb849c
9e8d7c4cfa28d52
10d4a3ee0b62179
5d0c66a5c6e5d04
5e118e9abbad207
944172052650279
5f3aeaa3d12165d
1601596dbd1a541
0a63a227a28c55b
1d492e40e0de0aa
770187c6dd932ee
4fed8a64c7d0c26
5af1306b8fc95d2
63f4e963a45f96d
06eee5589b70834
3bd8ae752792627
37fa1f20f09bbc0
a2dbd63871ad393
63cab7f6235b647
203f9ce35cb984d
4c6cb8861ba91e6
160c280b6ad2cdb
810639e211da007
841e220e328f6ea
719a1aef2af998e
a43be53a8d24e9d
5a0208cb1b89943
5f81ce17d30ea5a
5d2748e9d1c33b7
5066955ce0746fe
22094609725dccc
2847319cdd78cb4
737ab6a5b0653c9
4514333bde10a26
66d37cf86b7b1a8
453a6147edb7dc0
1d9c1f759b5aa05
069e9a86f0ced34
48b131de79d5518
48a5423589c92c1
5aa932683003f73
365b939865de89f
5974d0f2e99ebf6
7642bb76ae14759
4facf4d175b772b
7e71e9ea82f0a55
42f405c3e85a3cd
9778144789151da
96bb189227cef7f
601adc720ba02e1
64573aaba13fde3
4123bb1e82e49e9
776e496f227b025
40605dae18c5b9a
7b8c39974c8e73f
6e0925f35b29225
12dbe493cb3ca85
017a031ebf0d4e1
7d09032a8e7ab88
0c1022a09387ddb
91cda84210e0a9e
2c87f14c83bf047
3f49629193f9d2a
2b9a0de36fa469a
59eedbf8818720d
9efe6caec022720
88fd56103eb0217
6362693478e8de6
8d5f92e0b574315
8981a5d42b099db
6be6db99a3c6596
7464c4a08ea37c8
51c670a70f59436
6545f9cdc8b5293
a29e7f5b914ff94
a71043e89274707
6e9822ee6d375dd
396f34b9fd37640
5918afb90c51762
0be66ba58672433
10b32e208c795c6
33644a2519a3eb7
9951e20915ea09a
0d500af3da1cf4b
13294deceb3f027
5902ceaafe0d1f1
0e7ba73c961637e
166cbcb4b324a77
5449487a1ed15bd
345e6b8b9b013fc
6233324c537ec15
78ab0f61df92452
53ee01551a25033
9e27567e311bd65
6c7f3d5af5e3a09
a533c70d1ded7b6
7f4c6189fa3bfef
33d72a0520d9381
4b4f2339ba8887c
269a1d8fe0f0331
1a78cfa79ef8b7c
25dd55b89be99b0
09d4e006017533b
40a11ff68037bfe
126034043376bdb
4caa2b365d2abcb
a5f65a81b82cc9c
0a90e9df70dd498
75e4a2206c41683
a403b53cc9bc7e3
9485bea3d6aec00
5e9f708d927381c
884448d8c81017a
8c9de23f9f33e87
8e3e87954feb8cf
64e533226b24499
15b86577cd64a91
09851cc83dc4a78
5b96938e88a4f43
8df5f66e9e6a74b
14e412bb5cfead8
3b09e809dafc4c8
9d34131a5396c2f
746825ba77ced22
543f16d56d3d5a3
0647abfa5905f69
67ba163c06d528e
5c2bde04ea0b23c
3ee0844b1f58489
80d5a47adea4b70
652cbe5fb509aa2
75142c770bbe857
5d37076bfd0b9fc
83ce44ce3c7d4b5
58e00361bc38972
a6c382f476a861c
48ffb96a0d4ddba
92ef9835321168b
a3bf14caa3a5b66
8e991b1cd3ed302
946b69bbe0c4fdd
467914d1c75123c
28cd4fa7d1a1f34
72b9b108ae96db9
4dfac5cd016e4c4
691e94456629292
9fa0b92bb375a2a
7764df7f80f120d
a3e2d096da67b48
19dddcdae6c395a
5c20e053ec4caa3
7439922f94c9f94
116c54b4f4c591d
0de8ca35123f74e
8c9c2fb50d0ff90
8a3e0ec1f9ef3f4
741c1735b193fd7
91abc81ee532588
3577780f08262d5
41fa948fa436da3
1cea1b2958ba5b7
4f80a3b4817b26f
17ff0f65c1b772d
5e286363f710e6c
00210e4f37a7698
2a2ebb0a1b47ffc
075e7f75b1d2904
9236ab0797e3dcf
38d3eceaff52fa1
671b587dfb314c5
74c4c1b87ef0abc
5cf6c7f5a0d2fb7
99c46019f96d693
a99b6905fae40bf
23dfef8dd749762
2b91166c43b7c34
92b5108108d5693
1d3d97a73913f2a
2706c93c63263ad
2e9e2e019b79ed7
59ffdd63f64f556
7ff88a0dbdc0ca0
6fbb2619e0ee91e
3b610e5de5cc923
7d4ee0afa1bec05
7c71285304f5375
23c06f87c0ece88
7740663ea39a0ab
0660530da79372a
9c48541d71d2252
5bee3a09f859518
3cc4ec8ec19b3d4
0ee443f51f4ae4b
6c6aa615ec3fe63
4291a7da0fe2ff8
15ffc6f568ec662
119582c5e849fa3
4a2d15166bc0534
31962040283fe19
9085cefa41e3dbe
049429c5efd4d1b
0cccc0c0d695f5f
a620e381d377d2b
11a2a5a3bd3078b
8f9728214b4655e
a5c5ac49e7259bf
826a8a2c57b1fc0
158b0ee164666a8
88a9fdbacfaeda8
765c38d9450362c
4459efcbe3f4ee5
313848bfa5f655c
2a5ed9a415e0218
82a1324ede0855d
243a74e0239fbb6
0d08f6cfc992a51
9f453506a6df2fd
4f30b75a9971b2e
a5d587c7c0065ce
0a28f98c3b0e08a
72a316e23b33583
2ee1fde695bdd95
310cee5d380fe8b
96eebe4c488b4c8
94a85ed30d7a33f
96bca152cf8ee71
9b26db276652921
46a8270cd97c48e
1f9f958865dd80f
1dde1c4631001b6
2e6852a09f54a4a
5fbf0c7030b6b49
3b2a823ccecee0b
63c3e53f8d0066f
8c06f8c76ae9bc7
84997f05e9007d4
62686566831630c
6cf3fd32e372b7c
8cb0fd3f73cb6bf
6b31ca9f72b3b66
a0fa48b239be830
0f5b522641ecf4d
49b9572c7980744
99ba1a66ab5c7ed
3992c229b126235
95b5ab7259a491c
520636d18d9c533
2a2b003767ea704
78d6afe606147e9
6d21b363ac98208
9baeb261e947c8c
1b896c0a9463b70
6d975e30b23fdda
0f38c0d3f7e5c87
636644ad195d7be
4619d20334936ea
57e00dd6ef9681b
6d8d7b1ad5b594f
2281159698b080d
2f9c3d6ed526205
6b01decead62fa5
0b04ffcd834d2db
95c028be7bb3b10
292f247af7adcb6
179620c2c267bb3
31663859d88043b
5289ea6651eeb1d
5d71a1b50d2c983
71bbb2cfff5962b
65d53132287c06b
20208f7dfbe7fd1
55578d84c7c2d86
45f7f0a484b4f83
656fafbac274f7d
795df090c880499
7ba9566220b71a5
2f93bbf3a5a7a59
15239d9de7ac62f
28dcaf7bf985273
6cc14c7ffa21497
75224aecfb7ffef
3c945a7451002fa
23bce07b8d2c8db
595ba19825baaeb
04919a2ff10fe11
419b808c403ef09
a934eb15b4b16a9
2c65410eee5eeb5
98d9a0c74d956e2
02278a2d94f7470
289ab2c079947a2
5c58e8418ba56d0
96822fc90379627
73bd505f075ac10
022188cfe7b23e1
26d85098ee91233
5f8e8a532d99c7b
815af8c9e4c79da
423a96ee621841a
2b72e2cb828bd4c
3aea014cf4cd0aa
69d167b20b7e8ee
48340cd955c4987
4ba02412700fb94
9d69c171ac80c58
79ecd38cddf4c4b
94e795d42d285d4
55837852d6eed20
8b849d931a9c7e8
47c0384fbe459f0
6380f04a1b4f0bf
a31a20a1a9e24a6
2cb69dca40dc58f
01b3fb8ec73b7a7
88c8163b8766335
3f4a13c99637fff
02a27a48c25995d
8a697fd66f013bb
4ee899e2503b49e
7bb194d09b66611
532fd85ea0dbf5b
639fa637528da71
311c2254d354d38
30a995db1e22831
81d6fd88fb4b179
22954bb8e38054b
2f777aa6afe174e
39c80a636959c82
0df53368f42ea82
6618ecb21e21720
7e57e47cf0814e0
9a5eca998cd157f
298e166b279fc78
81325d7ccac9374
2739707fb2a00a7
0febd22eeeb0c2b
9e6f370bd52f0dc
7ff05b8e689eecc
2d887f15b06de04
a3e3813742039af
1484a2a8311004a
445e533c5cdde70
9c6e89bb5596490
76279d8eb7dea5e
a7240a90f29363f
784749d6b0e8eab
05dc9ccf49432b8
0ebbb5cb523be61
1cd523a5e15f529
31dba561c6abcf7
30d52ccac1c13e9
9762458d15bb46e
04522de65d69230
068ff02cd719756
0554a6d4bd7ba07
10f1596039c3a4c
5e7ab80e7a49cb1
17b04887c679e80
422b450693f4c14
85752bf8f7475ee
79ed017cffd41d2
759b230c621005b
68c5cfa335962c7
055f92e21a95da8
6c7e25c89ba4d62
93c8f1b8b836ef1
351b7ab9faa0f0c
58163c90858a47d
25b95291eca44a1
478ea9411b1b173
87a2699292dd977
82b18c7cf6cd580
9986341e63ffa0d
4ef539a78810d60
9eae4474df2132d
859281b5d5fa132
61b532e6047f366
52875229f01663d
00120197f5cb9dc
1ce6c4ad633cfea
87a6f78a3a197a4
318f2c64edbc969
38d878c77e02f3a
69d8ca14f172b26
2cd42d907d16429
0bd39ff55b6607c
50d831fa15b5035
8bf36467dda2a78
2149c371d88425f
62e3e4e6addd062
9cf244cef60c739
6daf84adc87bf80
9657ad75dd4f383
1a52b537cd167bc
11f67ac44023192
4cf2e236b1175d6
978ff1f4f53bbed
34ed2477a6a768b
411a155dfdc0409
a5f11e5569f1e7a
2e8d64e4411ed5b
32e736595cdaeca
9588847d235ea91
5fccc986314a2fb
92b19e0c6359bef
35ad419022faa60
2365997131accad
0949a2382f139f5
4f55835885e0fa0
6dfbc479a54b973
5cbfe3f0d12e9db
70cc1f75437d514
093466515cbbadf
5298c9b29ad4c4a
346686d051b3d56
4509ce078c54bb0
a629fb4f1cdb5a1
2fb07afb14d29dc
081fc0bc2d1ef2c
6334282765cf089
7cad053f744cb21
27446e4fc27d672
1f93ce6a073717c
7b67e7dbd051175
587c36825f8864d
1ca9198fccc5e03
386f2b57d0c0a79
908e0f5635f7ec3
281a54991f4d6b2
94edefbbd7b20c1
364ad6b58845767
812753ec8ea29ba
82029fb081247b9
4905932e14faf19
821b0efc4e83db4
8a12ba90659fb94
234e896b2f16c1e
4b6e176b2567084
57d65e98c6bd28a
59717c1832eda07
1c9d3c99cb1359b
3f6cee2a331ee0a
7801b89f76457c9
7d7c4e98ee80d8d
46095974611dac7
a9aae48188b9b0d
04f19f6c628698d
121b8cedca57892
82535eae65d5929
03b0d11b6f48366
6746c70dee6f1c9
2dd3c2dc8aea5a3
9ea2514b9922b73
14ce9336cc2177e
76d9143c3ceeed7
493d044a79b4cde
468c660b684e391
9b34bd1068ded00
6bd7dcd077429f0
8ec1d6dcd6d40cc
7499c3b9bca7f74
365e82cf931391f
8a654741d1db966
0f3905c2f520e4a
683cb831e71d8fc
5a18197a102b69a
23d456639d7c925
1bd1d0e773152c2
5098d4367d54e99
36ca460311ea718
4bba057a950cc6e
747c61874194aa5
50f5f53e62d17ad
6919fd7d68257f3
5aa45b4da13857f
693b3422aaa0048
a5202c49cbf0f17
49f5bc49dfbbbd3
01b5262d9394d1c
377dacdf6fd59d3
3fd9f884ada0af2
5ca522ee6f937a3
195ddc548a0f2c4
9c6ebeb42f0ad7f
340c8fe10e1b999
43ab71b4d54bc5e
887d739e7709d88
635071675d02cac
05a5cc979a16da5
1cd9eb88f602e12
05d15635f965221
80d8a1b0fe7f4a9
23c4fb77baaba4e
747487d64871001
4a3d34f4b01c174
4ed6ca9ff7292ee
1f57ed44cbffc0a
182249426b2a518
9ce42123901a2fd
4fcf8d3cef67236
891d9859fc3ccd0
5eafe48a289bbfb
4de6ff72b2dff1c
1b61cbcde9f4f34
9028d11cf5109ee
485c3a6a2bdaa83
1d08bf8dc9e57c0
80b81bc2a98f0b4
8ee4666408a7682
313280d2870c9f8
404f3278c533372
749d7e48f803ecb
155fb489ef91675
a614f7278ee79bc
1ebcf394875bcc9
41771b15f637290
0d3eb43ea605005
8352ee316574501
5a79f94e4992a53
2d34f851f923266
907a72791f992ed
7e87e7df0e2619f
0c77be16cd97872
99077381a349b3f
4aa14c9f646d297
2767a901c9c8e21
6cc9ba6e0a2dba0
00b96623d4777cf
332e1785a4e1b6a
5f9e0fbc71822cb
5d6c2ce858e231d
3d3138b7b8a9cef
77c3c3b5a8bca7b
985947cf4878293
0c204d873b6da66
5cedf779086a367
4d7a85078998a9c
4840b33619f3a25
127737596b4e2e8
6d89a08dce5f5f6
a5205e778023e4f
93a854e2290aac9
450ad88e12ccf16
a9589b0a726c5cd
17cb77a3ca238d3
737faf41a97a750
1ee38861f63fca5
77799255e6cb3fa
31cafbd3c6e3385
58f390657313c94
5b3e1b73c61aa81
207a406d46164d5
0e7c7ded2ac301b
297707d1c458dbe
8600ed400289b71
9e8935f573c6bd8
0d7c07df036d4d1
a3b7683876fa649
78dc99ea897bc3a
3bcffc2b2ba7561
00391e5ce4a7f59
791e416b5434323
55da5de827e0c15
79f972a00a47b1e
4ed101e52d52e0b
604c45e111b5efb
896b4bacfbd310f
29206d87dfe34bb
a5f764a999db35e
1df7be72d7b90c1
4f2d116c7db630d
a11e6ef918a1acd
9a07e87e75c2ad6
1bba803b3c6dee4
190304a94f14efb
4a1e4dbba388630
916e675a1888494
58ae079838dc3d3
38871e8c1dd5869
87b43a6570bbd99
500fdd397a19e3d
3942b6734e4e6c8
1ac80c703ab8ce7
392198f27088ff7
682345810eae75b
a6bb00cf78ebfcb
9b64f3c4376dd98
7839b3c90487095
0d409f62274ddb3
0ab8217cfcc059b
6681c601e649e61
7a23c6c6e6f2340
a22d1c73934e214
9bf06798085450a
8a6a3ac860f0c66
6a06f23f3a4d15a
400f5f0dec7e9c2
8ffba33dcefceb3
4e0aa1ac2b72624
3122fbbfeb4fdee
353725738227930
12966791dd476b0
1d8776577c721cd
45e0463af3b7656
2886ca09b174e0b
6356e06fc0aceda
7cb16860036fc8e
8110e3b714b2dfb
a0ad845be741cba
8d2003f43398225
1a212f91949c84e
6f8e54e082aea5e
2f6fabaaa67cb69
a159085f1defc8b
9df5e8eff9c5c12
3dd860edae2b3c1
a0075818a66ee06
54d1f4484c2c82b
87099f3df6cad8c
19bc8973bd5969d
38350858df309cc
05f210197ff26f7
8c449f4118db1ca
3a620503373c1f8
3efd1502a599ebb
048e9cd8dee443d
50ea70bf173cf27
1eaa90e62e00850
88ee3253618f2c1
166e9ff0e329b16
684f3fa6aaabfb2
57fc389a9f26d08
1cf4c85f15dc9b1
9829fb004927fc0
0d43cdd9a043f00
2838161c580b7bd
4979ac8e0745008
5380263855fc4b2
a581f9b572c02bf
817033d052f8e17
27d0b184f5e4272
7eda54d676dfe91
68c87cb62f42476
568a5ee1aa4edee
9756c45afde4ebf
11b3c033b451b7e
88d9b34aa28817f
9f5a6584e2ef241
3aee64f89795947
7c43442992329e1
16b53b82eaeca59
a0a298494259a89
358633c14c0a5ec
07d0b194d92fc37
679aaab734a19cf
87681d85d983f08
3ee1ddfd6bc30cf
71f3a8f147c2948
526d2187d6dcdf5
92f7d3eddab8a61
34476faa5b6dd5f
2f6968577c1db8e
75c4b3a52f4bdbf
87b5c9908712840
5c50af20a854ebf
52b6b5a6742d17b
7637d3c32c2d427
14889f1284a9032
58d4c7403ba23c8
4f555efd0c63c0b
50ebd02a5a935ab
548db3ce4af7b12
594596d7c0f92ea
896a7c89d9b168e
157ebd8905827c5
90cd6d779d7d245
7e997203c1a28b4
6c83791c0b9d634
34b14068c76e363
71538cd29020d8a
0f2bc8dcb0981fc
75f3ef33c7bae92
3ea5620fbc82396
7e003b3c6012c52
36a09ad0e35f671
96852f216247db1
56c75e3e4fae950
a63e1c97be8e82a
4bf0ffe98caa87b
5eed71d90d2f3f0
2c0606071d90247
63056a4708b3f5f
90e0675edcb3ed7
131272e106b4de7
1548b17fb3dc121
42d0612c8a55132
3e91351932b9ed8
22d440399881174
85bf33838e89876
0d51c24847439c7
5092f7b88740a9f
3ae31716db2b4cd
71987de0cda8ed9
46cbdb9dee3f77e
9f61eaabdbc6e41
8072ec4ee14fa48
29f58c12533ad0c
a126d42fb6ff28e
306ad579920a838
62814bb9dbefe63
53aaedabcab5a9e
825636e5a7df72a
139367c9f0ac8ab
60d94fe73e3c19e
a374d70518e2468
2c57c36309edfc0
a94f7882c3835a9
5effc6e41eea012
09475dd2a5e0559
57e4df26c06184a
645014ebf075506
6dd593b5f235d4d
9cb25f760f4104d
1b0511d6d17f794
2c79a91f6feec50
741c66de23ff8ad
38d76a9f239d828
10b3c34950d45a3
5ddbc3bfd3b23f2
2879a3ab63fdbeb
088a1e3e743cec9
69b69dc904dfc84
7bcdfb207618ad1
99fbecaf0c6293a
1f49fd88e528d5d
1bfd94b044e3a16
3fb190b7f4b75cc
36f882198280ac1
441c3abfd59406a
6991312bc751b8c
7ec45e7e4eb3ba1
7932ead5e2c8c44
3211dbaca846e0a
58afa26bab83e22
80f61eaaf9611fd
047b95fcc848a8a
a69074f47f7d1c3
0b40c1185edebaf
4cea042bda29076
7667663bfc26e30
62547bd94ec8801
74656afe89c36da
7dee59c239a6c83
09339f47cd8abff
6eebcb94b86fef9
3847ba34aab9649
a37b298be3ae1be
06b410d7e24e286
8876918a758645e
4e954001c1d65bd
40d102bfdd822a1
53b8ba0d3f4b962
11c5775e75a3b04
8f3bb7ba01fdd68
74d2118a06399da
5540176d3d2ca1e
7f93ef3cf681e10
2f9aca446a0d449
a69b1966621de73
53243d657f4c60e
3222c370b97a218
9123fd2cea777e4
0c311d4197f87c9
4b7e10f98e86d04
32c1cc54f11918b
6471300dd6bc63a
3d0d5d949b4e045
2cc7a92197b0402
7e7cd360146cc98
828e3eb76ed2b65
7b848b2de5ca18c
084046905f7ca10
9973e8216774f48
36af78f021e87d9
02d4721d3548388
9fb4b46ef9dcef1
630f738d1a2fc56
62ae65bb3405feb
57c3b715c4154d6
67a85d90d23a3c1
1bdd3aad84559b2
2127164dcf91ac1
958193ba1ae97a4
4ee579c31d5ca68
35a492a6a9829df
7d0cf4dfc87c9c4
2206652bb7c54f5
4c054937accc07c
7e2bf5b667aae10
4604ca3db1617c7
642bae42a5387d8
8b012de620b0b40
7a17a8ff48fa5dd
6d56eeb7786a33c
0ee6c0c75053b2a
2f822679e9d3e6d
63cf58a7ab9ff5b
174ca68632636f0
995e82d628a1cb0
336fbd6d4e8698b
198c2c0a30a4cdf
12681ad0ed2ef43
6bc31cfcd6b92d4
442f8e99d7c201a
3fc27a52785a549
7e092e7004a06c1
3d43b04796eb272
8f68bcb1e30d09b
6d4c0972268fae5
0f911839a8e7396
397b15bba61740c
9c22a967cb2fd6e
15097f88b908f2a
2ca04abbd043092
30099fce71dc852
98d4a6496fdeb9e
a529eb649f17033
89c9462effabf38
a402917edb25d04
71d38184a56f26c
a206c40d4643700
223477fe9a39063
a54e7858d26f181
128e58e113f4cc4
33bf61f997263cf
19c05f7f614e8d0
45c891091aa8d16
127e94fc6d5b2d5
487f4e214032559
9366fe1da8714a2
0796602fd30d5cd
65c22ffa83bb623
4b8f2de5846031b
7bd61ae672ce32a
2f44e6e782ae667
1edd13319fd862f
1c85ecf7da618ea
8666e567ae4f361
3e0600bd7e55a8d
7f6c5573913be12
3ab05f9e63168dc
16e2f67e9b576ea
93658eaafc16d6a
16f3025fd8a9191
2e8d749a385eef8
102e5a72f9c7c34
4e95a905875ff64
42d0552e5a846ab
98f54016b74a98c
5d2e15096f2ef01
a5fe06187276e36
420be71282eb2f6
238b46259e5cd8b
57d30c57b08f691
55ff0229f96d28a
2cd56f29b60c881
364752d37cf1703
8d5a1798b0ae47f
4e0c45760f6203c
4a67897b5391ce6
102d5e9a3e4025b
9bda92b60706d19
3c523397038c0d0
06bc526edb542b7
55e357af096d2ac
5ec85ffba27f16f
6c5a42b68e57c9e
922e0390c64ffd7
559c87ad86e7e5a
94a1c59db5d6e69
6c8571b1d16a6d1
4619f226b0fd9c0
42ea884f0bc907a
52787b0e672b1fd
284dca3b039bafd
726b2bae75b2fd1
94bf4c40024ebd1
31529af42e822e8
5d237f319854cda
6db66412fa8134a
a5d0176ee0fae78
4d612e4cda09ac3
07bfba3b7364d09
6cca127c111bc3d
1c60bc196788f10
6d3d94e2295327b
80f90b22be5bdfb
1ef7f78b8c0dd89
2baf1ac43540622
a48a45c34a81fef
18cbe1e53fe144f
a1c6e86d4db4e33
a6702814e0d1bd0
7c959d68916831c
455ee31515a6757
7629ba091520dfa
838d35cf08a09fe
423965d9d4578ad
7daa57d6fac923e
90ae0570952c996
803885a49f5e009
3db5bfe300f09b4
84b3dbc7567b974
07c1e8dde5b405d
1be391edb677262
8815eedba105b03
2ef23a97faf0e1d
44a6e1176ede24f
813e993ca682560
08a79ccf3aa0368
3d79b9a3067d778
4e544811ff59c60
5c28cec2668a14b
6bf32c16e6d7243
0c3dceaec8ee193
703d518adf1862c
23d500485e60f48
1b3d0c3e01bde86
69dcf8e7b469317
8d39da25541d95e
5efc245ead79ac0
5dba6542a266eab
7fa81233f604234
37e6201d84bac77
6878a8ec3b02b94
39c0ab4e851bd25
491a80a7a5e1c8b
35703992a2583c0
a066b90366ca3e8
79efd7e1a8a3339
1ed920c9cbc1533
7fe9342a606ee39
71945c2ffdf583f
a3595709999b419
2c218b59a374d2d
2f3c1e20e7911e6
445ce82e6b96fb7
72583a6738102fb
3cf300844996787
9cdfae009658d29
3a17f6a5302f6dc
7afe696f09a74b5
1a1d630f61699b5
68d0a4235c353d4
84b9b74ce0579fb
9915b0a1b66ed32
1bd7089b617c9c6
364b53082c173f0
0e6acdd52275843
184bd6000bbdf62
8eeac471e7e4707
228a3119e471fec
7960466ff85f039
2b0337dffd0d078
7de74e2fdbfac46
44b4aca77b10994
4792938824221ad
81ca56a121179e0
0b624ab7e53a45c
45d5743ff2c5fed
14d2a86e8440b50
029b2ae1111f129
2128e058d7dc6ee
8d5e9bb5a356bc9
605693b3b868550
62b0c5473a6c748
a70d03884bbadc2
5a41bdce23f0fa7
488c2683be787e0
301bbb0b5ee2eef
7c78a9124bb2530
2e94f08f7f327ba
311204289b9430b
23887de2603a9aa
874a98842f89a07
63001ffea686f94
0f4f95a6c8a0d47
0057976eedf9988
52b92391c2d3385
57056309f126d77
57993940a26d3e2
27eb878ec8d7697
4ec4c9c9bf03a29
72cebfbc39ac0a5
736dabcdf5ce04d
7c16ad10e596656
4c601f2002cc15d
189427977352d8e
141660799e140f3
2292850be40f8b3
3cad61cba171118
6fd0efe2530b2ba
16d9d5a053fd80d
4e52d99f3ac1d33
54f9715e2242d66
11398e5b7298076
52f71f0526078bb
1f008e1df5e1642
978b12b7975057b
567ba9749709aff
0a10b5a506543ff
47039843ca6cabe
3f3b581c36f5840
76fd6b60b43c2ed
2b785131035efe2
3e53c28e9378867
0f87494f69b661a
908372f689beb57
9758b1d05e4db08
92316bef1b78691
7b9d2908efbf05b
55d10ee5ed5c476
678ba817964992e
5d622806036c96a
1d66b0a1acef941
01e0322995bff01
458c1df99352b19
22aa6714761ad53
9d8605c03b6d9f3
2009a75cfe92cb7
9ee9181a41c708b
2c6d93f9d00c609
4fc6247c9cfa3d7
0b74832730991d0
1d607325867acc0
2fed8aa612c1e7d
8339c6ed0eea149
97e6d80a9f6cf38
13260994ee350ae
508ad33de4f5d6c
0d72a1373e2e118
3d0541fe8b1928b
2c746a6276bbe60
81fe471cdc84200
7c4931edfa8b718
500f0838aae74e5
700b1bd66a2d921
69083dbf7dc28d7
49777d513ac16a2
a63dd6ca91664e4
424b011886623dc
44c775685d7ed04
1e6c8054fe5aabd
a9fd20b15367d7b
88cabc77cc95d52
5c1050cf0d07b9b
4c0fd6bdb7a4ebe
47f7b1bfe9b9725
2351c069f7eddad
a8e8d0bc4abc52c
9eaa91f6ccddf33
129bd845f23e60b
480ffc73302fd17
947bc3877519132
3f0b70f7acc2e77
054f3d3dd82443f
506ad6e18a7ef9c
2d19acdd6e89df6
773ce08e4846109
72f1344426d210d
3179105c9443711
900a6a0e4abf9a4
3176fa1690b234d
49e12341dccb6ce
7a2457640598388
42b9290f8bd3091
251974c3b31c997
746333416e58628
1168ae5e824f187
5338ff4da0e3201
1c516531e5bf2e9
5201fbca303469b
090de1df26be795
31e35bcb9e8cfbb
95de10776b7ab0e
6f2700f942db408
7d3620097d08ba8
0cbf8875555c938
31ede802e66680a
9e372d6e5a13080
7bc25e8f4767a8b
4c7e1507fed70b2
a3c4053a3ef2d7c
6338f64dac843d6
749f22fe6479386
68f5cdddfcd8d6e
8dd0c2fdb92cbf2
a874528a43073d1
3870445b6f60552
866859b3bdef30f
8a9f8c579633be6
1e0797076e808bc
17b4fd2dffd3d76
52340724516ef83
876e9979d271efd
a5280b442f8df05
1bbe17c4f86e90f
8cbb8d93ebf7af6
20e7a4844bbdaa5
2aa350cd70d4ebe
94ff2e9ccbefd90
5230ef789a810a0
452df00c17f42ee
03c08786b160673
227516327e6fa67
6b1a409d5755601
827a72eef551bd0
53f6e2b7c06833d
8e9d8f295f697ab
0f6b8c56a41b3d2
99cd9cb8855283c
657cf215a2af8e7
a6223f165ba18f0
a48da0b85723ed2
0c2bba2e3a3ad24
66193370b22b310
1fc35f2aabf5764
1443732d966ea18
1b4521804235c04
155f7051bd1d5fa
89bbc47afa2898e
3b178266df93d0e
93cfb4cef9201b4
5bf6f2890759ae3
422f395ced33eb0
81e94af176c1423
4d1f408ad2e14a9
a4f694800af0b93
4b7113c1ad2ddfd
24c330eeac9ffe0
903cc869511916f
06b0862c6e72598
52944cda3172c2b
6591631959dfec9
6c0a7e78aaccf72
5926be499210eda
06d881181f32d69
7a015e0224e0bac
2a60b50d8c77c47
655c4c28afb45c0
1e59481a0abe0f8
09da4c5beac3cca
811a5b84283d975
6cd161112851a14
31bb76d774dddfb
71f65e310a0b8f9
a769d8781d7998f
84fc8f6c6a07c6d
8e30fe1e92b7697
79851fbb5ff8ad4
9581c66828474f0
8f5f2846d742ad5
3e3f1ad8b880a23
05b0f51d7651805
a972652b5096d3f
510dc53711bb188
8ecf28548724bcc
7c86717e2436c42
82d516c267627d8
0e0afdfc34864de
8ea2b3425f291ab
6ec84006bbf6dc3
016f36d52e86197
92d4f4c41b8b460
9628221f0582f77
32e8ecf4c08706b
28501c887f91909
18ff42d51b28d93
08eb8c2886c1f5d
15226b70ed5cc3d
2c665144b78ee9c
063e800e1529e36
798264351f853a2
76e74f0c6039973
36ecde1fffbbd8d
52635062b909c3c
677fe67f99a9724
5d0347c979f6431
3d14d10aa7e459f
08289d74e06d493
90f1e5fa2048883
34cef0c2a960fed
78435ba8db21519
2613d21ce34a1f7
640df22011871b9
3cd8e52750beef6
580ff5752ec9fe7
7cb763f2ce6c212
157f5f933742864
27a242fc6def14f
4fe23f29cd73fed
62e2bfee24c21a3
785fdec3498fa0f
03e84fdc1967ea6
a3445b81483100d
5933ba3dc13e770
212c86313c4e11d
6aa330ab0094f8a
7e0cc5641381326
9c41db5083ebba3
7bfb5e1fe87dc6b
920103eabc14efc
2947aaa6122b38c
8fc08966c335d65
1be1f177271fe75
8f7f7b6bd73efe8
8078cdc41742669
40a67652fbf0c75
742546d90ed17fa
196474b7f9f6c4e
9d1ba295f82edaf
52ada3fb7343075
555500364843441
57b590099e7a241
95d5ae5bba539b9
643d0be782b4787
50e951301d4a4bb
4678795d0468d51
88c39e9aa120108
630d33d867003f6
7b70b50936a11e2
64c8ccfe66b8da9
8072eeeabbf001a
4ed2efdff93ecf9
80607c2de07d0d9
2e80471f282b981
8647a6fae05c1fd
8f44236281ec637
81a60a2312512ff
7f7f4ba4435128f
482358040eec3e1
837602224e186cc
657f389602bd750
4d8232ddd2b8250
00483cc4e94ba00
0a12c9935ff3abe
51a142f6ac98e73
2aaeb69ee7623ee
a89fccbe0170cd5
27d70bf8db593cb
2c3471a4bab3690
3c86c07fd460c47
225c18fcd3c0066
0060825ef927ebf
78abbb4c2d9cc5f
74b22b70fb5b59e
5d20324bdbca5e3
89598e8fb5afd07
57dcfbcd1cc6d90
1e604c485f9621c
41e05cf1b53de05
9b9b093921f271b
58d80b4217cdade
a06fc63b5edd94c
0cfd31d12eee5ac
a935b8b4afcbcbf
2a0ebcc61fa2e61
105096cbd20363a
4b335ab78b33e39
108cd5e2251956a
832c1b262e2efcc
098a5d195d4f606
7c8e9e1ad8e642e
901abd80ea23a29
27864f3a0fc1a5d
34ddbdff722eb0b
7063edb98fa1142
8f1d32ea9c5c3f4
a8656ac8634a97f
a44a47309083b14
0a88d2921eb7a95
1dc42263908b8de
a2a1fae607e23d5
0a5467f9969f8fe
585db109ef7d823
7644366a6ecfde1
1095efe6e804a5a
4bc92eb94501397
73426e680c477a6
0984b2cc724a043
49c9daf74f81773
0aafb0ee7078563
06d37085da9cec1
301bad27d0bd6ba
842327ac3896f7e
0891258ea628d0c
83c554489f54707
97c9b39a7c7e8a3
a40423e1156f3ee
40a23d2ce3a7f6e
446f474e65f0405
385713d4c45ad27
54c3d1441f86514
25ca3984e13bdd1
770e6b5f941f94d
884ee630bfe4f08
28877e17b3763c8
127df46d4f01983
5cc5c5e93ae9e8f
7479ba18ce939bc
7cd05cac6b59e1a
50fc06b7e6e0a98
4b62fd310795305
57a44543bba7860
6c35a615b1a78b7
68effd41e7299d7
4c4609feb39b6d7
a8c2a04773f06fb
14e163c1751e8ba
0418384b49687f6
4bb8fe337527426
660e26fce4aa9ab
209462fee8b86b9
061346c94cf0d1a
1fc4f9f316f4e0e
23cbbb9c3919133
14e9931054df861
4f13ebfa8df23d8
713d71077b33514
2bd8ff407db48bd
9abefd148ea3536
5e2bc27217eba0c
9fe5b51afd2d3a7
6654bb50327fe16
7c6e69ea3fc6475
690c77c917440fa
70bce3699e05eb8
1876d7f4101b7c7
5726cd8d52f8a56
95286cbd559fe10
17c03367bf01b76
5c0a5c993aeb77a
2b68f4eee1ab9d2
1ed15d8828c0507
2b77d8f2ac0f523
8dfb1036fd6d00d
7f224cc3d6aec6b
5dc72f5dd61833a
3fcce39fdf769da
3b8ef4db1ff76db
45fd2b8b8ba0f0c
21f3e01852666f3
3c618e9dc5293e4
51b11b2e31bdf8f
52aa0c3c5feb086
44457a0c097ccb3
7a8ae81cdd3f9d4
44cdd23acaa26da
2c1d657249ef32b
8126d8bfa886cea
18c2adc787bb51f
355622a19288a75
58fb69e145a21af
8de0b2ac3fbb00b
4dd984c1916ada0
07b01c7255e334f
9f36e15e3be7fff
53383adaee0235a
9b236b9d724e679
9bce0b8f289b28f
2d9189f9a26964b
0cafb12a45c04da
2513bb08c614f0b
3f8fdd6ed0f477d
1e26a3649d07720
7fb04a3055eb1de
95e138924c8680f
75d0a62fc928367
26f9c328052f19c
3282f5072ace411
009860ca793eed2
426de7a29334759
3c16a12204ce545
2e22a55d3cfba50
34daf9369e7b6dc
64fda7b01a1d274
2d82d9ef0e63631
2e7f95892c44c9c
81aa979bc616ba1
6ebd0be9ee1d1c2
5c0b2469f9143e5
2438519856e3103
a1466e659f491d8
181bb4408851870
115e5e2383d3984
6b6040ffd826f88
5bf5fbe0faad930
6678b5a1b98ea44
031b57533e6619e
6bd7139b32d61ea
0ce2f6de2a918cf
027f145011d73d4
2ddf39cc6207288
38be32e8e21e1b1
839cf82ff816d1b
5ad707bbc8342cb
19f1f8c2b60885b
3857bb0f73dacfb
06495bda566c7a9
65eddfa5db6d742
62c2059e52ccca1
13a9e3e24be54a9
a61fe43785d6eb9
5132f6ec01d91e8
065a11fa66dc08b
12cdb6aa6ad0f55
335379798f144de
7d0936be835c1ad
31415cf4847ed64
37b3d6a46c87c1d
6710c9739b9d5fc
11f9d429ddfd49d
11f94646cf63635
2cb2924bec69b6a
09cab8e78aeedd3
5ae483c4d30a60a
4f34c16ff3c10e8
a5e3d6acad3159a
818cfefbab2e59f
90903a9384ddb32
916d2f45be256bd
0c74b456e23ad92
9a6d2575be20580
713b6762a484830
7b3bb35b3ecc0eb
4ad39a47bf602f5
715f13d9961ca5f
736aec29ffe6224
1b805003905960c
84dfae7971b74c2
1e1a5b9d4cbc2a6
2be31e5366f1d44
1d6752ec0651b40
9ecc697a22959d8
85b09a69437b2af
1f8b150ef601bf8
85035a8f6763c3a
017660ce0f21a68
68ed0f24c2381bd
657510bf89df10c
961844bb9c704d6
634f582b0f4b528
64e4ccd0e6575f0
675713cfca57293
06ddb1cdfc3b455
0fe830955f1868b
57aff81e62ee0b6
a2b488d2b9d07b0
08f505fd043eb88
9829831c936ce1b
86ae04d8a33ef45
351feedbd8ee80c
4b82fc76bec8963
0688a35dd990f86
5a4d0ff819dbe80
901d330c4398a06
09e64e45d34d459
984176e81a419ad
412bbf5c5a825e1
8f5ee8717604521
3489689a3123a12
035d760c03931a6
5cc177a2a2f04fb
4b699b89658c182
1a38929a679413f
097f4af05ea5358
0f33c912c967d7a
a342c7159e41091
8ef67dc5764beb3
9e26e8bf12dd8c1
253f726d10be1b5
61980b4e8ca7775
6f2ced9e33aa1e9
074fbe558c8f5aa
0fe6f9fcea455ae
9ed26681d687909
86f9aab210f8dfe
61ffcde867f8b7b
0cd2ea26d194aaf
6ec93ee740b0c2f
1deb6cad35dd023
7b428abf752be3f
4cb93b17f679bd8
96aad2962958f95
49e10962caba3cc
862da6371fc1207
23b393e88102850
98a6ff186c1598a
1da90826fc66148
3b02f5fe23cd542
93cdbf49ecf4c89
097475bd383dc65
68d13ca00197a1a
6fc3f77320460b2
1647cb341cf8386
1dad3d1f8be5739
317a3806abab511
705cfc9a49325e0
7f54b5978565f86
a3039c7a814698d
7b0f55c6469cb5e
8d0e0a020bd9fa2
124f918e778cefd
1c81719670da0da
89fcc591ede3cc1
2f13efd4bcebff0
0db0d2bd8a9aa97
1fb7d375a5325d3
3423c2b762a2215
7518815d60b4e9e
821897bac51b109
0f9e17cdad5fae4
3768c0058866675
4cd599e46236aa0
814626370742d4e
44731eb06fa9cf2
9d45432f60a53dc
761bb0056f2716a
503911cc930b573
1a2b4ff9fd99b6a
697906f64942b0d
97582a082ecba55
7b22c1431cdf7ae
64b4f8124eff7c5
90bec517c238278
17931155ac218cd
8a869285d31c29a
3846f659fe7eaaa
2430705faf7b59b
267837a02446df2
128a42bf6c1284d
70f670a77dbee79
50860124bc3d3de
98ff1bacab96faf
9fb04002352a385
914460dd80c099a
93d213d3ddc5d11
87ddd7440a6ed09
88c376ff55675f6
4d99acb750348d8
30ee1b255cce406
6a3bf32393ea902
6165d18e6079f65
117250f4ce3dce7
71d2b5a6252f53f
2861e0fc8931988
a257a6df8740f5f
59755a1f8f12087
2d480d1f886a215
31ae0e147cd3a32
3360e57bb9b0c9e
8b9134005ea5258
a4c4d72bfe09bdf
436bf539115278c
24ac384cbf3d463
7ad0f487532ee24
869c58c1ed50e8c
08b2f1802e08ad9
5ba3de02694468c
48f7a8a50f0c58a
27cf79f5f6cb79e
33b6fba6c099bef
1514512165936c0
7955729365d27f8
54d5c96e407fb7f
5e84e935c9a6e24
9c8b4f63c364e2a
5e901c450172254
8595163e747986b
68d1011850420ec
a808a2b21d450b0
15673af1c9b6bbe
40bf78fa6115ea7
0cd9db487d27653
5cf229cca3240fe
060fc16ec54d47d
2bc785cd5e86974
4deb4a7ea23e19f
9ce3de8962de5bd
62a1cf0cf73d5b9
9ebae9869506e44
875f3337d8ef077
a535b355d5648ec
40e6915d2c685c6
306119dca2620ba
15071ff9db84648
8c45881e9b195d4
1bb832472b2a21e
08b03eea4cf75a0
7a0e8b223718886
344e2de73c15344
2da453b0022aa84
0eba809fa4245fc
304989f55058f3a
74bd27e3d7c1319
36d7b9d39691c25
1115eb22b3092fc
7c0c570e0c295fd
8ba87ed29fe2136
1826a82f47ff180
179071bb99fedd6
25d053668328559
90dee871366c0ac
1495893967b8c74
a9f2653c48ac877
32e71381a85213c
72ff43fdaee4dff
8aae7a72665fb9e
a4acef8e72c629e
598cac1134b9dbd
9794131dbe698ed
7437ae13796b1ea
457151eb9ba0cfe
74f80d5ac59ce28
5f9f23cba2996ce
8625ed5e0115f5a
13959d5797e9cf0
864c1b8bceaec84
531a2fedeeb08ea
3e887266b36e883
20bd7d3932835b1
9de4d353129712b
17640ef0e3e4429
4377b74d8d29b65
898fa2557ac9b22
817c38201744717
4440ddba6aba216
83f871798ed38c6
35a7b3fa482c1f2
407a0852327bced
6ee54583116414c
8fd67b74bb4e5fc
8c9d655d0096c47
a52b79eb930ac09
41606bf1cf2f9cf
2235f386c0711c5
54706f9e5b3f08a
6f8e34ed9ac8b44
5d8a07d5cc16aa4
8d99ce1ec635975
9b10371cf044abe
2177171aafa740d
a3a1c0d72ec2d8c
696bd2709136777
05cba18c53bab1d
12edd983ee9bf2c
6854a9857631a4c
89cd5fcab63b3cc
848f6a252ec4c3b
6aee064d5b4c640
845eaba30554b0a
90748880f9e38ad
0cb495962d5f736
4e675e1dae33845
a3b0c45a4b167c0
9b44e536ef84433
440a5302859596a
8a0c9d91d9537a1
2c1937fff0ee474
8d64b95c77077fe
4ead48f398a41f1
78830e220d4263f
71fcd9f53697004
1850d08a1eea493
8130722955e65dc
9869dbc0c66a46c
31ba85bc95fbc63
05ae2af53f4febc
07f0294f4b74b07
912c760937988d0
94152cc938b62b3
8d5e484f8eb487f
a3328acfb1f59b2
3da34b063a3e71b
77c835ca33f6843
1dbcb37244819fb
9639932489a24f1
7e32bb1fe934d2d
04d3b5b67133f5c
3a806b264119398
83553fa0ac0f8d4
24dba4707e00f36
5bfaf9a1e7ed110
590965f3d3e0227
0211c6c0e8ed3ae
74fd47ca75dacb4
22a5da1531ec119
321a78b9cc211c5
52146e15c31e4b8
77b662140632027
0b079d9ee9bbfd6
720536698e6b371
78292ead2ba4b52
72d16dc2f4d35f0
3b4c4d7dec4859e
3066d6cf34e408b
7b102a2a7bf5123
1cedfe129868375
16a616b39880cdb
6f076c0cc82614a
3292566cc05c5df
4a2d167d6fab2e9
9007dc877f9a0f3
7133b56de68c6e2
0dcbce96af4bcef
4705470f69bdae5
59d4af55f4d88ab
2178c21e6b934b2
3fd05839df76960
6258813d18a9a19
7ae5a34e9d20a1e
6a9882599892ce5
81142e902f20708
2cfdcffe270edb6
a97ce9c0930fe64
1a5a8e6bab5980a
80fc74e423627ba
035a10825768afc
28bcbe6851d97a4
45f35a94bb6fba3
51846221e547894
6ef6dc8abaf1c6f
2d0d83af5aeb13b
1b2181a57033a24
3479b1344cdaa43
07479a30f4c1d3b
0e9b07b01a1e353
a35d571a23f9dd8
8757fbe7c9a9dd5
8d49c025f5e624e
55f7294866ce61e
95d90f8c5e5abff
2faae0ebdf3e25c
3c1991d30159d41
429cb3a347f6cd9
8a7bcbf8b1dd593
293db2c2b26a429
86d5d0e3fef23fb
69633a91451383e
0b0077c51f7bc38
73f5a2df98e1485
2d16977a4f0da36
803b8e86c373daa
719cc91fd988da6
61ca4304585774b
3499ad581443bcb
0c4c9c286364fbd
381a31c3b7e0c5e
639e328fc12f735
17a2d81bfe86335
3824241a185493a
8ded41ac5eaa029
8f0cfc9352488dd
904563fffdfd216
3b773b947d9c01e
0750850dc7d6cad
367cb7ab356c743
8c37ac87da945ed
219d36f27b3502a
a5f39749e6e6acb
6812705b01ca172
3c2d63b055a9e32
15990f1cc472880
7b21ac81267b879
93238d6f7e27126
9e51c28e020d44f
6e0c4a7b38c087b
48475554851c6ed
06eb4717598044e
6f02ad4d80b3b1a
a7dc0bf0ad82fac
6777c827f17cdc8
4c8543efcbb0741
55c2de8e20fa25b
80e526f3a450ed5
43d5f305aa2e575
9c25575ec1abc2f
048da30e3f3fb1e
93cd6b681f73c16
1da71fb16265fe5
a2f42f6da9e9391
14154349bc02b6b
098e5f9fef4f5bf
4eca7343cb03465
4387a095ea8f06f
09a4f98eefb839e
1008f8bb25be887
829242efad97de0
27dbc795fbab4ea
2fb7a2e7ff412fd
0e496e0ee6abe76
87d7097860e477e
6c8802b3ae5f1ad
73042d83c88f986
2ac9efb02109740
380f7dd6df35d1a
0ad2d979c575140
6a1f981df351623
1e15d4153b96f94
7e6a557bbeec553
2e3e55b01493447
a42cd327c89202f
5dcda96c05d0055
318d36f5683ab57
2a3f0436716b799
9715ad95070aae3
42f9c49df9a2343
a37093c17b544dc
600f128d59a5e7f
7f52b5a66128be6
7404506e3cfe524
056482c0ab63b0f
8a649f5a2f65c3e
0f9da1ddbeceef9
650350ca3622f04
0f0c26c3b159e40
664db6acb75f822
8e86912231298d1
60726d432c253df
5e815aac7982956
a24103983970273
2abda241ef9d1c0
3c64d5cdd5bde77
3df07c26ba4d5f1
579132e54e2b0f7
a38956b31c98789
1567bef997cfb88
9b5b737cf2876ab
804facc77ed8946
36f70792892b8d6
9d2072533127f44
78f4001fe7e1d88
085d1ee4a44caca
43ac6b180226bff
761fe3b1cb72a52
31a7726bdab7ce8
20e39c1bf1d1816
341f7808b2eb102
117b49b1ee5fb59
08cbe21a2622fee
15ca02a34c696f8
476a4c9bddcda96
111fa87bd7e534c
3ea303ff3f8367c
670786e96f96e20
7e18afeab81051b
578909801174fc5
3850103c49ae544
a4c3673b1605b05
3a697139f0c53cb
4c4806d69cd683e
335933696178b37
3b0361dc87c41d5
0c09fcd63d1c2d8
51396a6cc1baf2a
3a8b496ec5687d1
4b266af55e3b0fc
39732300ab0c3ca
1041aa4ad06dbd9
38c0cfc41a30290
253757ae52e5d0a
784aa302d0a0d15
99b588206a61433
38f92cd25fb605e
48418a22f4d9762
36703264579d53a
404f929fa3d5b61
5bd164793cd591e
a6244fc8d0aa8e4
7424d17a2370cb6
68173700f48b6d8
6379383447bba59
9b97d194bf635a4
2f5af5566163a14
2d8da4bb05f8ac8
a61f1368730375f
37137a1141a4ff0
5cbc74eaffba3a8
0bc30322e141d37
0a1169c4eb03ac4
891a425222ea1c6
3754674802fe606
0af0040d89ebfbd
0f535c16f95cd52
29cace72a4a3b31
92d0864dd6f5a17
778befd0e67f8ba
35bb1913a88324c
66325b7d113c5aa
81438f180791c47
83ece0fb404e3bb
267bbb6040c148f
44afabbecc56436
5c279550a91207b
167e58b8156c19c
a385161494ac9ab
881f3700688a6cc
39b6410f1067865
8d045f46e9d649e
69473fe15f0f03b
2502b216c5d20fa
0b679c078295f6c
8a96056efa2af90
9055a2c2ae5174f
09236c210390d1c
76de29ea4d67bea
18ec97b24d74225
3841983cde2738a
787f16b4f904189
8b51fe79b31ef9f
a984a115da3d6d2
6e97a4793c3bea4
3bc008ded04f963
5db6627d3dcb75c
0f92111577e8145
1cc79239a13e490
851b392efa1fb43
0abcb3819b58509
9227c0713782e0d
9952690640afe73
3dcf26602776778
7e2f5fe3785c659
534660654d51b46
87c507e36fc06c9
099028ad2e6fdd0
67e5e00ff13cda2
3354d5990955036
659d497d15f2d84
a3f2c55e6e7def0
2d30d1137387abb
585f946bccae450
4e8c44aa0a8216d
279471ca2c351b8
59be2da8eb548e0
15d7c2c4893e48e
722aa2a6112a15d
76be6badf49f3ca
521d0282c7d4aec
3c6ad7de78e9a8f
4bd94a6dc242f30
30fe0af549b539b
73462cfbc669ae1
a59de73eb119d13
0f1ffba43adfb5d
0dc93d78f41c794
6887b0cb8e991c0
6f37a662f61e588
5803fc8ccee7f6f
a3dcf6a21442e5c
1cc88efe936495a
8da0019717c43d2
4253a520e199440
97bad37cb38bcf1
8fb613dcdceae3b
72afea5b1521b3b
8522161cca713ab
1060ec3a9fa0a00
8294472b50f7a4d
5d8d8c138ebcb74
91051d204763912
0dcb385cce99b5f
6f7b8469c5527c6
87d6c9005ef3c9c
87df6ebc2e09589
0638f20d0f4fba1
78c24f089392848
9609731bf0bd9bc
637e06c7209cae3
5d2790cc7849a37
2615538d3c118ab
104df8d9a6fe83d
0b613a746913330
0d9894f40aa63c8
6d8512a47d9478d
a457b65a62090e2
5bda425bfd22201
4a78cd517989b7f
a1ad03280c54102
7fe7d2d4a47212f
676cc057ae02fb4
9cadee9622ef4ba
25084224dd32498
835d8321ec6d586
0efc4bc4a887d7f
3214ef7b04d3121
11854709d88cc46
34768db08076139
5a820ac1de8b975
03d0efda6aa6a2d
a1936f414a41be1
1936f0c3a0f0a97
6953f40682da64b
a5e4e429abe3bbe
6ae67acfdd28f6d
6a63bc51b88a178
4f8683589ca79ea
a9a19981fd20f76
8d9b9e92de97007
656d43b90c229fb
44a50635a2876b4
786ccdd8e0bb3d8
059f694b45de53f
31d942de2b015ca
9f562bae5a1efff
0141854d2543e97
a0ea9f69c534b2e
78acab640b608fa
5a5fe58e9c6b23c
3dc4e76a41e7a25
20dd5960f3512d7
4772df7ef4916b5
2e194cd61ba336b
7eeb1c6180ae5d4
01ef9f06fcdce38
274088c054453f5
5f9580f543b1d59
1a8ffe3b6ed155d
8c7bab72513380d
11167e6113d9f83
56e0ed45f8efa9a
03a38ee9533b23e
5663125d9e64eb8
33f9571dff5e978
83514b45eb50d38
62929e6a92d6c13
8185aaa88ba1518
97c5aa111ac12ec
4eb7e5b04cf3dc4
439976f31321156
4170dc05626362d
60a50a4b789d1ae
5a5859198767496
68d1876adbb3d10
834d4621b807d82
4abc853ef3a0401
310ce0631216e18
a92ddead78ad3cc
2a5affbeaca1e3e
30cc1c64061a10c
2e94292e445e4bd
523c08f7fdbdb24
77691ec527d8ace
11bcc97c0c22c7f
a9a44763429834b
84d143427d45024
8bdba0fdf7d5c0b
3d13fdb340c2717
17a8a8ffd615b1e
a065e91d4f10875
8e8793ad9543a12
7f95811d03db03c
4a0f26bba583813
365f17e50ca6e18
071c1eb5318bb41
2208cb037a280e6
20e143e02aa3627
92013558e2ea2c3
3ba9b717267e684
4fe5cf9358b3a79
6e5684e9ed2c231
53df17c3f2374b1
4c9fc9af181bec5
8985a960e60f179
65854d09874eef9
543863df9ca978f
72055eaff718c26
03168e04d045236
6814f561d28b411
6b4d430930c7ef8
65d8272f522f496
457378c3d0c7330
3c8381a01a7fa9b
9deee0e546dd7c9
9045c645b39728d
72a0233f178ff0a
21ee4440394fb1d
16adeee3af94f04
7e4eeea4c7d3af9
86f6ddf66241fca
15071a2de6473fb
4dfca65b98f8b23
4ce741bf8e73ee4
9dcdda5a511586c
4677014066722a4
3cd3bf0beab5db5
79c533e7d736b1a
48fc8333dfd05a6
7d4cd5cecd670db
7b0f26b1c6db87f
543110962698d5f
476eea1976855d6
8e2ef83ba12cea1
9de1e01e9c1916d
1dc7cba63258617
878e357b7e32911
6055445457d72b2
0d2022c75f0bbcd
5d81ed483bc86e5
5e15c1f29fa2ef2
9ee277c8bdd591f
9c2e73766cef62d
31de91fdba818b3
6eaf31e8b427951
60c70ce5da485d3
8eef9891524a136
3b2053df978d3ee
46b95a5e94df5be
02ae4202035a965
30f3510ff600b3b
57868ebac89b592
28b8bb7be9b1640
a21b6dfe10fc947
3fc524299461c63
984573c294bad6e
851af982120daf3
8870e6eeb3866a2
6458c14987e8bb2
7057359e4780cbd
89951635377baaa
9e5d8a4b359c5a1
1a598ddbf340547
454d68cfb781ce3
36d0780e98e041c
028251f9fb0bbb2
93ef77aeb0c5156
34b5f14e00c6fb3
3e37bfaac2713ec
69224fed2ba9f59
688510b191d25c5
76e223325e5bea2
0e8d1466c57650a
5b86902b5323727
16e75234f6995f3
02e1de5f7629ac4
a0d60923d65c2fd
99b1981b2fa4a9b
5f86869a652c32c
0057c54f6fe449e
63d2b6877ecc521
6c1789df734a893
1c8ca93d28efadb
4b2bc15501b1601
6dd9e45371af9b5
4ccf72221d58536
a5b404b5b489d9d
1342f6f70cbdd88
24d94ce8b4b8b80
3e020e5203bed5a
2ec99134464edd5
70867de2fa8a0f8
718ebbdcca2846d
92c2a45cf118f97
02548024355d27e
93031f06f9cce75
4e7cf746ed08ea9
9b4240407cf2add
1819890efbbe7c4
a442e5ac3ed4d64
3e1b28d869b8cf1
38e9c20c9b8f932
86f47fa21fd4dea
99d05580f675231
75d7d1b61b86e31
38090fff9eaeea7
7f01cc32ae48e63
8c9111e68b51e30
230c2d7714840e3
1f93c1ae1a71140
80f294337432ba9
871b90348ad3b28
a516923decefdeb
a67631bb5daee74
9b38cf4162d92b7
806697ee6070bbd
6af8abc98e9a1aa
3c58d2db52dea65
43588627e0d07e9
666b53baacfe354
9d0fcccc3aff195
7ca5f5afcfa4ef3
3a2895d945f5b05
567665913475303
40581018c332354
5ee6fed4dd00605
340761f0716747a
001e00d2b636695
3c6f0a5ec870709
7df902e56d1bb12
61650eb462edfc3
605ff07fd8f2b00
a4904f885593708
76a69f43c4daf5b
54eafb68acab4a0
96f86780f475172
7a8773649ff01fc
5eb7a566c7b1292
a01354ae05c9818
172ab027ba99008
5eddae87a8c0e92
9862cb6e60d72b5
8b4f32d1269c78d
18a19836e851b2a
3a2f721a7e26fcb
8787e3ece60ba3b
1b07bf0b9842309
85f35f5f14ec9f3
89714600738584b
1be5260da916c30
43c3d3d843db32e
773a518cf4550fe
0913ac058686bf4
4a13d907d5e9b0f
7f723c85afc957c
346de3e3ff82167
498e2fd44f66a5b
41239bb9b84ceb7
4db1a6d57103ca7
3295467ce663c4c
9a1deb5c5a82a2a
92cccba8c6ab332
8139fd713e2a3de
42e4b5be5f9f921
510d4386f255ade
0fda82f178c5be7
06be29e86cf9903
2a8c2d86cfc6f6f
a52172fb20711e1
4931398e0b26ba4
63cfc86b3223f17
0d71cca30734ac0
2813178c31ddb85
a8bdf8f50882042
9450c3051ab39d0
3ce1410b7c96a6b
a2bcb4c109897b2
a1280abf9b3d8ad
7923b9705c64880
110ee5bf53d782d
a6ce4f00899762e
016c05e53225ba0
00203729635482d
5c0d99cdccf4f21
259430ec27d0e3c
a70501974e10e0d
8e16277db738446
3b772e20494ef98
0b3cc00fa46083f
08c3647139d9b0b
09e1f39060ced33
18343c5b785ba12
23b1b5b028eaeec
26186b4daa88a73
26e6410128d90ad
2de6550fbcff771
42084322f7a12bf
3b44f30559228a3
79d323b4b498d3a
27de6fc64d0d6a6
4a49839013cf8b4
8bdd523f9670e70
5d03a41301fbe32
00a06473a3c3ee1
3cc482d142da0fd
3092fa3bca68f41
60e6fce8220c0a8
59a81a04933a90d
020f3d582a5cc83
0089cae2fd30717
01789e633289d8e
34bac99e22f96de
57d582b5b405850
8c9cdaa01cd33e3
2ed1ffe9c1f7802
233f4b5edb51738
46a96be7801fda1
99dd96396cca773
48da05da3508252
64dfe18c5da5eb4
386b35a90750ac5
037247aea41fd2d
6293f3920ccc189
1ee9536e0b0f18b
9bc112d2e577bbc
7df88b503b69cf9
33f22c4e7c68ebd
7903be2c39a06b2
30c997b1dc0abc8
8fed314dec0dd72
97eca210fa7f377
8e6a314ce8b46ed
5d17f96c7addd5a
6b25a57382b88d9
0a1f7958410e3c2
2528dcff057b157
13f8283f4705a34
3ab476c48148d9e
0e30f0efcfd09d2
36d0ba727d3c9d5
242a92a1b87c367
65688718f9b6129
4908045115e502b
2bb1abbb760263a
4a978e7d21da0cc
0ed95c36bbfc868
4eb8497f2f60c3f
2c5ab7f9d67e269
5a26546bca1ffc2
7603efb369c5bdf
577d1af85dfe2be
94f9cb76f58a701
910f365399b4dc1
8969413fab0d53a
4a398fd0a44cec1
9799e2254cf0898
3068b6631151f96
5381a6b9f203b76
068e50c1c990450
3ca2836f6bbb1f2
69ab96f25ad0697
2015996301fb4f9
4c98d75a1ec9951
812b36961100b1e
12b313cdc1dac65
a07b752d77134ae
19ebfb9fa7c53f4
5d10f23327b3cc3
1b2fa20669fd338
9d9b3455e670799
78373a7c2d93688
a31e931cf7f6802
2d9d506f2384e32
a90620a983eac73
6924b90ff3cace1
47ab8869c47a996
08a4bd178ece68b
06c32b8cd397a05
66cc2e5e077370e
59c87db6888214e
57061b18985cd59
6457403b9e3037b
90affe9f69adb67
2f4197165529635
10bfac02fd691ee
34bfdf99a3233fe
8066163c0e6cef2
a1bc802302ce49c
4cda639aeeb2c47
2963c3306567cfc
3174c6368809705
77bd90fcf0dfb53
454742aab75cb06
8eb97dce8c625a7
4cc581bb1502a9e
70fd2d417322fcc
9246228c1cf559a
7a3f670572cdf34
3028573b3d30b9d
53910d11aea66fa
4983df54be80b56
938827a3374671c
4ab659c086f8cdb
1037c9a6d0f9301
7a39108ab928a9a
16c20944dac93a5
9b2bb573b0f374f
62eba11febc44c1
3944ae6b5be92f9
795b5159573a067
0f4c1118f34b5d0
23c6d76de4062ff
77b06b0c748b895
48cb0958743b130
792283adcdd4a90
59d7c27486ac1e5
715204987983c36
760d4a189a6dee5
85c3b511440395e
348b6cac1c4dc9f
3d164de39f5509c
1beba252acbba85
553fcacdc286caf
5351ce14dca1bc7
5dfb6d33270e169
4d6a3bcc42f309e
12316b015a83858
a72e55f0b141126
8d3aa4a83707bfc
585912baf9019b4
17aa2a3237a104a
901099141dd11c7
30e64c704197ca0
15b0a88a9539e04
96f99d84322344a
8af6d8aa120c018
56810a8f21bf163
a915677e7ccdb37
1b01025863fed41
2608b3f03b641dc
06e53c654bc0859
6241c472410f5c3
77e941990b32ad7
7815611e16bada8
a199381ec589a82
9fdfde75227a2db
6aa55fb79944813
7e42250fd28baf2
4166fef0bc45dd9
06022f8413d4660
5ded760eda3a0a6
46ee90d9300ecf8
499fbf1916e4cc1
86576ab4c5d5f77
38f3ca946d7ad2b
2932649df07d1da
30a39c8368c25cc
0e66e46ab9a59eb
72a2aa8f4309833
2b3780053e85f74
7499a34fbfa0b4b
21dd08cbed30ecb
7ab28dbe7feb9cf
872300b87bb64be
9fdd44d153ab38c
a1f2ab8d1f325aa
7dc32ddcd25db06
763ba088ce83985
25706a68b310c5e
9aacec3b9c5db32
1adf7b07584bba7
2639f6d40f12467
389d3e5686a99ab
820a7437a5f0711
7033b345f67f8c9
61ab1a3451f70a6
2a87ddc523bc395
9541172eb119319
7d4cdc8d71db0d7
409f2b9b31434f8
8b15f29ab674806
20004b73dc98eb3
2d221ced2c1ecfa
4f3fdc3078d28f7
2b0a0ef4453470e
24ef3570b1bba3a
8fe35cc83821830
18dfd41339ffce2
35f86f38d3578bd
4bac19605f39927
3cdd61f7025b801
a6b99587a0857db
948fad056ea1e3e
5d47c425ef8a556
0e44d7e8ea05be4
9460dd4fdbc68f9
57d1120ba7ca849
1c0b9397ffaa0ab
16a8e08af4abae2
0c92f0310b345d6
8ff8036fe84adac
a044cca804a93c9
6c3055b56eb4e1d
20730524024b569
3e13a57cbbda217
6aa07776bc72fde
267297c165b32b3
4e35a2fce4a4f3f
2ad79b5df280a58
421e7703385a031
0d19f19291f360e
2d0f8c6f1786650
208a803199c8d07
0d3844e6b50f950
9f4ec5e342329c5
17c1f13f164dc9e
5b9f75f9c9b1343
888af651b15cd56
2c78d402beedd1b
7e6c293bddb3ed4
21df434613e497a
65d1511cc6e7581
6943edc828c37a4
8cc6ea9ac26c936
4e909b5465f3130
a47bae714fde07a
64bf8f4a39a35b8
94d4be768908b55
3d0e3720be44fdb
2d7496089dd8d41
5f4b7ff3bc6d8ec
0255aca3f6de588
9ee626d4b64e828
14cef11eb48be9c
137aaae85453a54
6ad7809310317b0
4a9346fa62b3522
085f0e70a109b25
4da8c299214d80c
7785495851556c8
47bcdbb638fae58
8300fbe3ada59ea
a83dddfdc7d0246
30ee698af97f20c
565ba6962a0253a
3b9496a10d8d396
a3b5f59c7717806
2c184f1ef6cd293
6ca894a42c84bcf
827878ba8fa7e16
0dd9e589e50fdf8
5f3015c4b3d0b2a
4b1731956055200
8e12ab4e7c05359
71f45fd20cab3b2
6005df63a09bf05
10301296cb09cf2
08ebe3dbfd58620
a7add4d9cea582c
5164874ce0ecf16
4f46ffefb7117cb
540133b4914ea9a
953029fd6c7f06e
66fa470f6d78cdf
4231824dccc9448
56b57668349ac80
7dd7fadb2668a9f
4dcb129dda79246
7e515a217a6a820
5da16757df7d31f
1ed21f948560bdc
1cdb2b16819496c
2caf59c4a49e35b
1913b61a75de28f
0ce8010a795f8a3
8e6ea4a28210463
449bfe0e6149a85
013284532f17168
089fce481ab0aed
3c9152c9e807be9
9b3b95294a8649a
a2af181d8d7f7cc
6ae4665dffbdce4
97dea0def3aba30
3b916c8b57d1a35
2a5899df41e0ebb
397533dc86bd970
8e8b54b3209a4bc
80de7e7ecc22435
97f0849b864f997
1b5ab6da3d4988d
3e93c7dc7a5054a
a56d04565fcd677
4b71a3d8ee6daa9
2270a1f4e1afdde
0a8275a97f08705
928d8a448149f8a
0516c0a6615d04b
3691ff3c1550a04
5f248fc939bb665
24e0fd9bbba2666
29344f3b64e86c9
0b34408982984db
52966dff88939fb
5a08c1f23a4076c
198281e7712e87e
2eb18e8b5659e44
73f54b908348697
0d68c98635de198
8c02644bb69afbf
33f8c13847701ee
0e8768a3533df08
5f8d94b83ede852
90b5fba814bd721
689f07ec6f828b1
542ff233b137530
a3ddaf39c974adb
2700181f0ec4508
882fcb998d0872c
4f724c90b29dd4e
a652eaa1731d300
6813a50b2eb802e
7788d4081ef9d9a
319ee88c877d137
8b3e7c30655e184
4e87f439a343615
771db7e6b2a4da0
9ed23a46ab539a2
162896a17b3406d
0bb834b406be744
69c9de84a74e2ad
3fa0ad2d6102134
685bc76123afc45
094721690dfa008
35decae47e9355a
2e54a3fe0b7216c
6c1afe58e2606b6
1208eedf3ddcc71
55ce7f85aeb688f
5b657cb4be2f1ca
25834fc86ecae5d
03239f6ec68d83a
9d9ce204bf95312
43edc1c9d7da2ad
3781c28bfb6f38b
9af3cf6fb1c0e9c
6f929f5239dd3e3
718f6b493bef072
8217504284618b9
9ca56506709bc52
2c7b88c672793a7
349a1d5a2be6c13
05b90e650115ca3
73f9cd19d14c0fb
4941b2678a1c051
a05f258f24ffb11
8df610968be3be6
172985a452072fa
379dd1f28016ded
697ccdb3043ea23
2fc86ca5a1cba31
8a02781e5c6e2cd
a05ad55f0e4ac8e
781348bff89014e
27f3162aa3439ae
20365a1cafdf31a
0d61ecb0369a443
0a4b94f1254a13b
1333dde707459b1
8a994402b84beb4
6012091b364aff5
8f295abea3a634d
54f2574f4f6a2df
16aa1e33913b1f2
349833a0a016c4b
16af92e1c835e53
507d9a43fc50c12
2fde16651990e3d
5f938b070b71c50
8ec012bd06994c9
8ecb5f8dd1ec16f
76281c1e085c721
2bc245a787ef47a
05e9fe4ad78c924
6c43afceda89b6d
38cd9c51b7ae831
309930ecc824dd1
a4091c20a71b105
24de6c2af7b07fb
60fd74c991b530e
138743d5254b898
02cc64d7c3bf124
5fe74952d29f328
4f91aabf92ed7ef
50cb5c4a6147067
3866c4f16308ab1
4fc7fb7c05e3f41
24d9f5640c41868
0849b807e0d8727
0b499dfb8d37f6d
3dc8958b0203e0f
63632d7dbc89c32
54477f3ba2b362c
4ddd9e3acf598dd
5ffff16e72628ee
6affa2e3e3bbbde
5009ac42f6b7324
3f8ac94287f69c8
2c75ad2f26ffade
7542868158da96d
13f2bcd4eb95019
2c1b58ae91234bf
487d26304e4f838
75938ca95789d9e
2daca60c1cf3a29
88eeb1759d363c3
9e89e53f9839d42
0635c64dcead2bb
923fb8355a440f3
65ca481d6b2d4d7
4797b9544099433
417d7eddf258154
8c491a9d6c324b1
32ba9aab3ce2d9e
28e7e73880c1251
a6fe643858c824d
29cf3e2295fb770
13ff679c722cbc3
25548af4ca3976a
4d3b4668903428f
9f55bfe9e9538d7
78ecd879e6a9ff1
1599f32f699ef71
5ff318643fafb9a
2da64bbd2771dc0
43234de25ba08bd
643fcc4cad33bc9
26bee8b359e50a7
4e5f0705b1c78c4
6ae3dfd7ae0d397
406d27e4198e89f
9e4c89368ec0d60
912ba833a78a015
4522e941788ce4d
0969a8e8152472f
4fe7e0de44ab342
411e2c6268d08e6
44b87d4f9742857
a9a9769a85b6cf9
764b59d523cc66c
1bf924e5fa97c10
5670dbe90880b90
a7fb1a5c26a2d9d
92afc6214709587
9e31e13870f3f16
91717d937a86be3
60803d100d5d468
14cfe2891fde0a6
9412a00c882b95c
1bc2d1f5c7fef0e
7a7cb1f01c32839
10b8d2b109f922d
4895d8bef8cbbc4
934b5ed6ee526fd
478984ff93d8a5c
94273e1944389be
35bb343e4b3f648
76141841009f6dc
19f84ed9a25d614
3ecfdfb3a4e668a
8e4cf840b19bb23
35002f75543bf89
4ded901aef4db46
05b86857a94cda9
7ef95a20a77f3cd
4915311190f3924
74a2baa617d0b18
8457f9b2e42fa65
23b5b16303961bb
9996913b4de4403
09bcd43405441c9
47881ce9f785555
09b7611459bbcca
75837653257c9a7
2a17207cc9373a3
48ffddf8dd6d713
818722cd288d2ec
5a25e83f7d78a03
83e9ec8d019ad60
390d293c1808b37
878348c46d3e5e3
78b722d07b18109
0c89f3cb910c957
8dee3d456a4bb9b
73619a5d21d5708
44a530ac0aa9593
4edee4a4556a91f
65f4e4235594c63
a01d3f3377392df
6046b86aee6889d
0833980a2246bd2
0768d0e008b5691
458fa508b06515a
0f7986d6a237d64
95e71156ffef807
85bc219bbc0aadb
57979f73f35df2b
4a12ca5e82bf58a
5a650507127fb15
6479e4ba110bd00
7e511bf2f0ef7a7
4b7592725108f46
5a5e7ddbb40c743
07d70a2a5b13001
67cacc3f09bbdf4
7fb9e429292c15a
52025ace412d9d5
9c871d49c411250
8c5e9157f45bcc8
861871931808609
31648a58d1a4c5e
8f3b4da65019bc0
049bf301fe366ad
48f983727c2ef10
8f9dc999c088859
1adf39cc0125c21
0d094570dbe048a
a59175c060909e4
956182f65705b5f
803bdc45bbac8da
6c1a19b36b8e80f
3bae363b48b617e
43f7bb4a0aac731
5db52d14f3571ec
7a936c221af28b3
1a1965b7cafa4c8
1fc79b9b0041026
9b4aca9d2040c0f
54ac00629e065c0
70e76f2d50cb28d
8bd9c2e5140370d
22d58f77e56095c
7748ba62bcf9425
94b349192e7844f
72e1d070f7b84c2
49a77d74724b558
0050017934d407b
512cb5d9b774ebe
1864631626b88c2
8865efc7a518212
8439f08c3a8ae57
8c808111a403185
634fd16a84552e4
87b77ae0a068414
43a65d5e2167cd3
9a46c597c500c0e
29689633783337c
2d4faaa97ea2a32
63fd244aa15c2e2
233c01fd2f51468
68c6a258da1486d
1a7bc24ddd41d3a
83bc5380f5efab3
0c6e6436fb11dbd
30139112dfd2c3c
4db9add6665ef9f
1ecaa848ae43f7b
6455a62d17ad4f8
7c1dc823fbeb1a9
061b5b9a4e8f933
5c75d1309925f85
2882ce626572b52
0df6532842ec3d7
6f7343b2c697d59
0cea8e73eaccb79
504c6e784f06b3e
1e54db0ccb6b887
96ea3d4856069d8
5a20266a95929de
81ae09fbe2b91ed
83d190bcd096595
5e8e3ac1b97be60
093070b9e0b762d
4e4d8355c97e058
83df85840609841
4dea61481acf75e
5415ad211f57d17
3532ca5c5d3813f
834eeb5e9a68de8
8ea97be3f7b0b71
4b90d5f6a379495
93fd49d6fed9042
2934d4ebf4f7811
52c0cc9c95db63f
08ae200b9810a40
41be487bc2ac586
80cffa4c15133fa
576ad9845559621
7eead95535f111e
119a4f9af5bb42b
75585d371dd4add
1d34940bea760ea
8c4289e87bb8fef
5ea6a8eb40d87ca
2da62869c7e014a
49f5e2003532c22
0209706a69b5190
a33d1001e2fb021
398cbf6f6cb3ddf
8f887c9b35079a0
304fbf898e0be14
5231acc0b444ad1
72779e3daf6edb9
64d4884d5476beb
1ce56f4712c5c95
072a48a64081698
84799db27d826fc
7a264ef14997f58
97d77f2347630ca
176811f6661f315
40e19037218a5cb
30aed34067a3eb4
4930d012a8ee49d
6252defe9d9f309
66fd635d76a13bd
9601162cab1fdc1
92730a971e76b8e
9999b5d4fb1df14
69674225346f577
637ad587c0920cb
36cb11e4621d7bc
7bf25428ee1729a
9ff720e82bc8723
3bff74e680cf9f8
66f6e120ac05080
569e9d72c47f595
059b20debee11e3
57d233e21f384a3
8532e520f3eba03
4606fbc3093483c
93ff4e2d9971529
57d6390c64450ac
a0364863e67d008
7e5b880e92f40fb
8800da0df5a4a12
4552c23489618bb
782178a8c0765c5
8a24b49e4da7e9f
86c47c91e18718a
88ad4a18387f816
10707a664b25218
21df6fb4feb021b
47de9aa0f062d76
8d72853b0e4f85c
9f256e335b9a138
6031c8bc15a9a4a
19939fbaf84c317
13bf762fb270b48
0122aea5db7b892
5251a217120a6f9
7fa7b9c01fcb11e
a48bad5323b822b
88a6521bf1ff05a
337ac89aac69d60
8d986ecc2e9026d
308e06b89aaa5d6
0d3495974c2c332
4c215a4a28b6b96
7e1ee00948fe708
35991bf14170689
63fca6e43be9e3b
3763c574f2990fd
55f81b1ed67d404
6d11fdb539aae95
8d7906c3e43b2b4
0aa1442d842ddf8
9d6481e696bff92
960eb7014635a7e
5cf99883b4515d9
57a00c29964bf7a
2c800bd4b75694c
81c65f5e4489a3c
8b811bd0dd10d16
580478d2a6bbf13
7b54c0397b6fb4f
723782f1ca40bab
48886d7f42fdf71
8a85ba9fe7cf778
a2c68292d6f8a5f
3dacd8033c44b1f
61d0df32e4fc3b4
4e3898af00130ad
7d257bfb8f8e940
993a8dada2e3fc0
89ca375e12f8260
2c5a865d4434b45
25a1e6ace8f2c87
46f56ecc0e8451a
5a99bce2ca61a40
0a11c1a1caca3d8
59079ac595706b0
2ce6c0b07996d04
55ee3a61b3fb971
8567c46519cba07
6c8c95eae94927c
40b53cf85377255
626fa7d7e069c70
a603e030f14dfdf
2c3fca77ec77e67
5eebe61357e3edd
5d02b006afcbf62
79aff7f37c8a434
5cf990fd80bd6ae
4f878d7a8150549
31ea21447d690ff
0b1c8be837b9432
7a6a6c54e8fcf4f
3976eea947c5636
362616ced18c78d
1d646389eddc716
1d9c8439f1683b2
63182cb5fcf44c2
8e52e416b4744b1
6c8627693927175
62a7c1635aa2338
396726dfe7d9d89
41fa16036916ff3
8240ff4f4ec99e2
316bbed0a9bad42
499ae0da3e466fd
2a4890f39f0e33c
3df95823c4dbd6f
6f4d8b131de50fe
16a1881f9bda472
20488a5f91e0ffb
16c5dd31db905c2
480a27cbb6e80ee
6419dbf282359ee
58c0edeaee049a5
296854ee3b20d66
771bc235a98ff77
2d969150543d65c
8c7f07e13dc523f
77a3c09772fbbf4
66c0ed289ba3576
68dc87ce13470ab
0bee3f53ae54f49
4479fe86dfa252c
3a6d34950b0910d
68e8f39ad68616d
1975cff4298d907
0ac028dadb88658
0f7ac3dfa7eb101
33057032a7e534e
5ea1ce243927e89
013ca81cac64c2f
8292ff8b8dfbf17
0a55f64ed8e5e4e
4bc3bf602976336
48a8d454e6a86a8
0b84bf80283a653
893a98fc3dc85b6
666e516936ecaf5
0bc613cc08b14b3
4889981c1758d2b
0b27988807a5163
24e60d918a0dd62
41cece793cf940d
31a5f105ec76c3e
85850ff448646e6
2bf45fe5b160c9f
9ce0bc5b929052d
a257238e6c4b2e3
741da6e3ec821c8
a2e2307f9a073da
9dfb1384c6da65f
567a5245ab8a81d
69009be6eaa38ca
4fa9e20d6d73d7b
6d3ee6044b6ed06
88cd924701710dc
808b49c575f602e
343d61438fa232d
1ce67dbeb53bb4e
38855bf521ea845
1a26c847d185185
a76b822350a5146
441c43a84090aa9
629cf5792e2dd18
79611c1af167850
08a635dafd379af
120856daac366c1
325d34b833ae1d3
481946924a87850
105799267db254a
93d1a97ac3c1ebd
6994569b426eb22
0f4b23f50996e28
03aab7d020d5e4d
93ce5a1cce2486d
79e6e5d8000f2c7
2574895fe9a725e
0ac542a3e57e690
0e911aee11af15d
43c9f80e00e3c95
3f20d6bd3468471
1fb8fc115cb24e5
43a41e8b6df99dd
453f09ab4e54888
3c07460c41c0a2e
50e0284dbf559c4
2dabf85d0042318
60653c1172bbfb7
93004d8b37b05bc
30e7eeb67f81d92
29b962a52f7e6e3
48952234ef702dc
570cc173d478485
a163d2353f90b37
35312c3666e3a6d
a393262bd6b0eda
9ef24d360218a43
9f13ff8a5df93c8
4f1611a9a1a73e5
2625ae252ad7e80
4491f0e052e0433
14b2493430b237d
169eaa478ac558f
8d866c0f9edc4ed
7ba7471e850bc46
733ff0374c58891
1ae0593522788f9
a09c56629b173c1
66df005253bc31f
57881c88575d80d
61ed6e713ce78e0
50f9f19eb3b44e3
627867e83d50c04
608f5711872872e
5a9682a29d8723b
a4e4e403c69281c
4722005061f0a35
a6f35778b482425
14fa27d11310f10
a925b75ccdbec77
923d171c3413aed
9ea81b7ae5e7132
158f7cc8873efec
9952f99311b86a0
1c871e58e0e9a9f
285f12ebb9af0a2
6d8c9ae6cd0c9b3
9c9a4829dd5a134
7b1e72b205aef6d
6fa44aa3b009213
2b281bf2732f2a9
38baa3bc86aca11
a75ae30c2a3124b
8ac96a157fb0b19
90bb5b6e0db0806
90309af18f6a000
0f2cd98e482a2c7
3676c26c829a685
300bc7d78bf0500
72a7b0360e76bc3
390287956b65654
6658a2c528da317
6c2972e05f36d90
921d0f591a0318d
3378b5e201c6ae9
853ac90bb694504
59eefa0a89176b6
7c146a153eb8c5a
245a9435b165245
32bc23b95e659b0
04efe4c86f12c47
5fecf557ee4ee74
3560e5b59b13c8d
0beba06e9c7818d
48823cd44d1ff79
512f5f7f41e5af3
198ace0e64d120a
5886ee07e042630
a60602dd7d9115a
8ae21ca246645c0
4a7b9bbdd18ebc0
665b2d5796396b6
98440e71939be11
770baa84fa3fb1c
265cec2eb0d6d9a
08fc2a156a79e2f
3381643ceb9feda
7fe36373e532ed3
86d112848ce75da
7d63a9744da19e9
5f5d4e6d1e8ae69
a8b2707432aae24
718032beda5fd5c
8499c7c7bdb4e2a
2bae7e1107ae069
12ef953c10e5c4b
4fe8a3b601f68f7
8026a81fb9f453b
9dcb26ec7871f02
44cc7e2851bfda8
3bfe39c8956ecb2
a4d2e2393adad6c
5291c282f571a59
4ca8ff84829b2b7
48bd3dabb653035
74bda7328f8b401
34dd5e139fbd60f
97f5e60bfa39cef
a8a01c3e7a98418
45d4245227cf8cb
3046e14bf6bfcef
9f62486ede6c0a3
8097527209f3678
45ac82d8c1fde46
5f162f115f5a669
3a5badb6b58e33e
80c5c0e225be0d9
896ccc8adfe82c1
2dde3990ca7d0c6
610644db10542bd
10446a6adcf7a47
4b66f1dd9a31571
42068c8f654472f
60223bdbd2c7e48
7e5c100b7386922
1c39371215ee267
5071f512b6aa0c4
77290391027dc92
62410aaac963438
18bfba00d0a2880
44d9c3fb71ca8ef
69f5ddba8abd328
8a3e717ef33ffe4
a8762f8501cd4fd
2c9ab9b38367427
8b76178b8a987c7
479a5741080c08f
7c13ece5b61b384
759236280551532
274143a1a7dd92c
380d361991a5914
4e1f304f84890b5
380d61211b0edab
0a6ac4425e9afda
975a104eb880c9e
9014b968e242052
64a101e75561e45
a7cfb9406fa55d0
824abc685359c62
4babe5b4ff18bfe
13449f1972ac92f
a89882b1fbe6a34
62f664211243cd8
5dc6a7ccf376b78
9243be7ec42d2b0
9ade99186d3e181
5c6a58d09f6a57d
a4cbea9786edf44
91747797732a40b
88a477ea3e1f211
5762efea0c8bf4e
38e70ae0f1650ec
1e988bfdd7fe0ef
97195e9fc4d51e0
64ff5eed56864d3
6821ad1b6d0b82d
434566bff33a12b
7409a9f23c12c82
566dbf89f9d5cba
98f59102063946f
6789c9495c55131
5a62794dcc04861
0f5ce2bf1c24ebd
1636fe480f86bd9
20dab45de5b7629
1ce6d293621f7b3
a9a5a1c962c23e6
a9665571a32fc64
7f44811f208b734
001b4e0dceb7397
2f0c25c2f944182
8ade30bb723a010
3612f7a80ec8923
4c4795eddfb3d7c
a526b54a750ae95
88408c0d8553a9c
0f9b9c7d5277b82
8fe4f2aefe3c9dc
75001fcc3302f92
226a4bc67157908
a2c27c754bbb586
53ac354ee3a23cc
6c4df11a3a9e624
83f1e9dbeb06430
249ea8b98294cb4
1ea3bc249e03808
9649ce3c3e45cd1
3c9b66374b36a2a
60ee0b13a32ddb3
534b6b68e9f1b3e
49739e19f7794f6
7df712956fb28aa
5b3289e52c39ec9
963f6630bd5a98f
3e40204fe6f6cc1
011a389de5b714c
31131325853295f
5e660d70132837b
959b97e9fd5f2a0
5716cb5500bc7cb
527bfc50431cdda
73064f11db27542
44f428337813345
4d803e341bb5fa9
9e0eba03f0f5360
7405904425d05c7
2cffd670a0d9e6a
a250ad1d15040c8
1e41eff67c9e4f9
010db9ef005268a
769f5a573e6e5a4
5bad225acd16a34
254ba32ed00223a
4a94b43a1d96d90
0fb280dbbaf0076
7f54cbc9df9bb6d
8c244cfef225d19
3005ee14aa7d212
6007a9048a1145e
23c4f27099c1a51
198e88e6c0fab71
2e601314fd52183
2e1b22b91b9346a
32c2d720a6b2fb6
556bb4ab2d80264
4fae0ecbb3a8abd
145404c02b8f90e
13754d0ec111e35
4a0ef2cd079721e
a76090692277547
48bc285fee82678
38f8f904800f83b
45c14c982a44534
001c95fe49cd5ae
3d29268172ef7e8
4675693d46e8f6d
07403189b96b4eb
2c9dddd87927f2a
0084c5390d81e9c
834f424aa8a5b8e
a836553ab65bb4b
2656617d663dc43
2d87279b800900b
9c0e6faebca49ae
23e20586c269aa3
13ecfb72edd3fae
182f84f512e02d2
414291fad1d0707
11c2c19e5817f93
7dee8413b706411
2cad069540a93dd
776f08a91aef6fe
5f50d604db1568e
9b5bf1fa2aca8dd
816852aad008589
743792b0ae8c7ef
9b255c33cddda9e
40a7e19a844adbd
4110d71e0afa3c6
5e8eef6d2ad0829
5d8d8089c99ad75
3d29a7efc469309
1fc00370f7339be
36fca0b2c41ba53
403594148752e55
67535a4e3167297
376c14128b88788
9602821fb2301fb
3b0468db04c701a
8aaf69388a3e5d9
207387d8c82bd88
0b0451a1072d4fd
177df7931251c3a
79e7dda2b98060b
1520eebb451515c
564aae6531a2c20
9131a91d8e0e309
8aebf31b7ccb638
8490a747ab8b812
4f9ab751080d23d
1b56928d979b08b
327941f6bd6b8fc
1ca0439bbb49a35
371fbd347e45a17
a524f5cc520e190
2a13fe8833412e5
a56802baf401c23
2dd9a067db3b3ac
7e6add663a1483e
28ddaec56c2c27f
369dfc7dcaf3314
9c0970dffee999f
072b727184ecb74
0b3d3df9e426d01
9ceff0246332f04
34448c0d86ff950
36b474304c1e19a
388d94eed38c3be
27f10e5456105ff
06cc5d1ebc7bc97
2e20bdbc181821c
25973c416c4324b
9474a9f2e110737
215ebc84688a2c7
0c1a0d8ab94ba54
9cd10ddf5bf0149
5c91d273bd3af30
6ae272e8fd6aedc
2d75b27d1b00348
463a804773af96a
79b58a5bab97399
13cf4c14c089c36
6efd97ad851c462
7a10925e010f940
4c178ad325eb26d
6915ecd1d545507
0162b723ac62c4f
6f470c58f259b53
8140ba59104eafa
609925bc8ef6139
9514c4b67ef6de2
73ccd06e5afd66a
51adc7b83d11918
327f98701052578
196feaebc5ec12d
919068354930834
5ba859b78343d0a
2e7d6a31c4f1cde
961c174d003ff36
21f3ae34cbcc34b
72288679f112e6f
0a069d1f74f44a2
404231599717986
38dc6f744f296d0
006b0adb67fc6a3
a6995618f18440e
1a72ec194543358
54b4c352d14fb7a
70fb75212ab28cd
a1d943cf9bc96c8
194abcd10a2db93
3ef3b29e3c8a3fc
15f9392f2433127
0262e049ca18d70
2b030a6ae5070f7
2784332b8983796
28b76b8be564b0d
90ed973366d448b
56b3afbe17e2314
190ffc71fb29b0f
6690454dd86b8c9
43c3d2e974f4e37
397c76d0b70ea47
5c4a2a30fca554f
a9843edce36ba80
7872108fbad4cd8
9f1823514ebde2c
803b96d2e08780b
57303ef1c98d3ca
644baefccc5bc24
939ed934c524b7d
a8ec8abc4bbdeb7
904e19ee5f8c4bd
08fcf42dbdf6b12
71136cc5de432bb
8021443a57251f3
7740f07b86e91f3
519ff7495da8504
473e99283740612
6f2a51a324b5855
544b18e79720fc4
a580f64997c9288
7940055aa8976a1
1c1bd098fa885f0
9be601523ea686e
0c0f7c73308736d
2f37a68e2f58e54
942c7729abe0b6d
3b92c2f29bc6f4c
84c0e53cd3e5b87
a6d332a223c20c1
2c81953a0df4f68
9e05a109613dbeb
1c4fd245340a3c2
a013f622054168a
4e8197a9b82ad64
51635c79835893f
1c7f4455c6f4e84
712d6a7ccbad6d6
0290de31c90e5f0
2824c6c05829117
68f9e7bfcb3a91f
9f35ae1026f6cbe
1ca452771f9a594
19244f4eeba639f
49c4da282ab3724
7aa0943115585ff
75e0825e242a521
259692b0de9b808
09f55b44f226429
84985d2a78d8b53
5e0fb2387835968
9026819e69b5456
62e9ded7b2d5965
07dab4492ef4409
3e2e474009875ee
5dc6f3d6b6f0fc6
98378729f259cd2
1a4fc8b45b6f936
8d38bd2db9788fc
34c2d6a1d182e1f
9e1b14f27094094
19fe5534279b088
4ed27ce3f12570e
858e11064f0b54e
a55442e8f2568d5
28516b1fa08fd02
5bf4c52d759a522
6d2ac790549bdc0
3af2ec241459e32
63ad7f8c0dad216
2f7ea07ac398a1f
15ef11e7a349bbe
0e470faf04a52c2
2e2fffac01199ff
848d6d86dd9767d
94087699c39f73f
0577507f88c2cbe
78a37249166cbab
62dd2c8899143be
74d08a620be184a
1ee5ab3e6d58196
74285a5f60642e3
02d836d02b10645
3bc16b403da3e05
1f19f37ffa5ee71
31be2634e665907
4a73135a5df2e3c
2db4120c1832533
5c63feb7863a572
3b75fc9cf7696eb
43c3a82c6c86672
a1870a534f86dd6
522fcff3331787d
191275704fbe22a
386deb99a9134d3
81d5e036b59be78
3193645c029337f
94092016d494d4e
39743fb05864cf5
5b25bb156d7a227
25dfaa1a6625f73
0fcca5810324e5d
75cb74f0c5a7b7c
5ead1b3c0abd276
8f708c92cbea721
560c5c5cb2447e4
5330cfb88411644
84462b6d29bd0f0
9b1ddb01e0c2bcc
98246fc84eaba34
0f01c5352370163
00356108677b44a
172997f1c2822a1
60f59ff42b73c07
73c4f1706457681
7fe123c0a643657
74b4389f04594a4
19da6d66cff1530
3c105d96e48cbd3
84981f433132c54
8e238d1fded7621
1d52a424e644b56
71f5a1613512e10
6026908386a4afc
86ec41434a2320a
5a5146c65761291
341a9a1911a5035
440598e7caf080c
07946d40df617dd
026ffa3d318e229
0aabefc4f4e8bfd
207ec1d7f2d6c3e
075fa9904bdc567
0714cd4441720ff
6af5a05a8bbad78
a5dd9b2bb75b4f6
42c544cedfa39a0
03bc35a91f78894
9fae92486395b35
4c8d06e420b9cd3
664ade3dfbe8d98
56a330f302a3f11
a11a90966744357
002c7220fd7da58
59b07b11173411d
228bba6c8cef7a9
5da68b95fad490e
8b8cbcb5bee7864
8444c4bdddbc1e2
a841855cb1f39fe
57a07ea16c7cb1e
42dcc6a0dd0b688
07d6e5711bbc448
92cd5a8de0026dc
a6cce8ca19b34df
9d8e4eb1910f1e5
1306d828dd4f477
41d55470d54275f
8d73d4a5578dea7
3b1a990001c9e62
0a42f4aea14652f
732df6cb8b3af44
8880ff81a4d1756
5ebd594990bc3b1
3bb5e821d1741bc
5a4f07a718716a5
8078ee5dead55c8
3f1575dfc10f263
0214c384063efd7
3c7b612cd31820f
814a51c5560afde
52c23cf14fc77b7
687378695e6c043
7cd9bb971cb5207
a73a07551bf6930
717249f8ca699ed
92c2194c5a9769f
1bad4f51fd04075
4944df88609b860
1430ed905afb343
3df2174c4aa0727
4543a95f23f9af0
4d904662c7e882d
88c12e850a75b86
038fb5fd5fec8d5
701366a0d87a32e
39e14a20c56d342
94c32ee7288d078
56c499c2cb2d716
9efc6f274c45d6b
07e84a9d389fd5d
3773905ec4514a2
8e369d61de9d17b
683dc9a84036c2b
3863413556b6636
184dafa36e3275d
15270403ca95416
4cc008ce91f54ac
652c10ac1365a1c
2afb3627857ba2f
98ca8b1011f5511
7c44d86911f609e
427ed0f5af16a54
1be0f683c6f6132
5c3fc7912579371
81ca58fa971c5b1
49a3eb9a206b959
184b884df058acc
5d8cb8b0b85d31f
16f1160c023bf26
95c6d0c5589a620
91962a14a8abd72
6f168eb67943608
6d31b21823ce697
3fab23e475920b7
011de8eb61c7fc9
0792c506a1e45ab
49bba2d7794ed1b
86096769dff691d
16c0ce8767ba94f
6ea7b5916ef5e56
34effbe9bab3fea
9bfec698e5cfec4
6f82b8ee4addbd7
a8945fc23160723
7ce0ecbb8885be2
7cb1c49855ccf09
8e764e86e5df511
14389207611b214
4ca2feaa415c85e
57aae8479888939
33d1a80eaf7ced9
4e4b4aab6bef387
24c005fd9bec971
00aa7d40224690c
72c2601c12ec56b
051459e6d0b21ba
4865ad764eb5c27
04512d8797234e1
44f8a72b0084169
17746a17f58e604
43510c7e40bbe0d
8d05797db9325fc
234d24684b91c7f
831666f9e4d6545
7800e88e624b15b
a66a2dde94de985
5da65c9e5c99b0b
7b3a94778722fd3
0757102ea3fe19e
491d6d97f643c7e
2309f4cd6a74582
5c036c55bfc6672
6bd2bb2e897eda4
7bae6d30a869cb8
27a543261502533
602a8e019b23009
443b99f2fac5c22
16dbfdefc1fa8c1
91c496028241a9a
9bc29268c3c2855
3c3303b97375b98
700f2bba052ec1e
6f4cb9bc0632f85
8a9c6e101bee710
4b578d7c75571b2
69587fb833a8375
476fda361d06dab
903f7593c11335d
406ef3619b22e6c
412e392980f4541
77114e025131e04
a7c694713aad352
9c850f0f682e02c
51819ba4c6f9d21
99e35ef827628d9
97017927da3db67
7349feded2b5ba7
5cf7aeaaa5d2f7d
5d9ca907c2d0de1
7c51c728fd915c9
5b9299c58e44c0c
61e78be9705f330
48c86b5ddf5bbde
589f6a2ac0c4d8d
9c1fb27f2116753
2f7e42d6b020850
70ec63ce0e64355
75da5d72c4808f2
3f372b449012671
35b773c53820f35
7b0546fbc7ef8f6
3e0ab895a3d560d
64b1adac0c286a0
08ec8aa15c49603
267cba259ec4e58
1a0895546a7c1d5
a66fb04492ce133
1b127d12b667341
68bd2dda916303e
533856a88ad7261
257fc1779760a5f
01b1f9a5ac9443a
280d73099605bfa
9ca3d60430a5b0c
3c3854a1bf71a94
6953c9a584ba4a7
203cf997de442c5
34a6d014182cbc7
8377297e4c65218
7b4f7645a95ad9f
5f8d7c183db5942
028b0f815885c1a
52e56df8f25988c
5f283982f3338c6
1885008f4ac37ac
a3e9049bb2bd4dd
677deccebeaa9ac
425664ef22eae79
18d743a9c41207a
9348ca48349ed86
a7b72e4d490a9ab
2d17e146088b59d
25750bd1c760438
52e8271c023dabd
5035d122ccd0d21
35ffc735bfe680d
6b117bb216b8c64
1147828c201ff39
37bada0a2e50b18
04357cfc7d22e4e
7453642525cca2d
216d9435ef49c95
a936c6ee521956a
5ee03c77170b707
5a1da02444c3af4
1bd4d02e56e9368
22bf847807aeaf6
2f53f98d154a769
1ddfe0a3c3edb0a
5fe5124e89cb185
56975a0c0278309
6c73fe6dfd83e8f
8233ea34f603acc
9a67d7dc2b35451
4bb1fd6665fdabc
5a38fbbce38312d
2a68df527df7235
111cf03b84a55f0
554cd82eeb29ad7
2754071a252137d
06bed84e389fc4f
596306989376afd
a6020e97239c0ac
7a93321cbed0197
996338287d92544
8b1e646730ebe1f
3a4cec25afc7981
5d62afa4aec7427
a53b0d1c00c1b98
75c7d06c1eef1a4
5672fecd14c0b36
147ed152cf2c2de
a090d99cb491f61
60f229ac0081d5f
1fddbd93fc8895d
62b97f753836a97
0c7145e02bc9c4d
8db500279dc9a21
2e0915c2340774e
766cdb51ce667cc
72b52d9f2be928b
4e817c52f140986
364cc9f17b788f6
3970028d0792785
2c0f7787180ea15
1337fd996250385
3a04fce3c1a2d9a
6deb4e25ea6fc84
711f7da00446bf2
822d8d5b2a41487
68ea4a6487271c6
10a806dc27fdcad
16c4553a3e9a7db
2fe66257887ce23
9d95b48c4c16256
3f0d921633a8161
3b12967e0095366
8a79780858afdf4
a90a7aaab793c8b
58475b9ad9b275b
0cf75e2d8773568
84e4666ea59cd2a
9ae521c7d306cb0
7fbb54246719b61
34ac42e5e93aab2
670bdb9297b8a72
a34733d4dd1314f
6f4bdee2f3e50e0
68c24d607c82f15
a94b8c1cf45ba2a
7ea4413d0b405a9
714c0505bbfb065
9d7fc5c1e361185
087c4b9f40b30d3
72f92c41055bd6f
67767128f103020
9516b1b5d08b738
5ac72521439f0b1
9145d3815c4656f
0f198af56408a7a
6e24610444deb91
103a61e304d095f
1cd3ad2548529a1
3e228a9b75d2c73
04a8b52b617867d
a105aa32749d9c6
847ce8ee7a906e0
39ad5bf559f99e2
047038ad26d309d
51c2b5ee7e901f6
8f2717e2b56e6fb
03f4ae2f34a2252
a1ecab9745c351f
3acdfeda4ad3b7b
2bdc134bcd2acc5
3bd474230e8257e
3989c0a676574fa
7de0ae9a222f5c0
99fd8e14d0803f4
67454753eac678b
92bd748b84a60b9
480ec869f4796d0
07b5f98b5149788
49c1cdac7f8a63c
789eb0fddded6e4
92c4f655eb9e468
7fb1eebffed8859
9568d2a933e93ac
7dfcab1296b4a68
1c2c0fcd7b402ce
a469e7f220455d1
2735081affe3211
1d56d14cf7a29e1
92f1c59a3985685
0185e742f66c5aa
6d1eadbdc158395
4a32403595eb2bc
17db7d5ed44d385
5d6c22b0c4cfce3
03af773733d6069
8f8d05002486611
89269da01159e37
8c9a51ed5039d3d
1960a36085a61ae
847d871a477e692
7a76aedc8a96865
423e7355fbaa04d
4c32e1ba6bcf9a9
4484975b47e31f1
859161a75ef34e4
1de0e1b64c227da
86edd728598cfc9
8334f1790fb6a98
649ff6891c92981
019c4bc586bb046
0dbfc4be4a843fe
6fd84fbbe0f1bb8
11760947502dff0
7cca856a35eaf40
4bc8c516a26654d
29389574c55831d
1c4da3fa3ef778d
3d3a7785f1cad9e
97421326d0578c4
1e05de969c26a4c
24f50f66d5c0eb7
6fe221f105e97cd
0225a4ae96e0584
03c5a0c77d3cab3
6e3b97e6948b014
79b4cbfcef0cf6e
a17ad94e9f8701d
32588bd6089dec5
4bc9f9cf3d63bc4
787e5b371555368
75e33294fc55604
01d2b88bceebebe
a1036a2f61057b5
a696ebcb8e41f48
097d4853daf5ad0
3c1dda28a613ec6
75b961241205658
977b99c18cdab2e
2f94656f0350408
66c68a620891c12
4ed922578e6537c
8fe31b2cc934ffc
906d08cd7914da0
7de91483b97f10b
925b1ef5e6485d2
0e9cc78ce75598d
a3d92ca0d8bd64b
0c1290464199c52
9035bb8500b31ca
9aa899fda48e271
9f7271f317569a3
1cbe6436c31e247
5bb3d0ef5681adc
4c66dadd5ee12fc
31c2e6b002432e2
32f4219268316f5
99caf9ecc98c862
47be4ca50c59402
44a9848eac2b036
41747aa8f754cb0
00e9fe0e20848bb
44972abef80b4e3
3963290df5c3cf1
9eb1c383dbc60ae
06cfaa179b0d071
3ece2bbde021437
462a7d92aefb24e
77370b99e94cd74
98d09d11599c5df
6f008addaf6ffee
7f8fe0be201624c
322fd44cd70143a
3cef63e9f80aee8
49d90c2b98cb18a
7eb119a633206f1
1ea87ab1ba9cc13
50addb04fc04677
4600ba2d6abfbd6
7c6aa53a11ceac2
2c9a796dba078d3
90f5378b12865c9
6aa3f16bdf0d0d5
4015c8a520f9363
0aa7fe107e90c9b
1dc0e03b2cf8aa9
5c44ce12ae72800
2980528f8217887
27cff09e0bef295
4874ec5533b95ab
1cb650b53a95b38
9f72c5cda6d6110
443c6d89d83eec0
97c786873fe1705
86dd910cd2e2186
61752b2d79ef1fa
a9f042e0801bc94
10647a140902588
0130ce0082b64a1
9b956822a865332
69b724d669b04fd
455c51e8802a37e
49f5fb3cb72a7f1
9a6fd12ac4ac534
a474899fe949bd0
63e4cb5af26e65c
38637165d7b75a7
675e7a9e98303eb
11caaee4b9395be
28c7aa4419d5fd0
101b327d6ecbb06
41f31056bc2de82
5235880204dddd9
1e98439dfdc37c8
748778469fad458
65a9df714e21594
276ecf062ca22f1
0e6ee8242db8751
0354bf7a8f8757e
276ca3f62b8c070
469748d8bf6a6dd
9f43df5b96f98d9
99331a5e87a145d
8ef498d0828d5d3
26a116e8bdc8887
a8da43619582f47
71948ec0491a1d7
14e3b694e29ce37
7d2125d27ac9a28
6ce3227603d01ff
8e6b23da5426311
7fa53bf943f2965
a49b13178295b97
0a0ecb3c1d05726
9d1e867c795170d
7510caba18cd302
3334b2d8efb79bb
26b4c49d80865cb
9d14ff18bd43065
645421641c0f681
49d52afea21a403
232b12a3734a587
a3bf8adc80b5a5c
3c359c01043538f
6cfdbc048bda8d8
12e7985ab9bcb86
98de38a467bf9bc
3ece9c454cdff10
499665d3f2f3002
8a9bb96d01ceb73
118325075fe0757
2211e609a855ba5
6a2fde9ce91cc09
8542f1ce5962edb
00986ed1cdd55dc
9941ef8ffddaf1b
6b729ccebc2a1e0
0a8a9132e5a9658
41d37c9aaf9c6fc
173ffed8011b20a
9756684a10ad00d
56de9773b39398a
90f0a28f5cbf07c
1131be80b7b37d4
1f263d34806fd68
15031fd969ac22f
57e0da0aa9b685e
a243837e13958e9
83f8ec29a16489a
45baea1f35d2941
45f716be9df12f9
49bf73c82d84abd
292e5f35f8c6cc0
03e5f9994173093
8ddac4735349e56
23ac22904b96622
832bcba074ea5ed
53a623997d6ea80
822a8692d9548e6
6cae6f0b2f05235
7c4ef1a5fada1dc
6c4e6e263f9b1d1
8e8c6f58ee28f91
433a7a68dcba688
304a30352f5e818
32d87249f87d5ce
9dd2290f019749a
394d20441ee36aa
6312dfaa6486a82
8c51eab61c1be3d
5adcc0a87f0312e
077c77eb16f364f
1b3faf8ee18167a
60dfd84227fe67b
7485fcff0c94b7a
8e45a422424480f
2456f1d7625139f
73cd04efca4641e
89cc040653f056a
3856e8ad23dfe67
97e7ca965adc066
3a58adf070eb67e
6656871590873f8
935c726634af14c
05256d6197b2ed8
4e9c0e66ba1732e
50d02b14141a925
6093dc75f404015
9f171b8fda97bde
95e755a911c11f4
1cd0dd9e62b1441
1c282227795edbd
82754306922894e
125881e3a7b9e17
659ca0fe1129f34
8dd73d209343180
2a19d94723d9c47
a03b6e26e8d6e0c
1f344d24a550961
68e0e25b13d2b2c
47f894e7ee3e715
70a78950c49ee75
9d936d3666caa9f
9578ce04c5bf388
75e492be40f1fa2
a6f8e5848db0704
8e9360d7634968b
0f786ca1f223752
1e8cfef04b501b5
570708ffdcca910
8d4f069da42dc88
6ec9f7a7ac844ad
46824992ef22cc4
28208945098bd4c
53cf770a0248d4b
1c478edab906e40
0536108295ceda1
057dedb914a6010
a9282411f673d59
5d4e4f73bbccd40
893226e1c8177b2
0c40c6de022d922
32daae2def4703b
54f2ef926ed7a87
26741cd0c514e2c
03f35a67d7c53e3
88757bd37cf35b8
384657c6df25f7f
a61ce29bcc4ff69
9a49c5a821844d6
13c8c1557d266d4
864c9764ec9fc1b
4ffbc3a4c5232dc
91a209e8bb8f817
8ff077582021b7b
15bbdd79f8aa173
29bb63d70b024b2
13215647fdaa929
3f943617e7b7eea
1227aa18c2e98f9
14ea233b9c33965
1614a881f6acf1d
470c187218153b7
6ad7950e60adf53
308442778d939c2
8aae85471f4977b
3821551eb5362e1
33c8e93ed64a833
0c0630fb4715e84
9262ef60e3d3e2d
1ab0e244bdd8dd6
a6ba374b4eeddcd
387459a6dcb8a55
50bfa34394ef0b6
946f6fee3f36478
122a9b211db1501
a265d7e7f25ff88
8dccf2388f80a0c
0d1c7f1998c24d9
7ce6c1b80c4bc14
39174192ca7ffd5
7221bd3c17378dc
12c871d07d67417
8bd52e66b519159
06a4930b051740a
2f61a586fef065c
4fddd02f77cad85
05fd8cc685ea741
16ce877dc4cb885
192e6b195cba87a
99ead6836499148
4f0c9b28f1f194b
3ac476c0b733559
9b60dd2a6babcb5
8bc36d00407d282
6fe4c6275a4d5f2
7a8b1a13e11d060
2049e4aacec23e9
203d1d63de816c1
1a4f04bacae9343
5a338794c9010e5
52635b4b561dc40
a728389678e7085
34617598bae8a10
8fab473b8cf8686
a489321d699ad82
45eaa623656fa36
023f3a9e32ff9e6
5e1aa2262fa5173
0fda9586cb8f6fe
960720585a5d3c3
32d84ff7263f1a1
327f12b7b9b0bce
5fc90adf1398d2d
9eb1dec49386230
431f14b797fab38
570e38fe3019fca
a4b919a3d95646c
a7b09db07aa9cd0
371063eec74d5b9
8a579a42868508b
659360daac67c12
71a4f367cb2b53a
a31b16976d92cb7
7fc8798e897e12b
6adf3b37dd87294
759b5623824bb0f
18e459071c595a5
37fde243dbf2093
6e22325e268c6e5
02e474a7c8f7282
a773f252b606f34
1bb71f224b6668a
6e0bb3734cc583a
1c8c611bca85438
2ba8de6c8f368d0
5f70d0d541dabf6
19f754caf43007d
6c8e40f589a0b92
4f1a0f78af4d400
4823f66f7838af2
83d6b34baae50c0
a111f94c1c0288e
1ff32b820532ebb
13a107f863b8658
195991e9c3e5bc6
4e885b3f83348f5
414f280eddf2b0d
4f18c683a066094
2798dbee2863327
160c88cb31a81c8
9b78d8ea400f62c
7806e89fb58d551
5d62aa76f9363ff
41735ecb34a5b23
566ad8dbc5ab888
7b8e5e513aa053b
4c7c3d77be50ab6
510ba3dd4178864
5304f3af1f21974
80a7a8fdd40651d
8f38036067f2a75
105d9813c78ef90
92126cf643d305b
728d762f3b544b1
3490195f698e5f4
5457381b4571193
9003ebe00ff3e44
4260aa0f52311b9
349fbb46ccefba4
5e14225d5a6754c
a7b5cfc8e62b1d2
83ed250b8b6da47
93898a16df9f198
3f5263a94a9a9af
343a7e5036731dd
1b0bb891ac0af74
023c4ae68c42e31
434a4c738a2ce37
85eeb8c0a4fa0b3
26d70b91b270faf
47504703b52e290
33097a5ff79c583
92b57df183526e6
911c7e009dd1ebb
0874b944105e1fe
0e1290166e16dcc
4493d832f2cd2d1
701c305852e3a95
a15b684a0b8727f
09a51b2c872a08e
a3463f6816ea118
420a9a3322558df
2bd8556c48e1c72
22b57e70b3352f8
4f08e9fd348b16c
57a47bd0d150dea
1d84b6c4f1a6312
2a71cba3d892fa7
0acd9d73c5e3239
7e60e337b53f8d3
a87c5cb4eee8f4d
4c4664396e35ddd
2354439c2a6cacf
7063c591d6324dc
0e54d445a1f3050
9de402ef03b7c76
5a6854f8ef53d6f
8a4a4f922c5b01d
36528ef7f548fcf
469769df3db71c0
94630bc74e80de0
1d9090af7b4a7fd
843bc527b2aa889
8753396892091d0
7372bd728884c1e
6a689f4665bb3dd
67ec041911ef85d
5c58ac115e687cc
6e0c34a2f47676a
74c318c8bc2ac85
00a24b18da7b0f2
a79d6a09c760ff5
85ab091b247f739
43a95f9623cc4a2
1112e883a764258
5a98808b64e035d
9ec562b631b4209
67fdb2933940e06
6408a0037ef79b5
26188c525b7f6c7
5b66a81d8ad0d39
23e17a296df0dea
95209d898531a1c
43fc52fc8c30397
1b10ac830ff4ba0
4d76e24caa82afb
9a1c48bbc7c53cc
874dc8254f59eb9
64aed2d7749a439
60e6af7db0947d6
28b1900b911fae3
9f02edae7063f55
860a67542917839
70ce5085d0869d6
35a2d24e6f5be68
9e076bac5890327
43e9772fb702cc9
2710b62b2bae986
79148f177161f86
5391de7c5ce387e
66ea9858d5528a8
734ac88cc352a62
53b4edef52c067d
a715f59e0b9967f
77d181f45b0cdb0
6c98773a6e69067
766bac1784fec02
4203128dc16a0bc
a4de8603d047556
292ac378b43239e
0ca109954691ec1
79ab73687e2e957
6732d3f331d2889
2507975701868cc
54cba6aeafd6410
64de70d2783c159
06f4500099c8ffd
5244534faef1bce
357757bd485b165
826c00f05307b51
20feb9c42ba9589
a491c5ef619b497
543b31c7661f692
2c7800310f14051
77c2e89bb80fca5
57f25049db3b37a
77728b62d52eaea
4dde282deca3da9
644a5d1eba13f82
84744e3b497208d
59e40febab9b50e
654cc6e79b20b6d
42eb1c5574aafae
43e8e177263d5a7
28469ee5f63150c
4497e35a39bcbd1
2afb5c020b3f75c
4986051f94d839f
66be3a1f71bde08
64f2b9c2548874a
1488607a570c441
64c2a331e2f180d
a5d662b8d5365c8
961078c3f4d6b30
11b0b0fbe5f6000
53d45a976d10a0e
00cb625f44e2cb5
708e545f941c58a
62503bcbbc70086
86589238ec9d8e4
5022bb209512e6d
8b26aa99532da06
5b319a202f77e76
7a4cd037c46f5af
a5dc4e1899abfc6
8d5e04d57bddbf5
8a4cae0003b3251
9473b67eaf42ba7
765a80fe344cc84
3fba341921a9596
786409e47941b97
2066e528f201cdb
2fdd2110c3f1799
5c25285a3c32077
05ad48071c322a2
27da51a0a429aba
1b6c1252c8e646b
041b209044829c5
34539b4f2a9b49c
4cf6c3db23cd410
3b69fb0e60cb44b
2ccd9efc1b2b4b9
26e1a980470fb03
7f3dc765bf70a88
882263a23b77e63
94e330dd1518f38
2702d678c4c57c0
965162e65054523
5da40ffdb960832
a75ea3d73eb3c36
37c56b2910e5c5e
866ce4a9e266fce
1a6d6363a99b0ad
1b7496bd0094988
6c381f9554f66d4
24b1062c9a7f3a0
1074f0115e543af
8b95e67ba99f566
82a7f6891982d80
6217bba36583d9c
2294ea04c9aa2f5
82a9dbd12cb6e64
7fc0638e545c06e
24805e799f85d83
6a30789a850abcc
16095f81285d3f0
94cddb0de3caef1
9773089d84cbe12
2e8520d6e61d319
8148a145d1a0949
0679251fa5f5e83
730346e9aec5a01
5db3a81c0d35da4
876128319679855
459727b93fe09a6
14371fde1bee3fe
9a98ce4d4d956d7
393f3fbca7794af
370ce3c6eabadfa
4f0429df99a5c60
69750c56c1ddfd9
86c91dc18a65200
9dc596b481ad7c2
5be5adb966ec4ab
570387467ed2ae8
0ce343957a2f00b
6080896b2b2cb6e
96d4354cbda72d1
a196d43945ebcdd
615449282e87081
6b7bf39332a6626
896fa451926daf5
981e3c5bb4cdf96
6c8438d0ee2868e
83e2352da1b6c4e
81e1a18278c9a6b
436cb4dd32dc3c1
283081b0e549e7d
1f864ff452f5a28
319a4aa42f70033
32d6ed768cdf694
30e9f0ed62ebe90
5f1a36f84faed27
74149f15b3e80d2
70f148ed11823b4
62c86639206b938
86a6eb048963cd3
0230d0f276134c9
10930f4aac40a51
11c96a749f34405
9af186c62f07982
540676ea3ac7425
5ff0fcc83e1b2eb
499c8b4693b17df
4a74c7c93265810
711eb5b1be4eb74
3a0b98c10c45c86
4d9ad732081fb3b
61236893e3f6fbb
a0fb7eca839e43d
32f24a5674dc86b
11d89aba8251f6b
66eb948391e5760
02e520cd787a0f5
80425738c00b71c
1036590ac64b059
031f6f3e94a7243
8ffc5fbcd516983
417c56a205a68d7
5a273586a05cf66
350ffc6e6d22f1b
1427700d688b6eb
88e5dc9271a363c
60e80e5c09fbee6
2f0f338e22859df
78725fbe779abdb
0fddd41b6b3e1cb
a7b85557e6abdb5
04ceac0f8907429
53df2f59432df37
9b420fff5e969c2
14dc4c32b3465bf
7a658be1f7d2d4b
07de4acf1f5b137
71d236e7c208803
a5a3b56005fc68a
71cbb4b14792778
20af66ea6a973db
62e69f39a5b7ea7
38a6a1b0be5096c
17414c94f3e1503
31cfa12d0200f3e
794278be8653586
5611dfa199c39bb
2adeef88d93a7b7
926799d3f1a2f6b
9e08c54c7ba6928
5b4957b5f089593
30f3206de5eb8a3
111e5512e28d61f
0c063cc0c8b62fb
266055f0267d50b
76973e784bc24d7
9df810a113ab8d4
a94461bd27d136f
47d11645b94c3a5
3b72f1655594945
1aa7fe5ecac60c0
85ff39d4248e926
732faa94bbdb1dd
2d509aca51d7c48
9e5117d14135ced
2d3175852437431
0a3add01a5ee764
379edd88f36f25b
4e26c40aa81fa36
96dd775394bbbef
67c8498854ebd41
6fb58a98a7e8f8c
8866e3eb94f23be
1fb4747dda27324
318554c2ac216ab
6de4c9f83103b37
0e40e33200068b3
a6218717fe38757
0c3f031429822ab
60453bf67d9b790
702ed6a380919bc
359d6d5bfc42510
76e80c8f6812480
a5a2949a2f84788
1d44ac349496e13
23c3699bc3effe6
4f7a8f6a6dbfec7
44f5926d5fe3c34
24ded21f39389a1
034882cbe59f4af
1938a02e41a30ad
3c36e0fbdfe945a
0711f09b6658ff8
2d8115e56d76153
0e4e9da32927182
3a564b4f714cc17
08ee129f6e7b751
295596e9f409240
9c971064bb63995
a96844edd55a87f
03878a1d33b3562
69896fecb12b13b
a2f3ce8911d3121
705204deb7a997c
6589ec8af3a5690
0ae10ed8425a659
81444696510c998
01cc7f4968004fa
257691130805493
31ee2ce74d77997
0352d72007cc835
56a4feceda21525
009c2f016c88c3a
5bd97d81dad2e25
a8e72c080208afc
5f7947bc576de60
a0d74139a83b37a
5cacd776b37d6cf
355a9f5819b2cf6
6f3dc72d23c5164
26d6d3fa695d30a
8fc33e67897ce78
459d23b4a9b8b02
39f2ba127f6eba9
36a59667db4543c
017b12ac9c1896f
3a50d443c8b6070
2e8837a939a9aa2
7b92f02739385ab
0ab27bc12e31262
a8074e4ab299d2d
590d8a9e0f155a5
28ddb4cf4aefe3a
53c532afb9cba24
55b3ae956e1d724
132293113cb5324
95648f1c47d2129
06257de2d1f8dd1
3a7e15118865fc4
1a3247ca85f64a4
3e70d8d72595978
0af42001734ad9d
242b97a7bf368ff
97e86f2338134dd
17c69b4a27f4394
69ed4fb0388b8ed
53307fb3d34f0d1
57b2baf20f3f9c8
812ccb34dee4c80
a9e4713ce34a9c6
7ba47965f9f0402
4a938b9e273222a
65f9bab4c7c0228
7dc660b25edfa4a
58c3057f74fdaef
a96157fc686de10
6b92770feaf0398
5d85c1ffe7e91ad
1a51e7f1c972f84
a30a44b8bdb9cf4
7d392feeefedfa3
36ae4f8c3efc498
691b4d1a4ce9da5
3f6289527abda78
74fb884e9e5a105
39eaf45054ea372
282f9f67abd7ac3
0b1f701eac97096
6e95427446bc402
0d29338f0d10b32
5eeb9afa654fb65
833c6eb99c6dda8
7ce0d6ef1c88bce
67e5972efc658b2
5f9e96bc1fd8b7a
253dd251f69f266
73391ce75a034a9
0f5e60168e401a9
582036e7f3597df
5beacbfae01b564
5ac99980b4353b1
86bf7fb1c2b23d9
008ff974cf60894
9a43488db7c96ff
0373a23364ad438
2bf062465f33665
a0bd5f039ce4d87
2920473c404625e
1ce5ce6bb7dcf9f
394b8aaeda9e176
6af2b1b98629e20
9e1586ac0130b18
487dbc89fcda96d
069aab0dcdf6afe
8d8d608fb0cf46e
2b2ebed30fa069a
0341bd01186884d
945e80733039633
3417861e1b52d47
9ea30b5d709cba1
7d71ab0a39da860
5713e5ee29e1c82
379a0ba9bb2a2d3
a8645385697e579
16d0f826b820af1
a3497830010c28f
97545b3db899a4e
a57a4b87e7ecbf3
36894c4e6f209a1
2db0cec6e28b5c1
48cdb479f2568ec
0931992a1384207
5c5db95a605251a
51f25aa0de3dcb7
50db7a6bd6cd229
a60ab7825212a68
60906663ce0b7e6
90b56cdbc07026b
55a96033731aea7
766eb319d953603
468c77b28e5ef5d
341f3c7fce49d2a
28332a6bf376095
9ef8cd3ef47abd7
8115b16f0b507a8
a1cc75cc0433620
9c5beb25edbd5a9
2f1f511f17b77ae
49198d4eb7ad663
5e3a2c9d888e29c
8143507ce2666d7
36f6228346365a0
8f336117527e7ff
9ffe7ba348c1b78
9ca49b07bac4a48
66eb75910bff5e9
19c52411bc41ed4
7b4eb12c0f09a56
0da4afd7dfc4e04
a7169cc6b3cd793
91e0fa0b4889670
64154208de13c48
131658005fce113
94f58d90aebb4e7
59f93a1846cc768
296bc9e97c0d40b
672c7e07384781f
1e1d92e0ab7cc17
40eeff97e279196
937d00eb3e03c29
5ee4d34c5815b67
7ba30588b260256
239e112ca515cbe
1d3adf45e789496
0ca1ee683eb63de
59c3cabcf526bb6
4067fc17cbb3938
0cde7da8f10c2ea
2931511fb38e6ff
4b47a9f19b3f96b
4d680eacaf3989d
00cfce03cf17b4f
3488698cc8685c7
7377fe6d8afa145
976369bf4215723
a62d2b2b594b0de
036952e10a2b3b6
54b97af62ef332e
357be2e477065ff
3550b9f097202e9
04758ad83110d28
23b2c003d348c65
50f74f1ef2352b3
4e551b43d749205
46e87913096a431
7c30e3db56d37a3
6058ec8d4aa467e
988c7f8cd6d92ea
4fe571e58f486a6
7d16ee09c18f775
378f9679cc76775
09d01e9efbff1b7
0fed50e78d92508
a6a6d6b83444ab1
3db027ca523fb75
a906c09bbbd44a8
7291487c6daf06d
956a03990c26605
34e5919e85a0bb1
1ca5fc7593973f9
3786a16a34b83d0
560d400e7c9f1ec
4679652db8389ee
3aff784d1b9c704
446b7b80a743318
9d681436c036fb2
9c39dc0048bacc3
1509901d5771846
33556eb9effe84b
a04a0d3b38edb0f
8a815d42bfd153d
872e06d39e85d8e
889a18106ce3e85
1e69a3c9ef62f58
00a4671c166780b
11c56de2907930b
8f508f35cce4e76
2980ff560361107
8de783075ede616
80b58c317ddc400
8dfe6b3959e462c
3e7adb1eabe8a9d
5241b4515c9e5ac
04f460e07f7cab6
4d527ef4d9149b8
00f5b573a92f663
03de58e7942677f
268a970b94cdc78
0cd6224f8d90309
46c2ab6f40122cc
6cdfffb63299d84
42831ab99b9acba
9addc272a8fed80
5f0782183cda384
340724b4b68501b
a3a8f14f0da60fc
a6b0c9231acb215
009774bb76551d4
37248e02f5489de
3c91fd796f11698
55cc0a6f0e25aa5
43020d55a795d03
8312176dd17aae5
716936af4733411
94abc1609dbcda1
8934061bdce4237
a09c9e3c3c511de
7ec98a399242800
2adf2dfb05b9494
934692ab2bc98d6
433879a029e9e4f
466ed438a422ece
a244e98f038a6e2
a54d801a3086be3
75ad165f2b28ca5
51cd834896cc62b
3c7eb39811b1129
6253cd397aab17b
2b543af63d9c504
5872f9601d8282a
0499e1c6c75fd11
637d0559a6556d7
5688b7deeefb4f1
370ee6786fd6e6b
31f1ccd746aba19
932aff7db1f6052
97d59affe641837
8aaa4a2861f8b82
9132c0ea30aea3a
7acff92955fff58
15aa053a7773838
166d57ee3b8be79
654862562c7c93c
8960512f884e484
133692523f368fc
85a801dd9c0cce1
643bc9cc11523ba
a28d8532cfaa01b
12926ceb74c07b9
0c1f01b86425d26
9bd4cc4f2bc3d05
9c21c3903e9b6f0
907ba9a2babaf7c
7f3ea109da9b716
2da27874af44227
560ee06051b9488
0d19036d179280b
314bf1e6ce20a6f
972828053d1ffd3
869d9669fa28aea
479d5b9b6ae1955
162ea9a88943d13
189ef7253b6b5e7
50a0502aa6ca152
0d4283a9bc11876
3a6bb5f6c136f94
2c803543e34fdcf
02f50263e4a8005
48fbe5e146822d0
1fb9d739c120353
0b8f7ec625885ba
35f4b806ca6047c
238dbeb1c683894
a72a4568a92bd70
7b6a80a3b87654c
26999f6186eb1e1
496cf7cff84d10c
40ec046df2fa6db
294d2668c684413
164cb81eb40681c
770e8739fae49f5
67e70d9ee2202d3
21761089429c1ec
78008561c13ed0d
4386ea4a2c6d626
7ccef4cd1a140f1
6605addeb26340f
2c1286acb3f31ab
4459d99f05ed0f5
41542f22d88ba19
3feb32203295cfa
6bd47a602da692f
0fcbfada654cf6b
7e1b419220d5198
165957d641be286
0058157ec9329c6
6a30f8c0af787bc
6e2e1ce712e77d5
8ceb9f31331b076
0b2672eee314aab
712ca8df0fd4996
5701d082699a25f
a2b576ab3c60341
6cfc4424ad1983a
0e7b3592894df53
a775113dc318cfa
3aa697e85ef8c79
62a78617f658862
8ef789554f2ab60
0ea6ae4403e4f52
651ede8f69a7b8e
7c379bf44903ffa
9d7c7f537b52a10
1205b9796d2fe87
9a46da3bf31f209
2ef6c53528f2e49
32e084bda2f08dd
7774d313cb209d7
9e8ed14f9ac9d8c
76186ee547efa82
a70817372973710
75f69eeb5f26409
616382de090704b
0795ee9f53fa351
061c63ffc8baf6a
54a5d8d0f0266eb
9970ab4131c791e
3208d0b66d6afa5
36dc88083e5f928
374105f2dad28c8
0691f0ddbcffb27
2b7a62553d59b7a
6e56d29b7621754
8d06bed96b7fae4
7548312d7b57c53
268b7d1db3aed63
500a30e8c9121a4
0c65cf4cdc0030f
39dcb673a77b453
4edfe978ea3ab06
66a6f280d6086c4
87e07e2341fbf6f
696dc810921fec2
667bc2afb7590a1
90008226a1f1832
474d428b1d59aa1
2bc495f315342ed
7dce4af8b70d452
9afbd716d3d629d
7658201b8f9c177
84d172437f2140b
87ed401b7587d41
2cd7052605846fa
a3e0b44c8bfd8f0
0fdede5e9bbe16f
704f1348a78b5c1
24e7e618dc20f61
9afd65806e4ab97
81ec88c6cd7726a
7206b2200b36da2
886f5e1940df07e
6e797bc2c85514f
605bd37664f91c9
69569cee332ff91
737befd5f6e3b15
7bfc0cec8da0d26
a03484ba76c0e77
54a503fda635d21
6afb673d4bc0274
95f79b18aa2d946
8ac87dc68405b02
2c9db450cf75e6c
0fe31e5f7df08da
3575b5a90f2fcb8
7c227985fffcd18
5a759dcd2f7faf4
82b5346cbbb5257
9de77481fa4d6bf
701d090079d4335
572ffc3dbf20506
a480d403984f641
3501b3774ab16ac
8fe545cadc440ef
2b994c00863515e
0d34054461fd973
4c258cd366a5377
9139e964b20d7b1
a6d7601d3ce644f
442da52c376b2ce
1d8e1f85779cdd0
27b929ff7abc830
11c91ee5a778a4c
a1a5ad15fd7be8a
3ad65aecdde9fdf
77aeb363ce0dfc3
98624ac70db26ca
3326005a35f9060
33cb41ebb16770b
8a0bd476589f7f7
9b90949b33096f5
09a77a9300c6efc
413ceca841e2817
864e52b09f67e4a
41dfb8479870423
78f4a8803ac2b06
54676c96197c657
1046dde7c1325b4
0f51e709ea35cb1
8c0e679ab791085
03676681387183f
05f059aa0f72540
633d4dee284cdb5
43e8421a815118a
3dfb5ac890b10c3
9a77a49b461dbbd
26ca01cb3213118
2289f377f5e970c
283f5ef828ca13b
290eba914f1ea9d
76727686a1ebd94
5ed74abf9f10b65
1588a48b773c048
7f34471b3aff45e
9962deca4c31ebc
1623f9cf9b536bc
8fb4890f56efda1
6d923823385e56c
625358bdc6b4286
4d1d6cf2262c4eb
13926930bf60921
0b20781ffb06e35
049c23719d67026
783cce043049c63
32b8d6ec909ed53
97641d482a20e6d
340dd447d204718
6831319a19ff220
4f8e8cc1ff07d82
5621e515d8ed5b8
52bdb2316652b24
49d98a73bb958a9
3f6a59d1ad5a036
31e56097ab9d2c3
55cc1be47ae4841
a3c01e53a0307c9
8e18a3d8463c2dc
7a0cc593e1fa9d7
00619d1b5e839e8
1b9a3d06cbcad5a
38f95c21a63cc4e
12e55bf59457930
463f1149b6c23f6
80771f7d7fb8aba
9d6a1045e6362e2
1cd2841734574a4
6b11e0e1ce416a5
9653c5d9ea7ecd0
255ead24185b522
2273ae54b4dfa25
02756efaa85af8b
a9aa10a9bcfc819
69aedca77d76d2c
2f0c322df98de35
5baf81d5ede6747
4f3f61aa3793480
9b1e39566e42718
375208ddbafbbf8
01b3206174202b8
2872776ca13ac77
6a1c9b3b8327347
7ef96c5ead50a72
4d3624b34e6d88d
43c27887dddf3e2
497ef5b57bf5aa6
3d5c8a4beb217da
7d4d41e4bffe41b
9a40480e7b28fde
7270a7fe986bb28
426435f16e4f305
427eb3147aa3a5c
2ff5850b1b397a4
5acbf201dcc07bc
44a3894d804fd72
9b4dbe083f79ea1
53151925ce239ce
a9914a79b35f87f
89e36461688a7f8
35db1c88e13b62e
5099687159b4dd8
8dca96089fa4c4b
776a36d45a06b14
1be678c74d8336b
721338ef024a54d
0da1dea5e915813
585a1c159a4948a
038763bf4570031
0c1934676e6c5eb
40213e5614c8d3c
37c989d038d4b2a
088ae2b23da7891
8e12be1f6d265c2
3e53c27755274b4
42d984fd6123cc7
8216e83be719e7b
300134036380d99
29e960cb9853b32
286b7463d245a8e
a01ccafd1a3936e
a83651692ed30b5
1168155491f2142
7d2328a519008b3
1a7abd628316099
799ccdbf2c1f7e2
70b1bfdbcdc7d11
6d5f28ba557491f
2f09a7d3e69d6b5
9373d8c9b1a1a9a
2a0e36305b83e19
7404100e69a9be9
62e688a27617691
3c3556205efdd14
89e278dc7ae48e7
54488bcd9181461
3ddb1f8e81aaa26
7b84525fbfcc00d
385f8335c16c0cc
a23f37f7ac08b18
011c1dd9c40439f
20cc1b50f6b155c
1b94f7912ebd9ee
2a4523dcfdb7354
65c458a112a53de
3936441b854814e
1eb2586224afa77
011864cc0584d6d
3c16bd451d242f8
6ded7654bbcd671
84f11780aa15644
6d17fe8bfb9aba5
59687c57c93b51b
4a597981156d88a
36a16845bf3020d
7e6d9f138810026
40271a7bcf60c28
1241f488553f001
0e5c0a7584e3ad1
28db63d6e8b4088
20d8745fec5e2ce
09ce285ac0fb031
1be0653ebaefeb4
72077f088b9ed97
6608795a968d1c8
3ecb2a3078d7d40
03137a3c27de6af
07ea31d4034bda9
0c62977630998a2
60581aca0998bce
5a73330b2612ee6
586c83e6675dfe5
787a82792f3b107
13e11a7dad0251a
9cef8bf0740c4e3
47a209f5e997ddf
79bdaf7b4a65d9f
5fa5033386962a6
0da1f01dabdc812
74ecb680065c9f2
07a2f12f7bb457a
1c6a67e7414fcf7
594edd9b5f64da0
79bdc7e13a4e1d3
7cd50f106d1ca28
9469bbd95c71040
37300d59356047b
41fad5f21d943ee
7f35c06f3c2cf6f
9db53731c3abdcc
307c0e19015e607
337d91407ff0534
7b307498630607f
9b665360b9dded1
145f5fae003d6e5
2cd9d247196402a
647d206c90bd22d
2a66827eca37554
6534308c0c957ff
7951cffb2d7f80c
55110f773b2de75
77f443fea8772e4
4b35527bb0cbb5f
6d48f04c7b514b7
6784bf3bc0b0018
619ee2b009192ec
258061ff40437cb
6937b47888a0f2c
307bd8474da920d
8d24e3945aba42f
474dfd7ef91105e
3d3600c05148587
5e5fce2b8aa20f9
30252a735a07c2b
5843e5bb8070619
90b31d38a50082a
55083c6749c2a27
9f58eff3c8fb4cf
5a3a50cec27c18b
949b336db8a95d8
72d46d1363b4e18
451f57edab28c52
5b580c16c46f8f9
4e4a3f6faa590ca
08a577d265bf7a7
5e2195f600a9ea2
78e9ad197f1b40f
a4cafb5e1203df8
2e02f90f7a10177
a85a79a95bc11cd
2ef40de7f7351fb
1dec7a851435c33
316c695f84aee46
10cc9a937869f1f
903846aedd6f87b
6bcb38c10ed5a65
0783ba425465e4b
03c9e65c43056b3
40b2e9664a49bf2
0981ad99ba25ce8
9be5271fe5e85a0
337846de08f763d
90bff36ed227226
384d4516ec62efd
1d55769c901d8c4
7520c8784c7d099
37fc51f12d14bdc
29a2546e51747f7
1478b1c6bc9f0a6
a15efaced51084e
5091596db429b97
733c711076b2ffe
376a8cfe4d0c525
81e6f1aed6390b5
301706ec5e9eb4d
15b1b939ca65b42
4ff57dff53f4008
0b5a726ad1ce905
0fc005400a86b8e
13b5ce0ba70bad4
8f0d8d1789b3c25
04b2e94ffb34ec7
70f14626f43e79c
8b61c49a132a0ee
1a9a1ded457910c
85814ca2ad0e875
6d5a1e75a09167a
4856c00c8697d70
974710283e3acd2
7d785620257754b
7bc4de7cd1f5a61
719231462f7c3b0
83b6e9cd66dd65e
5f652ca6a9865c3
3a516fffc477eb9
70d76d563b32796
9eb66dd96a22ecc
6eda70c18a0183a
20a109c67b64a1f
827d5562f23c22f
3f8800090f95dba
0a408aaf463e249
97b98f016a30d2f
2bfb7c70036acc4
69b5176ab0ad9dc
83aceddb791736e
12da5f4c3478225
02ac7188a76edec
7efc7ef143ab1d9
88a5531b9c00ff6
6b5a984a19c10ce
23759162e1a1aa4
0e671dfe04ea07d
320b69c7ab8c033
268440a48e17997
9b1b220ee4aa9d9
3aa0ca0a169f29a
802832a6ef424f8
5862a0c851b5345
79ab5cc8f6ee283
46ff515fa131371
6c7e5ddf34067ee
2aabe0dbb4ba5fb
95390a04c391dfd
7170f85da8db237
31cf033902bfb61
728815e03b54c67
6dd55e81f87becb
6772f07b9177fc3
27b3ff8a56459b6
0f9a02464f044fb
4414643ffe8dd9a
9d67dff16ecf6f7
2c02c4417aca5e6
7133eacff10fac6
07221c6b483656c
34c828ff6be7494
6dc6df84b955671
82c3aea39b4b81a
3b7959ba0706a81
21bfcec17eb221d
7d96d2af62abe81
0368ae809fcae75
3fbe1328699cf55
5a822c2f2487a1f
07d66f136770829
9520c3fd9f4ef9a
280dadd1a4c9404
8500bcdde07b6cf
1f09800c10c0032
7d3d73471ca4b8a
683b6ac63384b90
919a3ee08201299
5e025be727b2a33
0883738a4c58b5a
1a56e8768dc2463
9543875affb21a1
307f368416c6ec2
780ce54a88644d2
454624af36d1cba
5889e4756de157b
a7463e9e6106888
7fb87c5b8d32460
603662329edb403
6479d13c544b7ca
5c420ca0f8aba07
134b07f3b630d4b
60899939bf14fd4
2733e23422ff6af
1841936668c7736
3b593267b9328f6
4618cb271757b8b
5d75dc36802fca6
13d0aa27d538e04
94c28fb79a2c009
45b0d169b2479d3
55587c4cb63c4b2
6b73e5188169f56
a61a5327e078ce4
8400e62497551f4
0ced6d794cf197b
79fdfd435cf41c1
4a48936b9df3bcc
1ccb53ba2437b3b
761e1223563670f
1579c65831ff67d
5de0c854333c8da
2887bcab54d1294
968b7ea0a2a0b1c
918ca422d317fbe
459c3980b000ba9
78bdfb5e5d70962
a8e431b4f267bdb
9205def67b25ee8
4344a6b24e0ea31
9589c5aed8f0c98
59eb7e5692d71af
a5ba5f3965e2831
a4523faa020fd18
9b96f1463aae77e
10c62f945b94ed8
641cced5a965f59
6d55bb748b06f12
1663c4615e40d0d
4157d9d17a5fb3b
477cd6d40e971c3
48d0ef9e495b6fb
60d9205e0fdb56e
8381c80f3a9fe37
7928be6d43866de
678a11f2654d672
1f0f89ad227d8fb
5c055b808f813db
81517726d64af0f
363d9c83c774e69
121daa7ebb0b0eb
1c017635e54ab4c
76fd683b907a538
32e78ba92c2c222
a26db36b530852d
0121d4122745f90
46e9fc6e9418483
5eb6bad45a4a746
417051931be5d6c
53325789beb9170
400c3da0840758f
6af4795c5a7f1fc
3bcd5a4615df00f
9802e44106d0822
8b17bc1e92321e5
25d71b28b571353
7f9da72fe96d01c
a4fd0796a63548b
380326c426190e0
219bf37b45c7fcf
3dc9de9d83c8506
763b1255c0b9416
304cd41931e9be9
0ea58b41d4d52e3
5d10da12f74a503
1043183d343a7c3
342caac63cfc9fc
0cd83502620476d
30afa9e49bedf34
a35cf511ba477cd
58a44d96f6e84d1
a2acf286c2db471
36a2d8cfdded3d2
3f80e6003b89d87
127e9e98a831504
2ac3edc6aa0c936
77b0cc6ca9d732d
5aeab50f2e28f38
7e1f497a6aa1a1b
7116ab49cef6a25
17084d422473365
8137984b04e5124
4ebb5fa8d22c43f
534fd5a95fb7ad8
3522d3c829402c3
99a343aa908d54d
90d2d97244d4a35
0273fa91e7b7652
7fc78c8ad5dca5c
5596333e933c13c
04e4363060b6c41
23d01d9477f6b82
0e5df0185b6698f
19359872bbd0ac7
a108b570b7301fc
41cb758e886dcdd
85af7afece61e46
006af3e1c40052d
2f7d3ef7fd4c765
480014f1e78c428
807ad8bdb24de53
324b568205f344d
a61ac682c1dcc66
9c4086464125afa
8406fcd4cbec50b
1d8fd6328144455
83e22a8d8f5e135
a043966e530f5a9
6db602f8b1a6d7d
7a45775866a035f
9485aad221d061b
4c3106aad072bb6
0a33ae43ec6b4c6
75a9fbc97bbeb60
7aa2440a3992767
804680ed57b5452
65eace29d6a5203
9de42699bffa3df
62f7f935adafabf
5ccf69baedc7774
31e16fb3c3c7856
810498dcdc839e6
40c193811e9f09b
0bb7631af2f789c
256a3cb0c6c9435
317f0ac4507802e
5f139de268eabec
680f5cf3b0634b0
9f943739f06d69c
a03bc4087ab8cc8
4c5e229e4abea5e
1dcad2e49268515
741b9fc8e880751
46207fbe3ae2c30
046c7b19a014b7a
743919f2d3270d0
a6b102492ef3867
4a81d61bea29cbc
76a1ebf8ba3f63e
7bbc30ac0499b24
9cff68fe8eabe8a
969b18528d7656c
3f007553e8ca6f2
820b2aadcab5e87
741958ec15c843e
205158f3df0c4cc
9017f840ea0608c
63222d946fb5fbb
8f5d5ad1c4ab37a
3fc1e19bea51f20
366787b06639b58
357899a1c40e756
6125851f628e479
5e59340d2488aba
2e9fdb756789e99
09c50c8e0c0a68c
329c0a7460f674c
91d0939d1eb2dc3
75e0abcca0a1d74
654208f88afc686
93b737e65d7656f
603e407961c91da
4caa258183e3a75
072fcddcf1d0a3b
84279dec680b523
2ebf6b0f4b42db9
929beba97da55bc
1272e4dcade5af0
a8e8268db97ab71
2d8bde81f5cab2a
99a83f8079b7d6d
75ee30be6fafd53
7e1c46ae378b41a
057debf3d0e1485
77d37a383aefbd6
8e91f2ba9fb4a39
8c7e417f7761d23
0bb2de59e6675a2
a672147603baa15
7413598746b289a
94f3420d0c70960
a7d783869f12434
36ceb5232323ea1
51b4f9f9734d70b
15b09c368d19145
5b44ef0ddd4d899
6dd44039f26d67d
40e3efbc4c0c8f7
1f1d4caefc0b06a
4813e703dc39b67
4de41c2f7582e29
9481a3a75364268
671f17e390bc49c
50ce3a17b5ee2ab
764f0313a09ebc9
0c889e0fd41bfb5
68adbb501d40294
973454c94103d8a
264bb807d7bb93b
57faa465c734288
59b8793f6a66507
5d7608089bc47e3
0760c6f6939baa2
82e0361af54ea15
7e49b52e2b28726
291f4442c0cc7a2
488433940c965f7
15a0ab1a24fad93
25d4270098540a4
851ef1183d7f6d6
6f92c57f377a9b3
9d96f3e6406cf5a
4edf4643c3f18b5
12685ad250e784f
a413146f6ce32c2
6baf1d33151a623
548b7296aace86d
1470e817a38a133
6edf6bda9bb683d
4de919a7e8d75fa
68b46f389c377a2
0131a99600703fb
6c82703fb61067c
37a17e8f1086b70
9cf510c651deb31
1c3a255372939e1
42fc5b6b04bbda0
77b96079ed2447a
69efe032e90c5b7
44629c7943787e9
32bea53970e7522
34efd93ec31a832
2d7708f4f442f0e
a23cc91acbad7f1
0fc0bc4bc3a1453
944523b10cf4330
54da6ca0aebd90f
522cce3b664bf32
386f367f078afc0
21b66f1dd640619
06e8be1bce4f9df
2028830c07288ba
3abdf659b666ecf
9d721461715af56
4d3c2d9c5c65579
2df6305bf59bb3f
4f979d83aa1e94b
a9aaa501cfcfa5e
2ad432185cfc421
5f201c909a0a284
8b9dd8d9b8413df
8e494ce69b8a06e
a8b1739f1dbb1d7
92e85e976fd7a48
3e9d2e11037d94c
1433b8699abb30e
9af882004dbd468
5862d70d3d3fcfc
a87e1fc966fdfd3
451a4df6b91b52f
4d1092a83e4fc90
30b90c43d979047
8d0322bc78fe11c
86335b9523f5de6
27bf870b2b16e2a
7e5d62f37a95970
7f72494a286487c
8c351b6ab7deca1
4bf6626a72261df
2487ea59ce630b7
62d3e66ac5c976c
94b2aad1cd76f58
816959b3954f1df
7497a350b9e9232
249902510f30144
6910d647ebf20a4
7f73e13256ba9eb
a4965ee98e318bf
5954ab484953087
33cd2b1a2419f4e
25981b561b1f1d1
8b7a7538fcfc1ea
7a23e6f3dacf1e5
595f24a0e9dc85f
6fc3d4fbf942f92
63906996365e85f
473da781a946cbe
a14af394a11e341
4d24b9c78ff335a
2eee38c92058e1a
10ea294b0493d15
230352712b15a5d
54266b2febff172
0fdd37a661ddbf1
9d2922559447bbd
6fc36d63fd8c681
9635f6e4ea1c4ff
18b7f0a863ac41e
526b639c8b224d0
1a8ea5d9816f490
2fcd57a5afabac6
5e94a5af2ba4406
466eb675af424e5
2fbd9c4471e8287
257b77af78c5870
2c627b2a7426c1b
07ecdcad9922d94
462a969d6bc2c7f
41e8ce9b239b412
090c7c2cc57fb47
2589121e575589e
2318761acdf61fa
582f2c2a7439a05
583cf24d58fa11a
05bb6284a2fba60
461228304825e5f
15af7df8bcd715c
632d9aea7e82182
37c3f69719f8693
2e8569c827346e5
0b29a7661bd8b3d
10c38f669a7e60a
55262b1e3b4a2b3
45733c97ea4067a
3476ebe856a2923
79e387ec0654693
361bd9ba4406912
387ea7c8df70615
89359f87b6a1d6a
03b049950abe385
1aa74cc2c1b4934
69285a54c10c109
8f0b0e7a6285465
2058c1d0a6f08a3
8546ce6002d4abb
1a3d8f60ee4db83
710b41c86e2d892
929092f6f8bd36b
a1df5109ac642ac
19a78eb8de8bbce
041a6d75bcf8a7e
97c68a6071c633b
0288cfe8b50d939
3e3e7690738a148
a531419bd333357
901d173f9973c39
6c1ad8cdc7a34e2
7ec44ce80aaee27
982422a7317ff12
045f6d63a6e0346
38da9fe7fb13614
9d204ce207b779e
1f864e9ae80a71e
20654913d6aeab2
87861eb3a07d4f6
4a7fd2bf02c1cfc
08c8dd0d865747f
747e17b2ab90dcb
6de3314cf0e36c1
2fd8fcb4df4556a
9c16c391bc7acb1
9f80ef545589e1a
57879d146a4c34b
0313993e80c7a97
59db1b26fe523d4
753f8d212f32ff1
75b3ee5cfe7ac10
58f49ee709add25
4ca05b705890dd3
6055cc27e189a80
0d1836123fd4ad8
a78fac8380ba825
a0b46295639a728
0b474f2bea9b9d2
2377136e016ba67
329999158aa4285
36879885c95f4fb
5bfadd3899a5c69
2309f5e4ea5f0e1
0086f0290fe4dbe
587b640ff09dac3
2ccadc80915e73c
a2f67bd684538e7
4b80e8b7a7cb1c4
956859906daac1d
74b9788930eb78b
770354eb6e5c246
31c2965917da17d
9b739c4a2e3db51
6df12de5d8352bb
15ebf16f5423389
a3b0fcc12860ebb
05b6b643b648622
2e2064a8b586b02
93df17ccd874485
059655433976e9f
7c3f96891a0502f
13c362a7095b8f9
5645f482c7552bc
9ac83815c5056c0
0612e0a89415608
0f6377eaf19019c
7d65528e57144f9
6da0b843ef83969
7de993361d7fc6b
9aabd1b3d7f323a
1562fe551ab57c0
59a924835d55738
67c6579b1a2b17e
178fee023438d30
a33c1343b8cc03b
7d8e4ad6521e3c7
a38edabc26e5bd2
1bebd1786d0bb74
8c0bc1c891a72ca
1c1192a845bca25
75d807beb73580a
2e8fbbe60844281
8d97faeab44deba
a4343a5a3376468
2c6c4d455b74674
14d6729393400ec
0e2959b862d53a4
30dbcd2d92ca839
30ac59468768695
28ce96eec53acb7
0948ed2a81858f3
4c310b9eb274bbe
9fb9348b5b788b1
10dc5423b183780
0918b74c762c604
3072b30a7375219
21973c6dc2f38ca
430416de3f132a5
5a0acc0a9398186
4fe0a0ae84b8dfe
17a951b354526b9
274ba8df358e10b
8092fc6ef5c9daf
9134d3fbb324097
9dcb4725c9bc0e4
83b959321dab022
287b6c03d13c7ba
92c00f86a5d12cb
03605841a3e01e9
2dcb4478f270608
220a9427e6b9cfa
189f0f1da6c7227
770fb010873a3d3
0e91089f5375f23
24694da53ceeed4
9d41db3248bf3f0
67836b1e1e96ce7
8631d389f697687
572133409343fe5
8fc42c1970f1439
3a71d9c053ef87e
20fa1c26a4b98de
a9f597003b1a438
1eeee88395ac906
7470111ba269de0
7562f346499a0c6
a59622b2a04a57c
654a1dd2a0c80bf
1d928626c5bae43
6d5428214ebf493
588ebf247d9bb34
036743ac0ba08c1
800c5b38b1cb321
4b49e2a3d788aa8
270129893caa705
4a4725399cd8e51
539a31404dd0f15
155acb5809142e6
4e82bec9ad59fc9
3b938efda7b4f5d
5ffc4a3b7944ec0
6f1272acc0779bc
82de66e3d59c88a
0ecd3f7b523d446
72390a53970915e
5aa69cc62d46666
74e3bb32ad452a9
55913c5c70beae4
437a39a2959c741
56c4eb8616cfd9b
36890f3a28d692a
11347fcb3ddd3a8
1280ee755dafdab
1ac4e38d18923fc
00d44bf2efdfc98
291edd3123d3c86
a38a80faed83180
046f780dae1d415
6f5a973e03201ca
0a8d394e01458fd
98c5d51c6fc57f0
948036cf3cb4351
86b7425a9fefe2f
300d4a47d1ca88b
8d570fee226a98b
897d2cfb51a31af
08e0851566f7e3a
a8f33b6aaad1301
735724b26b20cae
a56bc46839ea761
1480af4b7704256
42aae8fb8e37546
0d1e2af0eded2fa
1c0212248848ee3
7f637358f950dae
6bd3245c7aa9413
62fd8c3b1b795fd
86e41320162391c
992b4a7ec7067e3
65542438e3cb48a
a1600ebe38230e9
2050ee9b74ac068
a52f36112830261
8f1b375f45e055d
4ac392046646428
49b405d8192b8fa
33cf1d303f9f225
60812c60975e320
84eb5b01b80b665
9c26c7914373e55
a159ae228ea7a6f
a22088c333a547f
0bf651a2d474660
6f45eb191eaf4d0
6d3329c0f490a82
7948cbe9ef546f5
519c20f949522c8
64815f9b98065be
54c2275a4374916
03eec615d09da96
337893b54924e55
4b75eb64bbb765d
9fb9e0d8c36372c
81317b6983fa0ea
63dda7fa35b2705
24e87b9f2c57df7
081736d26e9aa04
9a6f0575c731e26
52419d9f13e8383
341e67b6f475335
89111e0632f930f
93afd874f907ce2
2dc47a38942c6be
7d9ea38de44e396
926d9b6481603dd
a0a0c61663d4f2f
7fc2def6f94adbb
889503808636f33
270a20df69ac94e
426fc3c0c7af5c8
0cab5126ff312aa
74808806b5d9e85
0b75e45c3aa3d64
21c9cc7e37fbf58
3c756580c1cfb6e
969911851c078a3
a2976aa73f8d97f
6f3e0faa1c8af87
0ffa3bce5b29561
2ab018dbd285e29
8fa80e16d9f9124
0d831f377f4e342
14bfc8dee3f44ea
9d2f5841707f31e
63deb399afdd095
a5f1256793cbb55
1f0f0e311b57c8f
3c3d03f296daa27
88bc0f8485e9132
5afef3f340d2e00
3b334870540eaa6
9f2a4e3d2e79838
0125936b9ab3bf9
54b807a000e6bab
42b1f9b484a13bc
7611e114d8fcc2e
1264d2892fcfddf
15c3bb0d9a199e7
9b7cdaf4eee8e29
7c3ced542b270d7
84e70ee4f19805f
64f3e1312c014ed
0d3b02d36ec54ce
9fd148dfa945375
892f99f44662000
87ce9112f427c86
592e6422ece55e4
87b5c136db9c069
57c65f38ba003c7
365ce9496b75350
47c40908eaa15db
1e47273fb2fd5c8
39290df2f808dde
010d7dbf58249d4
87cef94513d463e
2f699b27472be1f
548b167db685117
a364885d38cc385
a67ddf92ef82c8f
128ff04e1042233
3eaa511874828d2
303a9cab7435e2f
319692ddef842f5
543ba4b189834ef
8d54623fc9645ed
3bdbde930c8ac1d
65bc8bd5f36e531
8c8cab4b609b74f
96bd0cea275f3bf
572a112761899b9
8dc90d4718842fa
5a704f036486b66
8e25531800f7735
461c6b056bad76f
16e852165511e91
92d9ddca5c2e914
286ee44c9c07baa
0978d97f12629e1
5d3bfec084e9281
85bb40ca419e86d
20ad6dbd9b8d8ff
a3e5c52b1684902
7509c9c5192eadf
793f52838db4ff3
01d8be8da283944
28217af50e55a24
464e647067f2e27
874890e27e100b2
529654a40ff6d25
8c88eb3e1048695
0c38645dd4dbdcc
0476fb53370443b
22e2b85301c66de
3b8d0cbbbadb373
494666cbdd978cd
2e41e00e969f165
2465024b3126945
8e3aca449f0e90a
907ae69de5446dc
6bce9b4fcc981c4
0c24dd7da740e19
341867f3fa3fa62
533af19e2523f87
02faf02635658b3
476733d2e636df8
423bc91fc4a18a0
57a81e3644c0038
012b24d76ef3d8a
742cefa2470168a
81ef740ea161f54
5fb62b962b96906
1a40ad461d9278f
11f40dd41c39f9b
66cf4ea65759bd1
3b256a30bb26ff0
3ab461f5b11e82c
1f1f0a1ff8dff2f
7743dc9ab4c8c58
5eb2c0916fdb78e
86cab43c76c32ea
2485a0675335b4a
8553ae15709a59e
3d19153dc963972
703d049439dfae3
29f72c7c7c9db21
a0a340cd48d250a
896b30926f510ee
56f02a2c2ab0584
80bc259e16cdd90
094a8930e54e62b
a6d740703b53c1b
0872597b54023f9
9036ca01cc2868e
5f1b3df02315045
290aabd41872771
0411b408c131054
56aa9deb7a8a736
3d4cd6bffce2dbf
a246b222f944a32
3f613082c0b8a00
14bce3166bb52ea
a6875e660371b86
9aaed7ac8ee50eb
63f93fe7e17306b
48c142f57ce5712
22ef0dfc60225c6
1f30359aa7034cd
4979167da6a579c
32111ef2f546236
4c4eac9fb8aba48
37ef41aa95b4104
04763bf35d23d23
978787a97ae5b35
13f89280a75c533
5719cd70a5198ac
08c9b2b3f289ad0
6fb4111f3355d60
4c619eb6d18daa8
8338c2413b112ca
11e8407d4c1aee4
a2a2be60709eebf
662bbe11e073184
20cc13d3bc55a93
18b02b56b41aa29
8369a692bba03bb
7230581c030c46b
372f436d9227e0d
08961d7fb9ecb34
364d0b73c1b9fc3
8028e1ecc36dbb2
6a8aeb63eddb0ee
93b2dd21be27e11
2a13d7049b17520
49f6f1ccc437f16
600dbd153029699
19c02aa649a9767
83b76c1296321d3
565225d22815201
6c1b8d4e435fa7b
133e654e6ddeff7
4cf165e63b095c6
322e1a39bc2024d
a2c06f49a5bd979
96250a49724782f
272373b024ad982
5685073d984baea
1c556a3796a3d63
106fa34deefccfd
1500838266743de
2f9a88e84c307f4
6ccbcb77b8266af
8405f3fd653d31b
9f86a1782ec0eba
840184d72307bd0
4ebcc912d374a11
942e681202112ef
7da684bb8c26227
7ad442655fd4cc5
80efc1e8b7bd937
6aaff9a9519a39a
27dd48020fa91d9
4344f0ac4373006
9b8a480047815be
8b0577e0e9f68b7
54b714b98c3bc7b
a65172c5f884c9e
13e67b3100704fd
044165aff2311b1
60517fe889c8431
a9ce0f605a6d8e4
a634d5272b2745e
6265c9ae1fb8b6b
1bb4e9a225b0220
82ff0a1c2a5d9cc
9e9cfa4c95a6294
13337da89c9db9b
63a709b1a51f110
9acf315eb2aba9a
88754a0a11ef895
3c9b9b4363ed24c
09e0bcf3a577596
9c64b68cc2e1404
99a540be87b6cc4
217fafc990561fc
62bdef2e2700e42
2e409d58750b1e9
401e9d9c2c65a93
87c4699dcd9d0db
5caaad78864a1d9
868892a9769a201
604273c1b3674ad
252dfbcfdd45376
a4539c5a3094ce7
a156bad306c56fd
3117b7b5512a6ec
3998daac8a96d60
319690b1d83026a
3b61f253b9c3d44
4c14540f250456e
2f9bd8c2e76f7f2
08a04667826ae69
7eaa79ac3091984
1c8e99dd7567f57
47250b863752762
64e24dc9885d4a7
2a0aea681f2c3fd
47f6a1359c5c29c
99107f2bdae1d0f
0d0f5b015e42312
1d44e9d4134038a
6b3bf2bd401414d
29d799b7690d00c
6490ca63e621f73
685b272d30e0aec
574b8c7c899289e
2983e15e0d026c4
7768da25d6400e7
813e2d86b963b12
0249f5f7d2eccbe
878027c0d0790d8
835aa3d62056924
6bb9efa69f54e05
633ba5f0d89fc2c
8a140e00ff05ef3
81f4842af1ef51c
77f4ee65487630c
4f6cbfe0a29fcd7
9ecd5f09ecf9fd5
065018d2a6eac60
978299310ac8a0a
8cc1ff7832afaea
2b6ac570c08df54
78177bb2aaedf59
4106f4abe3adc1b
0f2985dd9327b05
3e3d6289daecdbc
4b75ea402fb8af5
061a47aa5afca40
50b8301cfbd4ff6
1332f5e1643d7b8
28f3d7915cd8524
86fde8549addca8
4aec36e9202da4b
08f13eddaa1f24c
94d00da4428173e
a9e8b558f17d1fd
53850e26c2aa289
1f94d6e05c42b0f
13281fbddad311c
328ef68ad567664
7eb5b35afb54cb8
380b0f750d3cf01
522ddec85311ba5
70dcddb4aa7c000
42fb4736a02a76c
0b97b0f3c15b3cc
41d6fbc20bf774d
a03e9982cc1fcd2
4cf63d15aaf377b
1b1a4ae7ed44e1a
0d87d6d69bdde0f
6e11af154f6e7e5
4a1d08d4e907c55
7f9388a44bbd7fb
355164ab447e25a
155fc0dd528d04f
a97a8e7ab28b030
8f6a0a954f45def
9d285f93e8fa8ed
7d59db4d2de221d
30332377a9f6bf2
90c81c6747bc78b
6419521655ce61d
23e2659497e9560
85a6002edb02e36
5b95894dfbd826b
10737d057d79edf
511d975bd6f312d
2f49dc7897ed962
60d660a0726b66f
9bc62631f904377
7e880e3e711ce01
3c236f39840d13c
0c00fee0ef08720
4a03163e0d0f0b6
94a3b4aa7fff21c
62678bcf301a4a5
1885830bda3feba
8252f6be7b0774e
97acc7bf0ee3842
200d118bb4753bf
089e7df9375d6f7
21266845458ed21
39cb0d4f525cce9
0189145ffbd74e5
4163aef9c840859
0b02187f29dbc6d
15c94ae86ae5116
10569c3602faecd
679bf88d3edb342
a74faa032447325
43a355c6270b2c5
05d4b26c01c99d2
0c17b46cc89de46
2591fb08d81687c
2585767e6b203c2
86ec1ea71f6a879
1ef226a7c24c659
9f54cdebc4efb71
173de07b34ee5b0
2379c63007a4b1e
8280fcdfc299362
2cb942431817154
8f18fb2eee64179
53fa1f119e37510
902a0437cace9ea
926b3bbc4187440
7618466265fef7e
5b60041befd0f5b
087bcc6d73a4117
36ad0e16179d2e1
7ac61a5380e053c
30614c04b8dc596
18aedadfd56ab28
07c9356e49f2698
516396e80ca1950
69c271593b72ef9
8e213c6b703136a
0f68686fc5331ea
690a0cfee76fb11
39357bec4ce5042
6cfb5dae5b81c2e
0c6b18a58cf509e
006d230e7c1dc3e
2d28dda363c4c4a
431213cee204413
2cf0d3d9c3592fe
808a58de02ae5f7
8e442fdeeb8d3b1
8a1d7b311b4c179
a654a8a2ef4709a
16d647a72f08d27
98fd99518c9e1e8
6b19f962d875c5b
6faeb7097301903
8c9689f5216a77f
376bfeb106bb8db
1fd2a5f675ebbc7
15a502932abcd28
273d91833b9dc0a
6f37a3243c6340f
77f5c3dfbff3de2
9813cdb8ae8ad16
5a570946be72ed7
91a80642970d771
7e0917a30bafe77
80ba8a6370f8963
4ccd6b05d182b9f
558b8ae973b6471
6da96a12e29a6f9
3d5db599dc65c14
7cdb2e8cdcf5441
77205365e9e84cd
62d8555970c5cae
1dceabe9361f787
84b29e59caffbd9
0006b584fd90efd
03a48edea965be8
1787b201552da1e
8dbd93cb62c75e3
a68fe2911e32d1d
99645c5f2e44fd1
34b370811f082e2
a5e3281dacec1de
7a1e23852b723e8
97391f416e6b3cc
2dfe046a9755e7e
4d6c7d9df04ac60
48fedce7bfc6670
513bd59c95201dd
8052084fd743d35
67b3524d0b7c1f8
96b63e431bae582
a96fb60d6d12b2c
140b08826ed5eeb
5d3f6d4657fe9f2
783848c4f78d5d2
9b6d2cf3642143b
2e15b590ade73fd
6a3a873b6297fa4
04a384939a69a51
60ee9b613615ace
9b8f1469df7e85c
3054a5142dbef61
8d4b3d97f8ccee3
5715ba322db3655
4285fdbe753b303
a03c302f760b3d1
306ffb6bfa7cdbb
4de2435a4ff8719
34596fed8cfc3a7
3856142c29ab36d
82aa8cd5885706e
5af71fb72cfcbac
9a59dae91a77c9c
061f92481ad6767
5b54a5b5371c92f
7975393787d9c0d
4290f718477ac2c
6ec00bde367e74e
3386060ae457f75
2380f27651db9e7
1ef7fafeb573384
3a3a01989f2f63b
8611d78e661d538
74128218b109477
8e99b1750b0837c
988040c0af473a2
5a721f5f3d6b0b6
7c008dd72bd8763
52f8a6a788e3fb3
1d594bb5f9cc243
7df448e63e0555a
04d60c48c69ad96
977006a9fd2b5d5
8937d37bd61c4fc
85032041e837d09
3e857b6777e1203
1ad997d04513c99
4bfcb8e81ebd975
0762fc73ae2ef04
412ee678604d4cf
75bedc128f86a7b
915dd61f7473fd3
6e95dfbaf97acdb
08c6e3a75956ed4
19a9daf1d0a4ba3
52899c62457df1c
0d3882b6cb24c3a
21ea7cbbbe1d994
4163ca4cdfaa0ae
0fd19da2f01afe5
328cdb2620471b7
7cf37b42ae9790c
5b928920f57fcb4
0197cbf79ed5941
591d947dd712ed7
797553d315ff86a
1dcd44c21fd51bc
5f84712f9002dca
20302d2ead9c28e
7afb794bf5f3267
261997de0a594e8
87154ac5542df43
79ebed0dca4bf9c
7e3ed8af746735d
2e592c6bb7b43fc
610a2c74fc69cd7
3707d9c747df75b
8695b8941cefd49
43d45d60285d158
7b6b3799511a65b
791e0f453cff90d
6b29b019cadbf31
2b28d1d1c379942
883eda628ab9b53
6a6c3d007bd020b
77c1d63a91141de
18f6f1c3b33ac14
2f9332894839766
2ece8db4673b53d
725e94ed694b64e
0f4edbc784530a1
7a2a37d5ff5de6c
3dcbd064b137f2b
874900972d5accf
439e3634710ddc9
44a37511d209c37
162efecd58f8d45
94e0ff5b3ad6dc6
155cec22ca87e6e
80b297a6b61f163
6830625c25130cc
735f30cd65a1773
4e150e75737d500
4831aa19e30efec
7348b969dbb2bbf
3da2e1dcd03b302
7ccf8939f78e4a2
26523ba26a642dc
87949cc6d51abb6
72822af1b68eb1c
82e19f3e75c96c9
4e3ca87ae478606
962ad3588427616
557d3aea4d325df
2619b9110f08bd2
07bff3f3f267511
7a92ea9dd15f847
630cd0bfbd98377
10934342986868a
477ff2ccc5f1ca3
309b1fc0f3eb3bc
92bee78f72b100c
a587968e8c1df15
a31730b6333dae5
56716ac19098186
376b46613a7ee69
41ab1a17aa62540
27078563a1c3d83
2bf61928740aa50
2686972b134c870
051cd43188a26c3
2d577f9b10120ea
32d5b05bfde7e71
91764a0dd4e1768
71f0260d7f6afba
769c1a5e1afb3d2
1637be9d56e1573
a512fefdca3014b
815b80d0e74dbf5
8ee70db5545e0b4
308038364fb8992
85f479df8cea5fa
4f288ae8b870370
15e83431c8c4d87
5495730589e26bf
5f9883943dfc6a0
17ca658fc338124
0814a6f4be96866
86d897329794d00
98f248979e35bbe
0e6cf8a37bef8a3
1cc70af462f29d2
50589993e060354
7f308c6dc573200
1b04274c5716269
8d3b8425e7e5dea
4081a095d7e1d91
504a41438d8df41
4140c07ab426f7f
30f4a26dd4130b5
704c92af583dd97
8eb33e2abd80821
6ab9fe70015e28b
3a41838954f491e
129a626173ac4c0
8abdc68ac92e21a
86b4d76604fbfde
638b446bfe1470e
9ba17c91babde61
a1b92a973974516
965ea0ce49867b0
3289d1127635acf
1f005fac060ed40
6c0244bb0dabad8
87e2762272aefe4
08dae080158582a
1ee878f5a1476d0
2501f3cfb961801
3a63d9d1b86584c
920f9ff22320cdb
2062ece37371c17
13939c70c861649
277144b9b09240b
43eded97e17e2c2
9a825503e6895fe
1ee5fc3f203419f
2ee8cf716f9a1f1
0745fa765cec9d1
79e74f3c9dfefc9
6a7e682d77b8217
12271d2178f171e
399c7b84981e4e6
05281941958b487
3bccfd4812f547c
1802022ec2692a2
88679bb2bb7670f
35ab603e8a8ae54
2a2c2c1d0e6c5be
38e8461eca7e1ad
6b7595bfe1bfae5
5663c381b813e9f
509f342db404f2c
40317cf51e3c7cc
65a254cdf8e383b
6934969297a4866
070a566f9080348
52cb88cfa375b16
59147d3a5c0c316
1008df6ae7173fa
1d4dd7d1984df9e
42575a574a43a13
9d76cd2988491d1
585ac350400c98d
0aac294af23c2a5
34a942bcecd4746
3ac5ae73f187f23
71df083c18b7502
43aa21a1e6ddd14
12b9301c2600063
5ec4f8965b283a2
8198f789d7315ad
0bfaa579cac5de7
221f1dc91e99da7
19a84e7164ee00b
1d072e7af1b5caa
a58ec937f096437
8a9d2660f5d15ca
a7942b8e5be5943
61e2b7e047f5a7e
5e57c62b922b424
0ef2952284c0489
100ca18eaa22a75
7306ffda1258dbd
384420077a5827b
914791b09df591f
38a1c3fb6e61f5a
7c21f6fc591d5c7
41b546e11ef0a94
3982ac1c032add3
27870373ca39205
5c600534526c769
5293bf2ff63286a
5b490e0640529e8
2b29f9b3f29ebba
50c44d00d846cc4
74f192c3f72956b
46d8ca722d4c1e4
3fbe266453f6dae
09ab0165eb3efc4
03ca36eca513a18
4cc1227904c010a
4997ce932927531
14c3251ed8153c7
84ad46110701eac
5a23036a728707d
8f582d4edfffce5
518f0d417ba12d2
876ee31bcd47970
869542e8853e52e
517925dc14a8286
8da43bbcf4eb002
04099281aa17079
79a0088d012e920
2855f5a10a0c54e
0db868463aafc73
35ec2bc1c39c570
7e2fc4eb09ec808
a5bcfae3fee7a04
75639d45cdee1e3
2822feb7cb3bdaf
34380619aa1a5a4
7a1b87547ec5880
52e928b120f2cbf
06ca8574d90a056
086e5a6dab9cd25
88c6857c5a8728b
0017be60333c973
967277b4d90fcfc
13f31af6367e49e
4c336568f9e91a3
801e20c847ede18
95d7f0bed08b270
62abfb650226a89
9d5172e53aa7b3d
790e1f383466741
34bd0ac2ded7cb7
42b77b32767133d
01ea1a417ee64a6
97c6b9005f7079c
1ff33f0dc39b740
5e707f4940d6114
09ab84b2cb14559
89f5e5b5f3deb91
73f3baa4667d19b
74f7c5c383320be
2eafe37b1c8d684
8e5e1e57ec86d35
6cb1b014df96796
312edbb329a1aa5
8c7a5e3a52235ab
2decf4b1eb25d7f
402323e9df6a7a7
a9004e0a744f6e7
58e9bd8120ae1ae
0a8690979816a6d
65ff35111987985
5efc9a8a00c77e6
321800987575743
354a05a4d969877
3ad5782bc64b411
6ed239bed228374
4c6b8896d5dcf94
7c7e48df2dc9fa4
0d48b1cbffac7c7
3189f9f0a6cb52a
4fcd89e2b89b58a
459727609ddd1ef
061b4766aa7207c
141c42a19619ab4
66280fb1649bf83
8bff1345f645453
6c51d45f39c025d
38b204ac616de92
2585585d342cf60
a1879cc95ddb2dd
63462db9bcbb5e2
0114d64f02ae387
454c1de2011d31a
1d3e8ffa98f73c4
910e074ce43f7e9
15b23b6494a1930
112fa9c66bdb1c0
1f4869d84a117cb
50c35aabcc6bbfd
6a289f34a4a44dc
2e3a4465d69eef4
8cfdfd97cae7601
76ea1318f868974
07bb7d223c36a0b
380a9c605b20e28
5c4249b5cb2e537
5320d7cfa733af5
00b79b8368ccb1f
934de764dc6c065
a8e0161eedfb27f
3e58a1162a08f6a
7beddeb4f4e2538
a2c54cf9784a907
5fd0a379ad7e016
88e561df24e19a9
83e02a7a2267bed
5f76a090ad68ff1
34d241bfd7580a3
12154b22c0e4a10
a0f33c90baca9a3
477563af3015f6b
5e1e42c646f4c89
144509b31c313d8
05437f38d856aaf
34a875abcbcf7b6
325ec78b3bd69f6
360903af620d41d
40f8193e85f0a19
48515524d3f457c
397925579125ae2
9acd622f8147353
3133cd1472fc88a
32d9068c0a9d16f
66af4f7766b3db9
6054582b3b760e0
5bf204c8a99b7cb
48a137c5b888e8a
3a678ce4be648ba
4f725a34c0ba6c3
476657c57225933
3f622d8301a3ce7
6aaf198dc5007be
58e4b011be6343d
23446005212d2e7
1c5c9e52ebfe3f8
9a7b8c998ddfd2b
96462c8f77b4265
853e47002f37769
6d8b782acd2b70f
9a34553ea8ba368
83145c4a4902008
4dedff536540994
5ab2d52855857ee
708260fb8e6a40e
5bd7f0d5c890f69
310e3e1684730f5
4d04f4d3276e9ce
363042bdffac565
92c2f47dd247208
0dbca5bb6d6b237
88faad8ddc8e41a
971fca61560d0c6
58f60a1fb19a691
5b0a6214931d4f5
0e38a3064ca573f
7c11f6f6df2c1da
7b7d2afc1a1645a
7aa733887e5edc8
77f2367b01d1c92
88ad0cf8b473c6d
1ee9e5e21e1b816
a8c79aaba7e2e92
a4990e9d69d3365
37313b199421431
9db912cad2314a4
84ca3fa218fb636
a5af0299008d6ea
6e961924912df7a
7252a25e9766081
26a5e197fbe1236
107e17f1a326d46
66076079e5f72fa
85ec98dfdff05bf
0e70de780e8ad15
69b0ed1da1ade78
57e57a3b3325ee1
9ab2d4704ab9d37
706576c9d1d7e5c
7e951c49a4906c4
8d626a5f33ff68a
41b5a10d05eba3c
678f5a6765aac2b
794872b50cd26fa
846aabf4eb81554
2b108d3ff03f94f
43febcef8abb950
61d2854e82e3f2f
2a9114ff48eb3c6
79c877242138b26
176041a7d9b377d
8e96e64ffb85a6c
0078c0b5c835e86
34226c1d0aafc3f
691ef327e641cbe
3ecebeba4f28f19
84ca0f383bc2158
a3281e9cb874abe
08eb1f10dcbd799
531b9bf6ae3fddc
875f92701e7d981
067e1295fe1204e
5159d993d14138a
94fef664235703c
7716dcc1d806628
14bd547419cccc9
4f731967afb91fa
769b945520fd3b4
949d51e4f125ce6
5ee852f31a7de02
149403964329cee
a0b25321e590c72
21baa31ab388c46
2eec14021d6ef1c
5bbf01c25b773d6
7c4d9f2822af172
188a6cddef1ad70
3387c91df6f7dc7
9f1f130a4f08e17
2f38174e83cd7ed
2661ec96a1b21f2
a13c156946972c1
a1ca03536c80fe9
156359142bfb86b
882945889e506d0
4ec1299006649b0
6d7769496c2d079
89f49931facd491
a52b122ff24a7ce
4d05c8f97f27e5e
666eb6dfb992909
27bb274ba475925
59282a4876e6197
0fbc428d32463a5
4ba72fae04fd9ab
5e1aaad4cd42c2d
1f552c72abeff3b
50923608962f410
394baf4512ee630
86b9f42319df349
53c217fcf462803
626c0a5ddcc7d4a
8b86c79d17dc05c
38835efb27ee883
511b1b0c4b16a5d
50271d82d8f87a4
11ac0fc07c85d08
95936b79bf2e895
8a2b4146e32cf38
9879ec6f5822fa1
31795c8089e4e2b
521a74b9a5f53ea
563573a292308d8
26dc43a40ae672a
0b0912911b4f1db
7db9fe768dfc6f5
35fdd6a5ccaf3e7
2a22b9617d4f1c3
5338130bc24a9af
45505b91c95da01
0747f84fdad6fba
85bf7728f2684d9
90259a7dab2daca
859c1131002d0e4
3dcaff6c1846612
3a125b8d1d68368
18137e581bdf8c5
3a3220426435625
7c42eebc5c74d65
4e0f0ebd2f4b7cc
0c78f950d81fab7
99e002b1ee15c69
0a8d994afae323f
20fff5c778f55a8
6d362f4771d77d1
6c172f26259a838
285ce2cf492beb7
9f4b698a082558f
81aa0cb8b07e45f
390691cb4878f8b
80545c949de1e53
029ee739fec54b8
00f003859bccbc4
7ba05e82a45013e
99cfa34692e64a8
287140ef1e7061e
2fa24fbb47c0f71
693762a4e674dcc
835bd33c4c29221
566fec5d58151ce
4c02db8a357bef0
64fa6834920f15e
87c25e3f56e3865
708e778c57b854d
32eb158a6394133
965d6f0604299ea
9743bcce5e8c050
7910823dddaffcd
7d57942a36b7e4f
421b6b2749ec0f3
93fb36940d5a6c0
346d81ffa9f5187
3472d8b37b99ccf
0a4639eeafa7630
8bd5a1e3e3ccea1
6edbc9febd5a816
77bf8f1fc8280a7
79272e192debb4e
a3388953c6572b4
679430777790070
96773a15dc39292
1564afab275194a
911e995a98e93e6
2523971d5961737
153fb69760c2e51
3b4aa90fa716a44
80b9f133f2c4726
669b778d6dbad33
0e3385ea14bdf41
75ad649ce8b021f
989ffbbf0c99af6
647dd7c4b33390b
819fdb3e0d03843
3e576f8ee53ee11
7253ae60224f439
6a969f82eddbb83
a99b5b103bc2f37
956ced1110ab76d
62886cee349ac20
863126f37a8f41b
7e60a993dc47bbc
30ba0b7e00eae28
00492effcd33c8a
4732b7f0fad027e
94a91ce231e7d08
43efe844a613555
64d79ee24462d10
73defa665ef6ae4
1944cd005160d58
49522d347fd335e
3f1a287482aff07
02838985153fdd1
8488676821d7505
530069e26854c84
3b450c34f034f07
4b0ea6e3b747b37
210eaeefab4132e
7edaa46d0f9454a
a05527ea46e48cb
4e8cc6548545c93
8ad87705d2da3f4
1fa208463a32acd
7f3c395b790ebda
7f050bd484cb8e1
94e086b54b2f4f3
7bf5d40370f327f
5d1defaf0220724
57ac7ea95d11fb3
a543707dfe28e66
7d3b0f25c4f9711
66e06f2a4542edf
29bcbfb6fff3a8d
8d3b4cdf71fd310
2b1b8fdfee45be8
49fb62584a170d1
68066499d0cdc8b
0e3f703faf5f42b
5b81747c2ff73b0
3ef8bf28fd1a386
911bb5cb6d8d5c7
843591d83c90e44
41db168b20bdc69
a045c8ca3071c51
7caf459ada329ec
a1f8a42e70d9194
5fc8bd147df3ed1
2d5bd6a617b0635
08917028f2c73a6
6e8312d1a94bde9
82bc404f7802df6
4367433428e1fc1
4464a3c44f67c6f
35c5dc80da908a4
8bcedff3ba27b0f
8c8aadb29ff485f
1b97c558065f11c
2780c5122f91c2e
40b7a2bdc7fa60d
1c823aa633489ca
a7214600869fc77
716ab9913ed1f2c
4cc059346f2354c
47d998e044db8e0
7d62d824e59cffc
49dc1ee9c29f4b3
31e52b2422eb9b5
116384fb3c17563
443c31aa58307b3
5d8b3ff4a33dc9b
22dbb5e4f1503fb
75954a845460f18
250beae21338454
6f7209a7b59aea3
5f56d1879366b1b
153bde603153b1c
7f19db74a097bcd
52c09c3812d597c
147c36f1393ba95
73e56b056dcfc04
6c0bc15380c4cf6
5beb5c6fb90e373
121afa3ef8dfd40
2a1b4784559298a
1a706cab5ac70dd
9f08bea905d1885
389a47b51f343b5
0dd22d63f72d788
79ce5f844f2766c
8c1585711bd7aad
3ac412e5e6b6a80
1c1f6a2fdf33d8b
33b6d231b5994d7
3be7e36aeea257f
0a713f3dd422ae8
1e0aa3d4c79acc8
2682030bc4a2b45
987048cd7fb03e3
50dabeddb10ddfc
07c8461353e861e
4f7ec849097d3dd
6333a55052880dc
7009d7ea55ce5e8
a2f0fa8503fafa8
729f1fc43b3ed95
8e78b1e71b49bdd
38cf5bd70be0ab0
2004cb550455753
60cdf3f87be7b77
06918089ca9919a
3655718eafd8881
013a824a72583f6
47548dd78c637c5
4d612fedfe802c3
5cd33d72206ebf0
2a24dbc280b1d8a
38c86500548c704
83cbf30bda2ecab
56bdbeff1c65d27
34fb95123497af9
7c59eeec1dbb9aa
6e760e70b3149cf
55b7efba1be9710
a9055823f904c3b
810f741a0903790
6487ff35497d7cb
5c2fe2cfc5e4d69
01a53b80ad0b0c4
9284bf4d117f4b1
679820b4d931eef
96219511d0843e3
59594966ae6e1c3
91bf0e74f2552f0
1dc18d14ec823b5
973a70ceba238fa
7689e48011c7423
6d914149fff1a02
7fffc51a5f5d106
7f5777b6cc5951d
a9987d6658bd560
6b18ea915c128c7
96d16438682fc91
9ac599d4d5ad828
7a4b0aa3a37615c
1dd30d5ff4bfaa1
11a7dc9dda11a88
4b1698b2cb37a8a
1ee50c1c946df31
4799bcfe5865429
9d617751229768f
2ac08e5246ed615
3c8dc7c622e46e6
76f99c480dc777c
35bda6e68e2cab6
259657be7f50267
1b9c820371c6a1f
a4c685c9e73dfcc
6b0e8f61b7e677b
3a27be9f9c55318
63a0d47169417d8
46533267d44de71
a2251ced5d42d12
2996f891577bb0e
88a44ff3c1ceda8
2563538a81817f4
2b32d46e8edd57c
32ac6ba58a811fe
61248ea7562b05e
1bba86898246d88
5281225062fc149
001f4d6d54137ce
08a62f7ef82510c
666432ba37b644d
9ea5b12b40a85db
429ce1eb1bd416f
86fa479ab5cfccb
6e348621d308b77
7e5a30abc82416f
23d603906c87ccc
092a48b93c949c3
14f7ad2a520eb2d
746fe3b622887df
813ee9e47169074
932fb9300998f98
147524ee441fced
20c399d9a865400
4bc3cf9b2162ea2
0ac4521b59bdb64
553992817b6cebb
a11de36d6a775b9
6e97d1593fadfa2
1768aee88a5b176
20622fdc3790266
91156d0d63fae68
3818ad02fe4dd82
0efc624ab637a0d
30b8e61025fd4c0
22c6811245b1fcb
26a2faf3f13ec08
357d2a124df2751
a467c8bfe0dcb84
a6b90f43f0af7c8
117e4e3db17861e
3d0d430e72b586f
3b485a6548d3af2
54692884454b8b4
35bb0539010d064
2784df30d1a9c0f
234ebc663bbc723
3534c2ea16dfca0
935c501ee9ec018
5f027fdb1406a15
93219d5c5689851
42ad1550dd4350d
618afe7a7208222
2cb0e0fb7670751
6b1d138ed3eeb8c
580f472228a6767
30ef75aa8f8d929
070b85f9a2cae99
5a504534d5002f4
27d8ba054e03b00
501319668410410
724ba1fdb681805
3dff945710a9d62
4641729e54929f9
9dc8afde622a9e1
1bc02f84943e9c9
0191caebf9d5189
990f59761f90ba0
7b3b8eb6f0e5bfa
90551bf5219c356
122827f08952218
5be57af35dfa169
54a4c610b386254
3b63f9b212bce20
6cda53d1b7f998f
0145b9afd8b20d0
3da821b60d2ffff
472bb9bfc5021ee
8747731835e9823
108cea1a621abc3
280624675f99cdd
5339f382cea65d5
00b275f7062873f
752d70a39a9ccb3
7718b4765a53e6a
638a51452823568
785e22cace6117f
45addf02e173ad4
5194a73cbbe436c
613647ac1555ef2
6e2e753cfffc6c0
1cc6a8d788fd14d
182f1dbbbcda6be
91a2fa550b32d63
777bbf164e3a945
29a8ed6041b35a6
308e7a29dc5cbf7
072a868dbe54c25
139a609341c7e33
4c870a46abb7f07
6591cd339b63005
6961740b3a7a854
233903bcb98804c
26684f80f00d42a
24a5c748482e539
3002342955cbaa6
0e304a1af116d5c
596cbad21e7da68
593edb5be6c1f02
8f0469c5a6c5c83
6d16ba30f7d5e0c
42608667b528f35
37a581e235962d2
549f213bcbdc8f7
a8996d9f84648bd
64434707035c7d1
74c188408f82870
6fabd0d045d4c06
6af435372331d2b
7e23497417f3fbb
25777822ccd8cad
451c7b0f4c9ed74
5886652a2299614
757a11c17f6aff8
867f58c7ee40b2a
67744c4cf3c239e
0b7e70367044ea3
6516d39b833d7f8
3e84d9e41401b06
9d5663db89780bd
376da81b10ef731
149e08462ca4bf1
68500219f05e973
0fdef1f03c00a55
5f84ecbea18cd9a
90112d7a978eda8
0e36c59a2e05c64
7e9a48441355125
4c0b758dc52c0b9
79e720012faa1bc
993fb794e2cd915
7d4846d0e971a18
21aa0bc1d10ab0c
4d555cbfcbb0610
8cdf813acbb46a2
30747f079327f7b
7ba350c7c19d2ef
10fe07161d497b6
026e1fc6ed6aeb3
9b0d247975f2530
1b704c305bf554a
307e6cb3efe9f4f
88ae1a18ac695bf
83fde3c62fdff3f
2dbf41f7c9b1389
42e3b14493eb534
33a1709ee8408a8
263655bde834293
92382bd573f8ab4
1aa015ad56d22af
3c116660f629525
5a4181e15bccd22
5ecfa9fbdcd152d
30fdfbf017faaab
9a4661892148eab
29385f937da14f4
2043a33242bfc1d
a95a4750cc781e5
3ab3d16e10a4c16
9031c49cf59ab1b
61359dfa72ea880
2b36dbb9117dc4f
5cadf686fbd2445
75d3cae6fed3cbe
8dc308415a2f15c
6275fbf1e4160f8
92f38501e7a617c
7adb8597a7eef47
0b94be69f5a0e41
4cbe9f6b14aa4ba
687c64cbe9b4a92
38e172dd03603a4
09efaebd2850c27
2521e43ddd798bf
29324c02723c5d1
702bc3b6f21fcad
0f81c8939adc7b3
5f93608b9a465ca
a38c4984bd1322f
0b9672fda2c3ce5
86f8e0096045177
666f708a6f9315a
380fe7c1a7362d2
17fe35fc22c1ac2
7ba5cbc918291e1
709733250e7db08
94d5514a5f8f8f0
7c09a087c72ee9c
2bcb3c26278cbd9
8d500ad8ad66844
005fe2db651f091
3a9e87a96ad2f24
071febfb4178f48
73f28b1bff25c85
4dd63204916f4ea
63b7f24916cdb05
0ff3d00c35e3e1e
99d18443fa3c24f
659bef782016c5e
88768fe957c9708
949e68c394c99c4
349f032e238055a
4041fb899d1cd7d
7d18194e4efd443
0b6d4752f42488a
847bdaa3a348a50
208cf3a7d2e0847
09c4dc9b4232ee7
0611259fe98e6b0
a7e8ebd37453821
2371f4a14e04cde
3c109864851795c
2b1f77db5214241
00e82da0a276463
1803e1d46d74cb7
16062a7e0e51c99
279910a3e4f8489
6a47e976d0e4cb8
18faefd83dc7686
4f289aa3bcdf628
1aea91ba554be37
a6ba44f963645be
4e7818780e2a318
105c3cc579578db
737a4bddd817c6f
23aa0b8fc66702f
a20dfb50c5eff1d
615a92d866d0897
806355c03aa32db
4c91bcc4b6cf8b6
18e26cd27c346c4
8fecc27e7fd4d24
2cf0c64c185d4ab
021135293d96a11
5ad3ba08aa79da9
3be1e4161a31409
899f152d0942bc3
71e20ff51fb5244
46b7bb3e7170635
a2f1c5d5ecb5927
9b48f1f2aa80c19
3f0c07f64361ce5
44471bd05d2df61
7c670b5889a5e7f
4b365a5109c6168
7401b3e93f0d9b1
56cc25cb3393e40
6ed5147ada1d2be
1bcde4e505f333f
7b88c37047f4489
96c50b8c3f5b87a
4857018f1816d2a
60ef1be037c7d33
2005a002c29fd5a
02c48e6d1778271
73f04f9ab4bc79e
1008d1c9340b72c
4765d56c6feedb4
737d341ba29376f
653e7889fbee91f
3b7cbd6e1aa6e44
95c847921457759
624de2017f62ca5
9d285c78a264c7b
71846774c1f4af9
67c4bdb45f42749
1b3bbfae2789999
5d343c9e362e8e2
8e2b54220e9bf05
9dac81b210e0a08
757bfc4b7cfe3e8
1a444cc1f98727b
72ea8a48a42b322
1dce51abc4456fd
3ab3e0c626b0b78
49aeda5854031ef
7ed4bb9f4b75845
1b5cdd36f70d01f
358ed975699821a
27ca04cbabf3f60
316a86d704208ee
4f3afd3eac722b4
01ed9ea0995a871
31c1242622a3357
637cc9395cf6b23
6d86d2e5951de5e
4d6da6f1292fabd
79f5018f12f0a3e
8038c41366ae678
7a89a08f5718256
06762c9e6be007b
69e6fc5ef3c17ba
11a09c1d4b4287d
39b75b3b77d4585
7b8ed35682085e7
a178a3ed1ff78c0
0f36be1f95c0d35
4b4742ae1866b2a
0d109bc4ac207df
657f5ed1a8ed2ef
3ada8485689657d
087291c20046c6d
4a89e763bf89fb8
9f1247f8ee1b76f
0154370dfa57770
0b13d8f371e982f
6a95f5a720ebc90
1d4f6d63ec40c7a
458bf8f661c73da
398a45b57c673db
9f1478c4f77b0c1
77a5ec7c297bb57
9735b1a07be3879
23702420f2f14f5
06765e4e15d09c1
9e0e0625cb0d2aa
26e98a4e4d4abb9
a5875e18b7b5ec3
55d8d8c6728c30f
68e4497e58ceb4e
77cf41f23857050
028b4a298d7dc08
3565d085488182e
38d842f836cfea5
6e54111b6a4d43b
5ea0c51a6692867
a6aac12758c1c2c
1c00766627d2d9a
0126d77ab0d2009
7ab90df16598e36
4a70521c726951e
2552b398344d168
4bef85160a5dd4a
a610aec31545b51
2b493bc0c46cb4a
5142a990ba29c7b
922af2ae0d88c14
a19149ee4373285
75f5a21a3594283
91cb41ca9f83a4b
a0e5fa31d5f340d
2d4ca3019b8c848
a441a0194a2cea3
0ff68d85c4400cc
6199393a341b528
21c1824d7811298
4f2309f781daf12
6167122af7337d5
8bb692ab0b01f8f
6279cc07458ad58
756064ba02ff19c
3fdfd0d5536fc2b
92bda0a98607a8b
4af547c6f76b4a1
63057f1a474ba16
7915a2f552f3934
798b2d659c560a9
a086d22854711b3
8705d9facb6ea98
2dbe1b0b69bdf64
291b1ab5b32f3dd
676e37d4a5f6f9c
8f924aa3af43e96
7bd26eb3044c222
8b229ebf59e1a1e
2e9310a1ffdfe26
1a471ac26f352ce
95d0b8e4cb2f32b
15bdfa6ba7cf3e3
89daae4d9240072
29454c3de3ac516
91f3738980f32e0
9c641b586ca3611
62639e6fb03cf89
a8c3fc7592a86e0
93012c5ff4c3359
a46c1d83361e4d8
057915f1eb1de8c
818987168c08dde
922121920c91954
15998bf6052212c
9f4fd12fef5f56b
57c9f5c15f1ce72
8c9b79339f277fd
4fc99fee4a81972
7662255d6b702c8
9b4138e60be76d3
77158dd5c39610d
5dfde834ded731f
99da82e55d4ba5e
8d9b9968b937a61
017d23cb6cea478
02dc2c7a5a0e83a
7e8172d00b0bf27
2ef4d4691b26697
16aa87733da344a
a422e71e00dc3e8
1d4ebb446e9c36d
61fc585a4a96441
73e4377848cb145
a5173b8da5692aa
a68ee322dc4c06e
491af9ed92990f2
76c3ca0a0e996d4
42f2e810b33bde7
91c38b8d96e4f37
a04e182bc988f2b
02cfa4e81978711
4d7cee85113005c
456b41f9db5faef
05320fa10dac4e0
4bc099a4b40686a
821c1a97a8c4d4d
a5f720582fa9028
93f4c16885db665
a599a477dc95f93
3a9a06a23f1bf79
7e000fbb6fd1e6d
38b118dcdc85efc
852e3f3f675c849
0ba3c2263b7787e
1fa306835477a02
6b5f9aa4c85c63f
0bcaaf74da2cbee
7598124d6b20fd2
52231333458d6b9
6c52248f3492fe6
92a3d42de68a0c1
94c8b826d40c9ef
3752491e651fb1a
25afb89194ce326
6cf49e36047c7d8
91d88dafe1c24b0
8f559324305751d
81a42c4b56a6932
533449f2be01f78
40bcd58b52de043
27e03edb66648a6
189956b3dcae161
8ce9e74719b7925
86bf79115317f8d
8f4b84f697685e8
73a6c6f35061057
2b306112995948f
32fd5456d4962a5
a0b8013b3f9abb7
035a7365825f674
014df499f49b9ff
657b82ddb037940
0f1392b98387dc6
3d4e7e85b5a0c7c
387d0965ad71405
a7054eb4ceae38e
170f4b83bceec6a
a6665a4dff111ed
1891cf322c17b69
228897e22aa9b0e
92e880dc880593b
1b7318fe02db4fb
1206bbf5cd0de28
3a6a1b92c8dbb9f
6b7bde7d33cd94e
72b43fd82def2d9
1d1d83c2f8c6077
83ac6a57376d523
3a872216ac9f810
4f1769ad5a7b737
6c31d617de0d75d
5a2004cf0816edf
0ca62377bf64dea
850e6ea57afc384
3706212a579d41f
2aebe5b06aec1e7
03d896968cf386c
1a461bb1fff2a9e
0f48daec0700327
300261611bbe758
4ce7f5c9bfc6d26
0264a52cbb613ec
820d8c93e43fb65
98486e6ec1f2172
21d85bfa94ad078
2e6d4347cda434d
a54b1c183de9d78
90e4d2ea728a069
14ec5d8f221c553
2c211ea9da1e53e
7db74135bc57b13
1fe5b61852a00f4
49194d2c56e43f6
19a19884f215e31
668d6335031c2e9
229ca584f61b5c1
300d221c3f09170
7773412c0e7f88d
6099a0dc576d276
0574b431cb4d352
016ca74c3a4dcda
154b76df8d255b8
237ef65f2c06f25
4272719578057e1
3f4524a783ab023
675d2e132125e05
75057f060bc275e
a339637432368b7
52983d0cd2182d0
65320853f9b0f0b
1d5d2be7bd16ea8
7c26ce3d81dbb20
373189a3dae1679
2d823253f080917
4b75ffb7e3f82de
8084c5aec5999f2
3a981496937c3d3
6d46dc4f7b65c19
283471d5ed199d6
3fb9adf01f1c758
380a22291e35726
8a06788558601a6
20501926fb49378
0b3be005c91db7a
263271e8aaa8dc6
52334c4b2017453
078e86e4996d623
3fb84615c17ab42
63a199d9f54e9ba
00724f332d90028
8ac13b32b3d6e23
936e8f817a4548d
0b451e10f18bc61
67d511619d9e26e
17a904163ab3388
3860bf388b1b9fe
6cdd31f0177cf19
74bb3eb82937577
7987e4abf650815
7721411c87b0e6a
89559138febfd08
1c12bedaf1a171f
6d03d8e89994180
1062b41b720a1d9
3aa086f43f640ab
36ddb7093c8c0bb
58e81942534a929
79c422159855912
6b9748851cd7f4d
60017eef507fcf2
891538c507e7234
3f8c25ae358d0e0
a693b875ba3c8e4
0d62bd1ebeb58cb
52fea4d8df7842d
7acd458c666248b
51fcd9c7a6d9124
7e9a54feae3fe03
42e71d323f9f9e1
1fd3eb7e901da0f
9537e7616d05334
72081803464f2a8
22a2ee2bcdb4e75
8da1378429f660e
2b4f900471ac310
a15e8406a697b11
799a6621aeac91b
66127ee076dc0c3
8a98de790d979b8
704605a66a821f4
9951e1a9a98702e
5067324b7d1addc
116e546c01418ee
5a74fa580bf18b1
670547fedc7cee6
7f7c6aefecf8e4e
4a71ab767cf243a
80c837cb0fb30ed
002eb267adc9722
271700e9ccc40ba
44e9e6de0f11434
905f29e0c55f698
a511a9cfe8fce42
3756115036a38cf
0a1446130bda1dd
1c7148171f67d37
0a51fb7fd95677f
85c7b7237de3520
546de77a76daaa3
6fcc2a78b346a0e
1bb8d936611fa4b
a91c312a1000150
980c0f0e11308dd
3377c7088cccd0d
15dd2635063e2d4
4ed73a4c8861b30
54d0addabc2b411
1328b09a1c0a0e5
99f9bccafa2fb9d
00ccf832a115a53
346e73ec23c7183
5033472e751b733
66cf174031476f8
914b96dda88ed5b
11178c3a52ee303
a5096626c7dfc49
7ff6117d68007d6
6a888b7872db500
10375ceb1f5962c
1dfdb727e198a9e
067035c7de0d9ce
9916e14bcb6ce50
5da695375d161f0
2955bec3d8620e7
40bc1ab86e859c3
62c86994873a6b1
558003077bf267e
05b671fc48d73ab
2ca4d02400ebfe2
9c35cb12ddc497b
015ee077785cb57
490493dadf9f9ff
1385bf33c7534fc
4a787da611efb43
8455e996485334c
42528d748efaef3
a9d5893a45ec95a
682841ac71e7056
6e45e2ba811a2fc
7a18f4390a18d0c
5f54058aecbe46f
8f495652f66a6a3
272b84eff2a8d70
02faf76e6a8448d
21212edba5d2a91
28e58bccd92c7de
402e9c0e169c922
6e82cfbde8b4cda
a6b3f7b3b7e6f77
70cd685fa9fc780
a4d3328a181bd7d
72c135e4718a8c3
55519326de38a4e
6189de578c36f0f
3af4398655c6480
93e30a98888f3c8
82431ad4c9537d6
6ba6166c12137e9
68602b01b839e32
7f280939b817a9b
3f5f60be0c4f651
345cf83e97d18cb
a8ba61ea67d1792
6bd5999cb98ceef
75973a3b9d0ceb4
8a86bd3072df61d
571288c2f663e5f
6e569c637d99d18
a64006548588ccc
a81da5e188712fe
43561b97afd6421
16d10b812e7cc92
00e1afde5dea476
8bf5fb43c3422f6
94b7297dd37ca6e
2bbbf0f53982d06
8df19ad01741c81
1e72c9206b35776
4493f49a81dd7ec
91bba7b06efc3ff
3009f80d37f4405
9c6fa8a711bf57b
6947d29d85f53b6
73b3343c3e20bbc
50ef74f8ed1d3a3
3dfa16cba19f95e
2ee620e8e7a56d1
5637cc385051f79
0d4ddb5ba5dcbf0
25beb8e79059bb5
a6e9953bbe6da81
5e5cb8ce70cccd1
54025427b7287df
659679c3eaffa7a
6a534b4f87e279b
700960f9b4d26e9
4eefdeba7917956
212c57b86d96546
7498016155c97cb
6f97d8d1504c9ee
13eccfa97850d1e
560da9cf0f20220
1f7bc15a6e15e0b
2d847d3814ee598
3c7bae480651e9d
54d0cfd6b54d18f
36a5c4a4c346a93
8a79c1d350b6861
81f59978d089448
696adb1de512f6a
1c4d17b75572793
524194e6a127695
0781387f4a9ff4f
6f6db8d2ef82904
9c5a06bbb1bee33
5352828b81350dd
22e515090acc54b
4c54c90000dee93
2276ea74cd1068c
0bb2c9967f6ac93
a6b3862284f70ad
6132f7ac6d46ffa
4dff3efbe0e5748
5f7241a9e905356
4dd627c2c03a531
4ea8cd58bcf4a9d
5aee2306f45264f
1eaab062d569c73
54cde947b51ae0d
16987430c77504a
8d8b4d2e4ebd83a
19d0aa2c2173719
8834b66777e3686
4236dd1775319bb
337f2890858cef9
0d0cc75ef4acb81
34c65f88d160041
1a1ef15a7b1ebe3
23c1b746782d3c0
35be4e327ecc5ea
8fc4d1c45901ec0
0dd0edb99d49d87
1e2a27990446bf3
9922098f5c5f12c
13496ce491a00ec
98d170c3a8a2d4a
5fdfa9a4c684e72
2cb3d8f433acb84
5461ac0925934a7
4e385a8a91afbc2
5d1db4feadd975a
084cb158ce4a479
8f8586b063b7860
555b5725ce2dd5f
46c275c0af09999
9cd5a7e76b9271f
a52f52c2b8c7a6a
41f4c7ff07fa027
098c6dfa97e2578
3a4506faf0e3e0d
90dd41a2c5e7277
385e95076a0e26e
1656879fd5095ff
09cdcea85000976
410e9fb722bd69d
0f8a3096338c4bb
88620677a5420fd
27099f53b805b62
2f9bd8aab6a2487
3b988c3efa667a8
4d045f3da0c6cc9
91edf091847bd58
34c7685c33291cd
011e8c8aef948d8
27d741e99c1e01a
795c3d8eb23174e
6a816b47581f034
9d393c97f04e610
1f7396ebf73d1c7
71461649a764a09
95d152c71d16bf2
942503c4de33ce3
792e5b5e28ae6b7
35dd84b980a7f9a
6916d598414a9f8
6fe8d116fb54f98
9c7e74ba750f4d9
1cca8c73e4c0715
4ab649634882b74
94e1c16c9fb7c68
546eafe92b9d13e
5613659cd1c5ae6
053912d4f553528
02f59fea0c39b9a
8c50d2daa69382a
944ba43563a800f
a75c122da2dbae8
65e870f5c5ea67c
4638febdf2383ff
7bb536be5258829
51db38ecbf05678
167e3030ad0a2f5
5e96b021a798055
8e72654f19e2276
17d90bfc315bfa2
9e451681eee3c9c
7a18751c86a6856
79c19aaa471611d
21f8dfe095065db
1250e3c414bfc82
40b89887eb75169
78bd1a0d15443c3
9c731dd78e64cfb
04e3adee1ee65d2
9d91c7f5330bc39
a6060b9dd3405f2
374be39752b8632
04b527f131acb27
609b19cec6a0167
4569c44f2be150e
a7ee37bccc05ab0
1f8beb59be2cc47
971c0ecacdd1a80
5de8d118e310f7c
129d74faa42c77e
0660ce787f8f19f
a58b60d18c49b9a
422cc738049e686
50a7ef5626fedde
74b34e608153c74
4d99e4aa937eafb
796241c2bca9c5b
9c7c4268ee7e104
112be7af0bff16e
0b1c2ca98c67957
99e67dcc535ec52
432847c7db0bfc6
144796124a901f8
702c9da88993257
1d6bd7079eeadfc
4ee45665f25789f
82e1b28dbef7eaf
376138ff06c63fa
330d15035bcde28
3f94c842b9c5cfd
95489fccfd9fd2a
1290a27b5fd6e45
7d38f33f3e16559
0ba14d5e35f59dd
9375d3d7aa8cc9b
9ac46301aff0bd4
01cb17fbe70c934
024d1b81f05bfef
6d9d3c2159ba32e
787ab7027c72cbc
72744ae45962236
7b3e262c93dddab
3da9ab745b5b82b
2c706405dba73c3
0cba3fe3b77a78b
a8e27bd744f99c9
871b574d2e2ebb4
1637b438a052fd6
9635162c0e8de3e
a8ccfd08354322d
9a03c9327c8a85c
53ae25907eb96b4
6f46e8bfe485f84
8169eedd205a34c
4fd0acf1f13e5b3
27f586cb792e18b
3ac47d1fd6f7a6c
2d88a6f0d0248b8
62922bdef9f74ab
0f7d8a333435818
8733b35494ab586
7fa8eaad6f3eedc
6ca3a54fd83eca8
0402398f2381327
3e195349aef9cec
390c3fa95a8196c
03771db55201aab
18cc15e37750d5a
151ef9b74ce044c
30ce3faa90f891d
688246f44037af8
75a4b04783f9b9f
5ac474b9e11b4b7
3436f2594570def
463b751ecc5fc73
43d7189f116b5a1
88751048d584807
94effb882f9be99
75dbdd245798fc2
9e61dd325ccd44a
343a4872824d210
4b15d274a6c2698
62e016771ffce04
5e992cb11afaf93
6c53881dc408355
996bc2e3573c5a8
4143db5d0b09d7f
58270e7fe1bf933
6dadd337b15f81e
060d2ab50e144b8
2249671b96e513d
9696ab066c3104a
1801fabb6dcd5b9
74ccf688d5cff92
7f7c8485817fe52
0e166e5fc01fc3b
013fe5c7ec5f037
296097b3401d536
1de8952d3c27174
60550184f65fef2
925bab68d7c5c7d
3801f5be7460baa
748a2c54c871da6
98a557f8813ebb3
183cc8c4bd7d7c6
86a0cfcfe6ac499
0f77b6143aa8e7a
120637eeb3b2c5e
a0cea31db3ca2b0
692ca70ba0796a4
5af713bcf8968cc
4a50bd1e697fda2
4e004b1d25db16e
706f410c07ecca6
70c34438306c8e6
7322aad0909fec3
30ad63ca278874b
0e19d4d98056d31
1d975b3e6ea5730
633aa348204093d
60b4045ce0a5d62
6f6b19fdd06f1ab
160ac9867e22874
6fc5a8ad9499427
2668c373a8890d5
314506fd72ca6ed
3c78ee00a03725c
786af9af76419b5
19c9949e0f1ba9f
2510f48aa11a33d
708b4be9e0da695
1795cb1d8333381
5f8158652dca678
115469c1fe1d43f
305f015c2c6d4ec
367f3e9a902eda8
094f592c0e807b1
9ea8315ed1991b4
7672570c9f60b27
77614fc25f39016
80e3a338c257641
5f2153b61d2bbd2
8984db6cbd43317
7b2c0ed572860ca
4ba51a97a7d1432
8bbb811f553418d
775a8ce70245867
a8e80d09c0ae65c
765788ea39d4619
0f148d2ae0726a2
4c8e42485cfa6b8
5d1838df673ef19
4a94e38b0170760
0d2311d80b9006f
3c3c820ebd5cc95
06857f474fb38d7
19f030b54e66502
08e5d13f27a160a
50245e3bf95af8f
0d1ff5cfdce064e
5d497fca3423596
4dd96341d7e11e7
9966bc5db75a5fc
7316532339a01c0
4705abb6c1ad057
16597e5c0885b40
9f29faae04bdbfb
61111629ff1fcf0
6effc90f32b122c
a6187f017d9a45b
0174d40bf67c35c
80e3ad62a0ef742
6d7bf5bf3d2e13d
453f434c6b62d57
231c5aa71d2dc33
438fb1bac0e2480
565f3f3477ee8ce
9ce447f8efbb018
6294d40ea9ce3c8
2125ef45568f590
7a538d5c6b24e16
7a73104f03562ac
1c41e24cda1e121
2a680e0d93f6a86
3bf55b24087dabb
4aadcb23fd31969
483370de151184c
5f744d357dc51f8
6cc1531c542a7f4
136750e5cbdf289
86e25f04ee58efc
4b05ff7809cff0a
23ee062ff826774
06cb5f756cfd614
949fed65a89d64a
6335ee3625b0ccd
3c3636a53324162
35f77e2a33c2114
49434986a21b4c8
51bf76cac443f6e
1c50f37d5ab78e9
0b75c91d995e054
564e938d12b221e
39ab284c3a477f3
9bfbac5fb10ee10
885331fa85a1d62
9c535b49e559948
992acb42b5e8959
71b9ecfd9895f52
6a1ebfad91076cb
3ddff639727a12b
4baf524a060e055
5ee709705b6c70e
9d7d277343bf301
a2369919784b699
3bc2a4cf3ad0eb4
70043dff9eba10f
36bbaf622961115
9058efea25181ad
9fdf4807d95e4b1
4e627d0d1230062
818839da6f1a5c7
06136331439265e
3ef3aca28a4ebb1
6352c3b124ee990
6d6bb3db97a756a
083ab8d9a2dcc9f
4b12fd4ce087614
5252945b326163b
5fef388e7920379
930f5f812d5aaea
2cffa0458f865fc
807b679c4984124
7e3430391a31665
7fcebfffe1a4459
5eb4677fba5ab0d
0cbf1d18d4725d8
467df00df19f1df
1744910c5729bd7
5767442aad4976a
44d8a5dd3eddd69
3d2721c97b5c05d
839c550f4314ca9
a1b02f447884367
509add048725618
329f2a55b894318
a9d22929d5c0e7d
485bde9a58864f1
239b38c6d35c50b
40989f2156c9892
65ce55e9d1bdac6
416f36824fee436
7cd1153c34e4c13
3abc9f5e53ee58a
1b3589d7bd1bc11
489dd86e5e5feee
45d24ed53dca325
40bd97d5cbb1d49
59aefb36428292a
97e3075868e6588
49c914e883f6997
33a3dbef01e33dc
70814dcf6e59365
1e39c7756cc04b7
985b22979cefaec
6913425f3644003
4400ac5ca2915f3
68a61d830772f93
19d8ebb74d5008f
02021670a660878
75bfe5e011a9da0
2467832fc48427c
66b56ab50482639
