000000000000001
9b180da35c94892
11a4a923f31c542
e58eadf61f81a84
3ee8c99df817671
8e6e32898be316d
5b900673137144f
8173f72957d3b8b
7c4759e80156f39
88f95d4a368359b
d9be39208bf03f0
42f2676cbe6da9d
42a73c8302f710a
11799278de7249e
e9bd3fd85f8d3ea
f3fc5ab692626cc
33e8dcb805c024a
4d47baa7e7c9093
24f4a847ef51564
e46b3bccc6c8e20
b4acc06a7ee75aa
dbd924118b109de
851cf21bee3b21f
5e67fc7ec6b343a
0dab992aff71912
391661c0af468c8
738e92acc977536
9251622b2019359
cc4989036cfc15b
d791ff48cbfdea4
0e8eaf45800b455
b8eb7816e238a10
20c6e04bf847895
e66d06964a2d8eb
3bfb659a0c38c6c
2a02f61424a8517
870229354348303
1f16c010271c8df
bd92f2e42bb3e87
8938cfaae1d9cdd
94bd61a78975fae
8962e0ff5a59a70
3c8e9767720031e
840d22e3acde292
c96978c4dd8bbe8
2a2f9dcae8d1a59
4abe2f69a9f7f0d
6dc23db9c468cd4
7ea0bdbee15606d
8f8fdc4518a80ff
bb99a484b4cfe5f
13c1799bfca4a6a
cc415af9f88d69f
e9130b9d3a3ce42
15200fb508376c9
1d5ae563fc5e43c
2e7aa86afc21cd6
6e8414de6baf2d5
a572298ca822627
3c805c7b9e8806e
1ad064366a92f4c
314e4d3e5ab1ca3
014733d82db3cf0
d130cfc4c35fe6e
c74901ba8adee0a
8e0e3c78c190899
d396bcf6e11e2b4
a3986fcd3b54214
a008e446ee95b09
637bd56632b6c0b
c72094017206c1f
e09f75623ef7b5d
2c1c1e75baffbd1
52fdebaa74f614a
5decd8feca3967f
512f3c727887d5f
45eda1c47e04c1f
6d06ec813e248e7
cd69148f8c18cfe
13f4894637d61e6
7741817ba8f19c9
9ec3796656713b5
5f5cb76317d2300
9a4cb913ec7100d
1259b3deb3a59d4
d789f7d217e965a
45669b78849a802
9400ae8b249ef89
cc0d3b7ea2eb35b
65830f8efb8e2b5
a2e9c8791bd2629
44450bf4900537b
7cfb7bbfe39f949
933cf8843e0edc1
c8e9ba76d9f49db
b928de737e36249
c17e934a535cf96
2989f4c1b8731ba
087e246772330ba
a7ac34e8a5e6d94
5ef19fa400f02e7
efc807b064801bd
6ee7f3370afabb7
b5aaa3696f007c7
75f97ed0596ea8c
739cfda29872c22
d9fdeb621d9ff55
e53a26d10c6bfff
b728d25157cd30d
223dce5d2b57a50
0763a3e87be76d6
ec4b66086513346
74854d28550bfd1
0644b33b83079fd
43a5420ccaceb8b
6323f9876668623
5e8efdaa79bf219
13f5eb7cf56c7ec
d342a2b95991df6
a63e1ded0982db4
2706a9673450ae0
51a7add49b7f174
ddadff493cd4c9d
372ebd77c52d10e
08b726caa89dfbb
6ab7f743d391903
4b60a7039fea832
23458cc94db909b
ae73e9d122957f1
2af7e84ca0cc756
60cd4d64b626d3b
0d96015d5a05320
9596269f42a3b07
a0fe6c3dded06f6
80290c1344ca894
b9d285aa739e48f
aa9d6500dd8ed8f
3788e151f372c18
7bb7a3ac9675ea9
c949bbe8e7d0e84
2812090c3b4011b
61eec85832c86c0
b2c2d656ef4eb2c
5cffb528a311900
0e4ab83945e6681
738318bc0f13cf6
8c8b9875c32a681
be1e6e061626652
5c5fdb20d45fb3d
7624fec5aac9901
1e2d81d61d6d107
cea15218d59ca1a
e6e0da317875c14
c76f8b1037df5db
9eafa8e1440aa51
9b542874fafee65
673344a2a2a8c01
46393363598d611
0409cb75c170584
1dd190e009757b6
c5a15ee6116a77f
2246d86cae2dc6b
ab31c30f2bdf65b
411aee83341f28c
1a1ac5f96300175
3e01f9ccea96fe8
db2f7a4e140d456
26764830d71367b
9a02a9682f6e720
2d77e6df39ce715
e4c7b291540883d
af0b4fe77255256
c3f0cfe53190d0a
c846428c6d7ddb0
45040767cdcbb7f
3325ce8441c0331
ed633bfb161f502
78d7aa41ae60165
3cb32912484b7e3
66ee096b4e1a6d0
2e96fa30c840a94
c11e15bc3d6d7ac
f0325a52e337a27
780e78109747e4f
48c448fe8bac271
f1dbf96e44aca31
8cc2f5d1d588b42
df88daf4121d9e0
ea349ea83357417
93fdfe7c23bbe7e
95ec2b4ea7600f6
b37555318a97cf2
992745286bd19c6
424bca1828527ad
b5099ed11e610ae
a685699b238f0a6
a6e4531f7591b58
0e4c29998a5cf87
e3336d1a1068dbf
eaa94ec8cb5b31f
6a7510bb1d17aaa
da7b5446862ce2c
471e4a0fa818a77
2760947b22ef634
a9645f35a97d6a7
2a40458f6758544
4685bebb02a3e12
32aa1a3d8684ca4
f6f7c5729e7f2d2
921291ab998db08
42f6ccbaf8d48fc
dcbd6c9b88a33f5
0beab4935ef6975
6d46b456703c4d3
3895a0e8b317ba9
62fd86b4797d754
abe227f42797936
b87c0c5dce1e10f
f1d8e9641229071
5335487837629bf
4e3f839b8102a5e
29af6b2d60e3e87
4f9d9945bac4a70
52c77357380f8ff
e7bdf0f8cc40207
47e4378b0715600
af8bd9a029e0016
f6c161abb80515c
415f1a2cca55f08
0bafaf91936488c
dd9967174086cf3
a9fae4795504ec6
275cec2ae66bc0b
1eb8306247e7215
a0373f5c2fe3b64
8929ef71b774a5c
68dec8bfbaedefd
d66cc484ca2d3bc
5f07bfcf95e85cd
d362f0c9dd7e437
35de9faeff1c9ac
51c6d79aa9a58ac
4cd93bcf98a9c04
a1584ff89456afb
1aef01f8a745233
2448123c0b95a47
75022157a37f295
d9368ccb07062de
eefdac12e4af9fa
20468c141e5de22
5038cb27c393b6d
63bbe93d44f6043
a7b6a150ff9b001
cb41f0713a5dabc
df10b14c017463a
7abaa99c43090d4
8d953cf2e0532b3
38fc20a89f5586a
ed3f88aa92ceab8
5bb5c5c1fecc788
e4adec6424ce0fc
8cae693e0cd0f3c
cb5c1a67660f38f
a38299f5f8e180d
2f71ecf6943d808
8744c102cbb05b7
33b30635dc1b07c
e14dc122eb2ab90
e2c5c80f18abb0a
9593f7bcf18b541
c04e72e1c86aede
56580e530a4d147
00b847d8bb92da5
97260d2509f671c
18b4a34ec34a8e8
44cb3ff8bb6bbff
4942f8ad8fa2727
cc0410a438dcf24
56512b1e9c08adb
69d9156050c0225
28891be64673dbb
48de1c439f6da57
caa3975695d962c
01fc7efc83aef99
3254f358d88d779
f80adaa17429bfe
d3bb0a3d398942e
3b7a8d7501179ab
4b92945d2c2f0bb
5f8935ae8fcab64
6b8914904e2425b
8bc4699aba42bd9
ce39d1070f94956
757afe3ffb489ce
e200874ba742039
7145b55c4db6692
5cec7e12ef6b98e
681a291f71e1fa0
ed76bbd770374f3
3bcb19936b9ec01
b1725a96df70270
b7c0d4669baac90
e9b546c98a47d35
3d79deda8e9fce6
ece8e0e99dbbd13
32559654e0c7cf0
5b290b205e25ce1
00a425b381940f6
f7da47df740d7f0
bec2033eca59649
f6052365d72f05d
3852fcd051c142b
9c2c488e9ff07e6
a0deb0c43bfd77d
4f7320a925b5e05
d25f2b33e913dd7
8c9136ef7c3dd3e
d8e3df41677e656
5e3bc24d0089ede
29be800fd53776b
dd7fbfb49f728dc
3d544ce98e8255e
7305bce025051b9
91421b2ab5d53c0
9314f988389d4e8
05bced1de283910
3b86cd03b8412cd
4a88790df5bc814
47fe48ebbef3cfc
9b1b904457ff596
4f3c9c51352089c
8599cc13e494789
4823477d209b872
19646ea15360085
7387d1be7c483c0
1fa314cbe361454
320dc99ee0801c6
cf554c73ac31941
96bcceef1c7cce3
3461d8b0a8347fa
f3f94c1f084bdce
e8289f3ec87e26f
5ab032117673778
aa7fb9a24217a16
e2da963401a5a80
6457f77a60456ae
3355da6d8a48b8d
ac93c61044b3320
a345951b28f6684
96f1e410d9908c1
0fcf84be429bc4e
a52fb2e6c3f78ee
347f402400e3334
586bef941bed31c
66be23342aa6388
6b50a0930f7f987
e68f3a077a93c6a
3fc75c8e6e688c2
4253fda19e50cb6
4b8f9e4239ab28d
5a3857740ae9bf6
3d6e964adc60bda
88dff2c3b79af50
95642c93dd544d5
be6fcbae20a0fca
6ee749a9af244f0
4b34b9c67516370
871b6288a46971c
1ba954a158d0604
406079ad669b08b
7782ea20cfcaff1
5c53ed34f03bcfa
bf997e254fa4072
2a16b2ae97f41cd
4fa872edbc7d799
e35e5ee23fb2c9a
952068683d13afa
b4738db13fbdbe2
c88d73bcd4bcc99
50ed25ca81243d4
bc66e4c302801fb
1dd877ba8ca8b97
4e33f44fd4a9b5c
d22e8f951cd8826
5c40e10964e72c8
4e7e67114dab17f
167e0a4db4750ba
e10e751d008c371
70101470e519582
9f8dcd25c2409d3
2fa3b891a62375d
cf467d6133be06d
6385f1ccc867257
286acbec211c92e
30e157ee8ba5faa
e8a796f529ede1d
1cc4b0ba636f6ce
dd3d9fe10f1a51d
7b1b0d766dcb835
26afcc26efa9b39
19a8907ec8af6cc
e69abc5f8ae7055
4dfafc24c25d5e8
5534def260e1228
f755c3562262f0c
958da85b389c6be
48bb1da683572f4
963a798e21aab4f
3ff560495be2023
5c3625b77a0192c
e59b9adde267871
f1a4ba1cae3c91d
a7a14f4d9e0d766
57d124ec4f78581
0c4337876b3c31b
ebc8a937a8a78db
f7a3e453fa75b42
57b158640c7e317
010ea8037b94bc5
73c58d118c51347
1c234e6be7474d6
2ca41195b75faa7
4f30cda9afe7db9
4aa080ea405fbca
456d9a728669fc7
6f495273d29bdf9
f3a727cacf5b85a
80ba9a5bf5a4f06
803c8331080789f
4e19c2e0852e94c
73fc479af96548e
0cdf94c6de70acc
5bb030834116d70
a2ea098609be3a3
03a17778c084a71
9b34a361c8d3ef8
32a02e3ee62ca2d
30ac134484524e8
1bc59d9b2cca0de
0e6f9772fdb27de
798ee5455cf4488
7ac9ea66071ae8e
716b3da528ad339
c3a10322a062f7d
9a581b9de85dacb
6a54ebaba6d4954
9a6c7a432235c5e
4a48487253d6cf7
ced801477db1139
2fd7536ffdd99f9
5ed25b82d313c4b
8eeafa9def18e4d
e5bd2973b1c2d16
487a2244e8651f5
4227f2e8f15f4aa
f222d61345d4355
0473323c0223050
3223488cb6d9bd3
05caefb8b014c43
e5b98a561c4505e
cfe212c6b3c03b4
42e4fdcbe8f0eed
e2e9fa50e72e4b5
63eb247049cb6fc
852257ef1e1b597
9a645afe022e0d4
768ba930789c1d0
9978fa8242e9923
302f5c0f7214587
c5c2376f8bb2c96
241f779f001c7f3
e81c59058d50209
e4373d856b67e84
75c5f036ce86076
c1a3e947bddca36
8ffaa82453e294f
83d3461a1f68d96
608aee92f240039
7fbf4ccc120d35f
3eeada5ff19b093
42679d3d0a6c761
88424840087b167
1399bc6099dc31f
f4016971832ab9e
5ad9a75ce2af0e2
5ac7fafac9d9c4e
2c68abfbb2f317f
1718c83ea47f89b
90d965ad2d58abf
623a61976ed69b4
69deb34c41d91ea
b2c935195fe96b4
565ddc7f28e5dba
776e66658c9e8dc
4cb90320387b336
cd788aaa0e79ddc
7d2e47984901709
20bbed65c08b52e
616cda0c91d0cd5
773132292ac0d17
5011bc32fd018ea
537da8ff3976ba7
944022a3fa846fa
88cf84ffee9fdc7
49fab027d25066b
db174f40b9f0bec
14ae06b1a7afd03
248f9a1b2885119
d982c9fdafce474
79b150fab6bda13
be7af60d67c255b
3aeb6036b2997ec
cedfd9d830b89f6
78ec426fbf55a9c
c1d1877346f6f85
d5a5a5d4b2c14c1
67165b26149ce1b
c26f8c2efdffe11
d32ff719ffe39ef
8e1a7ac4d425d95
d704722c954396f
9d2be3433453a6c
1f3c9bb22a58291
22feb5d76107755
546096b60ead07f
d09424729a589b7
ba70c22c255ad10
5d46876aeed2285
8253fc91a742ad0
5bb049abdc142c0
9c8c570c0566603
80c2b6c8cd0f561
3bc634b4bf46bba
aa5dcb15d4cb8ac
b3b4ad24d1021de
8fc7bb62f23563d
1faff880c9143f8
6b2d60e5b6dbd13
23e29b0c3ae35a1
8318ff2977cab34
45a6b52602a0e6c
bb458b9ffa8a018
f5cd509998a36be
119018777fb908a
d4223ebbfd82cef
736be356e5b33ab
d0b3e195f15dd5c
2d1d2442fe0b0a0
52b63207e003c02
cc517561daa4540
6444ef69fe9319d
3c38e94c19e19ee
51402085c573c7c
b55dd0efbd83466
a5c7783cc968551
28bd4b7f2715006
429fd3ef8271112
d7cabc475aa9ce6
1ad790fe14711f4
4f0c246a7bc306c
9995860fc69e2e3
b377249ff43e4d3
d54d905d648b30d
9f8ab45e260f38f
ed943c1a3e37957
59de1104e6cc538
4fb0f087e5a15aa
014f8ac44b9f9c2
3eedb531409b2e7
5f864c9dc29df5a
0a773ff9db2dab0
da7906c10529a2b
0e15931c4677905
13ab94a3103c5c7
923aebd235ed9ae
d1440dd71c989fc
252ae165b8455d9
3f7eb8c5939b205
5405f8285842672
dcd0ba2e97978c8
e892a0fd4e83977
237dd95ee82608c
82b07585027f37b
324f707565fd82c
b72acc1313e6c27
b4b9504ec08b808
3799dae195a3caa
bc85d9184cf47e9
2b00a394717ba2b
c1ac2e1c2bf8244
ac51f4028adf7c3
70210b184e4de9a
139af6d04ee800d
94ba4f4366d9e1a
8dce097eb3bd3bd
ab6b7eb5531556d
84597ec90ed2ca0
3a1968fce48c239
0281bb5974a303f
971bd43e4f9e099
d364d592c37d13a
38fde2d1d91a7c7
67dd3284df1f213
1071dde40e785b8
7d2ab7163387721
5d5bce9a25859dd
f393d6bb6b2727b
588d53d279cc473
a50130283ad50e4
29b132e27ccbfc2
67ea5222e0dbd62
43f3b7baf0e807c
06409529675ec8e
91cc52192ef6038
53b0e505de311ab
0736d563d6a50c6
b5246c59f684701
d8618f852e5d4f8
c03699fd5a92dc2
86a7028a2debe65
a7adb351dc664e0
baaeabb78877cda
dbe0c2f2ce2e4ba
05513a491e498f7
00b9260110869cc
4e592360c944d80
aa8b58847ccdbe3
67cc4db7f17686f
80aa784318c9ae7
e777f1655af5925
892040e3ec6a953
b2e1e3e2c640322
0e7d9548b189f0f
7fffac64dd4ee54
2b3a98a1841a0a7
6c1aa677d2e4107
b78dee277359d6a
7f00360eeea8f14
124e076ca369cbb
e8d04650fbaf0f6
d00aae33e04ceb1
0fe04dde0940a89
1f4dabac42dae68
9c020644616a8fd
5149a3c45fcb97d
099ae2f127ebbe3
b97ed1620af22f7
b96aab15fc1a92d
9292165ce4ac0f0
383204fb63d624c
7e09faee6215a20
2fb9db073b0b243
18e3217f44a0b43
b92b0dc2e55ca9e
4f3f42ce68df21f
85783dade0ab652
d8831ba0d360e01
957186732802571
7be818941006acf
7120a281b5077b1
198e9c170fac127
5b3f196ed6a126d
d1607b019696392
14b260d3f70f5d2
d2e3f1c788df836
60f932e10a93410
56c4cf376b5e1f2
9e23623567f91bf
25e8318568f60d3
d19f38d5859d3b8
401e78c15a21aa4
b0e54d4f00587d3
c12bd9a9de2101f
db8e2c19f2b5b9d
4a1fcebe0f990f4
82000cb3266e586
bb56755d6c14938
6d0d85d76c149aa
7524e3ca0187d48
0d91e5775361be8
ca7a3096d038787
f49cce64fd249cd
edc255c853071de
4d8738415af42ae
978b1fbeb414eeb
0cf9f829655fbd5
21e6f8e8ebf53ed
a4b594dd33bf59b
9ac0ea22446faa6
ea079c10efe46ea
7a6ee2752da8b47
839421fb2d6c6c3
a5b352082da5dfb
84e2b14c626b77c
ace18ee0d537f12
345423ca8b8a1bd
2301684a4244547
06341de7cad379f
9292cdcacd4bb91
771c4f918a62c5f
bbeb5c2d0347097
9db64f5392ceea7
e407ade7c98ed69
16aba48d377a17b
6d7a13d1718e734
4d8149b3de9126f
2c6092ffa904f31
ac2a6486f9ec14c
767f1131924436a
486df4625a8472a
f09598ff238a6c2
916dd7252a400e6
6cb838cfd21dff0
a7143bb0651302d
7297275043d9188
81d6e669339ca67
26c6c756c557665
51a0f3099d594be
28f63de8d95cf87
dd5bc0c30e02289
86202b7edf6964a
e1b54f3439c47c5
9a89e7eba2d1546
e426159a57e4c85
61c8be2b230fe1d
b05eb984553a3c2
0799806a88698d5
7759ef1c1e9900c
0d16f8c5817b235
f0e3169872e459f
7bdb6c547b62f0d
35e7f2172c3569b
66e7bebd83b2560
16ba1b6f864dd08
c6e7f26044d32e1
bf053f048ab77c9
c6a3132a8be9445
351533840fa512f
e6b522a643da4e1
01355236142cdef
c3cac5cc5a31fe4
a8e3c0aaae3d6e1
52a6b73831a4df0
7e720aa7b71fbe5
6f96b2953d573a2
a33a78a8aca50ef
127d2cfb00a8387
1105ec9b8fca3b6
ce06c7cf707375f
8c9655f57b690c7
0e4b017440af0eb
3eb10193131f009
9c6c7c932d4be77
320a547b046d763
b3c3540284155f0
cd693fe2f6549e0
50b66286f664e7f
3c33bbd168b6018
921fff02c5d0112
2544882303c2fc8
9e8f39f846b80d8
6c41013cd17ca46
641b1dc7d9f61ec
71311e70b41357c
78ffea887824e27
29993e838db14bb
59f8a9628841b8c
bd871ea5a2ca19e
99fe0b7b7dc58dd
de793d2ee047375
81563c19ae78f34
a7bd3a66251ff48
8ef31430add0bf3
6b1c68cad4f94da
3ad21430129e647
9e18ce903b6f8e6
cc78a115d678616
4bb73297a4a5821
b1bd23cca923632
f34e562e69568cc
2a20fe25659a8d3
0baee0cd97b21e8
702ca5a9ce9f04b
ce100e8e9ee85c9
bc3b0d61558d033
aa93ca5c09ca45c
d622fd0a6807b2d
769c1ac38a0bd7a
d9844019a4da407
152292630656ca1
3595c96d378a7dc
f845b430048aef3
d327e4dbc03e204
398b3b4d9f84a3e
4a61089598c120a
6c675223b3b8e77
1f56afce49e23eb
d9b32462608ec9b
780242f78d9ea9c
4e683720efea101
836176298f8472e
8454fb043e2bb67
b6b1d331b02d436
1ca74a8529c12f1
da1a8fd846824e6
1b2f47113088b2c
a26826564c49b25
d6648f9e42393bc
d543be8e0b453fe
0a7a765701c8a12
5e893f7de92450d
7d7cda6a41454a4
79153e246963ffe
8942505719f33a8
5429f8386861596
526dceaa993838a
0e0682a524fb8f9
a325228b4ec6e38
e746f1b5e96f9d0
63f7d4a7968b274
895775ffbe4b585
140d5524783a4fb
6b6352dbd83c5d3
7545709a6766ae1
19de16441bb97d3
76dd413f65f9a6f
10e830f52e3c89e
cf730b2768e6b68
eab4ff19f854a74
67fb61a653e90b6
178819c70dcae5f
088bfc04aa3bec4
81f60f5158f88c3
e162e8129fcdfa4
2c942c64ad808b0
48a140845c382e3
d63b5aebdb7306b
830f1c0dcef22a4
ab4242533c5eccb
c9e192490efded9
09235706119b347
2fdecac4594e2fc
849a9b65abe69ef
e38b8f5178dd917
169c9c2ebb5f8f1
8b6e0434fac8d9a
402174bab15d7d6
099efa3c9dc9743
de29a12e9e22318
64419ecd3ed9252
31cc6cbe5e386b4
46d07a85f6b6ae0
82372414a232c3e
9b1ffff1758e379
1ff3818f87fd106
7cb7adf19151779
1384ecafb51ffba
a7a6433add32aa7
7e9f3d0522fe829
9a81182053aa06c
1c1442fd4dff503
13e6e5a9e08868c
d2a0e32bee95be9
2e15af32d0de9ca
b670f8e1ff942f2
173676abb407b10
aeaf05aa1467279
374a971599910f2
9d5f19c7cee69d2
cac0917c4aaa877
8f716e429e071e0
c82402cccb32f97
48bcae81fe10b50
827b9cc37b677da
621a0dcaf6b35d3
9f84ab6c155d200
cc9696299aa20da
d1010cbe50098e1
df249f4843e6aa3
935618fe5799eca
357d4a3c18b0abe
0fbe43a05bc4144
04b30ea5a9e2a4c
8cdb39e7bafd888
4f62fb87781c6d9
3840e4684602b3c
c0ec5496f790938
cfdd11991b24704
53dc5ba39a6dad9
279e557b9bd04cd
3acc8e73537c73a
a3334c1533bb4c1
437d52cac246cf4
a1175fae3386d57
79ec12e49712bed
1685ae92000f0bf
7054ffd71e40d73
b95059b842c13ff
256f32828874842
d58009afae203e5
76cc23cb7729017
8c429f4a9cf967a
06d6b876d30cfc4
15b325f54ee8f41
32bf4e2c1206214
8a8fc396350f1e7
7762e751b21fad3
641dc8aa32fd496
f0603a21202b7fd
65b9008d5f90490
cf214c792c1a218
3413502aa128674
79b458d5fbb4ff9
afec687b87a570f
86160a57f02bf7d
a3d35413100db4a
d46a2f4b1ca72a8
e073f997a975900
71aa7199f11a174
20d07ad6c86d9c4
3729ff5365586b6
660f9d3672c5682
0a955cb72d9d983
1cc30dbbe034b8e
688500c5e8feee6
80f2b3d0712a448
3d9d34702be33b2
77cda73bb6860cf
059b8c35e8f43e4
a33e5a0280078cf
1002ad457a750e5
acb9615ee1de6ff
0e0092ff838f16f
9b5e5d88a7cb55a
c3f9dbda1e262a5
3d1b6bbcc81f52e
2cc82ebf2f5dd4d
7a5cfc45a48d418
6cba555e5d8414e
d51fe4984093e70
495a0a33d1354a2
82c81c6753db963
df4b15a93812448
5edcd4bf4e148e3
a1eb9b0272e5352
aa1720d4407c6e7
36e9de0f621833b
44bd615702aa41b
b489553b740e137
4bec7d8a420600b
7b59bbcdb7b65e6
db3156e2453623b
508642d29e7f4c7
51b1335c80f79d5
b480fd7fd0a32af
b2ebfd0d39d3ada
167519087b4d36b
9d8240126d492e9
56a43c40863aa9f
b3ac14c9bdbf202
c486dcff65b1bba
d5d8906f281f47c
f4da2b53b9c5a99
644816df79652cc
6d4a77e80910275
57fd17528b078b2
b511d58738ab185
148897b3e5650ee
ce4149332c7be05
540d62d85436a95
27765efe964cbee
f1b9914f29e0fe6
c5f4aae4262e919
2fc18905f813c92
4e28e81c21bf477
5de61ca8cfa3259
960d6761f9f4761
423ff4642f417c2
b65da9f98897743
a0ffaa8b5b5d350
28811ad2308778c
8098286713afe87
b26c3364339dbbc
84ec4b56041e470
2365f6a834af496
5fd3306ccf74c55
c4aafd6662c8391
deded4a629c76fc
c9fb53bbe64a0ea
7d7290f83bf9ca6
d8c7858c9ae5c67
e9dbf987600183b
65016abc574c1d7
8858003d027e841
0eae11dc24eb4ed
4f0477a517d2101
d84a3ec0815cbae
0982351cbc1aa3f
7ff07bc68407348
afa4b7b837b7e89
930a4c9ee7a19dd
0f25438fca09ec3
a9cb700f92beb64
1a1a333b8b8bf00
56b06dce89e65a5
de87c8f81978562
6c4b70890735694
e4d88f03ff24db9
ac8932de2cbb201
62e84cb823aef95
760f755779470ee
02a7bcdaf29a072
86da7a4335c0a4e
16cf8a21bc03649
6377521f0bcfd40
6c96b8e134292ea
02bb44c8e71798a
c51855ca6a2fcbe
6b1e71228a13c1b
15c380afbc27de9
b8406f2c46d3595
656b12ad9ccdd88
72b1aaa5d2b167f
c66624dc6d6947c
123d195c80a5cd1
c4b91b2b3557c2f
795db33e3a07b8f
a76bc92a92aa792
242e6e842950226
6bfbf741a57c767
9f429e43c2d93e3
6d472d7f2ed51f3
253523be5355b32
10c0118c796ee15
3284b14a3320cf9
c730030d59862d1
932c17b60103e52
b44c53d54686a8f
95d5dedb4964fcd
8fc192f2f6c44d9
bd416bf8fdda9cd
2a519f19e66a308
2d8e153d9004454
2a748d40e00a2ac
f084b8e1c2cd8f3
839dfc49ab2e6ae
1bca0d2cc251d7e
297028e5b044917
9827a5f5f89d9e2
46d39b723ccc6be
56fcc3311a2e40f
e09a5022e3857a4
193766fbdace11f
2b73d2767349562
730208d89ee4ed8
5c3ae8bff4fdbea
936ad6fcdc88106
10416995d77e82a
b2c6394def90970
1a35fa9a29e35ec
dac35c6c25c527d
136edbcd541908e
580b7462e095f45
367fc0d2741daab
8b5fc7535686106
86426803a3ac105
e13e61fb04c866f
9e364a504055833
1301c707695af89
d71d1c5f2a67f1c
031b990e0b0c491
77bd0b2d3124be2
ddd5b81e65d4eb0
f08674c8b68163b
3a73f8fdee9e160
b808d43b25f4def
eab857b470b50cb
8f524ee0ea1686c
3935e087ac1f2ad
570f3502a6a78db
2311b53b608450a
70c4c7f51ea421c
38efd1f48847229
df86d367a8fbf27
62c0c96e840281b
25707258e59c686
75f98ddc36bfec7
2ce35feab2e08c7
ea91f12b2ff1f8f
2d01966ac702b34
155e4300e18ae77
45f784b834cc35b
0d4d77bf47674ed
2b3d5d9baff29e0
708e70bda6af7e6
c8ffa3b5f4077f9
2ce1392733a85de
230b18cdf6f5a6a
03279353a905d42
a2627c09664f269
0f805971b38ab46
8d6e29aa676a46d
d7fc6314d6edd21
a4f856bcefaf49a
e5420664f562411
0559c54498796ef
90cd895d8536f9b
4a0502459ccb822
a8988efb1cb2e26
a617b4bca867e6c
887c7d2219dda73
cd9a4caa3650044
777ced9cd877605
390cf5c720fc62b
b4318533ba9864f
d16b74228070c6e
2827d3f33f8c399
b9266b9aa38d468
73e12bf482399d6
b169f60d9e57df8
1440debc13a3193
f3729455d31372e
634bd6ddf4cf479
d9118b9529882dc
45849ae014b300f
182391974de448a
6373a935ca7b98a
334362332831b20
4fed1c14d53e5d2
45d0e5bba117ba1
cb7dff07afd1e18
9ad2287869c17a2
2fff8c65824c107
606f8405ee913ac
c076b37787268ba
034571dd3fd2119
8c977b08b99ccda
5f315b5820dbc19
c42ea7e0e867884
6d9b6c3bde2572e
3634a21ee68f437
6deee5ab4c82ba4
3b030d64ea19131
3c418505d8def61
34c5f1d0b873fbe
724968deb843705
e5dff0684f6bc9d
19437b1f9a3fb64
a0a24962dd95874
4701d1e6f73e3c4
6f3f9999674fd42
791a834f91c2044
97135715b07f8b8
9d73a2ed7c82213
0f0928769ca7fef
acf84fcc2dc84d4
d179223000eebfc
19164ceeb84de42
26c878bd346d1e5
375659436f6524e
1095b5469ba9a7d
3d88b56b0ae98bd
eaac14788880d9c
4780f232ec6de96
368ec7730c1b339
b53831dece30057
3f24f91139a3f52
f33a66c883a64f7
f5f6742dbd246a0
4fb82efca1624ab
42ea9456d9e2466
478ae9ce17dc4e9
a2d26aa3ae57ce1
308f38e04b3a33e
8a4d38d870b8333
1d9da0faa9b297f
f5ea21a80e3fe64
2a17a3f4a484086
41e6b95bcc4092e
60d944a3aa4ffd4
5c7a14db886e8a8
d902e82b0a5711e
3beba662a0e492f
a2a82214ab61f16
7348ef138abe941
312cdf70c1b9acf
8483d4fe52040fe
59e2bce1c6ecd40
8fe3f3242ac9716
537978a12201f17
eebfcd6bab9b8a6
b0eb788330e1feb
1e4108d926fd75b
218587312247fab
5fda57843602114
bf869e683432a59
f3f7b10ab47fba6
cc0dc35025c171a
d187c8d84526c65
8a93f15d72396ab
24574d4e99f286e
6da9d0b360c0068
a6eacbaa9543489
a0a9412a7d690ac
bdb3d8bf1eed0c3
c951b6866010105
58651b59fa64c98
0db6c78b5fbed0c
03b5fbb75325b28
b437c9cbc73255a
63ecd18180a88ca
8eaa3f1eb00fbd3
15a59a43a59b136
b416600702d57a7
7c6601971331df3
834a8c89af459a6
5489cb3e330d2b0
26ff5c2093deafc
2da5135f00ed441
228adba2410f453
480e2e770a80ba9
d981606ca843489
09fe14e8a5a9adb
6a754f50b535b7b
293a9d603559b8b
938b9638363a37d
28d468830c85159
31c1bd1c545363e
b9185424bc0eab3
01cbe8c02abf0e3
4f56244aa896c99
a0b689e6b4289be
1c197c914c5f6ba
dc1f08f7f6c2245
6cb890720ae0ae1
c60877a750e120f
93987996426c330
9f51cf8157e6de8
9c2299fd38162ae
ba5afefb7d64523
e7f93e064cf84c8
89d47597465ace3
d6346b8507d7486
372e72c6f5f01cf
15fb39396f4138d
86bf05cfcd5cf69
652abefdb086352
6c5d12718479f4b
7ee51e49a167190
a7d725d9509e351
2a5e36c6cace084
f80eece8842c86d
476f2201cbf1162
4c0be60a81ab5ba
89f89c20ed1b174
cffe6527e926ef7
51188e6995695e4
eb3cfc6d128a1a5
4f8b4d41a4c7971
009d2fa82511662
bb6e23094643509
a2e5f68a18205b1
174af969a93aa21
17d4bceac0a22fd
ae0b6b2cff4ef6b
51706381b25f60c
5dbfde005c8013a
9371ac727eaaee3
59c146b123eae46
10294cd0f0ecafd
a0d40e3f0b8c01d
deb23754dcdcba5
d97379f5ddeac70
a3e4c882b1a7478
556c6f67aa6fa31
480c392c1555032
7b7ed7f6b16dc87
4adec3f1f909657
004d2ce8e9382bc
63c3fb43183b965
422f1edef0669f2
b56667fa31bba9e
b852ab9374af89e
efdfdf1754e0dc2
12dbf3b3b12b143
92674775c7a1b8c
2de17df236d9d0a
cea169d84679651
8947b292dac12ee
f4732b695a69f2f
834a4bf482fec40
4d6ca0b8d3f7ec4
518a7eb695eb18a
b57d1f6ff986649
ccb804225f585b8
c824cb2b637a86a
da122bcce478a44
c07aa5868f03120
279e85082fe56a9
027d34fab6e2959
d2320a9ae3c4e37
558495d54b8ac7b
460c81d3d977b9c
dd973ceaa40b128
75cdcbdd96eaf4d
f0c2c574f270e80
7bbca2cb809f7de
f6809e02faa968d
35f0d3430bee73a
a9e114093650ba8
3a81f7d4938156f
f6ae555c4569fdc
e1d0deb88e1e290
07ef35ed07d8dd6
aa2283033c0bb39
1ac64ddb3aa89bd
ae3e5c922d5ee1f
dfc18ab72600ed6
d85391c3f1bfed8
1aa363dcbf73a0e
166fe0fcf9aa20c
b0c499a994e005e
e465a88b2a44ab6
06ec9d23d4e9625
a4590b40072d26b
972f06240c49fe7
bfd9ed75b2c3613
a79ca124564fd80
ace9f57819cc8fb
7796a7cb06c120b
3ff10fa602e4193
59260852ddff6d6
3ae48e7150569e3
9ce4b34ac7d77fe
c6cd30165ee29f5
677adce13c5cc3e
c9fd472cdf22674
a691836c2f6ab83
5236f38fd577ba3
f41477aacc9b033
ce863368870b432
b0b67167b037e76
b0a7c64938e4866
d75d086f91aefb8
99464b918d68b58
5e2a097ce53a421
2c6ce5177f1d451
11dd73a136d325a
41db6d2f5462004
9ff78f77381a5b3
2dbceb65df07656
45cca9fcfc891d1
011ed2008dccb8f
ef9169e274b4ec4
9bf634efc890fe9
bf136e44f412155
e8ead16f9b3817a
07319ff19b62802
856be68a22e8116
20c8aa09b990a4c
6a43387eac80723
70f815af8a07e45
3cb9f2e91523116
9b805d2d4b07769
c4b606722f4d711
c2febeb0a5cf828
a6a314608634291
5b76e9300b2eda7
e564daa90302bf2
4cfb213cfe982df
915db7af36e59ff
a4771a698930447
7cdfcdd8f30770a
1a929e3efd2c86f
c3e440507b77267
cc0dce649240e1b
9c683bb715204fc
443732a27f0ef85
af4d9ad55268349
13a85d66a406600
076f969866cf203
8801a49177d1426
5342b7d11c59084
1841d09083b120b
ccbe9808e0c0f9d
e2fdae2a128a3d9
756b2fd38be6e4b
aa0dec653946e1d
727fc701b07eaa3
3df4051e86e88c7
73a3778297bfc17
4152023aff2e548
6384c1fb30262c4
a6d126efc2544c9
159cbc7b90cdca2
0293ec571ff1e41
c32a7587a6b2677
0f94dcf136763fc
ca63d2ea3f45076
2dce9afe72d1011
ddc082def51685b
d46bf9501d0f85a
5df88128da65a0b
6a82c11f1ed73bf
18b3fda423dea54
6f314b527062f49
44471738d11dff7
98e787360c3db39
341cbc5b88d4da1
39d9e5b2c2c6363
78ba145e28c98fd
b68d9ec4361b0ca
f807ccb2894c2da
9d926df21018d2f
6936f690f68414d
a81953eb609ad64
baf4343d2558811
a415b901cb82f2a
536857122be6b09
32d4c984e7755be
67ee26f166882d9
662bb22444c6c4d
0276f87a58b3766
d9ce8157aa9d2f9
60a25e9d521fac2
37eecadf2c84fde
c48cb3b7be8c134
e993708a1c865ac
2cee6bdb2b30959
2ff20df45e5fdd2
2c208317eccce3f
a8389c6401181c5
446eb5e6b035448
2bd1cec5c5b36d0
01fb336e1dc7b2c
3694e3fce976ece
1bbea9d969e2022
d3baf60b5216419
4e7009ffaaea77b
645cce5790eaab6
aa8ff4c4d5eb193
4f1ae59f45de979
b9f235a719f168f
547713f430568ac
ded8aa8a7046f1a
a0e305ef1a1eab6
1d9c62a32fb8163
f24a1997053137c
384d0efd8f6b551
1391346ec8cdd92
00439fcff7fd2a5
13e99e0e953f9a0
d87cbc247f9d471
e272b20c5676dac
b966dc8a2cb7254
51e70bc939a9679
f186e38aa72fe5f
9f8dc96aed5597a
ba599955bdff8db
27a0cc468301471
821f0c71a6d6432
73eecbce054c6b2
6df4801977dbbfa
f2167dc188bd36f
57d7e28b6f7418f
ae730d9765597e4
1e586f22a7abe34
8fce7a3ba686677
e7702623e11d5f4
96f7999b4971d44
8568e7957cab298
389dda24d6720c4
12cdd248d26c72e
3357f2614d9c5b2
42e57caf9e1a0e2
803f20f63a30226
7b79626773a8e68
465773dfac4d605
1f80ffe10d2f1e6
59ce933276ae626
437fae367fcf1df
ae9e6ec04c08876
92d56d492d94ca4
1dbcbe9afdcf94a
9c338c67693e112
e098d44a63009c1
974c2e019c601c4
557c80b45701005
52755a1e6cb2c4a
09c8366062fa94a
6d67d10d1567f3b
0fb2b7f4a894cab
77ac0cbb49e5b7f
0e9f53118da4900
34c4556f12b324b
0c2c859773ea041
8865a5840d0ef29
75adca6098c4d56
df0cae4843c2df1
79bc2b666f911b2
94c1e6d38463e50
0d77929c37eee7b
698366d74d6546a
6e0f182632c741b
05f462b927efc54
5b0afffc3e624c8
185a6cfa468cfb0
640410baead8c1d
97272ab448c626d
38f8b544e6a8620
49895c669224388
77829e637c9de97
85420149ebe0372
673b3f69dba20cb
e860e9a1c991640
d7e7881bc794b5b
952ca7b1ed9b0cd
0804ad709be2218
d2069d91363696d
da564b0960d6ece
4ccfc7754024992
2587b50b097fed4
141ae5a289763ea
e9a995e5e21c737
61b2ce617732844
acc3c237059c275
ecdea136101a1e4
e2e1de3dddfd67a
8bc12f66309462c
df4abf3be5bafd6
8b21b43b3b97f2f
e1e5ddee8d5f50a
8cff9efaa27c31a
348a55dc06ac51e
ddaacacee61c3a6
a5bc6369b0f7531
6fd0092f734bf09
f7cc2f05c2f5841
b25cfe40aad9fce
65183db04ad356b
71d6ed079f965d8
04f9ca3a5a4ead6
e1170a527311d68
bf80bba94de9579
0ca400d253c00a1
bd86fdf564f5dc0
07a43ee3d681fdc
38c95f2ef0e7e9a
d99c3a14bbb5bb8
10db98c2e4cffb6
1dab3cb95dcd25c
281923fc0d533d7
483633f3c0d1521
60fdadb7912c526
f7b18522b7d4e71
0ba09ccf39964b3
70fd4676d300540
bc6345dee277162
09d57da3d97c388
995042a77a4c978
f0fb70788bf4f92
4aabda4f8f82ca4
6e0b9ce353ce990
34e7a269b2e96de
7be321ab7d5884c
2eca1b00ae659e4
dbae478aba8d552
7f55e9b2733ad5a
a62919dd47f646a
6e3320c3746e1ea
5fbb1149950e35b
c5d946ba0f8d2da
681f7f400be5476
a160707e095bfa3
8f089627babb5eb
741c06ac2134039
601f5c91ea74f34
89adf654158dd26
7f2ef482e7ee15b
453dd9a59f079f1
6eef3e22ffd8cce
42dc16ded196700
ad5a4a3e64b10f0
277b31f7c204518
c0a79b5a81ef60d
c28f7f4caeed354
8afa8ec9ebbca3d
9e48d3ba0112240
98b18655ecda6df
d6d90d3b4e58ae0
45a2a9957052604
0eee06e7aa05e9c
a02202fb78c626c
8d14df14b57a591
13a612855da9425
b1134fd2acbad1f
3ee1262999ff52a
db7c443487a3b26
32929ed57e4d407
972a996feaafcf8
6f7ba62a72e7036
206f3dd4fda427b
b6181c0a3dc980b
dba20263f00f5f9
29125ba4164b8a7
b7e3cd08fe3593c
a01be6b19d023b3
8954f8096e91c2e
0bd4d0736caf85f
dcaacfb0f7d70df
ce52747734088e7
e8b3e1d214a1f0b
250b9ffee71d346
8673974a7b5027c
35febd1b54c6086
6299fdfca410d14
1a166470837b796
c3fe7468f11441f
245e4fe9b7e867e
6ca303d919e6384
51af5e0c217f0f0
ac305429e754b45
d6c305d9a58c064
d8e2495910b071e
244665200ec47ca
d5a21a678882f0e
03ca778ac0214e8
7598d75aa5e9118
e9cffb62fa93a5c
4477d51d24f5fbb
c306a9a2e45669e
30c4265970acc94
553d96463a5d596
27e28a275f58862
1c10f72c21c481a
f1129c2cd54be60
90ebca522488297
5b84d4d05be3b4f
d7abe4190ff4c56
052bc688e840743
8f8c4c0fcabd52d
c67ca5604a1d940
790c2ba5cbf378c
ab6b4b2dfbbefcd
49125f78f466087
0ce9e12937bace1
adfa63268658d60
d20f74306397e8a
6bdbcdf7184e7b8
b83d34d0ac136af
4be5f79ff2cdc29
02c5cc7e1352897
d6d9f5e0fa00249
ccafbdaac9fdca2
b4fc91356592925
080fdfc54ee113d
10c7f3e828cb237
ba60e0a0e522a50
c0acc25f5436314
86d11a53fd08c6d
b889df3fe3edd91
0125dc0f5868b5a
ba3eab5946127a8
e4b05ec385088c0
7b3bccb4dc9caf2
844bf64555b69dc
890220d78ac0970
cdc5826bd75d25e
07647700533ee81
a5ef1e5a7063bf4
1d7284c441326a3
e50e73a8c923590
c410ba7cd1002ce
d037be168566366
788e4468f807301
243d1e2352d874e
3dddd40777b5651
5bfff39dc792ee2
c1291e0509ff63f
519811ac8d7f85d
e8b1dbfbdf4a9e7
87fef71f681d10b
0fd18f5088fffd7
a8bb7cf3d6ee9e0
f52b4cc7ef5a27c
611d3754301ca4d
6985a8994028c51
60d5e2793801c5a
7e5dcc0d710d273
d5309b6b7da253b
bb8d317658a1039
47c7492abc1b8e3
d6ac21770774278
97540c5cebe49cf
56bdc53df96627b
da0946f4e0f36f9
959b006c5f102e3
73628c1f480e266
5ce47d92d868cf8
8cc0c3cd7bbc447
ecee16ab679d4c4
6accb242e7990f9
868e03644c99e10
e0136c8fba3fbfc
5c95bfbcf847467
d2344f236328129
48db27512ac8e65
5f552c35b984231
1ebd65eb7277944
26d66bb001fc1a9
56d3d0ea3a76b62
b69624da7e9d560
13b476ada0c8e9f
145a6de26b461dd
f3e150eaaac92be
683ed691660d51f
8d2fbab9ba04883
0442028b0de5c93
a9475bfa29744c7
078e518d8feb2aa
a24eebbb20ddb52
2b1ec86d4518b9d
bb6a9ead59ce39d
2fabc9580696a8a
65b522afb368453
5ed52584bfc01ea
b550493e21df6b2
33f2874b1373dc9
0549457f72cac6b
41d6098a7f2733d
35ff690b35631e2
a84f22f69275b3a
63af2f76bf3eede
20a0dfd79d07e25
911c2add932d6cb
116a4e8d91fd8b4
be61c69b6422956
78ee96fa2a44419
f03906377e03fe5
26a38d8c18ccb6f
57d354aea7cdbc3
c3f26c9a66eba3f
3bd642d6d997140
d5338f0fadf6624
b151c3c0214fb29
1d3940f09a918df
7e447cb27e10d5d
cfbc74dcc6eda6d
6550a3ac523cdae
e564841378be292
d97bf4122af6b36
49d0e58bafdb685
0bcb0dd162d9780
b3bf02fd4feb8ef
35aa732560e4347
2b317bf988bf995
a083138baee2389
33a718b309e0a73
c481921faf0edfc
25f262a6fce8c93
843295711d3670d
d46039c12a969aa
28c3b15377b74c6
defb7c8df96651d
ba76f0b2d40c069
f846c7939d6dc47
5b1d7f55938a622
ad3afae6f1570cd
97e82581cccab7c
598f83cabd508b8
cc53a13786fb2e9
26594c2002853af
8e3fb35763d4678
9196449cb576dfe
75f13d23fd40fbc
a8d0d67e6201ab2
b0207bcd46d686c
8955e79d797277d
4c9d6a072a75cc7
137703ddcd9d809
66edf241ff513d2
de697e98734eb48
701fd961615ed22
30f83281830600c
2fcbb4032708c0c
182a4d63057aaa1
a74613e139fe500
3c2dca12f9e0680
f7290274ace5170
7975f3e1eef40d0
ea13755f28c5a37
7151709243fe8c7
b7024de135e8060
3de734c0749e419
d1d838c6e82514d
2cd00b4819be448
d13c84912406570
66db3e921b9c899
6cbaec561c207ea
63fde6a6754e587
0810d4ef52f47bd
b4195802e9ba429
0a8a03ded1ab2f9
2e20c5f4274d65f
461ec0d187df0d9
9befcf11813baaf
c617b237a1ea6b6
5e693631a73d00d
895dec1700b2fdb
7938f023a6dd46d
934bc66478a3c6e
94b0daca36da468
8a7890e5f3c923f
c13e54e6b19f4c1
c49475deda63caf
ecd93e2e9f1e44e
24ce3fec6581a14
204f8a1ed123b06
417992249180dd7
bf69e52e43faea9
b8eff1ad359cd17
95a9daa0d927ae1
9ab03b019a73ce9
0ffc203423327b4
84afa19551bc9cb
3eaa1e34417d37a
8fde4a8e04cf5a3
e99f1317b4983f3
02a7bb88b09d84d
d02a5400d74a07f
9426c8fdec33c42
5fc16e2b92df9c4
17ce35dcde40f3f
99403a9bc4efd63
96166cd36498d88
1799cc9013b1653
a52356427c0dc2e
eb2abc7e9e45b8b
68da91c59389d15
c4a1252a70752f5
a40356f02cea6ea
d82dc0d58399387
3d9414b99e675fa
3d31fde9522d41e
5449c7e3bbba63f
26588cfd08bb265
7654ee1f30f1f20
ac54136cc565424
3f15e17d2142fbd
bd2a97443fa9ada
54ad3d785e72e03
33155acaf50e63a
dfad7120026c89d
1544100c726d153
f2fdca10772e0b8
70c943eaa91ef2b
4b95a7cd476571e
a3920bdab760d63
585db3efd1c041d
85de74e8a8b90bb
aaedf826b0182b1
c9fbe7fa3720cf0
ae037e76eb27e13
5f48070e988cdea
53318a9004126f0
048e30bfde1a23e
f85967e1d6b905f
a69d47ef076181c
7372c9639fe1545
6c65766cfb8e69a
ea78a37889d2951
5124d58115bbecc
509824ea15d65df
9103f88f8d77e52
699f02b921ffb64
85f8e967282a6ef
45eb09e7fd1bb9a
cbc177613791a7c
2baef12f129463e
f21f8ea25160628
854f23cd76211ae
27689c27ee3f639
172c29d533de092
6cb48f8f9c1ded2
7a5a9844d1ce2e2
9e17d722ee03472
28420732f23c84c
854d34fc3986918
1e5e67f001e4f53
e55a741d882a851
c7dd5fa1834da85
cdbc5a61ced6e1d
d8ceaf285cf01fa
aea15fc478c88bb
223d6b5b481389d
37a34590c16cd09
2bd332782337416
7b40e71b4c30ee8
8547c96a278c334
3fc692b47581ec9
d9fb222fea170c9
1780716c0a75d85
c548baab0a294a4
adbe6f5030fe63b
250174e019ea4b5
0d36f826f4d8c8f
92e3eb661f95c44
597f6aca7e98339
da4802fe6b0e40d
b4c0df13c0d7a9f
490fdb47cc82e8e
6820e56e840d6c8
502086181f25440
dc82b84752b291d
4db1ec8dd2e20ad
4176bac72f9203c
782b4e2ae09d595
7bc5b53f2b08980
8ae80746791f569
b12576aec877fc2
6ef526a83d8e3fa
2cfce69e5ae5fa1
ac6c1878596cbe9
ceebfa39f25ef6f
c3fff0e6f7a6cb0
c51d7499db091c6
a355ce01095390c
4662458af5137f4
1c24ea9dc3628e3
bb1e40170407346
74744b0b14016f7
03567f469c768c0
d8ec65e15f86af1
2badf3100927a01
5e4305fe49e7e08
06da99a90d67b2b
4ec1061a56e2721
6a038552ffb9d52
751d0f20e6c0845
238253b72ac575a
1b06a37c737effe
312be79adc02673
b6001a442afe47e
51c3a8c95b23e7e
55cdf961fb28885
60d90704f70ab2d
df590e26a2e640c
3c68ce4389cc4b5
c64da3c3da4fa9b
b0d8282076122ca
d678d14c1669b04
d47d3b4a815d1a5
2c435f294998c74
bc6c3bad269bf71
ba6a27b480927e6
18a2ca438059dd8
8e693e513efd356
d1927dd20910be8
7624de0c8032273
2a23b5a286aa1d0
ddd36739ed43e4c
d9a7d79437a55ea
02a4116cafe40fe
a8ffee5bddf2f3d
bfa65095e920fc9
cf53fa885c069cf
cab83adebdc52a7
64ab65f0a2cdb6e
8c6e0769650d15c
8bce4cfa125e53b
d6e229484ca67aa
7e8a36488107240
6e4fe795044e739
c21977dd9288f79
299fb04f216dad9
8a806674cfc5c8a
828a502bea7dce4
c2ebf4f0694c243
440d3e7c1758776
40bc757579519e4
e6fb3380df853db
ec843bc88dd93c2
ab92bd86d964a40
ae0e9fea5f33f3b
1c0edff98507950
0bde0539d8e394b
ba8ef087fcfff61
42c1409692f3e37
33116ff225872fd
36a5cb950c94ec1
7b4f39e85768c37
6d1f259e27e593b
ad91d626d38d455
9b4a7366d082394
6d7ec4faf493924
b935fcfbb8b8eb4
dcafffd68b1f207
d96a6ddcf8929ef
a1ae0f915124b24
8fa063bc80df7cc
3afc8fdf822de43
ead6817c97833a3
ba3a28da49129e3
a90bf448559c87b
96e6a88342d9614
d5c0cc0ebd14b5f
b726672bd92e773
225dd04cab0d13d
4df5ce7bcd247c7
2c4f96f0df1ba99
8da76b5c4d7d15d
ab93502b54dee7d
212d81a76e6232e
91766c8072c7a90
d9ad14324a5e504
f53c60e24056470
79a15b04f9cd441
05d406808814498
aa4292d8642552f
440b8e1c22e4f09
d87f72d419d8184
0d136df724edc10
6c5b7747c209971
a56f58ece8cea9f
6ab6a1ef1675cae
f36a0d41126513d
620f2534a669b7b
579d0434520ec7c
969d4c8b23fb674
f4a480fe40302bd
775551c662cf3ce
5720bf23dd50752
b4a4e0eaee1df37
6919b9c7c5d69f9
50d5f1fa7651b31
c29bc4c5455c45a
c53fe73fa2b186c
5ce1ce42d5db0a2
6a4517bc7c05e40
77750768e8d1269
34ff322041f0733
33d74c8c229c023
df1017886e738d8
2d66a6406505c68
6d0591f625aed51
a11883797ab2662
44307d754d3ef91
5e0a4dfa1028cfb
273846a0e50c4d4
4fb9c9b7053dbdc
1b067b40c8a01fa
817802745e88fc0
ed5dcc0eb7f6644
88c763598b62b88
f2c9a9e49d98ca6
cafffa4555f2d96
6170ab72fb01207
164a20dcfde53b1
7489f57b37d8e97
5afefa19aa3f6ab
884cd188ae62d4e
978f351fdbefad1
1db58dba0ee52d4
ee2123afb57ca73
83d24ab91bdcab6
28601ea3e1d49a9
dcdf1c0bc2fbfb7
5a4693490af62d9
429e6d4e774e4d2
3b72a37cb12960a
df3c0b36aad24bc
a5be191356b74a3
222c214174dc64c
a0caba42cff3d15
1a5fcaa148df6bc
bec357e20ac3c4b
91685f863e6050d
3364581720fbb64
ee4d6fd4310e913
f2c760123e535d0
751674dc5a765eb
7266e7ab6f8d73c
060b03d9c3b82b0
720012cc52217d7
7f6727583b5092d
f5de7687d99b25d
620b204e0b0b951
b14c51322737f62
43c298eb3488bc1
98388689374d12d
ccc243b6fc28cc9
53d46c8165f7af6
bf1fcec937ff93e
1783751114a1bac
c6dd2951353a31f
b1b3be47589df19
2ff08802ff1a2ac
2d2473c3bd3a82a
a23d863d6a6edcd
acb4f3e149e30df
4ba08162379147d
14636d6677a1b5b
6340ccb416a5c9d
8f2f0cbc13a99b2
68cc5f93d9b97ea
c0d45f77059b78e
ceb0d6b2eceb65f
26e7a3b914b61fd
ad6ae215554f576
5ceb55501797f8f
e5d0928b4b60f9a
afa6c69e145059a
3d5a597dbb5a335
0acac5f86e17c57
5c5078df9723dc3
ba6265136b7f428
f7110dbc069fe5a
e2654889aaa3e1e
dc7285e3ed885db
ab905ec1793484e
23b75d56acda26a
692d0df1722bda0
d152ab54cdb3b43
22a6eb44525b79d
03e79f9b10c5b27
445b2b7c371fb51
557eca5ad1b4f60
b70784453784b3c
4cda85b8e55ba90
f0e404e43c3367f
053fae6a90bb027
bb8379d4a0ed9b8
2c3fdf47fdb0932
a969cd3cae8e3b2
2a2c6b84152e1f1
512db1684f51c35
f124509b23e67a8
1e656b1c684bd97
28825c6ecfd7e43
c8d9a1e244dc2a8
4620e14df68ceb0
2130c6fbdc5ed56
5a449465b581d54
d0e474391360a30
71f6aa37d4d399e
340319f7e1a68f9
3563b1af6bac6f0
c8b8010d3fe6eb1
cf08e40a1079741
6d4a045374f4b3c
333fe4e19b78afd
7dc2d932efb5515
e75fe26abe46c38
8716bc74ce3f7b5
5b7dc336d6eddf6
c72f844c34e2bd6
1473cb8b59ad7f7
17cdba5bb21fe91
a732567b3881dce
668bdd2b4201354
e2d3d21a8b3379b
5326774b7743c2e
b9923c6c7e5e892
64630177d545064
6e42c4ea3dc7f46
a32e0b9d4c4ed77
97fe2d75c976f14
9df657299e02b70
730bc6a36f7a9f0
d90e4addb078ee2
56d7ee586df8469
314d6a541265f6b
a8b25784aaae674
af40f08cfc60f80
1010f4ee228fcd9
46e5c7150b28cc8
96f7d60e6bcfd9d
ac5d614d7bf7bd2
dce051af8a163ac
2d41dfa1c4743d2
592f91011e9f67f
75491271f23b748
0274d50074a9b51
305799720af62de
a927c756e8c0633
b32029ef4a57b80
7f3a97328587aab
d0af3abfd6a9226
7597b66663033b2
ca38d4f74fd2bc6
235eaaaf5d03970
872fe41994c06b9
1d7d874d4140337
021e7a98ee3139a
3bf1af548811767
1354f90d65db730
986585c3278b849
0af64c67e85650c
2af35976b0e61d1
600f3210b16eeae
4b9dc27dd1c58f5
89732c2b02961dc
77d5bab62fdfd86
83c380b4488fd27
d21608c4004d886
683569982704f70
8a1a9f91a42f386
63b7bc35e52ef20
390a9097bfb631e
16fbf1370ad15f3
da3a96d858739fe
3c364cb2f8f3fac
d3cbd4323bee194
2767c1481d45c43
1e72481edc24e3b
c3cd21bee9c74d3
b34d87eb13eb44f
00967570e29f3ce
7937279d0b74859
727249910330bb0
f3a5c632801622b
3d865f10e5c492b
19f80beec6a3a15
f0b30f554639b6e
20c1551bdc263b3
efa153a27d5b7c6
20f76bb0f7208e2
c1b9659336aca01
ac2d852b7aef333
3f0a04785219b97
f6e67a7dcad4336
ebb6b02c649dd74
420e621344ea833
80873cac64c859b
74fcc583f03f112
175c398a59ca1ea
dad6a1ae6302915
41391b365582b6d
dff03b208526b55
e9b397d64661c2d
13fd6fec628dccc
4878c2be69c9a6f
640d8547abc62c9
85a4f4ded75b7ae
0fb54f38fbbd18c
bd13d3165a1ab5a
6e3631d6998acf4
f2496164333229d
f483b7ee4aa4a5e
b4178a3b64b7dee
f533e0984ee4aa1
3a21607fadb6870
5baeed5f701cab6
8f5a26451f14b11
78e34bedde470bf
30a647ff62424c5
a2aa77dbe4e78f8
7ea211233d9399e
5b2d937087d8f81
692981319570913
cb7ace0a7cb041d
a5097178a1308d6
5bf4ea00129fdf1
5fb205a187721dd
78781fa2548312c
04387960034972b
b99bc35b507c64c
e6d8a794d111ad4
cda5946f97633d0
5c929d8ed1d33cf
6bf74c6f92af065
d8df1272e23c9a9
b461ce4cddd7d0e
7ec6bbb449bbc2c
7a7f482493e47b1
22c0a6442ebf336
1bafffb52d81b90
147793749624bdf
dd1768dd862fea0
9e19a08b7406aad
d611773177ce8c8
467e5db3eab11a3
5e3548e88611b03
2ce0ed7f2cbbd0e
3a886efc2adfa66
ad257d1feec53cb
b3e4836fb5b6397
3e2928155279dac
762f74b153f7eae
0402ed682d99881
414b7c7db6c2c30
a68d4b589d61ac7
1429c3b24fcf86e
0261d09d6aca6d6
d9a13c53c28be30
b8d69d2acc2e1aa
5b92cda17476a22
cd1464d99854ceb
1014df333822569
175e476d4fce91f
cd3ba3ca98ac19c
cdf458acfc2dad4
4e521bc92761841
60ed218595d54a0
a625556a9020ed4
4dbb2535c2b2a0a
b31c1b620682b49
88089a7ae2396c3
20f4a432cb37542
be3cdc0168c22f2
289112069b38b64
f216823ced86f87
ea0bdeb165d8136
f5122c73af3372e
8fdbeecbeee1635
6670965390f77a4
aefefb7b155cabf
09a6fbeb69f4114
1d0a334a9ae5430
e0818d5915ab951
dbe1f2e02eb6384
4813fac559a3994
8685f8f67f3902b
a703ad2092bcfc0
a3b143fbd0ba8e1
036f9726b0c5652
a00102229ccbba2
25704c079a26f89
f29501598730dbd
3fd2024fde56359
2ba0c63d85d3737
35280b490ff879a
7ae64192b81a5ff
20d29e114ddea8e
95d074db35a0897
7949056e8250859
0c9010cff1c3f80
90248b26a6c2c1c
2888e0c452d4ae1
3ffe3c216011e2d
09876e6d2d2baa0
309bc9de59b2903
9e47ba0ba2fa0aa
46ef03a6c666a2a
5175108a2925dec
59896ced67bfe04
bdf6b221a2f6ae6
86786062e9b3615
9f66f7ecd0032e9
0917f74baa64db0
5c50f7baed41a2f
3efbe18cc778557
ecdcfca9661867a
7fba03142d08701
7e48c4337fc37d0
dab43264c3e8495
740d41fa57047df
52ccff4d33db0c0
a44832879d5a306
b5341898203c298
9d45f77e1163232
e8299a6f8100231
2eb75c7d1dc395b
7dc15060ba7d378
3e2bf63a4aafe12
138104cf9b95244
197606a712b9fa3
d7e6e1367d38503
9e837a536e3f355
09cbd0b2680ef7f
40426e8af7f3e07
8610ae7b8bc743d
85b549038cd4b6e
736658088ceb2d0
89fca294ffed438
0f882347dc1aa86
d3424d464b949ef
eb81c205d0aac64
ed6f2d365551818
96afb215090df37
5a128fd41f11c6e
a732d65bfc52a8f
c0bc669d6ad3e3e
01637a85616f72d
c0175ea474df601
c9ab7fa5f981bb3
c18b9d176a6aba4
7008579b4b293b6
86ba89b3ebce498
43b517c4b835246
56c94c882f36d84
66d6900dbd22626
d0b79c35c66ec4e
1b9bb748a377704
e64c6d847689b70
3865da117036973
ae2735ddbe2319e
7b485e48f520a27
50da4bdbf11d186
85ffee05753634e
c3f89241a5c3893
d7e8c036bf6dd29
0de0e693bd2d3d9
df51e0a7e6fd779
7f49ec32d6ba545
439e8cf8788774a
0a857ed5bbe1aec
8d2c4becffebeab
763818030784178
3e3978633ac2074
7063be31172779e
40e96f87e579a2d
3b5dc3f855bb3ed
eea9b3d77fb57c8
9193df17d042977
e8c01dedf7ba629
573c6e557b8d6d7
9e02fd6d9bf34a7
0b2f974b596a894
f01343bb3e7c2a4
5bd1bd9cc736c35
1b1a81323a6ef29
ce8cf3c9bf85543
04a0bc4ba010fdd
f4286dc2e831ff3
d398bdd9c568203
93c7e443aafdf4a
cb0787afd6a535a
e1e43e53786c6b4
39ee5cdc69c3f10
03160dae4b9f851
2d2f09c387742e2
e1d95b188403955
30dadb9dc7e793d
4fd59e6c918cc78
1e8599a45874944
17243807dda0ed9
66b6126b0731f16
cdba1cefa8d92a0
c94489bcc0e3d9f
89ba67676e284cc
18f85b5bc860931
76ccaf384d1ed12
05486b0560eb9d6
b38c569cc31a88f
ee8aaf9bdf18617
3f9980aba1a91c9
0ca6bc13eed0cc6
5063c42e7943e2e
61078636a452271
b4625b4c1d42993
94f32ab367f5df2
c5d153f42efde87
267921b6706e7f9
915631fdabc507e
83253ae38eac396
94907331a71003b
08066046780b226
3d1cdf596694ff2
7102263fa739a88
8430a96f01ee6c7
0aededb936d02b6
7c745447d7bf214
86b611d16fa83ad
54e7a69d8edacee
5614021162ab374
f210032080e15ac
321a69781dadaa1
60e285a05838b4b
5d3ce9360f899d7
ec5620e2ae4e029
a3f71a97d83f55e
e9e36370c4c3875
9037919b34434e2
b5798225be4152a
f6d0d9a67286a10
610c5201b7528e6
e883d9d01a68b19
97115ac85d5495d
0569651e089a52b
983a3b1c9d48d8d
7dbcd76c799af7a
ac68cec1bf75798
54e32a4c6eccf3b
f57b3085e81aae5
3d984fbcce694fd
2e933a51db81ade
34fe80e3744ab84
2669cc86d6ddbdd
1005be99463c2cc
9329bd4aac94e1d
687c0f773915b63
2eb943b28585dfc
a9df918b3899731
a051a39e25a354b
8a731eb5ba60c13
275d0bd6a0188bf
976bd4ce624160c
38d2d0195dbd40a
19fc2316982b297
4b8d76af4c2995d
3696f4ac0287051
1eb700c54482777
b0c1087a027a9c7
934979e0288daef
0280450d74b65f6
97b4506cf89aec8
ec901bf3e4eb6db
c20fb22d7cd7e7d
27ab012ba86dd29
38b5092763fe327
696507c8f7e762e
3b5d7601449b78c
1361ff1b2d51282
d97f1ed3fabfb49
7f9fe8000fbaf4c
62a22577f24c439
9eaa7da804f2fdc
eff189ea71363e4
555ec0ce26de46b
35b90be99b00b4e
8af09d4d02a40c6
2b3d38f8401ac98
08c3a1a1ab7f668
f3cce16cfeffad4
13ff968d544ab03
c616e769accb7e9
c3b1a46b91bf223
f56679a8f0ed6e6
c3da54a3e4c9748
626acec0db35229
4fba154698e050f
d28a95d5d5073e8
782c82b30e1a3ec
16892ee9b4b8b18
be2abde71d41d0a
92089f9e8d42a6b
d91d06f98b25f00
3aea24f4f29430c
3273b0c70f11e88
3f9e749e9b4b362
21962758255c99c
446b16909410d8a
37193397f9e4b78
6d210718010233c
eec6dea5bbf902c
d48e885d1cb422b
f6dd0d1f20a1074
94fc8662238079b
7af69af10fae610
84339a790480ea4
385ae17da48ec29
a16df89a89c6beb
51df021a0ced1e9
f306ac8ee24e431
1f12f217bfb4a61
b34d86ed77a64f5
1ddb0c0d5b0c67b
25dd8172657272b
cbcedf60286363b
c34cfc05389e687
c0a0a0330988ace
aff55df75e603f8
b70d0abde8ec71f
379db1153a8cd93
e6d3258d50a77ff
d54075236ff2afe
da1ea473d1cfde8
52f670128b5c88d
c72ec19fbd248e6
297c31e9b9f8f2c
9877783e32c92a7
0181e6439812cc0
74cbe4e94565453
0d2ccdd3b17adf7
00e8bc09f5c59b8
187499403053709
4045b5b19908c59
d83ceb1bfc5b4a6
350dd714f216aec
4ca06900e58aa35
bbe20272d4b310f
4317fa155e34272
7a83ef1db5c8f32
cbe94b58bbd129b
3a820651ca62ad7
d756c76b4f63a33
ecf26fa0796440b
e580a5f118a0c58
b7c94e1677014d9
5907b46bca11805
2d9e1d694e9d613
0ede4b5d3bed23f
2f8f01ef94c5b4e
1161576eadf0184
e4b18c9c8160d2b
903c30411bc4bc9
e758566b8da35e9
208153c4976b254
c8eb9a3a9dfc09e
a639ea737d663da
21c5e94e75bcf52
26bbfdb51573428
97724d2d93b8a20
0c6d5e7d13c6b06
3ab4b35dd13d655
491e8b502ef2bb9
f308d2b666ce873
e942f09db61252a
bd9c0150d282ac7
13c057bd8378380
779751665f60357
bf99bbace73f316
5624d5aba3856c7
566c68a77fafabc
ec6017df14defb5
ad5b54b04385ae0
1e90127e47c3845
01d4376080b28ab
4420766b5891d28
2629241a9efa0f8
dfa734509db5011
4e0ad307f2d2889
16baf0f367f1492
bc9a41933344514
e7ea8ace9125a09
634dd509be04eb5
b15560c438f710d
99a29cb17025bac
9d57b52f8438d16
51b32e86e6c64be
de720fbdb23b4a6
7dcacbec031ce0a
6101e9fd6c55a4f
b64b06b71a342e2
0b5795140e70994
b2499f36d7f7fc0
2ebee36e6a0ebb3
3dd1eb1f609ebd6
71b797b48518a8e
36cc68f9a7463d1
11715e68dca3b5f
60bcfc2bce74eeb
ed94df712cb6816
86f9e460cc44d45
3c54e008d5baa64
3480928185646a6
aa07efa13794563
b23a9fbbe5ca564
15dd97e05133dff
9816b434e1daa26
65ac5ab86bb12c5
57da9a7069e804d
72926a9de854214
07e11127799b46d
7722e099ba526bb
a4b297ba9a1e191
17bab7e4faaf147
b4d2abcb941250a
17e7d724acbfe27
ed75950c2e42033
94166a90c49c9a1
a1128788bc93a59
126e9f6095e9816
60d3e8f12b86495
c330cb60a528dd1
a90a10dc009603c
65651be62f00ec4
3da2fe18e11e9be
f37a6f7a4d45819
5c485fdca29ca92
52822a570697b7c
c78c41f83216585
8fa5bcb6731bb2e
b1e4887998ddb98
727f9a0013faaa8
e0681ef3ae65952
7693d7b3592bcc8
0b270d4dfe902e1
835d5e5a360ee1b
a04346a3c4cad3d
6ab293619a40b1f
b966914887d1d05
9067311cab4ebc8
8b09427efbb51fc
9afdd2399f6c21c
ba5a5ff498a9eb3
ac5f5b8e76d18cb
79f9e4c362d4099
d587875e8290c68
37fb2a5746ee17e
d598620f4e4ab2e
28490b371693d44
c995894089d502f
62183b13f3519f0
42ddc1a16bce3fd
06c5ee99b7db13a
4e844dda45866df
c2d581ce3999a39
e5b207cbb19a416
53856625058f769
0cba380325285d4
c3303f136f38628
7e5c51ce222bc24
60f96e02deb5444
ba8a0f19eb15c40
89db1ca1a597384
9265bccf93bb3ad
8fbac4119da940f
bbc3ed148f39929
b1174321beb5919
8f885353091e749
5403d3df745a021
73c5c3b5e3ade79
2ca085fa8e8c1c0
cc12752e09f68ec
b697bfd66b6a5c6
5fe5cc38c22de8d
2850746329e8823
66689f8db97ffbf
7739117b4c17938
d5f0b70c533b50c
c3b62e56cc0264e
59f654ae6147620
1896825f3766df1
e33e9aa17d089c9
aaaecd42431bc09
83c29274414420b
9164f5a107581b4
9c20dcb7891bfa9
f29524155d6f673
b7fcaa303c4c2a6
ec78ad559f98f66
9ea15b9f55e8030
67446edb296857a
34a96d02e43ca3f
ee11f84356b3756
0de3627b7fbb6f3
e150f08b84fc45e
845f20c596b661e
5549038cba81942
58200d87d93de2c
ac6d0c238cc71fb
72a41f1ce7ea148
332797321a11aa1
103785bd0b4710f
086928699db5149
6aa9ba1b013e869
d52d9ea19fe03ce
332de76b4e15b67
efd85b3370a9188
067c7978c79ab5b
c46996fdf916549
05d5e2a59969acc
e277598436b32f2
ec440ce623c73ed
04d7b751f922608
03ff43129ed8648
6f5e443d57808b4
666cb21f93703bd
caae6a593591cce
9fef85018a50d13
6118f449296c04b
01892cbe5ac347d
8294b1f44c709d1
ae9664f96845727
6d522aee34e2b7a
b4894b671c1c6cb
dd7254702a53f32
c05b3df13f67417
e5e47990b374f0f
d3771c7a3f422c4
f1382e0aa9f6ded
0a60a9aecc43dd6
54bd822abce2226
22b9729db18023c
740ae08a5d95aa1
47ebac6abd87f72
03fdb0139550c2f
02e5e1d6165be6a
582de3d2e7b2956
58e76266f940fd4
879aa037a94cecf
1ab889a82bef7a5
1269aba47879802
3b11a1811be1f26
3b78958e520d56c
5e8adab431d5fb9
c92165b48a1dce6
b8e0ce44c8df34c
a5fa65e8cd2909b
17048ea2527454d
0f88c609a825fd1
7842acb43e49ac5
b801e65c4247ce6
64509cb3974f9fe
a148e9f204d2733
606a6181d8259a6
e7e397e824ee30d
08e64b32644d241
6d3e4b84ea97676
81e70cdfc3b2aa8
e4e35ca55bdb15b
ca031bca23c4d09
f4fb4754a0cc38c
74d430ae4aa06f0
94064e5b5b40a47
cdcf069b51611d1
88af8604b108101
0cb03ced5bb68ff
39db048a8d63317
7d61bb2f2fd1f3c
939035e6a753450
14c467ab8057e8c
0179ef9c2034809
3d67c81a2b5f16a
0d1bd7f08e4dae1
c9c5a2c366f38a6
4a72a751fbf9940
8873ae1a68486d4
2e954908e07dcd9
21ce05d991589ac
1346f4bd025f0fc
12b5024f63c2062
53594bec514a175
e97a68e4b43a9bd
8a8d2026b0aad43
13e8a737315bdf0
2a410af2e387eff
c9a14d31ff0e4d5
993ea676cdd9568
3ec573957bb1959
d4716643f194989
e9e0447525237c5
c3c25671f7f5573
54825e835619d30
466ff3a6245ff27
7fd5277a40ed09c
6e902f5bc5ac978
68374b9e3d8aee3
b3d5e21fa208a3d
bd00fedce2d0f75
617f69706c545b2
e7e049a380edfcb
891e6e17e18a686
cbec08aed4469d1
c600922010c95f2
dffc073f13b1fcd
4a5096fd891f01a
395ac0418b2f39f
e3c24f7b9325f94
15998664872734e
0422bd6ec893930
7b6bad59635566c
9720b055f6d3bda
f613818e48de8d9
8e82066ef5d87e7
5d4cf103ae7fa82
b5675313a07c4b1
2249bcd3b73b28b
698a528ed19e824
94c9b5d9ce75a58
4fe911922b6947f
c0430583111d2c4
af849d8aee39ec7
0df791232fb9b60
4bc10753503e404
827f1336e1d8e65
f5f35cba864915c
43d35951d80acfc
42ccb2a3c35693a
b7a75443530b203
84520c9a2131674
61141d54d9e2041
aded1b28a887975
ae5f9456507e2c3
72ca8bedb50689b
f4a87cfbed1a028
2b07f31de900985
96a91d35550e6ea
637b767ea6dfccf
b3860de7519510f
9eb40275934ef99
ba8d29436e7ea6f
0db2b5e4feef1ec
1a272d0c44b761f
caea96a202fc46b
68e8763ded1e1ca
2224409a6e7b919
9eaf0dc870e19a9
afef871ce1220c6
28e7800dc30ace2
4784512012a4722
1d4e97defa1423d
98f6927010ed231
034b837b0509c35
a62718698f15f3f
8989fef8fa00ec9
2fc1ec8aaa48a1e
864f595f6e4b7e9
26d95f7155acd1f
e12e7e5dc8a2471
a721a5fe04c8c2a
0f5cbcc7c14a11c
573be1a643c5fae
0646ca0e7abbe3b
0282b920315a381
3af5876c32de17b
b89cad0681e3cbc
f30cfb5a502df28
9fb29dffd36974e
3548ff4b727f09b
f6c578a746e939a
a61475fdb947ad9
39b1128160b9531
afbbb3196b6c927
02a0a8981a55463
3b6316f9e025238
387c41dd8a18cea
579968fd00209d3
011c473606cfa05
40dce970bcdd424
656916c384582b0
c5999b6bed1186b
42d7df80a3390f2
3e83f9e3d425d6a
0fe74d47ece14a6
d607d219ee59e88
8f6bdc56e2d5785
8bba8cac64564ef
d28adf0383bb3d3
a6fe7198b5f39c4
a0ac23277f0a76f
995346490e90962
f11d117d193f7cd
8f7d21af71b7ef1
60599955bdbc5fb
6939fa7afc6289a
9da1ec932fabc81
355280aff6a9a3b
80ddf79c02cba02
9aea93bfe268731
d7bb5076267d433
a3e444a4f9e8e5f
1745d71fc07cce1
1de981c31ab4922
6496dc89a1396c5
2f67b7357ef8e57
f5f3168186e9494
f83f83ae81ff36b
a7fcb75d659817c
87ee7896f0e06c2
af2190d9571cb37
b0535a8cb948421
c8520fedc503f65
47b65be4134d9f4
dcd212d546e5214
a4e58e6cfbceca2
34925cc40676b4a
60ac32e4ba6de77
9ca1fca9ee0c986
a0de03e2797acdc
b2222df2eb07421
f62ec3e296171ac
101355bacd7df1e
44466f79fa90c7e
37239abb3b6d163
b4331d56867bdfc
c30b80d564e95d0
61be39e8ca8c1f2
b74ab2322549d98
6b051ed57b43e25
350a3d5138ac619
b0d3819565e2d8a
1dace98b6e37f70
72af442a9733d87
c8d65113924ec7a
a83a443083aaf76
b9ace38ad9bf083
3ba4bd551d058ef
65a49bf77dbfaec
d8cc01305aac1b3
5e009aa30834cd4
e3f2ac1c5f99923
c76bdc9841413ab
559f500339b134f
65c57be9c3250ae
8fd27b1d79cbb4b
ac8650db294f557
343dbb1571d3d7b
38783051fe5866d
eace6dc691ae8be
11c5afa1d359a6a
84b2cbd66c120d4
d8d544f444b4677
84179edd6dc925e
4a1fc8982d29ee7
e9ab4f79d640f0c
1b504d7677911f2
1dd80c46f026636
204fca7307280cb
8aa669958cd02b7
948bc6e8f0db660
eb5176f12398e65
dd0db7e21a22f7a
e63c8447e7e33b3
a3d6da85a0fbe90
ac36c0589791471
bade970c517a940
36547141c70ac2d
aa194365f8a3fa2
4281d1a271ed82c
57b762c5d60e3dd
90e03dee0ba2ec0
63e56f07f90ce33
c10fe60baa0f808
7663dff62fc4e82
b7e2449813f1256
81860d980c94b08
9a5170f1e63f198
277a089a962efb7
aa3eeeedf13b894
53de399a32516e0
b0e815c6f4199c7
381cef440ec512f
234a85a15bef71b
5734707b36079d8
e4f66386c924f22
32dceef190f16d2
854ac40bb71b47c
cb1a6a2fb3fe914
cc4dccac6c22c86
44415cf4661bcca
de0b49f8919770a
f633437ac71a3c1
9b9d728e04a37ed
d415f68de739902
0a8ddcfc9fd68ef
4fa6be783b247a1
1ca113305c27c68
eb940d0ec0e5411
51fb56389e7f4ce
e4c7f0dabb86266
3a690233ecc1b2b
cc47d98e56a3751
bb950a9c03b65f1
52acf5d33f70e1c
17f822870e14b08
a343889402ca3da
ef82e051d7b56bb
daf02c8dba5ed88
34a8c630a39343a
cd23308630c8f25
1e5118a8db1b5fd
a7a91237239f6f4
ef7bde976ea50cb
1d8a8fc3d563886
db4c8f726070098
a1edf47cca7ef27
56ede8f86c4601b
40ee64b2124d710
f4ba215e6863d85
8b259484942bef0
6a8ee78f2903bd0
5b31869293b7b45
100e771cea03be1
aa006009ffd1c00
69d5a3ee8e8560f
96b8a29d503ec4b
cc023e47efdb1ab
668d027d6590ec6
3ab725bee4b6c7b
7ecb56d80a0ff19
e0baee57fe182b2
780ab49c1a3cd21
0ee6432b690d7b7
23cfdf1034b2e5f
71677eb8a30a873
a05fa5019d0612b
109609da8d3ed55
bb9cc6b68a04faa
0696b35dbcc7079
87f0b235c76b838
7da3dd99e31a19d
16640992431ee5e
1e95031f15d3acf
647ce51f45cea06
1e10a14c3360258
cc15fe2ec447b40
23801feea3d8a05
8ceebb9348ff34d
58c80d4b2b6f094
f0a0cb49f2bce1d
803846728a91c31
6dea1d5a69672e4
56d358ece44016a
44a7e1bcdf6f92f
2eef83633f45292
a68844e77a1094b
4c36e4ff0016422
1f6205b56e6787a
2f9e4dc96ed92cf
62691da3fd5d27d
e825559b13a562d
a02786c50b5de77
5c06823625904f4
3065aaf6dcc171d
9d940c7bee329b6
eaba01762f56083
cdd25e48f9bc64f
c36c9dd8a4048d0
f25e150a67e3033
e0886f4b506b7a0
c165205dd2deb9f
b5673644930851b
715855fa968bcc5
eb6bc53d245e273
92b54fbcbb1c9b2
de8f64c761a2853
b9aa484ec8522a4
7e664ddda0010b0
6bc926e1a7ab42d
c7a9c326e3e3de6
d658b2a08db8024
f36286343644822
7e1a5a7d9e71589
f4cda3413a388d5
23be63f83839f5e
ed7caa8b0dc7f0a
a92ece77b4bfb9a
6b9947e6bc1b525
e76fd8de37eed66
468a210e9d54e88
ddd0b69825f00a9
134d374402bd063
4a5825456eb2103
37ee610619c85e9
b62cdabec7888b6
d9a4277b6f3dde2
450c27bb391bd49
60f9f83d5c12724
39531de91142c15
2e1908b016b1c5f
f71f5db9db8f8e1
104760b4ed4a009
b1205046e473aaf
22183d5b123f31f
80931a4c2ebc6a0
ba8a71780c4eb76
33b8098a0f6dea0
eedf9efa68682ca
4d01aa40424c491
c9c5c0788db8a0f
7c67cb41f0b61e3
8d9a2f9c3d643ad
521928d18e6321e
403f55ecabfa257
4e1f8d0240b4ba5
8c4299fd6db9de2
a55a674146b3ed6
140ddcf902ce74b
7a5a1f56b309509
328400a75ed2bbf
a5ffc1e66070322
e5e1b9c09595bb0
c7c4dd0a837a132
59321f3fe3c4780
a752ae6a4f739bd
0bb0496b9c75cc9
072910773700931
725078c8efed4eb
cf4dbfe15ff6347
edcff47eb12302e
bfb009a0565ef67
ef497301f9c3255
ee6e8af313c15dd
28e8122c9260ba8
22d4a7779430b33
7a064258b271cb3
179445f8e7af3e8
b8737f967ada7ac
5ce139fba2107eb
033b7657035fd4c
26c7f017fbb1813
4cf96389f1780ef
75b6ac7cede5d90
adb2bb686494884
cc67f39c7ba094d
4e92649d6d9b229
266657e9359aee2
b676a5547dea9ff
9b701df1b86eca7
aa2e64a08af13eb
7230302587dcfad
8d8b1d6fdab6028
f03feb89dad5e32
365d577c593e98b
aac84f86c45a6d2
0b233543b967b6b
796539248e5dbdc
2eb4d01d7e943d2
eb5a98dfc586452
3dae29ac85c91ed
4d773b2b37fc95b
3076a58f91f7113
bcde66dd46caa68
5138f97f4e5f3a0
e8c5b57376fe6c1
7034e365a11f229
7d1057ffc36bf6a
0ec558be0095ec6
90785b396fdd048
4cdf6f9d19d4799
b723da983aa5ab6
0a44bebb7b2ebc0
1e9d28afd85af48
12b96eb23876553
a624cc3787fa39b
66d3c6fb079510d
8aaf355e4ce2c24
148784f0fbc5567
967491f11f9787f
4fe60f517fc96f2
9045afd9f937487
12fca1e2980acdf
dab7e629b9ebe05
f5dcbf230dc0732
6aa258fde4f24c6
36046895c8cab06
0877fcbd0324bf8
8ee7617ad5302da
ca68efd3111b411
b2010d35688c72b
296c85b4a366590
811c5c590cca38b
703190721f9f8b6
4d995bf6e889581
81cc846c2526e68
421f604c4bc1e64
ed988bbe044c3ea
d668cdb9238f888
4dddc0be750213b
81805aae8275369
6db328659610816
e2430e2bed9a1ea
2d2e8612f9cb5d7
57053a7013c365a
7c0b16fdea38b0d
ee4f54b74429ede
9ec44f1bcd51c61
6971e69bbeb11e2
e5f52b86a9411cc
2a94d90c3d91980
c77a4f3ae46ce54
42c453d4a9ff988
2ef7f703ba238b4
728440024987340
66cfb36db91892c
8cbe0ae1892bad8
18f8b56c53a1a10
4dd3593c0e4caad
41d38dd93eebbc3
6c6389718035a7a
e006255d1cc06e0
bbae5fdd5a41533
3cfc23cc00909eb
6c7ae5aa78ef003
88147a9ec8aa5ae
3328bb6158d68b5
e60175895bfe3af
a876b45cbb513fc
ceeda11c269315d
0b5f760bb019cc8
22e0e0ed1a1f57f
cd8f48fd69bac4c
7f78bcf96c3ee7b
abdd5c9c61a39aa
39e46e4ca43430b
4a716c698ed31b1
bcd668bb8559415
678b89fa2223ea9
d6529753b6a0e84
25e3287110a9dc6
99e2c4cc584ed29
33c5f61cbb8c74d
0caf80196b6f028
2152fa2e0c82ac5
717af1034eddbf8
7856013b1256569
4a8e31fc9d603d9
b75d892d3f4af4d
7b791161a4717f2
63d67b15c4312cf
4c241bf3691afd5
a83b9db7c0f255e
339f62bc9698559
30fc293e7316290
a6e5c97b1c2e10b
cb91a1cfe04c85f
92a9972a4a2a07e
ae3803641b84603
ca82cd6da38c916
57994f022cf52f8
0f2911370219760
f3c6a69f68ac066
3a43ab4375407d2
228b0722eb12d4a
0e22e5ce1fac157
961db3ef0b5e4b7
c696b5254d2bb33
d799b7329f57f33
f5eae6c500ce90d
d13d716f81131ee
e06087a3f4d29c7
9c6ed0c6a847616
1ef4a3047621ea5
302d0201994a2d3
384fc98edc6b72b
d4fe94af98e8a36
8f6f602cdc73d11
2bf7926f4c2f0b8
28026924caf69d3
0613ace4d76d5ac
b4467ecb13b6650
4aa3e42f5bcbed8
d3a2e9df8d76212
b10682ece360647
235921b00571752
24964fb00425a94
41658f0b72245c7
649e606ac57d4d5
f303627a768631f
819cc0527e762db
f1e3a7ee1cc1437
1b1ff94ebb0348f
66ed6017573d390
4856edcc7597312
1ab8aedb162519a
d8b1b2f5c88e406
829d8782c67d713
d39eeb13d2928ab
010aa7d3be7ab4f
f07ff6f111c45f3
9026fc09a3f6618
3f3f878e71d8365
515c94657cbceec
cfea33d9cddf293
6317a18311ba929
c5d89be72af5bda
703748791cc8caa
b023825e44cd406
ce6b908247301fd
beec529de2ea8b5
be27153bc2ea3f1
a8134a04bf5883c
4b1df3f92d4a71a
6db8a4e68ff1acf
ee2170538c85092
f84e887c93bd3f4
f5d7a4c80d80bdb
67612d951e340cf
cefd5258f4c5f5c
5686f44710d08e2
c4a6b4403f67571
2894c483755af26
43e2290bf572263
a9230bfb2adf014
c571456e7685a27
c9e87b5b5ab94e3
a0bfd251eec0497
13e3ea99e616bfd
703c8b49da8e0e8
d54dbfd0f4e6639
e9cce34c44419fa
53e5b4b4c8162cc
e6e2d478202b112
15c792008f2015c
998cd8deefb98a4
a55f7cc5d1c4ad4
aebbdc5e4629217
5caaeed7c43d24e
f674d2e32f63cbd
c48755f76c8d200
bd3dfe5f9c39d96
159668263256731
88e97d0418864cb
055124a2724720e
7f2a8e130a73298
466f4232fc555e7
99cb35604774d7a
bf3efe503d6a130
8b9c8a6bf2c9a48
d20ee03bd39c024
564d18329537a5c
7b5437ce0347577
3246d3be768ef66
0ce5706fdcd012f
97e2a47e81a8d51
abb055f860b01c6
434004a43208e48
5a62b02c6d5a5f7
11e3c4afeb94b64
84b6fc85c7d6ba3
2a56d1edd3fb8c9
64951bb39b22e13
e5d7ad37feadf2d
01fffd5ca918ffd
a1a484c8f07e69c
906a26549564490
bc64fddb265f6da
adb7ef991b76fb6
b90c3db37807066
e90ee98a6e6de4b
f0237908fa31935
b9922ab188bf671
17bb14639057778
e140a3701e534a9
d0d0b70c2617d24
d985679817a6121
751af44d92d1140
33ed1acb183f595
9c1da605bb7430b
d35e7c2d988b604
d8a92441432e650
32d44647d949231
2384aad78f55751
b1764c727889f20
7cc8481ac169c62
a2bb0bb16a833e6
c8bc12476de4cf3
40288e57ac4dd0a
794cdd56b0668d0
51b30272e698558
848c356b2a4ab59
672eb6ad91ba07a
bc21d44cdcb9963
0ee4f79c78c7975
50d72fc41a6d42a
ec5f977c4d2af53
4a932dc71164703
7698a02a4b0c871
32f2b63d2d0ecca
3f5413aff8413c4
25a3fc6c84fcf80
a4dc19adf57ef32
4583926bad09478
61447ae96f88404
7e0d3408e0cc660
355bd14f2072c20
2a000110f82b268
7a99c920676b8a5
1a0d08851d14db9
41a69c1d32e857d
8bd6a6e356647d2
4751f2f85dbd921
a0227a1758434ed
d5120dcf29d775f
064a3db152bf0dd
5fb54ccb2070e8c
b36629ac1570d7f
da84480e3eca3f1
a9929c3aee05c82
93edfcf8cee684a
213ee85ba9f3545
36d1f8c8ada5bf1
227e1bf8c03aa3d
b8a043b052347b5
ca7995320847c42
dc0e5f4094f8174
29290a8882dede6
834d9e0071036a4
664942037a14756
b3b46bf61ba5731
d161aee66ad67e5
052dd5a5813278f
def8f4cf90a9e99
028029c45ad5e50
56cc10db2073444
ef681ad946642ca
6f0cf1b8fee4339
b11d591eceda822
2554816610b95ed
b9d2bba54752a42
30c5c4c9924c29f
d98257982506691
594199c39ed6852
8ead3b7020952f3
88d00f425bacbc3
04f7075e8e24222
51d035cc6358f43
26cd1cfd1416c9d
d1ddf75f635d768
c3f7f7f8eba32da
0188dfb78046f2f
b6759df87ec94f6
79482b11371d5d3
4f01afcbf1444e7
76c47844756f5fb
0092fcd58fcd7d7
22072abab643e64
64c87db4bc0a89d
acb84b419015359
211d2d859a4617c
47008b907c507e1
6bc90da955802a1
64b5886b22390e9
262e8c90c9db96c
47e4f847b8de237
5130514c4cef2c1
ef2ee0183a74d51
dc228dcc9b28916
6973d0f984f851f
e71741bfff8ac76
f6bdcedcd256dce
d3de862fb9df9cd
0df987f26ab7ace
d76dd7102304b28
f592d42316aeb54
023cd1906bf38f6
3d9a628af9af827
c4e8f12204dc0a7
4eb4df154584ad2
050b95a6c61f283
79060c171fc282c
b0a1fe04bf73d0f
8152ebae6d5f59b
5efe089d0730b7b
9f912e96d683ffb
2daa84ae6ab2174
e3c35141c0410a2
21d3addb750e4c5
d9ad4f3da5eb993
232d4817f1aa701
282d0189efbb756
bb55396a710e42e
191116bacd74305
62f7ac18bae9188
35fbf5ed0fee0c2
87613288212bbc2
b7092701b9047d8
6a4f9171fe230a9
e49a77a4a0eff4d
9cf14928499c9bc
5ba7f567645422b
a1890ca1b91f512
754eb33e99b1525
0487f0a797dcfbe
7ca0ed507e6f760
0321ce371203cbf
cf3339e4d1e7465
d7775194442f63b
7144f98b91de042
8d77efc9fb4a502
5cb1c5b712c3e08
96004f91013bc16
aa4880485653229
6292f507e399055
5deab6671a18365
09181b8a826db95
8423b98fb5a89dc
5fe6072f335113a
969419910632899
897f24c5988f46e
62c41442e695b88
42bc9a881a329d3
2d4c81a010a50c2
b635cbd4cc8617c
23214dc70b5866b
9a1c9b910f1aa31
8c9af108e0e237a
31b8540c7dcf603
3032f7bb487bb6b
c22c2885f897c12
f1f46aa0bb71481
1199679292a6637
0fe805a874fb801
9a8b45135af6192
9709c3a7147b906
76d4f841ccfe2fb
64449b264829001
e3996d89d74e0b6
4671dabba7c9dc8
3a20bfa0dbee8bd
4de8372ceb3a4fc
d48dd6f00f494c4
53828a5fbfe1efd
27a910972795f5a
e8b2cf5d808a199
b855ce5871e05b6
61c97390982e8c4
d581198532c114a
a58fd541d55504c
6e68a5aca8f7216
1fe18e60ca9ebc6
f5875484102fa8b
37141212dd52a43
b71f67568795641
6866e303370634a
067aee0c03cc09f
d5ef2608d8ae46d
d524de9b4504e8c
4bdace4f67ec79b
15e5ed9874000ae
3126a8ed0ef104c
b46aed6525963c5
4905c8ea36925df
02e4382722c60b0
f1eb76b2269219a
c5b5521fcf67fa9
bf2626981fbbce8
714e87f92202b0c
d3ae5b24aafc81c
21816f20f2cd809
4c95fa0d580540a
bd86cd84c558685
5eea73eec78b5d2
2e85279963ad036
a48b4e268b28824
439e3ad23865655
9c4e60ac75d3db4
652f30bf3348183
086f064f0f7c6fd
b8da2dad8a5535a
bbabfa9fdf54499
566a8aae3ba7e95
6618f536274b258
ed19792e69716f6
96a9c84fa228e49
084a84625d993d8
21c2065277e0e55
642c40a54159b49
198cda40006d365
64f30ab78f23c58
b04fe309245705a
0aeb94de6d6b1b8
6e4faeccf3be5a0
7145be3e1f9ffbd
97b553e5df26dfd
75fbd69f2817fe9
22ad9601c190a8e
62709a7ca5724e5
c80b31c6ec296e0
945637c11476c7c
d4d698fe8f22224
af3790075b6b6e8
c8025844ff4b72f
606b03285eecb7b
c16381744facc2d
a93141b5d31621f
633a7464a2642a7
9b67c79ee171e02
f47d5dd25441037
12908d44b43d7e9
72dcccb270af080
5e8c3c9d522406a
4a1ee7c29a76a2a
75d09c412c2391d
8e95e174094c266
4624a02ceb1eecb
4b3428045868491
3b5953e9bd24f9f
cd9374591070ee9
2197df680af1cda
90508e384621654
0e7537a9feda4e3
f657c0e49445be5
a1865e151a2f553
50d51a45a1dbada
06615384dbcd64b
73fde83635b2ce1
124b45825a9701b
549a98a4d178b6d
0e3bba902a724ee
78f9b81dc3278fc
465f96c816dd2da
bf61d963a195a25
095cbffc37624bf
6afdefcaedee28a
78300ccdce87495
9c5d6359533aa95
6814fed95baa3e5
cbf411ebc4669e4
0582718d6f3bee8
8b9122d1d257b45
2b0b44174f0b2f8
bf0f4941f15e55d
407fd5cada940ae
458210c14b504ca
d2e744e1a191bb6
4215389f016a9b9
f55082c602cce93
2a915a5423defcb
0665c7098765e07
ba6a8d7f46d7705
205e92447c47ecf
e2ae0b6c82f8707
7f8f08192c5a8f1
25abd0c7fc547f0
c952a2e282ec6e9
415cc303f6fbc21
6e92dec91108ec9
da3d598c8576f53
b1d7d3dab36e1f9
4d7f48b2f29893a
8cee0460fdbe0dd
54e77a5ce7e2803
2763e080cafae3e
7c5bbcb9c9ae12b
723fdd92bc50b9b
ee123aa983889e2
98be986391bac72
a6197678e776810
7354bc9cc83b465
77aa90c04bde5e4
b5b52bf40e20922
826bdc1573f46f7
d061817f644b774
58537e25c1577e5
23651fdcaf6026d
4a3bd35660291ce
5bc0cadcf6c49ac
00694e3faaf9e7a
16673ac2ed6ddb8
bcffaeb19e26f08
3382820fafa0e24
cd213aba5b328d3
0a0b116b3804d5c
474f5fcd623bd3a
e2261e48395a3aa
4cffec63cbb41db
c8edbddc7156f71
0959c99d06942f5
653259b8a6049cc
1b9ff7914e98e1f
72be6e352626c01
e29bba80180fc49
bb64735e365342a
c3e2b59f55f8291
34ebb14f7ddd203
341a7cbcb6402f0
02861b75e54cc4c
cd0e794ce801534
f4fb2af52394635
4a79056f9a5930d
65557a814ca3d42
4fdaccd0b93609c
545b35cd0f892ad
302cd1eef45e1bb
72d09db39577f4d
2ae272de1d619d3
2c81a86a83efbd1
e6736c4ca86e9fc
cf622dee4f82d39
e95548d3aee2efd
2cfd3fcf1e5c508
9e13bca2fb78eaa
e1ee26f90e7e768
031470ed9b6d5ed
c411b1266b6d4a9
9609c936b261df6
0229e60f3a0048a
b5fd7a5816b5c1f
b7a49bd08308545
9db11a6a1a163e9
c07dc938dd61925
b391a3c078c6579
a559440b8679669
0a0cb3187840001
f734cdcbb087500
bb6fbdac4c63358
09022b759ace01b
7669b7244c7a64f
121486028e6d62b
9dea37faf8b0c39
815f9982e7497ba
b31ab972af0d584
9d492e95cda3e5e
61dacbb96c33c41
7aec8c291f5d306
346a0dead16baa0
10ace11e3991df2
1d56163009c20e3
72ac12bd0f7dcbb
17e75316d1506e8
5797e3e28ac3a16
e0d33092eb91342
2e0841341df6bd2
d655fd0c330c83d
3ca3a735a8fdd21
017cd61ea085f20
89996a1ce105897
22bcf98cd2a0ca0
b803d16ece94aaa
e9432c7fd1ea0ae
92facb48621ced0
219c8131c0a57b9
31a0e86c91b6095
2632eef49107d78
11db1dbbca8f5a1
459ae3bab6e0132
f1609e6355b6b00
5ff976851e58739
548854b28e1d61e
46ad7c4205c286e
77188414627cdba
5ce9052481b9224
555cc6858285653
88cd4f54e815a15
d8aa907d09bd466
26bd8189cacb419
5284c78f0636a82
82f23a3bba3f5a8
26cb129019ae200
4b73d8ccb7a9d8d
2abe9ccd7ac3683
0da82a467a9833d
34895a2aeb3bddb
a0f2ea881d4dc17
cefcaffc1453f60
842eaedead2822a
91ee0bf81d78278
04a4e1a3389139e
8a4374b7845b3a6
dba7df11a031c47
60f1363072b771a
f498388abda80fa
6c5afea859f6e31
27fc2e775c70f4d
52cde1171bf6b8e
cc3fc95c2d63093
9a080cd634989be
91ce2f9c93db53c
78130cd0abdeeb4
46db33ecbab8bc4
2835f691c70c891
86c22f188e0fdd0
a034298fd642456
1fe73e835b081fa
809b80fe4e209e3
8691c3dc23514da
0ab20ba6fb52566
e90caec944da6a1
2b50499f13e2edd
e3f057011d2449c
656edc01776aa58
5281b4fac60c9ef
3f7634bfb9d8f07
36fbf308b29cca9
246942b8f66d8ba
c10621e596409cd
48c3446fa8d97ff
19d8b8850adb85a
17c36e06824c801
a11bcb412abbd58
45b762f2404e03d
33e4a39fc7f9af4
a5aab734f23efa2
66a2d534a5e9a91
760083abdd8ce97
2dd6704fc003e50
190914780d38cc9
55937c921cff3d7
af30137bf973895
62d91801336dbf8
d391e511af207c7
083430df842c7a5
b0bba97ce835a9c
e6728cb85646af5
44868d55f1fac0e
04cea98402d2f7d
8dde33f10f81ab6
5129af1d27ff0ee
adc86f5d6d5222d
cca28099f6a90d1
0ab2dce9581e49b
92b971fdf9c8d2e
8def6e2659976ef
093ce0ba3cb550a
77c9f09cc41a17b
291f5b4f676ea09
c3bc4a09d38f934
8ab2a564c88f162
cd7c803e15e0dcd
079cfdb2f2d443b
d3ceb5260ecbca7
992c9a4bc32ccb0
365917d5b093a04
af4e639b50b0bc4
f1d086ee03967b2
dc5e570c32f02bf
d6e02861c09f5dd
98ebb9f369ff96a
84584f6c1ae2ff6
4371d962e3db549
556244bbc32e892
0d2519602005db5
5e247d7e1318bed
e083163c18c1593
2ef0545c6ba25f0
3ca6253aabe020b
bfe0c04cb54d705
c52d393f866ee6b
7cde652fde32820
bc04499d0c366e5
2fd6229c7b2463f
8e7fdcd463b50a1
948b0bbb4ccfef1
74c3127629f982f
97aa319e20e763f
8f5ec03052c9ba7
9cf775cdd67d9f4
955d0533979307e
37b8887c264a2fc
06ba1d30b901c0a
e7a8707ce74ee3c
649aac4291ebafe
0212a592c705a0a
b4e70bd4eeaab49
02abda5f1b9af78
8eb1e8eb32e8d36
4aabf4e51d5943e
afbab74b9b030bb
1facabb56f65cf2
1d055da579a4779
cdf8adff680ebb0
10db96b767ff234
e1e8f62245ade21
b4de44c2fbd7751
a099acafaacc09e
024a68e82a7aac1
8d434a1ee58a298
520708b1a021cf3
bf7f74352ecf078
096fa4eb94ee17b
f15cc1f268a9029
3a3a99d5027038d
5df334ce87516f1
4175a50b37e00f7
448493a5fae4022
06c769611f5a57d
099c1196b3ec689
a96cafc634fcc46
411d0a257cea9e4
caf587a71bfad71
70207c310dd0a2b
320c42fd4191867
c711286f9e3d02b
3ed05cbbefb258d
bec8420b9386df9
ac6bf982bfb0f62
68a87c76f8839d2
4ab93e6523930d2
0ac744be10230a0
17bf69750c5e84b
c6cbf65fe15c2eb
b96ca87bf0be921
598f02c947cea71
1abac8f5636faaf
c8484a1d8895cb0
b90ec4937aa22a4
b0083ad9cce21c6
149f33196c67ed1
612ff7134636b0a
a8233e549d4e8a2
7716008031921ef
61884b1323d5e16
aaf66ffafbb07eb
27b3fc1b64eb7bf
cacc1bba768ccc4
f6ef8770ec85c8d
a4d2d1250763289
db76f444415c60f
48c089ad1246e8c
c9a4af58eb4aadc
08092449392b48f
9e09b818a98cb0d
d493d8cab3f92ae
e0f3fd83022fa34
4dc8ef78ba82b8b
9bf0cb756003235
248ff00887affd3
806c37f103fe0b6
1bba2da686452b5
95b9bea03c40ad4
52f48978306bb6f
6c84c1defa2202e
d9cec91bfc3c225
30551cf65f79daf
ef1516588f44130
42fa1e1a9484a8f
655c7c524f02742
0e27052144b948f
21df02df03f1b77
0fad5db9fd7b5c3
b300ca396f0d837
6fd59a9dbfb3845
3d5a9c5ff6dc038
d48971d6588a9a6
2211d760ff327c1
22a694e02919437
e73ce64367362f0
d512ef459fcfad4
ea125f14be7bdeb
375557aafec1f57
42573089ffed771
ebed811bd4ae19f
deadff0211f67a5
0bd782fbd0eef1b
5251aae9ec196a6
074cdda06cbb29d
93339316e946049
113f475bf308f5b
261511ffd9f7830
85102c75bd81c31
1f4e71812ea0b2d
cb47c70a4ccdaec
1b99e44ec73cd5d
01cc672f2fd2d60
262aef4a55f7f02
56f3537a8e4c6ae
c9c165c3adb1534
b397301d31141d8
70b7e82f00a0223
a1acb64db3b047e
2db2a4ceb58a9ab
d3bb1cc07423775
83f3c44bec9f312
6558eca98c752a7
c7cd6a75a6c1a1b
a10563e7835c4c3
9a8b5ec8845ac1c
e442332aa97c7e2
4a0049a43991f7b
845db427a4b6082
543e0de47e45cc3
a91f2bd2e847e93
18ba43ba102075b
f7dea4248131db1
8e26a3d38436397
2b918b0cf7715c6
b8e5e509e3db9ff
f694b8530b4ad13
e8570af44c805ef
f0e9887237b2f8a
2fd89ab1dd36ab6
eb739b5b6700ce2
186d23e7a2e7017
0518a09eda5eafa
dcc5b962c85e6b1
d7455b699366abf
d8d737b6cd2b369
0a95ef6321c9049
7fc32fecece3337
3be295c5d5f18c9
d4ba9adb14af016
6744550eba4016e
ba4695f9bb15a01
28fcdbd485966df
6c953caac7ce657
0b92c1eadef23e8
b9f3e6bca8bfae7
0fe8b9cf6f53f4e
71a5861638143e3
69b714af972ab4c
e0017698293e574
9d2c6486613f204
6ec57cf57cb55ff
d49eb8a4a96efb2
32e3ab04a4fa00f
16cb4a8b16ba295
379f0bf9543e5be
d19fccb877d4934
71b9f9f3fe2ae68
65879f31367f869
e0c8232293d01e6
37c59ab0ea4bc00
61446b7687a9640
a97f710c642a846
464325d00efe03a
bd001c58340c385
261baf7a4b6afe2
9bf7640bc01208b
6b2aecf6ceee7ea
58e1d5c8bfe4bfe
161920ebee1c749
b1834eb6ae0094b
ad36c1795e56cb9
a8532d5135084fd
919d2ca7951d881
5d23401bf8e861d
d49a03a7e070e3a
172a87fb672a127
801d1fca18a237f
2be8a229eeab7e7
bd74f4f99c90068
cc61eda2ce7e8d1
80de4b3d8341352
cafd2c227013acc
42e2e847932ccad
88c006eff3b6745
6daaa4c2558ccfd
a8734a51c93b0e8
424452f439f5db1
3253934448e1f34
537b9d1d6b970ca
f874b2f0ad9d185
853da9b9f74642c
c10e73133c2d709
c7f685b7959f356
76f4a72c6418caf
9fb723cb21a20f9
b90578af87b58d7
0fb0fa56d20088f
47163334d63c50f
0f043f550f63ba9
d65a7db577d3e59
ad6ffffcaa2db3a
0889f16609420bf
bd7320703fde7ea
77433499f1e7d2e
d6283a22dc12018
c1e82fded3ffca2
6276ca0a5f9979b
6958fc502dbb6bf
57851bcd7d97d09
dc864b9978b2411
99b5425e4ed48fe
6e2742589df0818
7ded895b3f40ebb
5c678d4a4de6b94
bbeb5caaaa35e78
e847425b29b27a1
b12097162dcbeb7
22bd4137b5510d2
452569aad060ab2
983821cc0deb059
018f8aa9363a16c
2fa38154af83474
61f37172d929a9f
7e35e1eaeb38b76
60cb1e103b6c0e9
c9a142d16623ba3
5866d965a8a0981
6111684b2fcecdb
dcf992c1dad8df7
28eee44735a52c9
08a90d82ca03ce2
1663175df6aaff9
999767e2f2b3344
c7ca551c3e34dda
d2208f9e37352fb
106fd9100017c36
d3f3a7e6ee4d156
2686027d8c97e78
1e7d06a2b87fc44
56ce30527c40f85
490ba959a132a56
e193431c924fcae
3e407547f8fc0c2
4e88eca9f2e1cbe
b8d1aeac0911d33
c5a4587df15f514
c541745f42f8169
6029632f41797df
14e16b50aede51b
92af84dd5b60d39
68488dfdaa975ac
059b31dfde2b13b
487ab1717303cd9
0b6feeac363ff35
e4b820c4688af6f
c3f5d5559df71aa
2736569c93ebbb6
740feba81144d5e
e3bb6d41f547b4c
0c3964e502cd544
51f7a36741160da
06583a8616445b5
f6e6e3fb6bd7367
2600054f4324a20
316efc7fb4fbd2b
35105a0559e6926
1be842362011f77
022e4342398a21b
bfef9ce6ca4f535
16ac93a46d48c4b
d1d2058b7cc77ce
e52a77617315e4f
a6669ce18e63b48
c065f4b8ed4a288
c6def3b981d9c12
3c8fbaea66650e5
3e5c23d6e1233cf
05ba435da3e7c4d
bd9350ffc5be847
86a238b2efefaac
a67992f60c18b40
eef32c2c30a7268
688f17d8ed388d7
ab4aff7a53f6ad6
433afd0a0594741
316786b64cb0fc1
8c097d613fe4af4
0250599dcbe7986
7d621be02ef911f
51b915d29889244
d6a3b4edb240cf3
9348e88af15b172
59b01d8db130fa9
308290343890ff4
37901c891d09442
4594382c0623ac1
8be365487d33562
5233db885b915e1
7aed221ce8abe7a
1733355ccff0bc2
3be113f8050d06a
17ba8192117c145
bee5d788d4834dd
ec8fe1acfb936b2
9b2fc82ce15b616
28343315e0043fc
25d9cca198e7851
f4a75225153d85d
28ddad1a968dca2
1576161aa6e804c
c88b55625ee168f
2580beabeb81572
ab67ea705e03d7d
22a961a09e6787a
4e2808275c91ac4
3c29332fc8208eb
74045d53c5521e9
1d7f5274bc226f3
bea19ac9af422b0
aee0331f8ed9c22
e2ef11aef13a49a
3d9023dbf65c03a
85b57076e986ea0
655a7c4935c8e7b
a4a29e965beb178
2116959073a7e42
3044c9cb0b0d744
b2ea2a69c71402d
9c39a03fc6f2939
2485e7199e5cbb4
b6c11434e1533e7
564fec616457d71
d5d7a8745e65056
1854bf170a468ef
8ba22726d647f15
dfb436c20114ffe
b22e75699cbbf3d
857213c7355cf6a
a3a70860bc44a8a
8ce5b09154fd39d
b26c11aec491aed
a1e14ddd270c706
b97f9b578b164c0
c8122f1dde420ca
50d185d5e7f3b04
430c4e1998f994d
67d619ebdc63b80
400f39abda57018
a6569b3da828d68
a01213a0f5ace85
18e286ced6d4a60
56de5964c0c8a2e
65487d859e66762
597f58cc3c77f44
e400b3e51830a81
9182d2b279bf8ce
898456ed4fc5a11
597e4208324b5dc
36ee548cffee147
b2057c876e41b82
74559569fe1fab6
11fd12021203bf1
6c39994be45f668
317b1e2f55f780b
931787886c7f0f1
98d62eb36215746
51a08ec34204326
4ea6c0f13047624
8caf0712cc22309
0904aec21095bfb
70327f411e1432e
a71dec8af979b46
213c4b022038ed2
bf40b85b71558a1
1c8c2a854299995
942eb559ce1766c
d710b1d173c9bf0
1bd816442e3b287
c909e7acba19e30
d85cc4efbd450d8
833df5bf5e394d8
0eba076352a364b
4801b35dfce1042
722daf8ee5c85d8
d28491fcfbf3dd7
03c9adac52a62a6
b11886acbd7d1f2
97ed8245cebc819
3e54eccc4674c5a
acc381d6352f4ec
a14e9a3429c81f6
293969c30e9090a
4e306cd1f729fd3
54b6703f45a7019
e802502aa77c2f9
f35657d955f187e
d7121455bb2b7cf
f31cfabe73b0aff
985a49bfca88237
eea15c9b0248f9a
78d788980ea9064
517823866e1d332
9665ed9856502d1
32a836b11ae91a1
3732692c8d766a6
87f1f4fc6ba5ebd
4d63e3b12d3eb0d
bda0315fe72cf13
8c8f84acb3b662c
94af8a8e06b3f46
5e8361a9935e1d5
e20234a4661f1ab
6cfceb84f997fd9
4af1a69fa52bf7a
a0a9a7384058e3c
9bc09e2bea8e773
be188b604fa9a8c
c4a60c56622ac7f
bcc07619162e793
bab2e7d5d023fe6
54bad567fdeb6a9
bdbcb4dfeef8143
4279ee5499df048
cce4d9710f0534b
73258256dd51141
9cc13260e04787e
47277e632a81138
cabd7a79e728996
74705bd68ed7005
14e55267ca4050c
5f990576d0d509f
5f17ccbbf0ab0d8
d8259f9a2021472
d58ecc14823a095
33aa18703ad63e5
dd42c5345189469
c59642d71c9eba9
20570658f6f0a4c
e9f9084bf3d5771
07c430431178fc6
c882815f6edf0d7
6e02060931a506f
8b4aa6a4bc06bcd
485f5edbffd6f7e
8f46789e9de1a34
43914092bb7f5dd
50606afe5ddefbf
17b81a6cd0790b1
330b454aa04762b
4b4245fcce2b3d6
20df0906ac2b54c
bbe63347353d404
df0eed3cef36030
2375e0e23232955
373537cc4843534
1dd77ee2871c840
ceb5887ba7f43e6
16f7e4122717088
8ee88c00e412e95
a6da1b4211420ec
d6f5ed10ea3c142
85510c542a392c9
48292c7e6db324e
67a86b3fbc05405
4e0f576224879e4
c95b09437ed81dd
609f13ea9edae5d
4e8f2186dd598e8
d7ec100f155c678
456574fb5bff96d
b62665f7944de19
1bad36db48e99b9
2da6d9591681215
7d5ab6080a52205
4092e371a9276b4
737dad6216477f4
f3fdc3c92e70366
a34fd1ef5131d00
85fa3b9755d4751
0636e1f4976384a
5eb5aa456a0b7f1
a5a08dcab632973
9598a9328909ecf
01f2c00b0f4852b
f733c8d8e9c7533
649c0f61317435b
dd72de1213cb0c9
7cbd31e90262dff
afb802c85f6212d
a9a5c7543ad353a
ca98fede134b7bc
7fd350a035b1026
854d50e6a3a233c
aaea20f4ae35f75
17024ed8dd48ab5
da2cc3e4da4ec1d
c02127298347805
69062b83ba09e01
dfe2cca2c4a2791
56857438c35b381
5af6b6122269539
271189d6434bd91
387b2ba26152161
def7a6ee341c267
792fa783f659f51
055879fe2ad47a4
7f816f4d23046ca
a9fed1af1b8b0df
398f9f8d77221b1
c866a703b5f67bd
52afce337d236c9
98e30aeb32d20bb
c7f1bc7bc83bf8e
4c43f776156bf13
c10cd7116143641
4d7a5bc59365b44
a4c49757bbddeb3
581afccaa518416
6a8f99e1fa99363
177f73886f25eb0
5e6fef88793dd37
adf24acb3cb7ca1
e8bad3cdec860f5
b341ffbda533090
25d00770a43851e
ed529424a241332
ef4ef55a25cb850
171fbb029c79d97
2c67a801b39a200
c8e7bf22fa0c7c5
8f9a5b9f08dff51
adb2ba27e99a008
8a91e2d8a007d29
8a528efa5595071
afffee6329b8460
159e7e70852b1dd
f068fe5fc5db3cd
0517934f1ead501
854515a6aadb56f
eb99ec86ffd8319
2342773440a376f
8612749bd97a7b1
6e716095887f83d
de357554df6f871
ef000ed7fae0a37
aadd9ce75c55683
1259ad55feb80af
c0cb7df764f1f0d
4f2256399eddb60
e33733a317bbc62
1555b0634e15c01
7969cbad80cce90
d0e0d0e0be65c74
674c246caf04d7e
b3a4997c6e45dec
affd2ac4f2066dc
ec2a07b1819ceb5
e38a8d04d7a71df
f4f82e4bb507aee
04fcd53f64f0dc2
9dfcf1f892ec424
3ce09bfe02a66a9
42881b118393878
c355644d11b1c13
e7e959bf3533bc8
9a4a05ef765de37
2ab18acc80c9870
9da74d94521f9f2
821b9969b9d2381
be5bc803d3171f9
5ae94c630f2173a
2273f7c5340ee60
d10f1fa76d929b0
d0468365419e63a
5b37e3121cad115
55a01be4795c736
c7aec8e4894c3a6
69fdda3f68d7e66
193689141a3b4c9
c12daf2d228b896
bf0664a72ad6997
3251921c58d9c48
87082c13d4d2cbf
e53021805662833
3efb5389ee21f77
a3ea21a02fca623
7257b1628f40272
4b1e1bf6060a681
6cc4c6477f6af08
8207b96dcf6dc49
b079d465f5cf5e5
d057a5d352bef13
f1ddba4ffab2026
62ac597bbd88c4f
9bb9d2803161456
d310201d16e90df
a114841a5026a68
8b31f9d906b247c
5916581b2c068b1
60c2eeba07cae31
976419758439792
df05078df007144
77cfc1abf90c57d
985110cd6827be9
029b5fc26d074bb
bec7b4eeedd367b
2779df1af2a7976
244514a08649fb1
5de409e49bd0bc3
9dee7ecb0243383
50811637a47abe6
19c722af74ba259
7ceb0bd9e3c78ea
9400fd148784d26
73dc65ed7a14542
78870764cdf1658
a984cc46e10860a
16fcfca3ab1283c
4305c71d90c0364
e80d5fc00de3619
4ef2a6e766cd1ae
b7e43d0765e6e68
345451fea5bf20d
2adfe7b62233032
e71d2ea2e2c714b
80aca984062bc82
34ff95d17e2c332
dbbdcd4fad9e810
05a9e88855de6b6
24c4a9a0691ef75
d235b9868716da6
cd525d0547dfa13
3a1fd60f1a197a0
4094e77c3dafddc
ad97bb058901d39
127e6939a9951d5
b8bda2cc7640b95
ebd3ecda8dd422f
ef91195b62dbbc5
4c39b875b6d395c
1a2b92611114498
ae3afb1452b3774
c4003f0176673df
10e213b9b033461
f01b315f9606d52
c73677fc0483984
28e5579b81038bd
c1d173f36614f25
bb151e581069d58
b01b87a7d9e3d13
5c9491f414175d4
102039def314c8a
2c7d32a350dcb70
21d9c46621fe758
d2bfab0c66a28c1
92176d4f6bb97ce
ae7fd99f26147f6
125e15c8c65da2e
e618ae2f88c707a
a2fdf292e75dd2e
f2538b887d2c115
d72624243139ed3
b20c4f8cfd01748
9ae19e4438fccf0
1f7e5490e2839ab
2f4767b6f6d619a
48a257a665f2ced
bab35558ff95237
2d02a0cc5eec936
26b45ee6ce55e23
e138df634892842
2558de7ef051a1b
e20b8cd5b8be890
b732cd9cda3b94f
b470724f9bf9648
efa842ea7c829d0
668a20290b406c7
8301dd6cdf4c7c4
0008573de24b97e
d6e439ad70f4eef
7fe586fa9485831
4dc39cb2b6512d5
4654d3d570a0c4c
d44b16bcda72ebf
d6946f70130737c
0b84c7914d08d49
07d8cc47460ca2f
3e9f3ab10494c11
a380821c3bbb851
55ec1df9afa1551
b314cdc5bf922ae
8bce3373e844a89
864ef4f069f0686
e67fbb204bacc32
25e2861dd858f1f
d4ce882477ef319
af26529a6e3f0f1
b0813887956d43e
be308012eef5be4
4b33515863301ec
4fee161677b282e
00834328d8eedad
83a675bb099064d
ca05ae13e52e789
6da5a36ca82b379
42650f0a0f621c7
088a69a4b899d5f
062ca1046e83d97
e10342fc659631c
be29deed1e66c22
9089770af0f4231
6a3570bae7a03ba
583bbf4b7ec816b
adc24726aaffc6c
964b8bf5f097402
afdb573daa361f2
d9250184b78cf15
d5e35ff26aeb2e4
ea37bf1e8e54490
086e11b1f7903f0
6590caa2a251a9c
3198ab251167835
eddd1d41c07001d
1c06e1d80c017c6
46eb12c67ee6168
5a0502bc6f145c3
c0cb8609255419b
d061e63fcab8ad7
6e3bbe57c9cec25
b4fe3c8b72d3bfc
859782a9ab0ff30
d5d9e6a029bb1ba
b50c182270cbe8b
b4db2709905f630
369f1c589cc42bb
d7348fdaffe0e0a
8c194310ec8014f
9951a494a7d9ff2
2bc4721ab6cc480
1b2d54b11109e27
b165da4dba93f5d
5b37074889df7fe
949009447f1845f
319fb78c37c9d72
5aa55ea19f3fdb5
8cc0bea5e0f5efd
189eae29915bc4a
b72e7c3616a4914
4a9557cd7317432
17146908a9777da
93ff34cc91b2675
832edef2682eb8a
7327a849dd28b5b
815b74e73670271
71ca34bcfe4ede5
cfebca5baff6e6d
89b0790bfe0494c
5dc61cdc1662831
313d53d9641e15d
5f3d6a3e7cb07f4
0f816793b27f036
9b73d6959e3b3f8
553c275fa47a275
93d1913b4d913ea
42e61fc7eba413b
40c0dd09bd64cc6
9261760531015d3
0e88529e144979d
889e9bcba160668
bca45ee3e4525ba
81d3829c71e4c8f
9db5480f1757f38
3759786d9aa88fa
bd68e81eb651b77
6e6d596742a6b27
a93d074d7d35f8f
2b401293e606c16
5e763e25028c24b
4391ff56f575734
5b9ac0cdd442758
275a600ac336162
8e99dcf7f95a96c
481456b1ca753a6
a3181c1c2eea35d
4e64c21b3531e03
618ffaa918f90dc
e6ccf000d020b53
19918dd5ee5bcf5
db9beb26e424692
d7e7cb220b85c4e
53f6275a2cfaf8b
a0dcab98bb3e407
6108eb28ec2995d
6b990d0c089a26a
9749afd7c753f5e
96f8d680d3225a2
5af1123680591f0
9f9c745acc43fa3
9b846481e637fe2
6a23b373d271e4e
e4b2f46db0c9ea8
c898f4a4daba657
dc3dfca376a947e
f21a5f5aca716f0
b7ed45120450af5
2425169caa40d77
f626683fb97f4c5
eaadbdef4ab9b91
ea643f25d64f87b
e4ed048258f8523
56336e2f8ea6910
051b5f8fb21930b
7ce0cb5806e9413
ac66422f38bc189
5a43725508bd78b
43dd1b896607da8
f37b6c6fa0508c6
8809570a2050973
c25619a0feb380a
bcd3ddd607fe1d4
3083d923887b6c8
da70b1042f61518
bc13f4c369aeeaf
6d30b08ce0eb85c
431c5cf4101d353
16121c9c536056f
61f17f9f700f4ba
038e5fae18a646a
e07cd99b62257c6
6f87fa1b7765115
d78daac82683700
f5b42eb555894c4
106479e92cb0a8e
aade3240673b9ad
05b388f87cff020
b416d64b9630bdd
acb5be4601b9537
6b699b20a6889c7
15887ebeb8138b4
93bbbfcc1bed635
a40b7ae9673c3a0
3c748e2d1dec46f
658a61d56b229ed
ae97317616cda2a
912d0f8f6f44607
e96485f42b29b70
ca11abb58431f03
e477617aafe19ea
ac10e9c6d147a3c
5ce361150903d0a
396b1f0f47608f1
92c6b06ca93a30c
bdbf77bf77e6a50
7f93e8e4fcbb9ee
14421b1832d4b0f
d16d2c907c683f3
4f0d9495d4120bb
b8f088151dfc264
b4ba35f54d0085a
5605f539b1b477f
91d1de0e6ff767c
b4aa1115fa22db8
0d08e4cbffed60d
05b70368d3063dd
68d35606c595dcd
453598898aecc61
0fa65eb950137d4
acacfae3070a507
03bf92638b27f13
68dffe7f54e317f
d9d2049bf394a8e
1153e0226094681
c7cb178b0e83ce4
c00407eee9576e9
28c2214f8042eb1
c55509cbebe115b
1b0e2d32ac796fc
8fd62fefad1e645
41ac5d38311ed62
69cc296d5edc72f
9a36f446cc9d4db
437274deac2a7bd
1553416aea3118c
f681bc2b8a2f7c8
a3bd616e0473b64
da4740a105c592d
cf70989ba81e50d
f2529d2d165f7de
c09026dae64eeb2
d8e2994f050ae39
4cdda4eee93c6be
4e0ab009cf2fa22
5b1a817983aacc1
312a194223d084b
7ef392422bb41b4
9ddb26314d37869
72e02e289d540b8
5aababcc66c8677
90a7781b0fc3664
2526a5a230b17b2
ca080e1c9823317
cfd19de91672c75
03492930890a593
cd1b11f5c0254d9
b826824e20a4c43
de8e1f2843957f8
c30f8a644bd0f60
ad283ef3c76fecf
efff6a919f2f860
e260afe81573770
14167d42d32bab4
761769792bf8739
d881080c6dcddab
131593e3f9a0938
db9e5aa7bf30298
59d4041b75d4654
1223b37f9827ae0
6cd0fa845416f43
4f962755dfa4cd3
9cc40de31904085
81f465b75152098
acbdf539707e80c
28fca0a5dd071f9
75b659fef4f4c38
70882eb0aea6c08
167968118744b11
6e1c54530a52fba
cbb0d9c15dec4e9
53f3ecec553a17e
15207a0584aa92a
a98e66f3dd15f52
ba9369a50fc628e
0ef53bc0b497100
108be562475d68b
d86db5cdcadc478
2ea9075fc54311e
3e215f814d35ce1
a1bf40978689a4b
8926075db2fbbae
3ecd50c33e67874
7c5ceca815aa869
26e3f04900e1db6
4314421981eb18c
006209fcd1fa480
541db2f63e3cf22
8bcfd55ab0a6ddb
b48ff3038bf248b
add8fdc3d060ec8
57e192953ff9e99
755a5987525d603
f01687dbc222773
75121e554e9e680
0e6750a1b8f15fe
09bf30ec72e2294
aa7c8c4cbd0c202
2186d2a72f2bebf
4d4c38a766261a4
7cfc6796f3036e4
7b25b1f2ed42297
14d9e209c3b5773
51aab8440d266a9
ae6525dad7fbf50
3e706e2b1bbc8ad
d1bafb5d08bbc01
267a14be939d5ff
422b0d0c6a5effb
96160200d7e21dc
072b30e45f2b730
04d3f96bb04167f
a21b92479f3269b
3e08b4cda731567
465bc49b55be56e
1ca8d65dd36b55f
259ef61a59d453e
4e8c72bd2f0d43d
540d1bbac105b06
f5283d50212f2a5
87b8113621208bd
42399791594da82
d57579c0d6b585e
c7ab7f1749e67f5
334a023fd302d51
ef0fe4d2c316b7f
f6e7d650e6fda45
0643670efaf3201
2e9266328a50f57
11da13d1ae27b07
0a26c671b70544e
2908a4e64b6e765
47a4891933fe1bb
280ccbc8f4d2798
6f5c7e3172c087d
70fec897ef7aa2b
5583ad438ff8d34
22941220213a75b
b9e274d3b972ac3
2addfab26de9f4e
af0859f01bc715b
9a7fc54fe25d12a
b439e12961e008e
745b6273e8d2f74
7f5fb0a5f234ede
0d381b4b00e91a0
3fe104d45ef7de4
77dc4f9ad7e17bd
1261d597c6b3cef
8f9c4088042432f
064d10c1b1eb088
0ebe7ab99403ad1
3d35b54e6be7ba2
ed4b2e49c63b4cd
b8d20ff1de31211
2b7060fb40d61ba
e63ed585a75342c
2bb605a4cd002a7
94fbb02dbe0e787
7c301f284e852fc
7ede5bc2ac0e9c9
b4aa73f4b7224a8
3e40cf48bc2a3db
9bf556ff4b1a426
00ffdc2f3d71a52
982bbc695a7d939
6288b55c5955a5f
671036e68dbfb2c
76941ed49e5a1e6
c9bfb9838787232
606932d0b8285b9
ac93a01f21bfb72
860ed674f0a7006
2c322bfd1e4342f
5be529de2ffaaab
1074457e3a1e7e0
3f24b674a9ad49a
e3fd263205dda1f
5b51a86a82041b5
e2e076613f4a0d7
841fcd06d92fb4b
6685f82d86fecff
498fb98e958850a
52fcdd41ae7297b
2b1ec6d43c54789
783171cfd14de06
61bc02d83bb361f
8b2f97cd21a4238
a2a5c27609c110c
a7d547803ce5a93
90dcf28c87b57a5
43f80cd202699fe
0a4f747ae3d11cd
9c435c1994467d0
55a169cc46a4c13
3b464e5ffe573bc
afc2b0a0d32b91f
f5d5f0e27869e45
714e681bb22751f
dde7971442cd623
91bcd4f9addb62a
d0244a65bb88403
2d921c6788fd35e
c619659129457f4
00bc6a016c92431
7c576e5b8365cd8
c9fbc71f05c21b1
08182d06365b553
54ab164782312ab
90bca55b738db8d
d8aad970df6a4a1
c425cabd0a126e4
0eadbb7678fa2a2
348b70d09761126
33b8ac671cbf416
14421735126aabb
d678ea35768ea15
ae3e81b21d44edf
d6ff6303975c0e1
239532ed042db48
7a494b452d854b8
64ef02b4bfdfa84
0232d33bfd6e46c
5a170b857ec9a2f
7d1f85f5cdabba6
edd03c305cf708e
1214df30ca4281c
a8d566e8f7c0485
b26b5a2c318d0c0
f0a4da2ffc4cdb6
844d82f740c480a
a0d94ff7f5c9657
96f5aedf7838312
92b67eb18ede6ad
96a5b217435131b
630a93deeab7d27
ba34fc9e99d53b8
8984ee1e91a6298
94cac73dec113fc
68ff3ac4fddefeb
43960f60892ef80
5452f7bee71704c
5cbc29d5048e4e9
daac1354dccdf35
e7074a3ec03d22c
14db471ca66cede
b0d6287a57a3686
81e74be29dddbac
5966070486cb8c0
af2677362ef0e43
79a7649748586c9
18883c20d343b98
ae99909af392da4
53bea3b58326f02
39add12c145e7c6
0f2da9b4b3a8401
80d3c59cbeb2507
6e570b039650b4f
7179d41cdc1575d
1ab7a6b74611dbf
278f6285c63278f
79abcb5009b93e8
72c377d26be33ff
763e4ce1b23c410
0c123e47e7fbfa6
9c2c8dc07fa0da1
7760695f4b3d9da
35f4516deb5192c
6ce1f9f8ec30fce
276e21330f5636e
19afc294802ac27
65540102cce54f5
c1d4970e7c2e83e
819caef1de3756d
3fa3665a575bac1
8372be47afbdf24
6408a1f09256368
36ede217da8d701
ebf97255dadea4f
bc1d689431eb002
f12e478bd96c077
e787a5567a8715b
4066c460ccfdfd5
dbbdf97b200d8b4
1d5235934a49e7c
3446dc9d7778e56
1f27bbef475917d
75dac02ac8c8f8b
83c04e8eb70893c
0c2d38831e99b93
681de1245959844
0b004fa18dd2ba0
e8350fa30ae521c
b0ae01126ab5fc8
793a794cc29f5e3
56b79bbadb48c39
bf7a205393f3f47
d9be4c9c2c2dc44
eca79cf22ec51ad
a3d07a8eca7113d
1b52de76146f6b1
244f7f59e7ae2b1
2d08d932e2e4493
3857b8f5e2550ef
abb6710414afa1f
16d6096961097e9
f27846d5967c961
f2471718e853d77
d789ccb87639345
8ee557a6d3e49e8
f017331dd4a55bc
e89142a22262440
74d533f604bf6f4
3774d2f9859ebb5
c724875e0614304
03af0a1c684fc02
4dd4990715852e5
185c071a6d7002d
f64f7080ea3a31b
a98ac9938f93505
0d2c1af90b5c113
e1200ce62e3ce7a
852bfe5a8790649
647d6c92893bf95
59def4fe8296885
a136c60e23ba1ae
5ac3cd0ba4acfb5
ccc074e8f7c3f0c
db04aea8ff5db1a
f081fb5b09940f3
4db36a9869e7af6
b4edf8d54d41943
db816866f39cecb
d831122e0d7baac
72235d5283b9104
6b34851f687af6a
b0b155b0ff1d74a
05782185eb9e83c
d566a312237a0fc
a823ec4d0ba1abc
3ff5f5260281866
c5530f8e23f16e4
52c3aed01e1cdc1
0cf9a7387d94d76
7fc9ac15c4e6316
af3a44b4fe095e9
33493a15bfbf94a
980edc016fd0f31
86c49091ba35167
7eec76b3bb94e89
cc9ccfe2d9e1d38
7e1939bdab6d566
6bdd7ce54c6afac
596b1f44e50ed95
c5b7be346373210
44113c4bf15c112
828fcc1adf40bb7
49de74db9825bea
011b686ae567dd4
5b1e75daac1c816
7787290e4aec236
33419e7b1142468
87f2ee9fdb3b99f
58237144689579b
d23eddaee48f866
dbca3768b703329
f272d5222ced26c
e62db6cd7a344f0
53944003d4f6a1b
75fa3387bc2aa8c
5f5776346a320bb
9120da73e24601f
b454fbcead51df0
13e840118005aee
8f12309e3ea5b41
ca676a79d3b976f
e2397b8b2f268fe
19bb68863eaa5ba
bd6adbb475dcfb8
de9f2eb09e0faef
2c252746a59f5de
5f22d0da92571fd
a9213179c463b95
108c765930612f8
0c1ff7fd4e02d5b
ce7e7033db69971
97d20308356ac4e
74251ad13c92437
b6d041ed4a3b4b2
596284b42adf81c
a3b8a7190bd009c
26a477e9bd65d9c
2112bc32c9290e4
76a1f1eeba682e5
5ceca9ed9b40dad
3aa05a39bda7117
6bd3d600381826f
3a9292ca7608c96
9a2617a358d24e0
5f8b2f9fdfa3bfa
1eea2f94962f24a
71514cf11fcb4b4
3de00aea67c8e37
310a9bf7bec4979
695288b958ded9f
2b020ed721aabdd
ec24c92130e218c
39c026ce1099180
df7b9fd4befdbfb
c94f22b1955b649
e414a2233c7b1c4
dc022efeb989acf
1191f7e4ad479b8
4205a8a1bc48ca7
83271c24e8eba49
e2a4f96168c8af6
abb00f8590fcb60
981fb35edbd2168
7daef79549d9483
5686cfbdd94bc0b
66e61f4102b0a56
da0a857c9e877a6
2897610dd5d4f76
3689c444b068ba7
46da1731bc7add3
610d6c7f583d473
8bc9273ed2e2a57
0f78ebe19ee52b7
1faf4c675f6a7b9
bc569cb5d035dca
2191d1941d021bc
2fcb7ddf47aeb59
c4b47ad78a67ffa
9f31cea6c55c755
5761711883331dd
3f3c1eacea437b6
ab061e8fae835bd
8a249d5af79965f
62f4ecb6271258b
f2c288505c06be1
5973f7dc664ea9b
be5e2eb698ea680
2b1e0a63db527a0
3f30e44eaa26ddd
a85c385bccfee2e
5a8868a72eebc5b
59e79863e84b6f5
29649ba33c8cab9
ebc4ab7a8dc03c2
9ddf6bb58c5630d
02893976bf5d2cd
999bc969d8d72d3
b8b3c0538374d6b
3e14a48b6bab45a
025c969da73d9bd
0df7a6d8b9b6dca
e9b9c60aae0d214
b01f40b73391f9c
afa593c92b82b36
f720214a6037321
27e63333e8e5119
380148486140c38
87e21dcca947e14
b75fcde379298d3
b815a8c12b0eaa9
af36a74d8d75c37
ad69945dff236f2
ae7af328b6fac8c
b8cda3493f9630b
f86f455f10f8bd2
cb2260e56ab1351
09edcd5ce8a9afc
8b136b16b1a0398
f7aaf529d2bbce0
802552845a56b22
9daa2fb077dcb19
a8a9ed36e2e19fc
de6610eb7414d80
2f3fcb98507765c
54981d8688f775d
8b702bc230dbc6a
e1554a84ac98c63
2b63a48e7a82ea6
53ee97990f38899
189df1e7b4ad467
9b9b11cc298aa63
c55ba7aea37e2f3
6d2a6527b7f9922
cfcdc161a87e782
e977f3990159702
d86fa164561a810
a215c5474bb30e2
2887fdddf61ea7e
cb61d350898d28b
f6b398e0381283d
971ae6989aabfab
335a79124d7ed66
f16b7c0ca32f9aa
f590be64af62e16
3f213b193e0c042
d138dd2cf49c268
7edb58c934180b9
7d994ae1e8fbb0f
57a47b579825403
28d2b35700dd563
6962de5148d1b74
987c996ca507193
f006395cc340774
aafec653c33abcc
bf1f1d21ce9e815
d29a4910c666526
13edbd9d1ce3632
2d30871766bd441
09ab04b99f4a9ce
e7178907fed814f
4ed2c5bbdda9714
01854a94a963270
cc424753ad3844a
f253841542e60ff
841b660ac9d34e7
6128d63676ee741
c1a32fb2cc4900e
caaaaa88f0029d4
19465db72eea054
dbf7b9631eedc52
3280fd83f174533
23507139991dc95
0ffa5c3e85fa457
f6bbd33c8499f6e
419ab9fe11252b4
7b7f4d599d0b882
05c89c6c5acf9ad
e525e9b9af7859c
618e40500f55a8f
ad5a9356b0fac6f
d6581330c14ead3
48544671c54f87f
a4b674bd3e80524
e8dbda93d8b8521
7d494ff50ecbea9
2da3d6538f9eece
bf90ae7c12c9680
da9f86cfdc91df9
21053108992fc2e
94bd2eb3c91771d
b1f66b9cafbc4fb
b175f87a1fa19ca
9b0be05b5a3ec6c
45d53688cad181c
dd134a0fa1ff651
5e996ad284a0482
6f1236368d35ebb
c8901b506048b63
d22647491da2a33
74f7cc789f4e002
869f7fd6701d8ca
91e49c4316d7a6e
ee2ecb47885efb4
01f68e4852b2d6e
51672b17fe6fddc
7fb22515e55b13a
12a5e19c821a1bb
28b9d92f66579d0
12cf8a4975fb995
dcd33405e265e13
144749ae0d83ea3
53b3fb11669ed36
70043666669851a
8ccb0d01587fb68
734fdc1ff59db97
c98105a34f63b01
0218919e5efdd7e
4223e12ee67a078
475daafdc0778ae
ec4564e000c723e
83df2a9337b3fc4
c8791e9a33c8cd7
7493f47e4b39b01
3551c7cd6a416ec
f2966cf707a70b3
350e6dc631587ff
41280d5f454bc36
72006b25e873562
980bd409c67904f
47c33d84fae0920
1037f6f08ee686e
02e895853e1dd9d
dc2370368572d20
433b796430c1a4a
8e5083add21516b
792cbdbc6b0e91d
7ed797b98633e1f
89a17bc242647f0
b56cad6b8790b42
2fe20601da0c46b
a15d8117a0a5fa0
7f0aadcfb733511
45b139447c92efc
5f73772ed5ab904
4b604b966713ea7
03cf8ec7f607ce2
8d3a40f769a5fbd
63beeccb535642a
b0e6e82adc675c4
2b775114f0ea725
59515f70a2c97f9
e21bc051562b087
770b821640add50
5171c3c3682f9f4
4d58d3192b5cc79
0cdad5204025954
79d17e498c232b6
4597f8a737d1501
71e772cf606d4ff
219e075a8e7c055
0d004136af8ce15
e49d6d5f6e1dc9d
8b8e6fe9740a0e1
cc772d6086df483
0cdcfc165ae8f6b
f88381c8a6f835e
6fa1e89d5394887
0ca1349aeb0e4a2
6c3c02b185b33a2
3baf6542f9e4169
f1fd61a7ceaca60
8ff56e82514c45a
cdb8e421816d505
06a75b1c31d2d1e
ba6fc3946e141bf
48408f962880fa9
d5c21042bdee6f3
cb7121e29e8c472
7b0ff419e233541
1dbba61cbc5c5ef
f0af9b23c91cbeb
cba6a415b6e626e
50faf22ed0d98cc
670f94e67a74b90
0e68dfcbd8f83d0
e3feeaea1411a96
016e4ca470e6b21
66a993d90721ba6
9d09764055acf38
bd81f560d75c7e3
98d72db8f461b5f
7e9454ec76a5c15
08e0be929619889
d512169121ded77
8e0972f13163cc0
046d6f29caec036
72329d4edc0c716
5fe361ee966c093
67b080be8dacf80
01ad2163c03f2f0
8c00e7e52c361e3
bf7bcb637dbc966
9f67ffa63844bf5
2e7aa11b5434b5e
2cba52cb5b7c6c0
721458424aba402
31e5075ec74c337
474d81a2191ecd2
deaaf96adfed993
30c3711ff125121
850d2f2935f61cc
d91eda96a800781
a2fc7a82c1a3e6d
f4a9aec87b5a7a7
309a367add985cf
e858dfdf41e19c7
c855f28878f1c95
31aa1636410207b
d76d29648215be0
b9f01b11b7f893e
bb3b2de31e7d49d
ce2e114abdcc66d
8628cf343f90b9b
bb5a7925c1fd2b1
a7344e00038e10a
45c0f4028212ced
05f92aa918c91e5
3ee6b2fb48ea772
6df6f94b52f5dfc
2d4ec9065830a97
a239450cfc6287a
bc24869c6a45041
1d1ca49ad243b95
ea57b95a3842819
1f93801f3a2de2a
9f45b51e4785985
026ebf3beb8154f
7c12dc84ecfddd5
744a6220be1d46a
7afc82820c1564e
09720f33cbd76b6
8c91383f66331b7
447197fd6067a8b
35c44c3df05916d
d44eab1f1ec4486
0e10471bede7c5c
eb0d9cd77c469af
9d6b8aaaa90d584
55aef89ddc37de7
218607eb70b0b03
7d359a63cfcf9a8
3453b8ed6547886
86348d18a47f600
d23509b1a08827d
65e1abec943a7ee
aac200c87906626
c2c0078cfbcc53f
382d660a3c7118b
b674909f07dc910
1be5c94051fae1d
e33a30cbd5f78cb
4e53c5ccc9e5ff1
494be2dde5114b3
454b6f84a9d575c
405d76542bf802b
88f651aed370fad
3ed5da4915fda26
959bcc4f36adf70
1ffbcaf6ffe5175
dc55c275d0032e1
f4f746707d9ac26
ef30b7f36856f00
02c905c44b766b5
d5a71f75763a1d7
4dac59b4ec1588e
dab512b5e171e08
71f8a58d25ca99f
c47b6e4c131e721
115ecf8b6788db9
f31842b5190eef0
bf9a3ed839876fa
4177b656edbed12
aaa7a35c3fa60a8
2f0d259badb4741
1bfd455ba99de21
02fa911e8aedf5f
5426c55e2d0be97
54cd69287a1290a
573c550675812ed
997b0624418b400
79ed24f87296680
c678924a6abfe00
f3a9bbb9c203869
c63097a29540d26
464e4d345b5640d
5f607c12e1ffe79
42bce23835ac350
02a6e2d44354dd0
5d3fa807c5435f6
7efd123f375cf4a
c35c568b104c90d
413501841243994
b7c21eb36c493c1
b5e97548733cf6a
8c81a9dc2766c7d
369d392c00632c2
666ba2407a976c0
1181851f1d5d2cc
49854b25b34d56c
478788027cc8606
3b9d7a5e074a1be
6176daedcb5361b
dedd81a76a4259d
59a87010f53be60
46c723e29ce1423
260903105c1ef9c
f000ad64158e99f
6546719c011fd55
9bbb3591cbc6a75
44e4246b5af6a80
87dc24da9f9e190
1598bbf85341562
8e72b80ddf36a5b
d5e65de133ee1fc
4301bbc50559ccb
9ead09118f821e2
082e51829c171dc
9bbdac2a8e96248
2957368bf49edf8
a0e67fee74a3ca7
875d25df5cffa20
ac6b9d842ff4891
7ace7073cfeaea0
81e2632eb210650
a3e660fd93758f3
bba4b4bb3e8a5e6
5233c07100504d7
69f2d6e90b20eac
3992b1b9c2b3bc1
695497de15f3ac2
6f2779ff1d8e33c
1ed99a4f62f866d
e9e31b0a66c8669
bddb0bffa2f7a22
cc9f7dae0ca9ee8
d7a25203ef8e189
113cad3d58ef0d9
97debd82c33f2ac
09f7b2e841ff0be
5c044f5c13b782b
cfb7829a8fc82cf
64bb15cf0a995bc
d25901060891535
111c8c7451d23e5
b957186beb72c65
3780ad99b809ccf
8d35ea0d724082e
026681a1784e26d
8f264c712b46969
8c91fa8fcc7799d
472fe16d16cf5ba
381eeef94dd487b
61aacd0091a5c67
16b9c75e8cf150b
828e15535a7df9d
478efa62f0ecfee
5668cf66f1b17b3
15cf351bf11ef2c
987d5b8e245a8c6
29aabf95f4d3949
7281ad5c2b572b4
195d0f412d447f5
4e332fcf7d6d35c
c6450380e2c1efb
b100d79376396c6
0afc6563da9634c
783b9843d9bfa47
8f411455434249f
80c617602cd3011
6a98a570cd587ec
c0ce14acd6a8f5e
2ed393b9e73386e
65fecb026d0ba59
5eba90bdd5bed70
94bdcc323af66b2
34ed9b40b508669
cc40213eeee4f5b
235314ee8d3a03f
2cdcd6d84155957
e18a8d756f0886d
28ed00287821e16
e0ca0c5038a4019
bdaf9e730364a78
bded6a62f1c11c9
84992267e22c6ad
b5eeb6c5bbc029f
442ace2164a35f8
e99da7ce8fe3297
ac252a5480556c0
7f784795cb69562
b13473710d17398
4ffd3d4b5e35b31
c4bd937ff560fc8
e2985f0a3315577
e46db33a17beccb
2d5e32eee5026f2
9823c8e6622015f
9ecf8329803749a
d52d83316f76860
4a56a761d21ad41
a81a4392ec411a0
2e25714f5c2e228
9eca6bc7358ade2
3211dbbed9df0c4
e955cfd88001e54
9144155c07ee978
62d80f182822bc0
cf49ffa41fcc501
75163712addf378
b26bf4a2e2835aa
15397ec3f494301
4832b7cd6fe2f13
c2328a0a1ea719a
56f1d7288107149
05222b23cf2e41f
40636e15d66b9d1
a9eb146580f6379
43e730696b56c9e
214973d7c40ce1e
b847e4745b01d8a
a00d227085c1018
a1334469b19965e
f6588dd3767ece2
e7a156ab2c19324
f3e80957b5d3b0e
49cd9bc67993a2c
b26cab28dc6bca7
17731e64394f46b
cc88da29c6a6506
39e3d1b55b1bf42
a2f03175735656f
45209fa71674b69
209264e3b1536ac
cb451a211f348fe
f852f93595ee011
69c692e9fbca2b3
302046685c5c83c
9b2bc674a95e8f4
2c48ca0879c1a27
43f6df92bd01245
ccfe0fe2fcbfbfc
66a48fc112799ae
0e87070b449aa21
4dec92b81ed8df9
83d30f836e03d4c
e52d44688b3cff7
257e85bc01295bb
af90ddce30a5266
a682d15fcde0e1b
a4692a2439cc34e
ee82da416a26d23
4c53f4e12086dcc
13a4d6a3037ffe8
070dcd228c83cd9
04e9e7ebd0eae7a
926dc38b270fdad
87a0fedfb721da6
8a808ef3c313fa1
a224072aadb3092
90c2218bb37ce5c
638cd8db4079e18
5dbb32357a553ec
52789218dd5e66c
b6413220d450a5a
74821e1cbc5edb6
5bb37172e4cda62
5feb6095f166798
709c74fdea2c64a
80de65e877950c4
b30c2ffff05d0e8
35567aae292c949
ed5320369cb90d0
afa210422f63477
bc1dba749c3f559
389113329e271a7
36366dc16ed5c8b
267f69a6011c22b
797a2832ade7ba6
8b65978b046e361
b561cc5f356f885
f1dbc1322bd57a8
4e514e9e0159409
abf2410333b063b
7b40df19c0b03b5
73438678ad0d1c3
f13a39f49a83b5d
bc29ae1ac171b6b
5cc6238de4121c8
ac2bbd89a6a87ec
6ac129f60b9bf20
319dd82cdd56a8b
72471ca79e3f72b
69839eaf6d71a52
a13bfd5fe1a6022
66b17ef81660d25
b22677797630f12
345ef6d69d645d9
ddbae362c6b5fed
9bde5f0c7f37d12
70b35f9493ca8c8
d71362501c9e7c1
f77028762afb909
bead56a941420a1
a7dd05e59503bb2
a777126163eaa7b
529f97c3bd87d50
6f337d191f6462a
6f67454af050f31
c9d80d3abdae0d2
0b1b31376a61c7e
69642864bdb2380
90507c8befeab11
b4ca1614aa5442a
c604111d4cd1a18
ad1efb007b13ccc
964279dba0ca5db
ebd07b873207b06
8cb36f48d04d054
766bef6302b760b
a026fd689fedd8d
9675b46c194f806
e4e82226de880d1
3f32e41b46572c8
ca57ae62e8dc257
654254ae3549fab
507cd5cd52b02c4
468d780f00c9b05
49d7a3683947519
8b83facbede7c4b
c193ed15e7f1735
ba21d0349ff646c
9bce5a37aa9ff38
454a06b3c425399
d5db50e21e79340
94940a64cd66f72
8b3e6c5e7eacfb9
a992199a05231c7
2b3c3599f3072a7
e35265a4902b9ca
a232e3b6f0f8936
bb12b86ce2745eb
8f2be2954d373db
40f84fd9b3e5b04
847d64c62aa0f1e
a5e7e63381430ad
5d927d700bdf6dd
51ce20c04ca3f61
712b31a81235e1a
8cacbb1783f5c44
c053a52c308c349
91e17df023a44e8
0acd1e804fd1845
f484a14cf613046
a3856f5eadb0c29
0fad0d16503ceeb
f1b53162b6b1e8f
54ec83e3544bb17
f84a21a5a35feef
3a6fe311a98692b
5fe23c93e29a52d
8857578fd73b87a
9a45fa78e6a8be6
4af6f02743d2a69
bd7fccda779d2e9
a9e27315dce344e
74a76a67b59e35b
565c9a9fa3a7cf7
be0e4ceb26bc8e5
7149bc002e017d0
10e7061a4912c62
191a23df4c2eee8
f6fff8e76d37dd9
150d2f9488b6435
f1b4492e3459581
970572e654917db
15335cb5762afb1
e569c305c4da228
28833b98aba3bc4
4e833a8f31b5c79
e4c9fc7746e485c
e76c269d02db912
ce2352382695b3e
2646d16d97c7452
6deb61be1d661c2
45abb62f468e875
71beb13c0180a73
381f22f6644370d
cb83d50c38fb0c2
58dd90aa8610d07
4454caf941770dc
0fd14dac846834d
92a2b06893b912c
5e51458bc3028d4
6facebe012315d9
a75eb3b9415e732
b4a9ef98771bf70
f045ca56b74f3ce
cc87bb12a2eb138
1bcf1d4d52d4506
8fcd5a3c0de48e0
02905efc46fac38
5a0652879941291
748369edf41d95a
d97dcb3693ffc8e
56fb6dd7069fc53
c59fb06e853d596
87273f512de6494
00e1183e04ae3c8
c77e1ed46bd9e30
a98d20947d93490
5c93f39080e4a26
a1ecd6858fe87f9
71b2396c701e5d8
16fca3fbe986e6d
63e59cf16649f83
4aef91bbc76b004
9c668b164d78b28
82ad8dfc8438d81
e90f0a3d1431e0f
2021d66b01432d2
9014cbcf282f7f2
9c3657b38bb115c
7dd308ca5f18386
1db28ab5eaccdac
b9a1df2275c3b29
93fbf25931681e7
74869859bf4acdb
b6e9a2740ed571a
b9e9d50bc6a711e
d8387e01a065666
b31f3d2b046e36c
029cd2cbbb3ac84
81353753e8dc8cd
25462b6e6defd27
690a9c3693c590f
137216dcbcca499
9c2f69bb28f644d
a33ed030631483d
f2d51e5201d8de0
e93e03f0c0e8422
d11a7bf24533b5c
56dc3db1e5520df
d1892ceb6a1267d
b81b9a8cd43dc40
85e3412465a9983
66ae268475f2223
5b5c7411294b80d
36cc7eddf7154ec
d860423313989ce
3371cffa173708f
efd684eb058ee80
a43172a0c2f429f
12a73eb883993b5
08c11f40f57269c
e2baa7291cb0440
47b939275507ba0
bafe87bc85e0491
91f6cc66e02e27c
52de3793aa26e80
f039cdcd2f93bce
e73e918f889cc97
5eb375178cbc2e9
6388043f7cf6130
6b3f364175a344d
b7e1319545bdd3e
35ea9147f1fde55
6f940d12c6174c3
9dc343c66206a80
04adb37e57d0ae7
e889fd3fc1fa44f
58088a18f3b3ae0
ccfc727a4138aef
031a107d82be272
89b508fdc3c193a
99e5339a760f7a9
4ed035273a53784
7ddc3d94a54730a
953c06e14bfac2f
c4c94551e6e0a4b
ddb40f1e7be38d1
9f2ec615d373a65
05e3f60522d5ad1
075ae3dab103238
8039ac0e61114b5
5e16bec2508e866
cb4a7e544409326
0c59dceb086a804
2c258e4ad1430de
ef8e94195e500c9
96bd63195bf25c5
ddaee3f34a70a83
87074485b3dd702
3325989b213f1f5
51072a90f1253d7
f5ea96888fabc7f
23511b66589e3d1
1dc10780b58781b
b9baf931f0f2f87
5a59136bd97c48b
c661fc1620dac2f
037e33e952ff3e2
309dcf995ab86b2
145195532d1a9ad
443b9d117abe124
92eb5cad0bd1130
02414fbaa012cee
c3c8b865b5a3724
f833629f8a5f56d
a202cd9c7e29741
13574071607083a
b1d966177a7a757
19a282362783926
8f058289386be2e
46b0315e4ea08d5
28ea0f644e41353
157108c4b0a4379
c17a295b51c4aeb
8d902ae473779f6
3ae86de4235236d
8b1243fbc5673de
a266ffa4d9002a0
58adb258376d7cd
9333c351005a501
c8553d730574900
dd41587747f0196
f697d47604c4bdf
25b58e1d8ed8c13
43b77be7c58d8f3
42b615d75aacd2d
03ad37061113861
236698c97a32314
94dcd6a60948117
265cee2820a3037
f501da48e07ebdd
a3882ae31515ee0
b6142b6f302ea85
60dfb9aba86586e
928f8f62c4003d2
d1c123214b0495b
ce07f0965026927
23f3148b96af8a4
9f7abfb4e1b19fd
8ca91da85ff0302
e7ead92d33a7045
d69889ab909c513
06f75bfdd10d569
b74d65888302fdf
1af2865617dea5b
3e505d6e6622a80
db5fc56184297a7
9875aa631ba8cd1
ed046206e6b787d
3e1d048d4e3ff05
e333eb6a6c0f265
41f4163610ae0f2
b586e4b2aadbc43
a5f709083ffcb06
1ed0feda47bae22
4ef46e85bd4f750
538cdbad801749d
00090280b881be6
c39bafdb3f43dba
1b546ff4033d78b
30f1f70b6a71f1f
ccc3944124e57dc
4f3f2fe1bfd4a8f
1835bdc4af4ad85
98aeda629f41f6c
5158bd568737dd0
77e453bc5b1952c
237e6a6280b3e13
e03e137f24e5066
07dfd0428007bc1
f0bb01814c64125
41773421cf8f06a
ef3227c8d41e842
29e3eec8c412787
2f02ee04870f867
71bc7ca0c471179
5a756d654739320
82c14616801a113
962571240e29618
9263993a9e3d5fa
d8a1c43242989ab
98fc0bfa60fba86
ded60bd1710d40e
8c2d9f3c3e2fbc5
a45659a126df479
85cad27001d989e
0b1847713192acd
18bda7b4c5050ac
830f1cf3b5d3f60
12bd900d74da666
b2ff78d6e77f391
337790c9e5a6fb7
f4926e9a7f4a539
f3dbf9e8eff061d
080ace7916ca67c
e5a0c47d1446d17
90752fd5ee4fbb7
b2af4375bd374f1
ed57846f0b78a47
4924f4aff85e1ef
5c44a0a50dcd37b
70de6ec4195adc3
737f572aca46ff3
d25f7e23680db6e
86d5e6564a48dfd
3580e429ed95423
048817689ad27b7
10413e61044447c
95712c7aeb225dd
a78b20b68302e40
3271dea56ad331c
09adbbb725c3958
7bd3a4099588cd6
65df2c28d0ae901
b017e2089dbc6c3
d98b2d2ee2e9cf3
037aded888aad68
f2d5d3ebdfd18d7
cdff565d71a6501
96bdb49a5fe495c
88837c102abf855
86f4e97babf8670
536fcd6f3f5d17f
b3bb1b28824f562
3287837a4f6a8d7
72ddb0dfe70cf47
9c7118dfeb097d7
63fcecde0e09806
914a4bc8d48c5d6
6d3e012bf76a254
7dfda947520053f
5721759e9df9f8a
2b753b058e1d037
622c9bd9b539b0f
65d2855911e6295
f86071d70c20bcc
d8ea9371d9bbaba
d427b369deabe9f
23c14b5f47812cd
4fa0b3b540ead52
2f0b61abf6a3627
237cbdf888954f8
ea8d0a2f6f8936a
ef58051b03d4dae
d074ab9d4aaf4be
2a878d4579ba2dd
2dc5544713dbc75
4074ce78cb9056e
64f2a5634ece9cc
385f446e4f4889f
0996f4ee6cde59e
0f4dd42cd390942
c703e4edfff052e
5a9d0ba02b75e36
9d7a8b401dd4497
5311d9cc2a4a38f
94dc7b86b74f020
07b6e679c66b180
e9c57d1bef4405f
7cafc4204d5cf41
260e7b6b09db041
dce7bfb8b830717
17da74067edeb6c
84e98ccc457bbc7
af97ce91a353ff1
721995ca4a11d9b
5178301ca98372c
1e5fd285a80e2c4
a2fcdd58c61fd58
734eba70eac6b64
11debf2eed2debc
1ebaa1148a4e5b8
0cc9e9eee4d8c93
8c41b758e02bec0
67d83c201449ad9
ccde1e3621480ad
641d91336cc06bb
7470aa18b6f32a1
a1b7e8123632313
ab96a9d660b2129
8b11a947f15b9ee
1eadcf26775d8a1
e18d11897a4fced
903f443eed2d758
576a32e15e61cfd
ad497552bc24532
5c56cbd1815e597
8c94e3acb60ba86
9e2c7ee80685a50
797e4c2799fd76d
9a5be36b0e27325
89522ec595b2c6d
d6c0765406b1c0c
ea81c06a2c77c6b
6eb0b1ea664c1d3
7e3afc7a1adc75d
a82809f664bcc8b
50b71265550473f
878189c3aec6ae4
4de90b7717ee3e3
5e76efd068465b0
684a3b84a547068
6df7cc6e2e34046
51a6ab09111b43c
9393869667a1ba9
988e9de4691e8ac
440304c1c51e985
91525d61219fb71
b520af9067f516c
342a5d369aa5353
0dc29d6d599e256
7d594fd665f9859
5ed432e12ce965e
2eda0f386f3b71b
6e651454f0bb208
041c343783720de
16134682dd2f7a9
e0560465301662a
d6fa2a820922679
efa0cc82793e167
84dcb040203b346
7c48ef9a9e50d6a
b991e386e2ea6ea
939b01bd25fe338
7ec9c2f7b766ae1
c4840b4318d92f3
1e89d550c85de56
4e85d85f852714a
eff0eac7089503c
ad5ccc809d0479d
7e767d3b18741fc
8cf2d236f5d7e13
f117fd9bc08e3e6
993c2632220c84c
2bef5db1c055eb1
c340d81b9a1318d
38491e85072225b
eede310f903c2bf
cdb409ead1b1e14
9ca59c4b3317663
4f6a762b97221b8
81643d03bf38145
0d2b852f681c490
dcf7efec0309f78
aac5b2191d86dc7
e5f719487b1d08e
476633176b8164a
9083a349e6bd3ee
b96e1d70eeb36b5
bb2c883c05c7369
3ba9f55ec3760fa
3fa5cf191693d45
543dc7183619903
69f5fbcf812290a
86f006591c1a767
309eb613f847309
e4eeaea2e27b397
bdc2262a3faf4d6
34dbca5162cc654
539dce9a23bc94d
9a2cad5b577bb19
41cf1fde39bf75c
cb1f2c0d045e6d8
be2cb4231bbcbcb
1f28a3b5ad0778c
3705de0ef0a8170
402a906cf0c7ad6
e9ea809555a1b22
c6f6bc39ce6241a
80e1ca7ec1136d0
9ac9a782d133cb5
a127cee956f3059
3ade30bb3352016
b9bcf5e7bb0e0f4
6312268a54f47b1
b06a4c3d65f0673
18eb0a6f962f15e
b4d8cbec8ecae39
9bfb1fc73440a55
1193a1cdba5d677
f6f908fff9cc0ea
70ae5d8db6994be
a46a40906269e30
cad39da2b69f4d6
0ad0973cf8ef6bd
671b7d939e5595c
79d85b79d5a9f2c
176054784c45a14
ce85b3dd6beee95
702415852db0f19
a57df753ee08288
016ca033a61629d
109d26f88aef993
c28ceeab08b7784
2c771616b33e23e
a571032bbedeb31
ebbd9f331330f90
94bf161928f336a
a9adc290dd604bd
186650c812ced6b
8d6f758429fe53d
84f36b31deebe50
5aae0203851fdca
ca739b6fcfe4d84
8f4c07249c07109
a1b29e01446c20a
bf6321e50c9f0f8
5dacfe731a6af34
a9c9c2de3a54260
873dd1d8552a9ce
d26be11c99fe660
4733208615b66da
24eecd7f4a63d6d
d0d3b218e6c02d5
3b6e3e49747debd
0e086ee44ee6c11
e60e4a80eba4735
ad9af36f2332f1c
3d3c57d3011e1cb
6bf24b83e3571e9
417b51275654526
5dff48cd44f1ab7
8ce4b36c00e38cb
47e88419b6341d0
cf589658e051a20
425ceab97b48967
b16f11e78b7c467
98480251b2df0cb
93cceb39067ff8e
c82e9f6a9dfda49
2efd7f3b391b904
bda020533fe4372
e0f0c7dcb52e81d
f03d3d3e29014d8
ec456eb1d087b87
bc338a4efc600ca
0ce7478b6f659bf
641bf6acee0e80b
84e14c31b3907f3
8db9eaaabcdaf3d
7353207d4f1f156
a8310bdddb7a020
c1d477359bfb3db
d3ad4f8604aa9e3
dd2b703c2b4149e
45005a80d5fe8aa
1b136d2c5d91858
4c997ae0574fe57
c769d4366b82f3b
a63c746a104974d
152801f3e9e484c
a3e1dd403fc591f
dfa2118406bfcb0
8b001ea4869ed7e
0f9c775794eb988
41d07d679af2873
a990fba359869a8
c0710b8cf8fdfcb
0c2256de2016310
a9d229e856435d6
8bbd1334ae9fd23
737f01942eccf40
e722bb5f6b35209
62050bf7d241394
773e014b93da527
592602196ed697c
96507ee6e0000b1
dfc091f127939db
92386b7439dd343
8ada1f3d01bd9fa
e118dadc5f5be7b
5397477315be205
817224e9a9918a7
31e53922a09a81f
e9d6d614f08b67a
494b61e42d502d6
67edd7f8457c600
ec4d85e958da664
7a24eb9ccedaa18
016b15e024de09f
1d7686766af4236
f2f5e217ac02347
a9ce05f7e746235
77e0e39cfc9584b
69618e37ec71f9d
cf2e083515ce28f
dfab850296bd62e
2fe3a93a4d5cc5c
19bec76b5af0fad
e80a7857d56e8d9
bdf648bf971464d
b92e8d1af8a2195
a2cfc8c634e9e47
881de4a8de1f740
3603f769268dc40
b42c5484a6ccb90
dea5a23cc677763
dc7eca1e7d11090
4d2915385f98d0e
dbaf686435cede0
964fbc31c77afce
e53646381158e30
ab40908bfdabaa0
cfcec51661fb073
0fb6d00f8d7436d
d912ec2364d11aa
63a66abf0f059af
f2f2f61643d48b4
8298fc403133577
5381d4f30d7d616
47e66815563cfc6
f006ca8670eea59
a7fa522bfb8a8f0
4bfc8573182b10d
50a46957e3765d2
2a82106ee9e1aaa
e2382781eda2883
90d140354768c6c
c0b49fd20645980
3ed9e4e024a7710
8d51d8fd208f7e3
cbe7fda10fa487b
a621fa277618db9
5d50b6f8370ccea
c00fe25b01a0855
54707a685e02db0
024689e9f38341b
e74ee909439e098
4233ccece273871
7b8a0e85419b242
adfa81427e96158
d19849a5c30631d
5cb7b911fab9f62
3a1ef5f569322bb
1f44e3f5e11bfc7
5ca88f68856df7d
221879f733600eb
8c36756123f50cd
b771545f85b6e0b
88b3a53db1eb26c
aab53dfd073b31e
2ed3a6bdd7376ec
43faf85e5c5fc20
ab4df2438149f41
8eddf1b05c9df60
44126b89924c03b
2f38eadf38fabd3
a12ea1cf13a27a8
ebd9fc1fdffb682
99645200cee508d
51d50b4bef0ac00
0ba1472856dc5a5
0737271f91e68bd
976bf4587189cef
475999e4b2d2493
e675a2be056615f
164ca2457630568
3e35faf733a28e6
212055401c17e1c
3c718aab63a80b6
e9cb8abefc2d3bd
c717f641a771bb3
07c273ab078c58c
59c72f34526641a
5006ba4f003df7c
7e015b4d5c30806
59d3e593014b9f6
0e253b75d6d9aac
c686f6358504848
d2f837291647585
519ddb3f2a47cbb
c8d15d3768ef63d
62d21c7d90e62e4
17a169797ce8f1c
79f23e117bb86c1
33abb137d5871b0
9dd067969602d4b
f3ce4d9ea3ee443
be842a750e423c9
12f6d99dac8cd35
ab193cf47346421
efed7503baa045f
396ed09fa9d8324
56aed645f125c5e
ba453ced6413303
7260132405dfa13
0801513e535a889
23f2eaae7c1f1f3
e4c1964488efe8b
dd7b30f659fd0c0
3def4393589e6a3
1af963721901524
beb39d502a7f074
e0dbe73468beb33
0b96abf52b3e08f
4c3bc6c75531348
d80c84f3b025b24
af7c811fe36485e
592309f328c846f
004bf61040ed975
0b9ffe8be1d3e92
520999dd31e355f
8aaa9f291b22111
ce15ee1e7a06403
0f5b87b602830f0
c25765dfe2bf514
c67c356df48b9cf
2ca160874d00be4
b651ef6f937ad5d
f02b66e5cedc95a
c0fe23821be99b8
9c5b7dc08bd3879
6d5f3a5036cf9f0
07a4db0ab073ff6
238f87b2551a4b2
c78746ef301f5ba
bbdf256e5407839
9591c724cf13d04
9508e2a2de96284
b39f6fbcc91ae1a
b24c284377f6973
540c67b6e0d68a3
5bfbdac0955ab86
c0fa273bc7ea962
ecdf36df7cc62f1
f54797e2048a998
8ce4038854bf8e2
f7bbf5076d44bbd
e8e2b4a38bc2f3d
02bddfd030e8c5f
8ee9f4c8d4f8b19
38593cf96e366ed
0e373aadd7e3f46
7eacd94da9b6372
29ec79f823316d5
651e66739d1453e
238e56d53f7efc0
7821fc65be455b1
3d21129c5f1bc1c
39686c0ac634e60
f3511839e00a955
a15c030e0b56610
21162552a068712
521002d76540e68
ba019903ede2d20
aa48eb2886e678d
d5408d1999a57bc
ca80fd0b0546226
8b8302d46f0eb59
1e2701f4f5fae2a
1a5106c02c07115
70365a46fa5152f
5a10335724cb605
f8831efd356e14c
3d172b5c77a0c10
99be8f597ce633d
1fc25692665cbf4
13397401dc5b859
1a576952712edc9
1b85a018244f2c6
1f40dff8e761fd6
be8de7fcb2ae63a
ad691c39884b068
2e2ac88082a312a
830f7cdffc22844
2a7743a33acb6db
65ffa21a82ec2fb
10b110b5e23987f
3c572e11d3333f2
66e4c5d6435cbd4
33475f7bdb44c60
2eddc8904776e0d
f3cc39060e9be07
ad065af0aef6916
b38244d16adf1db
78fa59074adab8e
88f0a1c7f70043d
792a64ae5f7ade9
1a79a35da215317
9487ae2948c658e
4b1c1004b50b7cc
51b623ca48f6a62
bf57ceaf959a79f
f09dc5be06f0038
f3c1491050f9e4d
9f573e3c822b63f
288b1d530051363
0088c74a5adf45e
55bff6348dc8e0d
09009e90b73ff68
0a7d7aaa38935ba
402623bb28d09cf
99eeafcb34f9611
7625604a992c459
87beaeac625739c
f4ccc68a0775a5a
4f6f5b004fd52cc
c9f6d4a51384cb2
8da3b73b62b4f89
b2d2ec019a5f116
6a74c904dd90ac6
b70dd3d85c171cd
ece98f4c090158a
254b58cac8f5e6f
c90b89b9c2693e7
c11a6f375113c75
6e5b3c8f1598034
ac8d0e0c063c1be
5f4c2ee52c83ef6
4b0cf8a6875827a
a677dd2c16ac1dc
141edb2e42ae0bf
57ddd6961e07b43
040b710f30a2b0c
1660b8f77029e95
8890c72930f0465
76efa90d2aa3eb5
553d2aa0db0b346
384ea9f4f60e41f
77c64f56ea3d124
34ca1a6df799853
66c114ac95ab53f
ecd39e616e304cd
7a30feaca4cfb5e
4936bc3db948399
a7c4eaa4d00f218
73df6f01c2136d1
89823353129d6c5
781566f95c9a489
2a41ec262f99588
af09141104f28b6
ebe1f3ec4708333
751acbe4b7a0d80
90638ba97deeba4
15d96b6d3fdf088
4736fedc56ac1ac
084930cdf3237ac
be4a761d4319fb4
7edbfc94ed0f8b1
240151386e836eb
23ee643a6414677
30f473fc12e8ffa
a26c640244ab24f
3733d370b223f08
1aed80839527ba9
727c7f7e028dec4
e9663a9d50b621b
d226d2b6850c92f
b39962ef77d5431
4febfc8d525565a
54523166b98065c
4f880c5dcf50ddd
9a56ff723739e58
396ddbe9ba719f0
3a03542f9708f34
d2c2a037dafce37
65acff231b82530
df50ab2e87b14e2
d53541d4663beb6
464b02b1f3c27ff
89dfcb666374335
386b12770719048
524954eaf68f183
b8c332a277f72fd
e21e1a8364b452f
476b891778d19b5
e50b0f7bda7de70
ea9379c66efa3dc
26c200332c19738
05aef5952b4b0d7
022443eebfe49f8
8a1491e16cdabea
6184e66633d7d49
c1d071886fb1b59
a39104b69fdd320
e0512772649998c
a910dc0e30694b9
38d68f69b8c0402
521a28fddd2f98b
26b543b511e2524
0990fef3a3caad3
cbe8f25c46ef3f5
60879b90df48a43
a1bff6978b19c33
5d6f82a1217bea4
0d5f43277722426
e6aac55afbf41e0
e1e58bf524f8066
ea64dc26df4867a
af30c779d31f106
cef8361d68f8c2c
2764e2541cf25d5
e86fd3633019380
007dbb36bd6377a
6d740b4b10b1b80
abd373ee6a24cc1
e3337d4a6f62e79
6e7b5b3a68617de
594a1f8092b51ad
0bc8e8a306fb67d
69efa29c9ade876
a94d4fd818f3851
6e7672316863039
3bc83d3c6b1f031
b907e9766a487c2
e4ea023780a92da
415636038aa4fa3
ad10aa7e38865ca
25d2222f1917fdd
c28609db7b787dc
1afa4e90f3673f0
86eb9c0a9b9cfe6
d7f198a153a9f6a
74b93ab4c3b009c
91c7c747c281118
e06d7878d556d20
9558ab72ffb1c38
7d2cf19788dfe9e
4d5ec4faacbdf1b
12c248139464009
4c47f4eb17a5744
903848e2baef74e
4d869540326c109
8fabdb44ed60172
5061c8bbd0572e6
6fac2b75546c492
399fc03ddfe640e
bd721deaac52bf5
358a9228485ece1
d4fd86aeb3d4f68
98f6c98e20e5dc3
680ccbbd793f1e1
683228195509c46
4974762d747384d
5924fc2cd72396f
775c00209299c55
090bf9d8f299ebf
6b5334ab47ba144
84cbdacaeafe362
c0407c68c899778
37cc40f7a294d60
a8a6dee852c70f9
1a8d8d2bb9d9dd3
177d5824a476e1d
da36a944f7a7775
d6b0ea222439c02
3dba68d4b9944fd
88ac5a88a2b4028
284b4dce2f304a2
3f8c1e70ee29b21
377dad8b3c41835
45d1a32d5432039
e76f17439d00e38
be958b93ee420ca
59bf4b2ec8168a2
712e7b5daf3a1fb
11f593e814c35b4
7091e9f7066d869
c80d86225bd8b4e
b3c334fab376f94
f0528cf414b32f6
79ac3fc91866f56
09875864cd215ab
d1bec153253df9b
8f77d5806da9fa3
c972f967e02e4af
3a28ff15a961388
8b844be322adab7
62da15a264333b3
ca2451dcddd34c0
60dfc02a2e0f3c9
03af19513ebe108
06bfe0d22c8041d
81884e8a725f6c2
3493bfcf8637494
73895224a554dde
3c9dc7c1d448343
189800405a46a49
cc3669348752501
a384af5e9384bf8
a1fc156124d0c00
0b83e4762f43fc2
68cd328b3834029
75d2dbfff54ab31
0c0453356dc5049
f14f8f7385f29f2
ed5ec8c0b6cb2ac
3388d838711f6ab
f55c64b0b1a5a77
08e55b318552ff5
7385115b397fbea
e4ff1d949d2c976
27b0f22988af25d
14087870594e6cd
ba6319826f50427
9e24087eac446d6
d1d2cd6ee1e2ed7
6e0158887bf210f
dfe8af20248c7fa
0bda020a788126f
f36bce8ed32c925
51b815e92b4dc59
d2441033c50a8f9
bdbce50eb611fe5
05513389a6d465d
15d52043b595d50
9cad279237fc965
36c4aad229adf61
5ed5a21c70f6104
ccb8c0b21039a7c
23e10a4abbfad01
59399c1951985b4
3506cfbe8cd5756
7601646ba84e42e
e78708a7fbf51c1
2445b58736d7186
41c4cb08e993552
b400308961ff129
073a691946fe6f8
e6c1deecb051d15
e405f8a28c3d111
5dea62f7e1ce278
bdd87a551b30281
51c74929ba0d44f
c0b8a1e5a265094
e8ba493676a6287
cd3d5f61ab2dcf5
7665b17f2676cf3
83ed3a0c43b4d16
8a92b9f521d55a9
9f59afc131c195b
90024ea549642fc
92276809f8fccb0
35c1a4062a5d23e
1bd6d18e801afe9
11ae491b1a59543
7a2fae7b5ba4eb1
b0d6d9e9a2053b9
250ef1247a13329
ef423c9b60f9423
1c59492dc695eec
0984c3c599cdb25
9fe6fe82b71ea09
680539cea8add25
e07b9f6e58ddfa5
52d92e0a6779350
5e7fa317571296e
bfdda480fc69af4
4713aa5e3416bf1
ce419c95fbc317b
2c0b05e00a87d43
f0a3ada4cd521b6
4e38465ccb46a64
dc806120949429c
756ed210fe52488
678438d30786f28
36be49702fae20d
cb265d8fd6f14d4
cdf7c4ee07b96fe
49c92cde9c466a9
1f87f6f997ef785
d098b7fb8135266
07f56967fe4743e
184ba4ef5cc0b7b
1052c88dd93bb73
5d9f2dc3559dad1
8b2a46d8029060e
445ab1304b8fa13
0d7c143c11f85b4
48bf9f676c95b3f
b60df3bf17f9f6d
a100ebd49abe1be
668320cf6cab61d
646f40dfe348920
6c74fd3b1a75763
8433f4f5c959e72
242f140726f72ba
1400e2488332d00
4b0e7af57821b99
e0231da907461ae
f3dd3ecef8338de
7f2f44f886a172d
bd2f16a4367c1a6
68f8802b107ecc5
56f7239af77efcd
737b776ad6e65f2
eb815f231f68f4e
209da5710082c04
dee39ff9e158025
a481c604ae933b0
5d713b98ee27149
00c8f539978bc47
a959622dda98efd
066b0e67c5c698d
6ca50864b49504a
da1bbeb1af56899
f87f757e33886e6
b77428b55f0b565
b7bc7dda8f36a81
1ea3ee0ea8303f5
eb84d8ee5c2b835
cc5b9abc92cf7c0
52422e961bba044
b562595a31b677f
50f04c724889d67
8496190d2ac4102
29a8952442217ca
55a6237eefc71f7
f847a4c4b6fcf6d
c0899f203ce0f4a
82df7cb870162ae
52539d9c979bc94
96c8162126a4f92
a6bcdbb8e708792
0c9b26f9dd52a28
6ca08b963b42ea9
35d275ac2dad67c
672672a31fbf9be
829a901e6db50c9
666669ee9667291
d0bb58a2c9c42d1
bec75238eba4c25
f12bbf9dc506568
85c0ad290ab6ce5
6fe57bf0f4206af
8d3be6e4c6acba1
3af44db78740fb1
7825deec434241d
334dc5e729103ed
306b19f381ae97c
b78c2b577375b7d
85a06c30be5770c
8ce8105770866be
593a4c35dc714ae
ca3fc588519edf8
90513ff317996d8
cf1a570d240aff8
e35947c89a8bea4
887f854805b0364
6631b31d10b346b
ad7dfd73d5a8821
1fcee06101d9702
8f93ea006c7e5ca
714e63ec9faf280
cbd856bb25157de
affbe32d898a338
81277a7cfed2378
f5a244aa216013e
4c214fac378b52f
0b34517a9c11fbd
dcff4ec688f1b23
674a25e0dea4523
922b63c9c54ccaf
9edcb947590833d
7f7644a21eedd6d
2b595f5d18b8bcd
3073e034a611afa
731b715b781ac4c
9c703e907073781
6713ceda952bc69
79986606af46b0a
615fc3697f178ec
8df09e338657520
436feb15dc84dce
67813d4ee9f9e60
c94dc4c47218d85
f58effd01a9454b
8feb9d463eb535d
0bd64de5a458ab2
40d619b221e3bce
b394d517e82a57f
74d7978ecff7ef8
3a439034dea025a
308f93240484e24
57ef4fabdf3a712
6185fa7ecb475c9
e467b354b333577
7ac7a3aeb36b950
72a66807e0f7c73
c1f17848b509be9
b6cbbf72adccb22
248b4568e97ce7b
2320be21049d373
2a42da2e649ec01
b85003373f8348c
b6236fff3b55cbf
8877b9e9f3e9a3e
d399c84f580acea
c7f9f91a53d7c4d
ccd25e792df5054
72638f36dff3fac
bb04aa00f5aed27
81d75ca845a4782
4b16bf3f7707f8b
651c1760c98d2a1
64effa3f9912e6a
a15ddaee6b57949
9f0a5d6d60c8cc6
e62ed17483caf14
202bd6ee8fbe5b0
eb9bb8a04667191
28b7780c9aebbc8
da6c478ac86bdf0
b43a01cc5fb546b
a6b345741f05850
014c2a4067013fa
6faaa0b66ecdeaf
946b0412fe5612e
a6ceeac7ac7dbf3
2d366661dad2277
c8fbbd9509a4038
ed9771bcdf2f292
a2d7248abf63506
6e9479f0879dc4c
40d7809ac6ccdce
7486a0dacf41ff2
75e1d0f8124a9fa
aff813e4d912c07
890840887f5c062
304ebfdd29c9633
100df609eb549fe
8fd345cc9fbdb02
9df383d5e08edb0
8cf3dfb432796c4
12a0feea2573b95
15088436e745e75
252ef1913867efd
aca508d78814306
3187d58bbd2ba53
8f44ab676b60fbc
d5e1a99eabef9dd
6440d7eb3a11871
f215c924e5cd955
a6787d2f8ac57f2
0e49d8d9d61efe4
bb58da5e077631a
3201146c87492a8
438482bb534ff07
d99f730b93a9fd5
5d1c087555b85fc
b28be6d9d772fc6
edaee3c0c51de35
c58502f4599a67f
33e8ae5e697cc61
4f73adb1014b439
cc68eaacb645f9a
46c1fa6d9bf7203
e0bf03c87423772
7638d749f73f870
7c215b72f5c0200
6fbe56a673b5f95
425dd8c412f8464
436b80eabe6014a
975e2ffa62d2c26
5da12520d672324
d07af4ffadcecbc
7265f339eca8742
2857b044b19cae1
90cd1d6be0d469f
7cf6aa62d4e91ba
0f08080b29b787c
440927fb9a93dd6
dbe318ce4a6143a
a21e2395a456157
67d59c4dd3074cc
d8a47ea6bcfcd9d
962e7aa40a3f8d8
8370a261c80aa1d
ab20e1d9505fa19
6a94791f976e754
52ee2fb8332b1d0
0e08fecf5240004
ac8b6b204c19967
8d7ed12a5b037cd
e2f17924551c485
9b818bea635d15c
64b2a01db9e66c6
c891c727738f87b
23fc3b053e733fb
a6c9c1e0de3b5dc
509706cac878d7c
b5b768a7b1b5dd6
23a142b33712a53
ef2b27aafd357f0
f3714da9786ca9d
46a81ef5d51b820
09250f59129de0d
7ef1516d4acad99
69b8faec22efbcd
9549bba47029597
a9a2ce1d382f215
09a385805c4423a
8733645ae9587fc
865cf62ebffe260
695c4cd9ce7db72
8d057a52261c3b5
5e2e10c0ec5a7e4
ab43d67fb80398e
2f0731ef2deb1e1
1e9fa830eaa84c2
36bc72c1f0c0a9d
8ea4dc797316153
db048b02ab626cc
07bca55b1bb52b8
56576689253d829
84f66ef036061a5
e7c6ba63907437f
bc55237bc8449f8
27bb8b6cd57d850
6f93fa59e5684d7
0cb96f2d8db5ed5
2de12bcdf817394
a9309779c9b8cb7
87ae86bfb70cda9
2568a394e86f713
9ee39f075a2177f
49b60644745939b
ec69e42c99f7ed4
45f932a62776ce9
7424a071367518e
927e40cc92c4368
d3e66eb09464ef6
1fbe2e75ca68f8b
b332305b3a1402a
51a3ee05b7ea844
5b1564bfdd68e54
71cf0545edc0034
662bfad755d59e8
c9b46cc98aa5cba
068fa8872faf767
d111013d266675d
5d81bc29940f0c7
0cbf52afc26fbfb
b80a92a31b868c3
129a175501edcae
76bf95ce0aeab6c
e228c65e97350f7
df2909b629c0481
7a5f7ba3ba253f9
21e22390ec6d05e
7da0c7f87244502
404f3bc35f00d11
09b533a43d833fb
a147e1b3910f18f
be0b02d665daddb
d24d071ba03936d
15d42c841395fc8
43f2efd805bd6ea
bb27477ffe5b898
14a608b122a3c92
2c229d42947c92e
6f938692d62ced3
d62cd6f7f0ea9d8
4ec7ae66a642e3c
f0299af886d7487
d4a2884becfc615
36de216ea54c9cc
bcc5a7b009a32df
92cd86f7c1a903d
9da7145e03c067f
161b30e55ba74fb
56bab013e281d1f
5a623dcf8ec5f30
abe87eddfb0b891
3e8089ee3a42415
41d7b625696d697
2bf3da40d19ce6a
c2f8056a9d19acb
7ef3aec37b1d990
d95e1141499bbc2
909818e329e047a
3d4c05510232e73
5fa6fbe4fe26205
71b8b83776a9616
ebcc3579431b15c
b305aa6d7aafe16
cb20fc8da717cc2
be58dc973a67f1e
da1fa22bd9a848b
be4e617f49cfc62
832e70fdc9d0205
0a2dad7cb6d294b
f2646f2b74f9d8c
818a861e5cd5183
a53d01e9e4dc91b
053fafcf4bb0891
d1fb0f93fa9caf8
27109283ab06f81
7ea33e1cf55e710
1a54330068a0404
2064f21978ef257
226063590b3f501
b7456143df88a52
1120a50cc750df7
69413fcc3240af3
ef1331bc5f6238a
5db8fb8790445c3
2626fb5dc0b782a
f1ce6c357bb8802
3b468959d26e909
9a30a5acb5ff802
6d81685dcc41f20
64dd75d7ffbb984
db7b44a8fd78285
8b004459617c5d6
e316e749921ea61
5d4b8ed31eb658e
6aee135f24cd0db
35d98df9433ccec
8eb13fcd4999db1
8e69c075e3a2b95
5083e777ce1780a
d8ec066e856941a
9e6b9292967ebdf
2ff4f9b4b6738ed
d1c51bbfeb88ab2
e7f422e64481bae
df997e7b509ad5a
552989b3448f5c1
b7e02cffabfdb33
1eed66b0e155994
7b6159d28d39e9f
baf49fd121a8781
8158d789032dabf
f7292404b2f39c6
b0675b691dcd3ac
5205b3b422ad41a
7c5cb41adfb2115
6c4d578d4ffe796
da344559a3ae767
2e06dc577c17314
bcf6cfa46307f0b
266c691d4c22f5e
158db7b0a8f5e81
635c7c6b637ffde
681a8856a3557d8
7601db6164542fa
d4cfcd9a56e5550
e44c000273b7c95
7a8c486a3d73100
f63a13ad84a6843
5fd8bda6a8ade0f
813ca105b40f1ef
ed78a85ecd4f0cc
39e1a4d3b5dc8ff
1968a6bab307788
9e9bb0c83f6a808
3ea561f5c1c35e7
5b26cf1d66c4879
b3548ad34258f0f
be3efe17a48a5ce
f3a13fda436b39c
6589fa50194425a
5fd69bcb2c3d1b4
9f8b6c825736aeb
1a718fd96786357
4d08a376956ae91
3abba85f2e6b4b8
69e525882183d64
62aa66157cdcd49
72c73031234c23c
7dd1f78d44fe76c
adf72a7b3796714
1a6ddfd38963139
3af7ab8030f6da1
ac24cf910052c50
79dc79c5298d4dd
850c1f5aef16a0a
06d1a99eb119192
e3e01541a7cb9e0
aa18007c1045f3b
84c12626fce0df4
7efb209401770e5
83a4ec7df9c8a0b
0d018dad9252d88
8c273a1a92f603e
153e22dce937883
585607c2faa16f4
d8eb62b8201c5f5
b400fba79b0bf59
b38281cda76dd0e
4093bcffc1e179c
3a0b9208b231ae3
251485a9f34f37b
2b23c5b3d57a072
8130e5c8fa4278c
b8c944cd5098227
dd1b5f381f1869c
8653fb4584fb70a
a27db21bcde143b
ae5416788e0860e
275ed479f404884
ae912abddb1124b
03c3ac4459e3d87
1421d17ffa5205f
ebd4bedc54e110e
4c8c452983d3ae2
1996248a2219b05
5586dde23337ef8
04ad0427854a62b
61ec41375f92fe1
c5e722b7a5e42e5
21badc3dd1f96e7
675c9014ded6554
383aaa116ed9b05
eda97cf491c7745
33daf9be35f6e92
29018a3dcbce1e9
36996a17109eb1f
536e5345bf5379b
53b16ddd08403b3
f56f42da6bcd6eb
2ec2c45345cead1
63bc7788d8c68fa
ed439a72bb0171c
878b32551078787
d129277eb73f648
057bf25e465a877
05222cc6d3aea51
f2d245cb2871d5c
e15ee2827030fde
4f6c0c0bbe53171
0b141ad438c5fd4
f30a2180e5f865b
7e12f971e1c31e0
703d88f2b535f6f
008c9b46a7db99a
d7611d4da833c21
d8e67d12e7eafa6
b5b603eb196b6f1
f42534605eda8cf
eb5ad4d4f7db887
f244ba67345257e
3d68a3055473a86
293a43fc9a5c918
4690703812cbf82
ed2b31679eedc87
20247dfd949c345
8c918283b045f6d
d9cfb1e4666c3a2
08caf55e52e15c9
483f4c1242b8ba8
afeaad66bd8fbe7
6f3abcbb416fd5b
57d130ff1acc9f2
e454fc6b8a1f9ee
603a26f4420fc4c
bcf2cd1341d9a12
88565f04a965dd9
1d3aa78c496d959
20f040c33a49c65
77588bb11951ee6
922670bb5b802e9
a53ac39812c3914
c7ab1788e8102d4
03c3095168eef95
93c25b5d45e6cb0
7b7798569dbcf65
df6bbc5a395674c
12dfc9d17be8792
b27d29c833342c3
284b027f56c3eb2
f08b6f7c71cfe7a
4881efba66430c6
94214034055adb8
0b72ffc11ba5096
439915e0fe80209
2722bc4699003ae
082eea0b41dfea2
37ff57a813ff389
8162a757e68f263
2b1efd3991f6ec6
33c39e1720edfef
729907e39d9558c
f154e251985a144
d27c09f71216b3d
d09720a72a57524
9a8e65dbd151c54
27c1ba39a6825f6
5f014bec005777c
afadab99e3e50ed
47455f127c09488
96809683615dae6
135de667d270a3b
1608d9352da0241
4d009241f1de470
396d08b20814962
9b5f7f4993ac2ba
dd3b411267e9b69
b3c12a6d6cb2424
144c45b915bf5d3
6019dc572fe0518
d11d934c8dcf3b6
cb848b472280693
1d9d0aed27eeec4
25dd1acc4d04eb2
77c036977b4824a
25c2098c5358b85
97f8709f76b3358
d949fcff6de2530
8fcb261c9f70927
18fe355d4af45cc
a8e7ec9a139f5f7
994eb88252d1156
55b1aa093ab4e1d
c62b1628badf3ff
399792991424ac6
e1f3d76385bc5da
2e0f1d0b71f10ad
5f4c7e8ea8468bb
72f286f186b78eb
c22264d59f7718d
4b4313ddf0086c6
351597f6ab863bc
9d479d03b3dd70f
3e0793dae3f0eb9
dd1acfc2bafe34f
b148b2429ce14c0
5b10f8487881c36
aa3b0e5b2bb19d5
b4073de5e3459eb
0d8ccf4d7df2930
e8d9f25da9853dc
57cf7f3e7096a3e
7e60e5c3b972a5b
0adea1e31ae2183
d96338cd44b8a71
4010dc3735340f3
b2760f480b4d3ed
d35c1056857da7a
3c250c3124bd8e0
16679552955e127
4fd46fe4fabab5f
8edcfe99c14467d
e1454bd97a72d73
366e16e944d997d
d6792a811c944ce
3fa6a85f3d21471
efeff1395d70a8b
d20e1972113e78a
8b5f8219133801e
a78f559fc44d309
7d7152796863089
92752a9a29f8265
62c090d0ac0b00f
6ed35be1ec7f62d
df98c4e44815e45
06177aa60f177da
41540d40ab485ea
be19d112e9c3c00
68e99e40b960f76
bfe30be46eae427
41e0da28fbdece0
b58ae461ecda9be
d2e318b34d50cbb
954ff5e71945858
5ce342dc6419aef
99e34a768ac8f45
9a3471b1fc7ba21
5bc89fdf072b9a8
dff1ec0bd7cc848
81238ac8e9e090d
ba5aeeddfc4f13e
aa846225ea6d654
cbf5bd1460bca88
12891cdf652ee36
598ba86fcc63569
b4e4da1a4426940
19c3b33e9d57a5b
040fa5ad8a55a94
9f661552d1d04e1
69e882747a0dc6f
bf8747fd5f964a4
dd5b2c417125029
664afcd52532fdb
7ff4c09802f23c8
29532e216346e6d
ecdca28f76771bf
81cc6e2eab5ac5c
a7dfa85409734ba
aae7e99d41b0703
4aa22c8e49eb6b2
265aa6dd34225df
99fa4ea1dc28ad7
f660880ebbf1577
5d5846bd53174ef
5001d6751ce0a61
d6f054cb3a3b51e
dd4ed2c2007e2d1
e571fa35e1d0973
1176dcb4c895448
5e3895cb499f066
d215bf927fb5462
df4c303f4134c59
33812b40a246a21
c7a29ff7b236d88
3769bd77fc14c72
4d5cca8848f3831
7b191bb47d833a2
f179ba52ede08e9
1ef36e8f173815a
dc5b7794e904c0d
a186469b1bb01ec
27744f38e6455b9
c142a52ba71da7b
f39d3aeb50cebd7
7419df561ef4244
1fa96336bae13d3
20a3fd6dd3cd329
f4fad3f332521cd
90c56128eea4331
b5147d8623b50bc
7c8a216632573f7
6fd3da6dcf145de
34b1fc02848b0ee
d46d0f8f3abf1f8
8b3af07bb35e097
84632f0cf7c07f5
f7d4cab45367c07
da339e029941cfe
bcbacce5054b56e
3501cdadb2366b5
644b774c060cf0a
ef0189c781c9446
6c8486255a5e91b
38c62bfadeb5699
4ddffe08b08cdb9
b4e03e6f3afbc53
9f5487bd97a6211
1401f3b84ad5f8f
15ef59af973d8a0
018c90f0bb1581f
77c668e21ac02dd
7b2412825931f8e
a10767546dbbd73
0dcda0e63010319
5d268506b6c7e4f
f77b2e49e8e8128
1b4d13d3fb2cc97
76886fd96de3898
ea1287a4ddb0abc
077c258af7b0296
ee3d64e0f0d21e4
5d76c79187045c8
e265f4f034e75bb
2d74204fb03249b
270f1fed50c4883
c044316664b98fa
9aca818e56e7c5c
ae86f8d6bc0379c
b6fb50a0950e248
1da9c3c6e91b736
df0be4a3731f787
ab1c0f52d7c1909
0c488ba5e47271d
d4d478f41974533
46082dfba25aad0
d6c19e93c771651
f475ea1d027d530
cb6fe3893afa481
d23ed898146069e
012a013e4f77d80
00afbd9c3448292
7b8a8682256673a
58c9f220979aa2d
9d2583ba8105596
ac49f4a903eef2f
15c1bbcbb7ce3e3
6a8d7b60354b646
b34898aa8f0b5ab
2a3082017e4912d
d731769e91a4b89
30eadb54238e6f0
6d20a236fa58744
7f12ed4a0170d1b
48e3dfdd355ad1d
aa7627e6fcc3de7
f64a3f75733d572
e531f6e07442176
884735b645c6305
502d3ef26ad0885
39b3709d977d064
9273bba79bc19ec
2d55643ceed23e8
5405a0f8807fd97
624d8c03b4ef777
bde490abfd5afc5
6b10d4af041d173
cdc49ece8aef3b4
a52ab5b7759bbae
64b41079b1fe506
9eee8997975bd2b
bb6a5cf392dcc29
55f641021ef70e2
8e5d7c59bd59ee8
8ba9d6dbc51cd6d
4582a73dd3e2559
96b5592e2cd3857
a7817d673301eb4
6bc761e4291a8d9
4ae5b6c445f934a
bcdb10138dee501
4cf78bb866827ec
5088510f5b55e6c
59b3fbc30160dc3
e9e30d2a6dbd00c
51d9a171fe28cc0
c1edd8e81ab9bad
8011e48ff682226
3ac0a66bdbcbe3a
66d8d726b527616
03e1550e2136d0f
425ec0d304549ee
9671f0431a8b81a
abb3091c421582b
400bd315e48b4b4
d77decad278c61f
cc9bda817c3fc86
231057a5d70301b
88a9f9478e92ba5
d7222dc9b32fd29
4cf6d4e0367ba8a
888cac9882e3ab3
1b9da7206e0d716
d22a3ef88859a00
4a7a00150befadf
2c1d03cd7753d33
0f180c2ef090a84
d1a1a9ddaaa01e5
c130d65a100cd6e
1d81c1b2be467e2
a5faafd7543be50
8a218ea8e15f9c0
0bba54b11e713df
00b117677d68004
329927ec4281972
71a866db3750adc
c7ad2c2cddebe2b
84af2b10b52784f
ace9696fa9ddb02
f366dbe8252626e
9d188c2a1ed7f03
d978d881b5400c1
b870db4474f5ad7
a88372c86914ed6
3bb409c90cf7df9
d0b9d4076ed0b69
36446f8ee47cddd
8473b2b772f310d
48261e36d5d32d7
dacbaac63ba7b84
effc25995a6b9cf
50580b3e2589b0e
d3e4da703563c94
8e32e6724b6f0e0
115cc49cb4f2bf8
c60af7b907e36be
008558c150d181c
226d1f4b53e098f
bfdc5cb032c03cc
38efa38f8e8c2b2
c2e7960264368b7
2dbb06b6b1abcde
3782ea1bd4c2564
32b37ff08822092
52c67730a12fd48
6930c448c739878
e06bf11950ef95c
edb95dd2001811a
94a063616027044
6a201fda4a8cc05
8141c1f7109c505
d80e36eb65febf3
be137b12e598cd0
7161c27155a6bbe
90da99d9574f16d
36fe928459899b1
b437e0842ebea5a
787f1756a527986
a413f1c32d5a5c7
6bfbd3bda0da5bc
4169b3f0ecc37aa
f0cad98ba6d7e16
6828d3b21ca81f2
1a31f33e58ce009
c75e9847d7ac32c
710e9a9487ba6fb
600c39294451862
0f9c5566492ca5c
a1f3ade92cdfcc5
d52419a5bc68758
b86a0a3b9b8d683
ef454848d5df3bc
9a9ad47717192b0
1531462e3a7ead4
6b5beda1937473c
81c53d77d3d2f46
d5b946f421e5b2a
d0b617221228c3d
dfe636175939097
12fe303a57d8dfc
37d4390014d1580
5f265679160c171
bb07ff27990c5ea
83f4bb460d902ac
a356f4a3e7e6824
9eb4b4f6b912aa6
8797cebb68f44b4
d0d283f7b32fde7
6b518b013df75b9
2b609c31b1efdab
d51426c580a9b10
090f0e6818f2c75
b62f84e13d820fe
56f2aa0d683bca2
443ac01d1b78d1d
e319d3926b69eda
6a11c97b23d69cb
5a103eb1b2ee657
a37c5df32f753a5
4cf406a203e4090
4b026b5559cf3b6
5e6bf7d3d2ad6cc
036e45f05889d37
d1d33869579453b
e7e77ef87a74fd4
3f5f4941770316a
284c93d049ed580
5780dc7c3c0d86d
ea84ce4db592239
912fcbd845de62b
ab4cb2dc4d5d3d0
5c6749adc7c6081
c6def30da4c8f5c
a520b07ee1d4e7b
dc6db35c6584cd6
995d176ba402e8d
720d938c21dd3aa
0896ff5975b2ea7
4cb6ea32cd55c86
1a949e2ae1405b6
53970555f427b6c
73295287e1187e6
456b6bba253da7b
c35fb9d8b6f568a
5cb256711ecee5c
1e5d9de03527afb
69953f398f6149b
5208d627851771f
45a6529e7d6f5f4
a81231ac1f7a67c
008b0cbdcbd82fd
dd829db4dec861b
c17701d3b9134ec
a4936fee6c3d88e
937df81a7383385
ebf7660d31aa0ca
28a20477d7ae798
7651c7bbb9ee9f2
be72a459b8d2212
5af20827fa70cc8
d75f3fa9712bd6c
947f851dd4ecbbe
6f9a8e79a99f60b
e13bc97084be5e6
d186a6f6fdb6ded
d62d63764061b1c
5df1444c095f9fa
ee8edd7efd7e8a2
0a95ac49e416cde
07b9ffb8c82c4ee
2c6be7a59115a53
b5a8a34832dec77
b2e6b330a290bc1
dd8875397437686
eca51b93aa969eb
e87a9adfce01124
2ea8609ed0a2e08
2801816e1f347fe
877098aad0fbe6f
cccfd783466af33
5c84df08fd97a75
1cef163bb0a62b4
4b34bf8baa3157a
aa4d699ccc68f31
df0f4320b207a0f
9ffb8356202f105
a6c10f0bd8c1178
ad2ba0af12295e2
a52b4432903da82
3b8af2cfa96f7f9
bcdc04ed474b48f
e9f1c2091c0903a
c2054b22ac96c7b
4d390e59c429b59
b0871ef33d18a94
156274d82780440
51b9b7d3cef4472
935dcc0e5bf0b14
e53b74fc5fa1e52
bc8889a715325dc
e77708d8eb8cc7a
24658d125043875
e8154ddb8dc38df
606c0b2c8fd7c27
837dc64d3ad7f9e
8c2bbcdd69a1ac4
ce6f63bd6249fe8
187cb7c99e8a5c3
e5db10abfc20d30
f81f4b8fa9648ad
4d3b9e452095946
7d19a5f83f4cb0d
e83e6af69e47bdd
63b0d3ac6c4dd6f
5f2d8397640ea4a
2c4abcfb9a0b7ba
d598f21bc4e6a4e
c0e5aca16a29329
726343cab1e7bc0
c1ddd1e938103fe
2df0ced58f85c2f
baba17f85b42a51
f4dd504c106e9fd
a9bd9066beea8fd
4089df95e3f9679
9cea15dc272e354
e90fcca48a4113d
484c56388e1e88a
d6e60ba56417151
349413dc901cb1f
803fcd04c866685
0080dcdbe1836d5
8be842cc139236d
8a244e77e8f030d
1d9d5b0fcd62e2f
1be7f814446b5ae
a33c8f78fee476d
164b0ab99430101
052b6e750f08a28
00edab405bd3538
c3f7fc5eb476074
614e16fa669bdba
2f66569fd3b58df
bec25f7465a049d
deffee89637e46e
3ebf04d0c37aa3c
73e4ea3da78bcde
83d4ecaadbd3397
88ff074a459f844
9e90faf7ea71f0f
f632f99f8c9e21e
5d6ba7ca565cac8
2293669bc3ce464
9ffc537b83925bd
a75eec68daa4cb8
0ae18346b608108
b479cce4115c4c8
52ac1c0cf8c565c
8f94c1b017387c9
8172e530352216c
d33360a5fe6240e
f86b0cc0f9d0d70
7824d08f5be94b7
ee3c4d9d1eb729a
ef414e55d97228e
704001de3c043e5
36fbdda4e538d3e
aff024083105aba
41c20459b8f57aa
5eaa919a3f851f9
ceb0d6e65d3101a
c35afc86a7316b1
ef7728954c171f7
a57d6e2d6c2c879
3a3a33557702c9c
373cf193f441d00
a5841dbbced2539
8edb51668d62d8e
802a0162b74a87b
1c27748072f00ce
a100bd12cbcf364
c2b37e327e3f456
dee55ceccce22c5
cd3ceab7fce6100
3fc82613b2be4b4
5180ca9e14dd144
bc0704d8a5fef3c
6b051fdecc3db0e
7d7c2599980c9ed
b41315d57dab038
425a1be95827431
9f3e9676a34112e
953c9b160cbcb0f
4b324927ee62706
5efb6c82a208baa
b25dbd12a799bf0
2c2a50f624a652f
e6c66882647f3a6
f7d838fb3885894
b5e0f16ef595990
77e7635d289a3c7
db1ce518a6c3774
7311015538fdd25
4b5f8c4d6031d8a
8826a9bbeb17b69
aa379879aca7f0c
b745c66687043c3
3fbc8adf94f3dd4
0bb475119c6eb7a
2880bfe64e7eac3
48a253bd4d858e1
133aeef04633913
8d580a026376c20
d7556a15c491d7e
0af8861345acec7
02b7c2feaf47a30
6b4f5569134c6ea
2357067a660ff48
ecb3cfe603c1f26
dbf82e9febae022
a0eaebdee873f19
a8d31cd0bd60637
619a3e600b98b3e
500600929129bd7
f506be594e38f86
b6bac574cc28848
843aa24ea9bcab7
1b5673512542e58
e0e59792475a364
79cb267e017a5bf
5ccfb06b4d78100
42fe0c0ab947396
5f7352e42d2dcb2
85bd93957d4baca
86c3f119af09f98
bcdce8134f6aeeb
d00c151311df4d6
46a4af5b0371846
1f97dc6493e929e
15c76668e81b656
451e07cf6239794
45e776e260223f3
87ab7f2a7d458a4
d65834e943d9b10
a8c682521921d4c
bbd61b4ed0fbf56
8a32a4bd4c8a11e
3799258727efb10
a78de2838d3e050
06d13da4a824810
708a705f62d401d
dabcb9e8f8b9106
49537786eff368a
0a212601d4172ae
695c22301c4d84d
75f27333c2bb969
a468b016bcd24c7
35d2cb5e5f4046e
644c6e2a5669134
71a38fa4e240b12
c7f81e92b3b0cfa
2cab20205a4b280
431238d2c512830
e4692231d7c1139
39630de35822b7d
b96a2a078aebb4d
0039a1be0c2560e
0493ff44fc96d70
3239fe4ff78459d
9ed1485ee577308
e21d70e72dbf98a
568e2a89bc8bd12
418913d17f1fe05
45f21124dc9528e
2647f32a8514ea2
329e2a2e0d94000
55c8122b9a062aa
f087422cc96d628
94c71d68078abcc
a23e726b3d6ff4e
8423eeb7d6fa403
b47f79f15cd62bf
626e4d808207a39
edc82fdb6e33c47
c4579d42a39bb83
50e4f2e909fc157
bec39ef42449a46
466bb10801e6c66
dff5d6bdd656874
31217358feefeb9
49863548c423355
101517c9a31c40a
726840756f99e02
eac7d851a585439
6b98920c8d37052
c2410a7b011dd7f
dbd564ba4887946
5ecab5d08996ddc
efea58568fd6034
60830fcfb8cb9a4
558287e234ed04b
8f5c37a3caf83c2
2252c579d2e3cc6
6827c5fb4b21b0c
55a1615d04c7cac
d523bd90d7757f4
93a25d100df1425
bb5861974f42be0
ef4067d2cac781b
f583ac65bbbcc0d
34b279e1ad39a90
2b9f19106d00c4c
9f40aee47b91e74
193e3d877834aaf
5651503f9db66ac
bb2d7d696cd7854
21da41d733b8ea7
8d555b1b10aef8c
b5d61fbd8f0bc7d
7c1d0fb56a26b25
e8e1e1464771bae
708e6b1005a8bac
3b45c7844761f39
80b95e98b3f388b
4ee3691f1f724a0
511594619bcfe6b
bf01b5fbf224b7c
b2c0689fb47d139
c82bed0e578ab5d
3866bd8a42f60cf
b0ec73daeaa44d0
095bf10c371d5c7
2dc8e0a477c7be8
316e7049dcc5cc4
de209b853f6aa74
5d26bac847ce9db
f0008f8aaf27435
22f196b2da416f8
f72377900ba4d41
ccae0665e364132
30f70911e9a321c
f4623e46cf88876
c2be78eec890d7c
cbd640a67664460
c1a325be30c0835
ddc3cb2b08f88b2
11b0bd0ce1234cd
4eeb81a0d451430
3720e900a9379a2
acbb09e995b97c9
a430466ace10934
07e00a2e3a736e4
d0581a406d29858
3bf6d50fe445632
d258fb8d12752d7
8b64cc9ba5b03ae
528c29b2ca1a80f
c435d07ef110eb8
95e4f6cb2067129
e59beecd527044a
93daa29d2493fb8
1d8ce0fc668f504
5525220ca238f7f
74aad9e7193b8ac
5f1d9305f345510
7eda340d7488d83
5fdb7fe05d2b5ca
cf2780ad3d3c258
84bfbe3a7daa077
3d656ea9e71ebf1
e2c2cfa75a3528a
be0da057131fe7d
1c6166f22671d4e
b4699552524f1dd
0bfe5d7a99ce35c
d0791936f295413
3eeac60efcb8d6c
26460d61cae356c
ca13034e9c39958
de0ab0c40def9a4
e114854c014461b
80088500e7dfb56
7be02b9e483bde8
852bc7dba36dc57
434c9e059ae8ad4
d982ec4f973ac62
a167975c8d1b070
b1d8136cc4fbfbd
e2a5e0e663d5eb2
d21c6e342de9290
213156c786526c1
50cd962649cf250
a40be6250157437
ba2738c6e8f451c
34d9c1e229a41f0
cfacea683a7338b
799a4d3897e63fa
f49a28a10b2c8c0
7ff2f76090925fd
92f409bbb78316e
b765c7085fc2eaa
ea6fe45942829fc
dad7e11d6efacfe
965f26d5e407bff
e13b50ca27f5df1
0c65dc3d5d6d825
e14a30054da1536
4ba93a7168ccfdb
57305fd34367fd2
cb4828c81db142a
5998872683dfb81
bc10f03f6e50cb0
888c638480a0236
030223b6669def2
a659552bb8171b7
9d00195472ea3b1
e02386dc4482ef7
a403af764831af0
c0e9aa4f61b6ed1
74a05f1b888cd1a
b6f4bcd5ce714b0
983bc0151c3ebe0
04d5de0d327ce6e
d46fc3e76f7564e
797bc2553894171
f4922d9e89fb6e3
92a4d85c6d587a7
2825bcd05bf9f7e
00804a3bd172929
94c1dafdccb2335
ce9df2fbb275b6f
d1dfed89db31ed6
18a798fc97f5c03
e78b15e2601fb02
2aa4136e4958785
e399ca4f9c0cfcc
1a51a39cbde11e8
92a4d44dd3a993f
4591b2dadfd2b70
16084c6d7654cc4
9db8eb27e6d9a29
61825420c9abca9
d436b45a4244fbc
ebba464db78ab26
4de349eee3884ae
257cb3bc7d5dd7a
554effb99cb375c
619b92c73b2b22a
68794c4a61c2077
f18b54c172c3d7f
a453f916b80b2e5
c60a8ddd1dd8b64
d461d33d8cc38fb
befb4fa13018e10
ea058760e3cfb1d
dfbf20d15e9a73f
191ab4a641cf9e2
2a6f49de34925b0
e0c030007ce7af9
6b3f0850b03a750
2e496bfae89d18b
429dfc38e6fe3a2
aff11a707ba90bb
baede6406d447cf
9f63bde61dbeacf
d88370df6f3076b
0b00b9d501acbc4
c844292c558f0e4
7112d88b1c1d6c6
e1a8bddce761531
3b06ffca287a3a1
ae8f3f97faa90a4
1625f472db41c37
30b6d1dbf60cf80
0938a3c70ac26b3
360a8b08a25732a
32a302b85353ffe
e9fcc0b8f30380b
ccc19bedbaaa2ae
d90364238c8485d
27fa4dbc5eb72e7
9a4c42266477a7b
3709ffd8fa66d3d
041dfdc8b215e95
da2f3253a40f2c7
daf91422af28bd5
46eec1415f0d82e
afefef687d95099
7916784ddc0c54a
007a4d274443339
d26eff49c72816b
e429fa2b8cbcba7
24133e159cf9053
bfb7f3331e106b4
11007ed9b3c5aa6
f0826246f38c28e
f61d8672aae5326
65fcb6021f26ead
b75854b6a4c41ae
3bce4446a4fea8d
5acbf23822b5d14
1385fcd692624d3
60e2b3030951605
8e3e96349c020de
6ff2fa6a3fe7e79
3cc6fc07d1406b3
35ebc3219ab532f
722d280453f97af
71bb4ad0e08c68f
e3921dff3c5802c
bca85b767454edb
a3c38c1ff0d97ba
94f8bd8ff77d2ae
6aa7e2051e9aca5
e1699dec4fb1965
7a5214ffe3ce3c4
8cff4e025c1f3e4
8ce0345ac3bba11
0738ff4fa58697a
e224c904a1561eb
9d9822736c97158
3eeb5daf0464920
55912fdeb0d96cf
7e27cfbcc64c555
e908f5a7ba1f3ea
d13de4b8030f01d
e9c094c7fdf7942
eb2f2d0ec67d571
6720ad30f47bf9b
5a1cdf48cfbc245
dc0598197fa677a
3ce7e8914c25ac4
d4b12a13b82d129
a6c4cdc2dff009e
e8a864cfb53647d
e2488a195378a42
efba37cf55e03f3
1e89f8baefcf1d8
344650314c4e3b2
296b7ae8220c4a4
734053487d1025e
de8f89386985d32
7aa4a88b0beb21b
82a07e64976bbec
5b3dcd5718a875e
df6c87d791fcdfc
b2911b8b7840381
7a282fb8db3bf1f
f54915582d67c81
7db26e43735cdf8
