000000000000001
58bfe7f66325994
660308f72b88d19
1cff9351fe355e6
3c0b66d222ccf27
0eb8438469994a1
580a41bdc0158fb
744f1e942ec3b72
5707b9ba186c5b7
61cf8bdf226d48e
a2c275ac0df9fd3
460f86d326052e0
7e10b8ea6292f45
6b6959e9a48e1d6
434bca25a679bae
5f91d95f921c802
7de6b0193413e37
a9a235b338ca797
150f3b506a28857
62b8ecf0bffa578
3b6b9c247c62378
47f85ae3fe7f48a
87bfe639a5f4934
aab7eb2cc51c79d
8accac279885550
84e18c7c84bd1cb
5fe4196bec2d603
38da62f13427339
7dcfe16b4e78496
61f190b0b0113bd
750958c91a67772
8eb78665eef4a1a
8f691139adb49d7
6b263d9a6fe7b9b
2150747bd4a81a6
680c536b8efe8ce
0c49c30cb780e8a
b14344b42bda70f
33258dedcab8d00
1a55eb60973b345
3128883b2fb68f9
1a0885716a97176
200fc5f9ecb228a
62622bdc5cbc462
57a5be8f53821e5
19cd3e7fe00a075
a7c0d3ba96634f6
78da55b3ebe383c
a5326c89aad3432
4d1f00412b83f74
2b21771bea7d902
75a4c2768aa0727
2c51d575292ae98
66bccd78b89d4b3
6893a73cd533ba8
05590f12070e62f
0797a37346510e2
78e9faeeb2017da
2dfd840c3f5a137
8b5c1b43dda098d
55281d941228a38
43f5a414704865a
787ccf591f20033
22e138df6eded95
a89336d7c8bc2f9
5bd8de0699c212a
1c4f6f46b23da74
714f7fa007f0113
a3db293b08e60dd
135e9f45ea91fa5
818cb870615527e
32272554f587cf4
4a7b9bd3aea8fd3
056eb44b1839945
125fceba06421c5
2c0ceec025e2384
8880f15b0e30049
936785c51e30ec4
7c26e81b33fefcd
389cff5a6160872
1c9551ae7df1c9c
761c1fedd44f0ce
59cb3a5071268c5
a16da85847c7d3b
320a49963fe4f03
084b5de6c6aa330
a2b18779f8625f3
85d85de38ef2943
44233ea990c9f4d
79315bacd286674
8235593b4f9238e
4b750e946f82072
7838b330007bbcc
562cfb919f41080
a1fecd13372f55c
521c5def9f2f1fa
12a12d90c818421
263fbb2c6c902b1
572ec171fb666d7
79b26fa7dc7b355
17abe53b17ff2ea
67db16805ac425a
555a40f301e7dcb
3a56f5448993562
73f384d9338d384
5b8d52983c4dab7
9d45441c5f64f91
278ab00558fcc93
3aad7a1cf3d7e44
3243924a00fdce5
909240840a5fff6
339224092fd287a
7847cb57dd81719
27f45886ddee34c
38aa94d0ff9f312
1c48f3e18357f44
754112f8d499bc0
69bc5e57b90382e
95785a2f45a7959
93ed4d599ddeb6c
9e33336cbcbc14d
0309760f0a2f76a
926bc90d46ffbaf
4d10e82ccb12152
0d4ae53fb44b402
67d76740274273c
79bc930ebf77c71
54a51def9a6de81
5d02dd40404a8bd
2b7523217dc32e1
86ecfdc72489f4c
320d6f41ccf2d08
4c2a37bd3623fad
864d586276f2bff
305bed49ac2f11a
b24e87ffdbcb61a
6b4ff88cd873143
552980ef91347ad
7a0834139427387
685b8ef346f7ccb
40ca6eaa5694f21
2c70c881a29199b
45a23e195053152
b06aa26bac74090
5c823ec144e2955
3b2a4423ce2f020
2e7b3e88b7c7ab2
ae1ba4e3d02199e
53f4ad925fca4e9
a9c97ac89087b80
8ad07e75be7097d
7c3c7beaa584671
06fb28f9f038e60
21d852df2ea2db7
6b3cc7273122ed6
3d4cf99a802ed0e
262e4274dd97636
2c4df0e9d3bf218
0bff6990c97bd02
abd52f1af4692eb
54b5b5e88b1820e
9aa26ba4fde9d7f
5adf2f9f9001b38
0adf5fd64f42a27
3ad2de1a9a87f0a
368b3ee7c4a9cb9
7b720019dfc1aab
1f4de3f28156abe
57c0bf0d0865c0f
6d3f593e6a55bbf
50cc01d0e66600e
08949ba8ba5f023
5acaa9ec20d14d4
94372a6a834ac40
74fd6e62befdbba
af271fe82cf3e32
7d6cd8111412e41
5fb432376e3923a
233a509c291653d
8ace707384227a7
7ae838c9dc52eb3
8e40bc689caf6ef
a4e82e019720127
9eddabe0f046db0
94d4d859ffe98b6
61f9eceba16fa38
224403a8720e679
0ab45d86c72bb65
0dd2d926b518cc1
8265ee92afb5360
11a398fdf5087a9
5b85bf749fb29af
3dfed11d21d09f0
a77f0fc5227c1f1
310328b9b617907
92f95a3ae6bb56c
6e0932ac541ceb6
754337096264214
8ef1474c355ef08
4e932d4490ae09b
328b86b605fb89f
4db72270aad3d04
98b8b483e22bdfa
6bf3662e3205285
2e57a1a825a13e5
33f39f7475e900a
5886be72305b71a
7a0c8d93d6abfdf
3df9b2d447e7a44
417398215b41e9e
806305c8fc1734a
428fe8f1bc2d895
83c879128c743eb
6f3c8184577c4cc
0622503440f1436
72e585d584eb09b
70ad067ad34286f
2654929e4262d1b
94f9a4de6596196
2e30fcc2c921ed3
2cc2ee7ce88e1aa
17d844760cdbc97
b1036fe2ce35d74
3befdf50a6e8b86
4f6982697ab6162
afc452aa0d56f08
6b7faa5f96a06ea
9f89c5cecbd9f2b
119cbb03a0ea55c
004509a7b21a6a8
a745ef1be8dbe2f
6249ccb02778fc6
5257f1a4d667bce
65c5bc4677d4eab
63f8e444582d0d8
75fd96233f5784e
2e83b528b7820cd
6d7b9e4c88423da
166ddd009249067
abf3d6362fab516
3eafff6fcc83f10
ac685c27a2b6482
926f3ac2dee2937
564f12008901663
0055d70a10015bd
056f97196f46496
1a9ef6ff4dc72b8
aa80a3f9d6370bf
4535c5477b9521f
83c5668b63e1842
77521b5c1dd7bc9
2ef16238dc3fa54
a2f29973e5fe10a
8c65e9f2fbeae39
9f31f62465047ac
2f38bf5d65ff69d
a88cf80d11eea9e
83fc4bf3217e599
4c9974d406b2dde
7f11b9af7378d2e
5b3075f4f794fad
28462b0eea9df79
683294aa85dfd6a
aee536f2f028a0e
7e330e83879ce08
6673e330dd180c0
6fab2b5c1d01d26
ad9d5d6cb5e407d
ac9d78c5d3fe812
3dafc246e1f418f
8abf8b1e5e50fb0
9a29e51d3c91d2a
3881c1010f963e3
6a29a2c3ce3d365
1228676401ca409
ac144ba1321d323
7760b69688a8c9f
11b1ca58172bea7
246b731ec7bfe87
479633dcb5597fd
490018ba1f164e0
a1cf837cd364e77
4c3e5c11ff643e8
684b39727445b12
27507a5e0cc5e75
1ef2e5d624277d4
0f880ba4a7b53dd
87bda54701ef4d8
37a2512cb83ef73
2fdd35685fc6313
477976e5d05f0c3
a528377ce0ea3cc
95e2258dd157442
6bd4a42ab623025
83c0e3b5d93e4dd
84fe8c048986160
6d05c47c359285c
8faa62a23c3099b
a1542577aff288e
91c696f044678ed
682bdf6a3fb154a
83032b6143d20ad
84e02e475c2db77
ac6b26d9839d40f
02bfb7feed788a0
77cee52f87ba3c3
28d2e4f4c9e403f
a9036373a42ccde
76ad34d761559c3
42762cb52e15125
60de2391c61f5a5
1a8baf3e6408285
241e8d64e2df9a7
4463f8adebd4081
643dfbb5a9a8d90
432d88add37fd0b
683c237618fd708
548ea8b58760ca7
1221c64f5fe16bd
7b43ce7998b43fe
0d71e402f6c4cd1
7641f1fd7e156eb
6357d2beb13b5a9
458fe0b3051c8c0
315e793ac6cbf94
43f4706dde0a7c5
7a985f1d019aea6
987e3d00006630c
2b3937b9e44cfa4
31ff30816e28fde
333d7edc70fa42b
3ed0313083fd38b
aad804aa895fa2b
898aa89d63ad93e
9dbe9a685b28e0b
65244bc2bbd879f
4c5a27c22723d4f
b10a5ba88535d28
01f3c994d29a374
20d69b4e0e51f1e
179d9eb634af888
4c46b61943b1678
796a1be7c3e1cfd
08702234ac57fd2
16055699e2942e2
0782ac86468485c
33c131d1d58105e
846aff5ce107997
1c0a05e63e1cd55
81d8dcc0a04963d
658e48df752b35a
827571073700ec2
1f29590d5d6923b
21caef606f0b2d6
948471cd077f1fc
aaf2218be47e872
8b973cf3d341c63
0cb73e3929567ed
a0beaed4c33fa23
86838f42a3db2c0
8d2159f74d131e9
740d332474c850e
1b0f9daaedae68a
69804c2eb2dc8aa
789d26dd9028bc5
3a65ef91ed1e101
3809ebd25335184
50e08e517c2912d
789b487e0cf1a40
06609ac79f3f522
2e6b24c040dea92
12c335fc909d055
118543d65c29911
720fdc23e0143f2
3ff131d97a039c4
435081f65c57d98
3657e53b518cacb
a7efabf90907b2e
5f1bdceb505c9ca
aef249e2208a6c0
16131595bee17e1
ae716447288b097
1b7f3fde610dc64
1f264c0b31741a8
acf3380689e82ae
99cffef70070314
6f8e9da1680a538
35c8f2bb0b03884
0ac85390d0039b6
952c73bd863b1cd
1e9dd38902e28b2
b2601657db82959
3227cea423de2ba
199400bfb6f1aa9
5906231a7b05b97
149621319eab238
87ca6f856ef4144
a1722c07a1515d3
466b3e556a4b883
563c9944cf9d6e6
15fa08f55775983
08539a170317802
04c2b65163436ed
00715dd987122a6
92448dc42925c77
22c96cc919d51a2
820eb79714bc841
a9a1d6efea60d13
5d1ca3132fb5452
31e99bcce1f4ee6
4507ca3fa85ed75
7dc441f03782b16
5031d1f83e91695
2ebe408c74fdd4b
0e1b358661f8e31
7a2109643bf7549
4726e6b195425e7
686df5b3ba24965
52477d328329e5e
3e4c48383e4ac4a
446d574b8c66079
af79ddb90d717cd
620249b89c65655
63554b0d16d50cb
9340a4458d1edd2
35491a7a6311bac
7fbc4149db95368
1b63fa00084e8cd
37242a60e188b03
1c0977e3bf0f3ca
1f2073da8ac014e
3a5b51e2e61aa32
014b3e9645f6dec
b117d7d6d618c34
6d6119ca95c27f6
924929fb0a3c7a6
91de05c0d11d805
51e3f2904f96ff0
3d27de560e442f6
abfeb0d12d56024
b1330f30f1b4712
a95456c05982769
26b44c039185f2d
863d323bbfaf6e9
3de197855dc15ab
90ce8521769b59d
496c6ef6897ec46
85fd24b234c6bb4
1d8bfa7af96bfe3
83ef3adaa9c5cc2
94e82868771df3b
a0735aedc23dba2
aaf943d1b61967b
88173607c530f5a
652300ba63e9da2
68c1f79b4b1ef4f
200f5cd990ada2c
ae6beb4d2491e05
43f1d2b500ba687
826a956c5f94c9a
9129270a93e0402
26418a14b8dd898
957350c86b6acbf
6b92293951f41c8
918e8e941b60442
7518cafce347e86
29bbe1541c7490f
67ee9ed74b188f9
a0cd738422455f4
6958851bd1dadb8
0f88c9cddb42d0f
40954d7f7e64143
32bcfe64093537e
31bb05406e0f192
691231ab5dc41bf
0f79efc41ccf843
28c1fd099f9c77b
12380fc91007c43
4d1ce52c4fb8024
8e3203f4f400a02
018af97a8582697
3d44a30ac466b3c
6c02409ae1a40c9
160f9657871f17b
4becca94ac7e46f
b2522ebcd602a55
19cb2e11a39c018
7c6d8498ca448e1
108a48d15d9d7ee
212003b01356203
a1c70943ac57787
55d8880048ea61a
1ed889cc8720964
61472be5469e3bc
73173f3b7080dfe
a250e542354eb56
2aa1dfa3deddcbe
74f9b2fbc942cbf
5c208070ac0a81d
9b2fec0796ffcff
9561644142de380
39ec709ebfc26f4
348f7c18b114c3a
98d269e7a7ad657
9d41494670638f7
4a9459dc450d341
2e255792cf10039
7069b2b1e76d679
15acf5e6dc9fd3f
42830ea7628a341
983e793994496fc
3664316824f7aa9
099ed49a24db70e
4dc29500bd325d1
80412e679232b9c
4bc0c62c0b41b35
9bce7fe266af767
54f3c5e04ddd9e5
47df5593277f451
8500b454d053e13
18b85309c17ef38
a6204667a74a590
1b382cd3a105ae7
afdc97e99ef4dda
43d16376bbf4909
8dd334fff30c50c
1c8bbf939204c8d
756834755a60cf9
502848ccd4034b4
24015a0d21f207e
0e8299c07f35f11
939364188a5869d
158a23aab0df0c2
1c46ca74b19ee94
a6b7bf2420b5335
319a0ce008960e3
34d8cf673defbd5
53ec1e5ea656da9
56069fa656addc9
4cd43cc6909a281
68ab58d8a9ea462
3842ba8b6394903
58717eaad2e2435
09274330074a4be
50cbe598953dc3b
2eeddb878f3fd62
62b42b9b62f07b7
b22df6929d0a95b
a6d854020684239
9cf02caa998aa09
99b77b2d0fb7bda
ad60f021049b43c
15ef6c2649d8d5d
1a8061357312483
3d4a2c22c018a1b
76528c438061021
002a9af3524a0e2
15b22f8a5847ba4
aee15948dfae323
2bf98c368748550
7523a0b3a0766ae
a47dce5c30d4f33
8f4462805e8675e
3339e328891c758
03c0b731a8456cc
a9a51c86018388f
941534a9c229a42
a0e9e9587d0c31a
7e9d01bdd694922
970fbd7faafbc60
1c29e53265dc305
1fb7016baf1ce1b
455c7c27e7abd50
7e7a2dc46c7617c
48f43128b07fa2e
5d4a0a346ca5bdd
957924633f610c3
48f524edb3d13c3
989879584c48ff0
3dca372e4cdd9e3
3a5f61f13b15952
267639047b30c87
4708d5ef107530a
35862f61f314f5b
6555dc5c0322212
85780d868da8834
a83fafe7650cb5f
3212da4c2c24f46
8bd97042b2fc907
0401695f3eeac17
24d2a4c191407fc
ae5064fea994766
82dbec320a9cb66
1eb5e949ab97f4c
8b527c2d58bab01
a79e42305857e3f
7419f76772b1102
35097b9a3f5decb
9edeee8bcd44bfd
abbee401554d6fa
57c80b3d9d6c2b2
189ffc68bc3b9dc
b275753852dc82a
1d913288320eba4
4c77eb280b70c28
490c5ac4758ab99
7a06ca2e5725f39
08bbbcfa70a2b88
9006e9df372e156
7f042109ab77597
1254e7ae360b66b
416a588af6a488a
0559af66214ff94
67e4d293e7541ed
ad92092f8711360
87659ca207b7c92
248c80fc62e4208
6d7164d43e5b8d4
3a6c5d4db8db822
977df0fcb1fb475
15bc5b58ad051bf
88d56b3add1e0d9
b053389a20e0acc
05081d23f357a7c
a48669c34926e4e
149b50b4a0419b1
3db300b994fd119
193c7e2ad8edb51
5d83569d0c4ad17
63941162289b7b7
a74549c49b4319e
4d946c8cd0c22c2
9774f92086944cd
47ed31e6cbe79dd
2ff94bc3462e8ec
21a43cab15aad08
4698016074e7bc4
5536fcfda6d1f98
4214059b85f59ef
4a0e15cedec45a3
3938c171b10c89e
020c458e276c4ea
0dd61435c5440f3
83127e9bc91a82a
53a5e2b23c0c752
54b02fa8179a7d6
99629b7c8d5f33e
88f5f1ad0e739e5
3929e9c8ea57db4
3934f2b7308b62b
3b368c610c65296
93e4e4be373fc54
78be41f593e0480
844c1cb5421f6ab
0f96fde6cd09b25
889d771d006ef8d
a050284acecd835
99787f7ab1c9fc5
8ec755c961ad83d
6f8bf9664a1c6c4
37e0a7c0d93571a
8afb17dc4f5544a
609c481de475dbc
1509b3506802b86
8e7523190f1f2ab
9da8302ef4656d5
945b3b63915cba8
08dac9c002f0646
55a9b21ab62c77c
6abeec66aa97210
469db938d0ad758
32ee1085150dda6
5a8ac50545458dc
88b91dc944b2efb
5cf4411c964ef60
52ffffbea576945
49f72d2ffa05f47
b2d0f06ec4d1543
0726f8883a202d0
3e410d1e3961f3f
a41dda30c2bebce
368fe9b7568809a
052f41738fb6d66
13225f1521527a4
40c57b51497caba
7dfaa18b7b99b26
721ddc196f02d3e
72891cf3938bc1f
380744c53307fe4
486e9f792bd0a96
98a413b86499ebe
48ccf5b5a788df6
3e0af9ac2b230b6
7bdc8dd962b93b0
1cca2375c94c965
75187d7c893cf86
9ed4603d64f6194
3be169914fd0948
61c37a6b33fd5cc
6c803cd3f225103
802ab79e94d1106
a2d20915615f7c1
2d818046c0f695a
8ee22d742cdf5a4
3d3d565ecb5dbad
39fbe0da4a481a8
40eea833e2d9513
26c538005c4bb19
4b63d23917bcf15
135e007def3e9c6
2a18e34eb32a8f3
9a78d44d2d57e3d
2058c14fa1a7c24
8ec5c41fe71240e
7eade3317c380b4
67538b7c0f8b315
87805203022550d
ad67f9b1ff2fd2c
5dfd4db1c40fa44
0819287607007ec
891aa028c413240
9382971673362a7
8d79cbd38349b63
a36283088dc06cf
6289ada3981dc39
73d4b033d825bf2
39ef5270028621d
48a2a50383bebee
89895ee5419b602
329b4c41410c23f
27bb47474e2c3a6
121a2c7048a02b1
069d0daebc9bafc
26e7e56f455bc30
37b32b7c8ce7733
18d938c22cd1827
8436f50fcf48423
07175dcf1ea45b3
0a1b44bdfaa4599
352d1a6a9c9074b
566a155102b77ce
165ae4bb8f3cbcc
6462f7cff7fa873
2aaa8a3e8808044
75b32775c8bb70b
842484858ef1f54
91c6304054635a6
8030361bd7d2eca
7710d98ec1a9a98
04d4703a1322709
2868be3744a5ef6
7dbea05e0479c4f
78204975f641f30
871ad3d60cde2cc
4497892feb43db6
16558126a70f6f9
4d47f55c706ae86
2d3d4c4c138ded4
4c62a5a7a9147fd
9cb401710ccbb3a
1e40cf05f76851b
15a8b58ec1135d0
6a89f3d191ad632
7ae0f3f3e4f0959
192b9f754d8da44
a124fae237f1952
15d4522b01e2263
abf9347ac09c953
83fe2f29bda0bdb
9efa0100d2fd533
7205c65366f056b
682ccaacf603eb4
7d7b162966575b9
1fa19b9780ee536
48287ddee0fdbd0
44027a50088d306
5c284254e6f2049
a00ee8e50b03714
15f1a4dafd9aea8
91e45ce53ef572f
8e8e4e5ba2f56cc
1204f40136aa580
1e743cb8d18c424
9f283dea6cf827e
241a97fdbe304f5
6ea0eb028afc0f2
8b16f1741bcd36a
24264acf6852a50
79603831a92a79c
600c280d7512963
1b5b489b215677e
ad62d285212504f
2652b03d3fcc553
7e1fec2c1e95551
99c631a6294f354
69efb3cd68eee75
abd16ebad1f0740
a7cc46ae5397002
953f1d3f7b10482
31449aa759c0756
a0916874dcf268b
2aeebe2a8e41dd6
20e2dd19d54b5b0
88ba960ed69084d
ab56bbf89c5a235
2d3d58cdec36665
8f665bb6c1dc59d
18bdf35278fb736
2954b9163f07345
01f94222f0683d4
105da0507724498
73074ea258d275c
396a9a2a45495b7
4e88f3e8cdb9b75
5649e663d01a0ca
7a8d53236e229d0
68e95b2e7a41d43
8e3564a5476259b
88f179ccd7a03d8
9681dc8de2baccd
357aea4559d30df
6b699dc4e7e48ab
6347339bb213d5b
3ae04caf352aeeb
7779f7f4c75f9e3
4318081079db083
6c020da6a588ce9
a20fb79c12a6a6b
1007630ab3cc452
77c2ee4b5ad71df
9ac5f863603ef2d
121a87c49845080
4b27e6878d391d4
72500d8e6bbb35f
50397cce68a728e
99edbfdd1c46c62
55564d387ed73a2
7509e0aa10f8932
93d517d9d7f90c6
55597ed097f8524
3263587b1446807
8394f4fbd61bdbb
2f054601f0f3908
9c3b66d3ea2759c
0f1151c1f00f601
01f352fa3498e22
2cde389a7105284
4c05c726738c114
719b9949cade291
94c9a6cd38743b8
642a19c4c7b9c4c
5a8fae307e0d1af
9d7c91effa2850d
676a05d004091fe
6c76233b3535f59
74220d15b845342
6134f9787a2bc5c
22a8682f686604e
a84ae8992ff9436
46f2c0cdb43b726
8e1f45299176922
84b032d7d375796
433f9dd370a6d46
8fdfaedb89ab9a2
5f631d575da8c00
1445990d8cdd822
53cd4ce065da02c
54dba7c5cb0baa1
6b34ff0f2f209aa
a38a475b501d65a
66787ecc839926e
55f3e3365a5bb06
a54e6fd3622c9f3
24163ecd6e73734
17427edeb815bd2
0fae3f28ce47557
a4e4653503bef3f
8ba0aa24785c847
88f730f71c021b9
6d5ed9ddcd20793
1cfa64d966cf5b4
7a6b0f5556146c8
24ac8aa17a7b515
88974fb863482f9
7e5afd00a33e0fc
7c63a3ab358c50c
37baae82452322d
75f0c6210a99a02
48c90ffce32a4b9
a27cc4283a4ca07
ad34292cfafcd3e
4dc996b9842afac
0fb616a2be1073d
127608bb81a06d4
7886867dc31d47f
3b3195d0435e252
8f6a6dadfc5507a
8f08bb279da717f
7e2dec87e9fbb67
715713ba619ef23
9e34f218c6ce2cc
7584bf10e6f2b1d
0c0459bf41e6277
0f70a2837721a83
77d976a9afe2fb4
85fe18bc3986b22
ac80aa686671d11
730817e5a5b6c8b
263368b3080a671
525e57d64d66ad5
0a9f68ea73039dc
0c42cab4ea06c57
7c37305b1afef26
a88c0305946886e
5df9aca0747388d
4a3d0673a8eb8cb
31ba4f26c8146aa
18368471f3e261e
391281f8300db28
6f89bde8b844ca3
74f491b31058e23
538e0ccac631e97
89821beff6e1a5d
9f9b906d014ee6e
18803089ad8559a
a0e942b5f12cf7f
2f274be52a7fdb4
865c07ed88f292d
41c4b0b1c546a70
a3284fb606d9274
1f19ab9736eba07
72e30320f70c74b
29da7d3ad13a05f
249d873f9d98b08
6f4cce251202fbe
b155be63072533c
aabf62652457d4e
a31bb1850e518e5
8655ffc3994a5d3
a0e73fedf815d31
6aa93f8c8938f3d
9b3c7ebb1ee65f6
0df5cc60448f595
3ee57c313f1592e
1d9385c40958f6f
66d7a364d4aac8f
2407d2f473737e2
8cbe1fd865c8c98
415663891853467
5f5b685fddae8a9
1d77d24d77b23d3
2fa58790ccf55ec
a92743d1ec956f6
1535eacb6fe3150
916cd96f3361841
7a737bea486db4a
0ee84bf2f6377b7
5099d7458a6e6fc
64553652d0ac3d9
53410d9e2949069
578a9efb0d5506e
411e1c354fd14a1
8fbf8a587d2de48
3cf072d03d96e59
0b10abf90012d6a
8e312c23ecec823
19c336d2797ffbb
8a22d1dd89f149c
73b6f9ac30e8fe2
044611a6b2c49a4
6cb68eef1b44adc
010dc632b7edf2d
3418f69c48f8731
8ce0450ba67c560
5c5a8c6cb152c1b
94f13765c90ee5e
0da37f2986279b6
6fac7ed44c8b4b0
727de7e2fdc6eaf
2d2db82ae0fd951
8a03022afd4ee0f
38ce9723806df07
79fefbd6b01fc3f
4ccc8b80193e27b
8260bbad9de4f8b
3087234d492cd14
487880c4aa8f828
0008a5e6eda2532
5e9c3b91e762cf4
9bf1d7a2b6dcc54
0b59d5b64fac63f
726ec11a5e4017b
678b2cd5cff157d
4a2d31a3f32fe20
855a14ce7c7e619
1138d83e246db8d
277bff871aa6682
1d7eacfa17a62ad
150012907ab01ad
4759e6699dc3bec
4b8c39550f5eedf
751da95ddf44450
71926e601d3f6f0
37759640af29ffe
351d990cabcac7e
185079dff393678
a79d8364187edd3
955e4891903f071
4aa090cb082b3d6
836f5a895d03561
2c0c84634c8b96e
63402e432c45b42
75bb8b2955a5b44
59663ce6ea73e3c
83b85a865f6ce3e
540ad80c5a62cf5
10bd9a95a334535
69b4d406d71ad67
3273832c8b625f6
2436f1a171530c2
0d1aaa78576ab2c
7a989714deac7c1
7c93a89dfb1ea47
a82a9fbe0a6d414
5b9d12f292d6a55
1b006a748299251
65ae967d110455a
67427c37de104b7
81a7250ca74f4a6
005b9e8021a0360
1458ec3c61c81d2
0ef4a45170d2cae
86bcbab36e72777
30267ec8f9a7c41
84e6f6a35fc5b82
2d15e570f266046
19f363b596fd752
0682774a6866df0
87566e159c22741
2857ed03e65f60c
75e7e46f9378d3a
76e5c2ed8505e41
9e9006b12b1555c
613ccec3915fa95
41d1139f7f75db0
1e7c693fabd3900
afdd6c32dfdf5ae
a9d9d357b93c493
980ab31adb49db4
5fcf4ad76fd5dd3
6a9e463f1d72edf
82914ea751d6a62
45c502533ac7270
36073251a5d7db6
0b50d82da485ae4
ad4a1769c58c311
90890f7849fcac3
8055bb794bb7b6f
54f904b1730a10e
666b6b16d676cee
63d51dfff994015
535128bebc5ea8c
452ad85574108ac
28482f62ced0909
6b3528efe2019b6
719a4939e3726e9
251af2e43dc6ed7
41d0a2bc4dc607e
62923f3bc9757e2
11a2d35301c0b46
696bfce247025c5
5c2f7cae8d92cab
9c4da2a8b35a6b2
45cf5d7d36c6db3
9dcb8b2617d2cd5
6d879c6f5aa591a
9c98412aa0be767
aa67978f4e1f5da
784e4e049c77306
0fcd2a970844343
7c4aaa5b763fb32
33f1aeb44c71d47
8c41b5cacc8089a
2c9f5851eea1cde
323387351cf2998
741c77200873131
4140194bc51c629
7f5947d54fc94ce
7d2f87edeaeddbb
6efa7e5ebc7daf4
0e7f1bc8e622a0f
4b403385221149e
8e2945c9625a422
2d5478ab197603a
23ab4b2bcc5dbae
84ffe87f07125fb
13411c8ef6a0059
80848d74b1a14e3
3eca944dcfa2d21
3bfc3d7f11009da
76a8f4604aaca90
7906aa86fa74f84
7b34380c2303cb2
508e4df78ef9406
281d20088a0e548
5bb2f33d9183b4c
3714583a4f7bb64
a6e78e8bb319296
16d8d0e3a768fe7
aacab049b23d499
acf0f41529ccd2c
7b2b654f61b4133
086e0a8eb5b404d
8dd0b7c5f79375b
0649dfac3ca3713
3ef6917ea230c3a
95f5df919b64b42
2a609e32616182f
91876da164577a0
28ca0b1072b7f3c
8ff4ce54e40b0ec
840c420c3cfcca8
1d310478a095819
03a2b80d664215e
27435c2b1062282
663c612750ab028
14510ffaabf6968
352d599f7309f81
af19e7c60d275e9
9cf7a65d64a1434
4b9b547abe8bc26
51e4a57dd6b0ff9
2289ebe2c70e544
77d0f384e381aa6
579ecea820eb266
5e80c733122ca81
281d282b6009bd5
2caedd8cb568243
94c7dab51403fd0
66bd12b25b8ba44
987804d78e68e77
32a93e2d458bd3f
936ad0023b3a6cf
a85804a489c33e6
01b9973e22db99a
b0c0527454de701
0cc806bc7c29331
3981c0828e242c4
1320f9911763900
763ac75f444d2ff
9609c6555a86ba5
78c39d3dc768391
54d9c333ca4cb9f
2a61ce59273f453
58f05e5c4a7610c
5450a8c9cb9c18b
a896f0d5c0b8d54
a9d2e365bd4d489
1c2a0ba63450d88
25834c4033befbc
3c4c77c7f047170
1de1e78af2005a1
580741b1b8374c6
1e2a8aa7b03356c
30ef75dbdd4da15
659c7206722a794
097ca8c1549d5f3
87396d9f1d75c11
2e42a88095a9f86
2f24c65102ac7f0
4198e2c0c1ffab8
aac1c12db43209b
6692723ce78718e
acb9241bab5e24c
53bcaa4e2d6e1ef
4d52331a3f0c323
6be6b85e0fbccfe
1c39db8dee0441d
9538cbccea35ed6
925261e77f8e472
973d5a69c7f60aa
8e2923233571227
7bcd27470ee904e
8255447be89291b
4196260f2a57fed
b131668a78d67dc
38dc2c0be57f39f
a2c5bd799fc06d5
12170a64183fc2e
518e1aab231ebd8
850d00940dfcbc7
6129ffd070f988e
479ff3870286e1f
203986c8e3217c4
709f0eaa3d733a8
8f86f97b85379fa
16ad52ce2fde367
39c7c5c6358fb6c
787644a4f776b2c
7380561b4ea100a
1fcdac00a1c9e55
145541d886ad740
4a65284c32a60a8
917bcd3a88df4aa
47249bc6cc34c5b
3fd22b136e2367b
80e19099e5e8d04
86ac3643657e8aa
05e78cf80ffe861
a6d8b341993e503
8f319e5bf8a5d93
8ff64ccf62d68b9
9adc71a354674bd
31a6f4abdc2959c
1292ce0fdd7111c
26c691ad5a9bfaf
91b7237590307ac
358e2637b2f12f2
94cb7a75d722639
98bc53234972960
2ee3e327497714c
1540bef22e0abcc
aeec0149dfc0b5e
9139b9a83996747
056185c3624d866
215d6c65723461f
0e2d4a026e1a39b
8155ab9abc84642
7108cd52175806c
1b4ebf4b72a26dd
48aca37f32ecdf1
7ef32efc4f95264
5c44c5f7d8bf59a
70870365b5e7790
a9ffb52eaaf63eb
17f3b9a191980d2
43cb5a187566ba4
00d55934951623d
0980c55bc191d61
6d56d2811abfdde
622dfb761b68ea8
abbb39e6a20eb51
03a5505a6da8ee0
5673e539a97b648
a70d9c15e660286
4b0c66c7c67b7de
288370393ad298e
3f399d1d48d8b4c
9a4fe811ed9fd30
8e7f1c707ab9bd8
4fca82c622cf758
3ad8764e471841b
322ccfdf97ec24b
a44aded69e5840d
66fbaf41f4d2250
ad885579c816cad
00fd0a122191397
165cd96d064ac30
86e88945cc84bf8
7966ae8cad57792
490ef71d44130cb
9bb628b9c72fd91
ad63557f69f03b9
568e9b057c2031e
600d06cdf3022fa
129ce4dc1216225
13f37a187a695e6
af53d7d20f07d1c
ac2cf2270c0949a
40715c53ca74c5e
1086f1fd6483c42
9df63579122e385
7d64d8c63d000ae
6002b9854ee633e
39cbe0b8b7d3e22
5ee71a4a6745b9f
51bd1cb1545bc9a
1954da7317ed295
6447a8156412dda
22f97f6ec48b7c2
9cfbca52a3d035c
8f4bc1ba6530c6b
3a97e46277d5fbe
083510eed5d47bc
9879622a3c29f9a
26ab1ac8903daec
91068a9e5ac98cf
00ab434292649c7
81dae6fa01ab806
3791d957a8776ba
6ef4fcf56201375
72371091768d58e
8dc9229c133809c
9159bca5fd2631a
457e3976122721c
8ddf0cd7979dd12
3a86e7c4ffed970
90d4f8b16d3e4fe
6512b2bfd484991
651f03393629cd7
320f28709711884
50d792a1b32a71d
93bca279643b4bc
9a4a918576d8ec9
871e2150a333255
3f7bc91476c0ac2
8eeccff06c1efe3
5cf281fff51b2a4
8ca16043643f617
88023214c3cf771
54d9997de552589
7d849b08f24de50
6da1ce67f49095e
4e0dee7d639bcd5
39c9262e8a4da2c
026b7a813646704
0b8f7b88e25bc16
51570ee449f9d93
2fe6d7ac46710c0
7b438324db221bf
3b332937ccc8159
144270004c074e5
4f9413d51ce3095
b10c988fd4830aa
2febe2ff7d222d3
2e06b1192624f12
6eb3eebeb1f2a31
36ebaaa718f3815
899031f371aedb9
9ea72b9848d1269
2eea4efa444ec9f
02e2e221220ebd1
778dad53999dbe8
7cbbd823d45b781
0d903b8aa845672
8015f7eef3bb6a4
242435349848331
90c112155080a53
ac5504a45a8339e
7acd81d039e1d04
41315d75716e040
5a16942656f3dff
7a6798cb64cb975
208226f2d032d21
95e630f954ce23c
20b2f7fbd23ab9b
68d8b880fbbc243
a215fb2b931a601
7eba20a73e345e5
34f1aaafab4d213
242217a82a8d523
6e02a860b03c296
53a603da8de6358
702437f258f4e2c
80fb1207aa0c6cc
60baaa5afee33fe
a8358c9139d2229
0e7ed6880f05ad9
1c91fa205b7d276
641da5b026aa500
677da26947dab14
177321a9a52c7d4
a7d7317d5d72a52
4f7456b50d83d4a
1d0bbb73cd085ec
65403168934e8d1
1756b6403a4ae61
0f5b51b946d6423
ab21fbc17cf7115
11a3560701bfaa6
1bce20ff853e4ac
aaac404ba0a54bb
44d3dd0ca72a26b
64cfac83d68564c
4a4c2eed6ae32a6
142f5bdeb2993f6
724aa219e4aaf38
372a024f5816065
2285036e4687d16
18bf88edc288a85
8daed0c8d9cec65
746436afcf14595
1f226731f411c8b
96b06c6ee5a7b1f
9f42a01089f7a22
15c99eeb7567d45
1f78f2934e1c355
3023a57ccfeec1e
25217111c22b4b9
03c8438d20192cd
4da773613b317e6
8cee78ad11fe5cf
23949cb3115196e
48636af5c412272
469d9242f8f3459
199cef032e902c0
2b0bc94ed046073
5987a9f89864e78
24921fd2665b433
504f825fa286475
61369ee34d9d85a
ab7d8212c1dcdae
67b51e133d79258
0f8bf5b72a6f76d
374374be4eb64d6
346736e24e75f49
455a50df2a40bf4
6316c93430098db
568e32a473ff588
594d70c90012871
ad24c1fe06475e2
161046518c9ce8a
84f7afeb99be834
8c942f003d41333
463709c4f4f2f0a
3cea5c4de1b7445
0dbeb5d321dac92
36b750b36dc91e2
849c70aa153c946
a88ae0a5b6f5704
07920ed3a680c17
72483c266436519
a9ad0d9b02c221c
0c2e53a788b8d81
623a1d039283fb4
7bc473845050cde
465397220149f4f
4e1a3383757c960
943e83485671600
89f0f76a5166fbb
30c1c1cc2e94a05
92630771ddc46fc
7a2cdbc786acaeb
4a3d9545e447180
7d70f0950bc6cde
6853b0abdc1429c
3f135193f0bdd9b
62d10afd8597291
891cc0989309922
9f0f4f592fb0709
838b64db81fc0e6
5e61a62d80b1700
0c682075c51b13d
67dcf34fe6ebe7f
063dfadf61bca60
84ffce0f8d8b06e
109050c5b6302f6
89f0b4d76799eb4
965346460a74b90
8c5fed089773d79
9d3d448e7b66b0a
5d40e61d8056a32
834e824df09a682
5ceaad8c9b56d78
79a725b7b4c053c
1e9189fb4e5c065
6673becb7d86f3a
5853f87747b9389
066fdbb4c4d8001
6e0de97a5531cbe
218be8ef0aeaba2
764b04ed7441043
7d9de2accf04f17
4f9126d4bab24f6
866740f8d6eda5b
49a4efe56b55f7c
649e504ba873145
0d6258f3bee0f0c
1b2c3a049fa726b
132b4de62fbc4d6
615ccd5cfd32498
92085e0b264a94a
8cfe44d6c9b862a
7a12ffd568f7e56
462dcc6f0437105
906ecc1ddcea97f
94e4aee1e8bc89d
978286a9b8981b2
473c93e3025cf6e
713ab5f1f65be26
8c9b75a58dcd780
076211f545c50d2
683e599407f1286
334e8109c62d6e0
6f25e8a113be561
33ab7f893790989
18d2518c0a3a599
747c7559b4dbb52
744dc1bd2295d15
083dfeeeb75938b
88704b5328cd367
57c5e21f56f0379
1fc845f5e929813
8b166c4e3da8373
9f6d208633d1a22
0789938986f704b
7820d5a0837ac22
66e7fec6f5f4bd6
810b83e2bdd8a24
61a20aa11e20f32
581007021129ec5
8c474d6305cf4d9
7559bcf2a04356e
a476a356b3a4eaf
59af5aab08b9245
2929b17e9b2b672
83a1e06fc5f4b92
251b0495bbf6d8e
1baa2c11be0da4a
14d67c155ce4c15
9e536918d0e5563
a9082028358ab81
3951a076640a643
24854ff89030260
366e71cef50dfeb
21d4a6cda31973c
af61605380c469e
53d7bb401b6e7ab
ab44ed2fb3c3274
87f986ca764b386
607b75d7e8d3922
42461cdfb3a95c4
264720e7c1f8d06
14067f38c149b70
4d062f7bd4bd4c9
673eceaafa81802
3c81d9375eb69f4
431e83882e5e6d3
6f1c2f45ab20dd7
a434ad0320560e3
2eed4d1d1fefaab
3188af257993a29
9879a619cad5cc4
6494d172c1f9557
07037275040d592
08ea5e6c3052823
1fafbb24fb016a8
8b3ad77c12279ad
0962b4a5c33c8f8
18cab158d4b35fb
7305f73dba2cc2d
517ba19e4ee0533
1343018ad0ab5b2
42d358c0a9f5a50
9065ec4841454d2
65d437c5af2ad6f
a228ced8458885c
9140baf6f0c81c8
b25eb28f4707ab9
874aa6cb1c02f3b
5e366cdc8a2489f
7e71030ea70bc32
b10efcec5e00593
7198119c1c03299
93c1f46380afe14
606ed87d14ceb0f
a1df725f3abd99d
0d024a9d3717764
8e984a3b59373ed
b0fa8783581e856
473799ec3d2a5de
ad8e992de8abea9
32578c3d266353d
8d3a11827545f0e
6da1177b157b463
9855e4f069d8ce8
43124cf5679d05c
0cfc76d80578dab
67a6cac3fa212b9
22213d41123f232
0c07dda0a699fca
a681d233ab60fe7
a51a17bb875b738
05788238a32be23
66b1479bfeada87
541a5a4e4830eac
344f3f79c8e959b
40ccce7f92b8cda
86847152f9fcc8d
7e56f2db89b7a4d
8d17e5f64075f0d
48e6e7728499b2c
97c8a5e33a0c624
48f166a58ffa30f
1afe9343a2d37ac
aee22ef6b94240c
0539f30edd54e21
1d7b86809b3bad9
98fb104e4a360f0
18ae87fbe6c9078
93d51c8108d2206
37ffbf606c950ec
7529a866c4a790e
7554f5905d9704d
6832763094f6ee5
0eff681a668364f
9cd5c32cfc81b01
50baee02dee07ff
0f9ac6207312402
132442a194fbcf8
734b4034a31c60e
20175429eb625c3
474676e975e3fd0
2cc5a5c7942d1f0
08eb058b22d4501
3205af250338923
93853ef19d5a864
94b172e9ac901e4
911c1cfb82fd648
241d53747f14452
0d8532e93d72c29
46318bea09633c6
528fac72a72e7e1
17d3b8d98a86414
4236b36cef31d99
b1161828192680b
0a3bd34c4b5835c
30a3eb76e2c7004
82506e7673019ef
3e0ad986e5f6af7
36503c7ab93b5a1
5ecfbb77dcf0d3c
393ba91071fd028
80c130af89d2b0a
992efd040fff8ab
2c4a090be2be0d1
5aef1b84eadfe5d
077b90dd1642721
241b2ea6afeb380
3c16d95e9c3ae1a
2d90f0e7b4a2dfb
9cc5f60defd173c
407f49e38ea26f4
21ed8052905a10d
758c9344a457819
0ddea8151ef5065
9b87c70e343840b
6b50233ce2befd6
6b0d3d19fc81f1e
06edfe53257ecba
88964942e0bc31a
40f587c28acdd53
335527dd35f910b
1d16574edbd9707
40101e606a34951
95f09e2db11c5fe
54bba94f3886f53
936f2d826e0aa6b
65033aa0a212014
46a76da41d6f6c6
7947c71adaae41a
a253cb3931f5fbe
928844bb9fe5706
afb5182d52fce86
4a4621f3b367e34
6b98c0b2b988ac1
3760887f56201a2
41d9bef28853f68
1c3ede1ac3415e8
a7d0ebc3a1e6706
30518b87d5e7ff1
0c3352a406c6011
1a7ad75265d6097
95dd9b69a490e84
6b4af54a2e9c808
0bc32c96c62dac3
30d05ec6aa34bfd
9fdbbd1367ca53d
91342af6f5b1268
100ef3853950515
33b1f0a31b8bc78
3b87b71193f9d2b
957e7a8b84ec4ec
8cc5e3891ba1fee
1b460d28122fd5a
385301bcdf1c421
2df548b159e1bcd
5c2c20652b921a1
1ebde3eefefe268
47b1d0971ec956d
97b575e10471451
9b365c5e0e7c23b
b07fa87745746c2
93c72c4290b3f8b
7102262f7adbcfe
0f7d1d695babab5
a36de6316802a97
31af60db5dc79b0
2cc177785544597
1a6ad15e8938c09
1b087572990ef0c
3f435c9a86ba2d0
3866978499c1ae2
10f1d7ed29febb8
a8b95447dfe0501
3ca224405efe883
346e3cd8bdb86fc
3aa4ca772b8f6d9
3c344e8e751167b
3e8d950349b37fa
a058485da5cf5f9
422c8be78d2816b
7d6b5f74950ae85
43758b6fec86d92
5cbb2979ac1bbb7
2d8a4553f1fc4f5
35c32bc32f93a8a
9b95a0d18cbfaeb
84bb4ad026ce6c7
8f2ca056bbb065f
677f8d3594e92e8
5121206e1936730
547a809b4dec35a
196500f68744d79
1867dd94e9c41db
6f394fe7c7534a6
ada695c9f553c8b
14177ab7a90646d
14abbe81d0dc447
384bb86ab661ba3
10968e65e652fac
3b799db35ecd67d
677b4551ba6181b
0dcad24625ba908
6515f6076857c0f
8bf14ec3de83f5e
67419ff5e493d4e
42a1884ed5d6eef
147fd0774ae7145
26bd381cea51940
4df677f854236ab
132a9459017a713
6adf9757ef19455
1618b7f7734e5d8
7b78509daaadfed
75986482460359f
89ead8b62ab5d5d
700371e1921d984
40b87dcdddb6fc8
576b035c3211031
6de1f0dbe1e142d
8ec259c7ff69dc4
0be5ca4c740b381
253306f8df736ce
a95a99915ca8500
2e5d327f22bd1bf
b1493618c6497d1
9fb1da0103b6a00
3731fbc37a2ded6
09994900ba6190b
92ac467c6c4c45d
13d91bb8218c679
9e9288543afec6f
9e055fe6c61849d
693fdbe4acaa798
8efd7045ef38571
3c41f927d31d9fd
3d0b6dc34874337
29ae5be99078801
6c2b78a137617c5
69d5ff22c88f264
3eb044a67936d64
2a19e1dab6096d4
99dce6389f56e96
586c369a1463916
79974152857c8d4
a1fc54be2e862ae
61ed7dae400be35
9fc461a7eeb92dc
002206623c5f47a
a2debc4eb732628
7c80490e7e59d19
33d9d901f01a4b9
a46879b5df25c68
abcdb00fb4f39fe
766abf925c5e905
5fc9a7ca0178e89
34185241ca83df3
8cbe835d62a4c9c
9e350f4e88ed9c3
5979f177bc144da
14d488d6b06606d
988b2d838ae9ba0
2c44d18cc0372e0
1285fde9c0fccee
4c59d30b6a38c40
723fe444e876546
5294a382ba029a9
480a20fc3cee810
6131e95982e3ddc
5452a45e41de135
54a7757b889d22b
0e2e74ace7de3e9
0cc77d6da0f0f43
aff1c5cebb3af29
52565356d616108
4033566a5d92879
7fcea36ecfddfe4
98b3b941e740fde
890a811d1f1e422
5aca5b9f681aee2
3f7c04811cf9ea5
08b580172068dac
60f81fd4a5c1d2f
30ea54c615bd736
89b33d01bebf5a7
7263dbc83d305bd
772d3028110fa41
2ccce201fc5f6cd
872a03da217da2c
57ed891a30866fb
1589a6e2eb75a8f
2ffbc3bb8cf0eb4
8b7efe111ab014c
892c3bc535dc984
7649009c729e128
92b6b52ea63851d
2ebb0f3930b565e
01c7b8dd7fd154e
483bf7cf62fb6ae
1c0c466c7a847ff
5866dbce04bfc31
0f60b65e990eb8d
2ba005e265221de
b11323459bd94af
82c6ad560b7ec08
908655c387fa1ae
a332185177fb00e
aae7347ad670611
0dbd679d4ea450e
1fbdce0231853ab
8faffa6eaf035b9
82c65533b649133
38b36a21669f9c5
0657d2d5ba6deda
3a22b21d8afadb2
833f7433c4b0233
26779b98c0aaec9
ab4ef22c1ff5e56
94e2318bb531237
b0c925ed752543a
4a21333eeea5dd1
511e41b986692f4
a9ecd98661d5be9
3a9d8d49711c4ec
8b702d7c2199003
269366ff134c1cf
1ed4ad8025e787a
454149de9abe076
af09e3e5fb0d4f8
5e43856ca759fb2
81446414d4230b8
40f9a614448dcb3
21a0fda8b07696a
7e0aa76ded2d589
975974d9df3d8a8
2017b96918efe5d
1e500eaf448cd4d
912d878f281d0c3
7f87e3113f02bd3
73ad9660ee52f8f
051904c40105533
5f9bcade90b992e
b1876aa06739938
18d319a78425343
542b3e3b25a2648
927b991fa111fb3
a067b269a48e83d
87920e6357a3a71
0a77af218cb5400
82623a61d790f88
540c7c10fc11f33
68250358cd4b7bf
0e2b9ca48aba932
4666ee742bf6378
96edd8f46df88dd
776561502ea8523
63c1fb9d14f335f
09c179a620fce1c
a28d01a048ff5bd
996658e43c721b7
4999d5ab60b1fb2
7ebdc0aef9cef91
046594c3c135624
a72e5c0581cae7e
6a646cb702c6455
600e8bca78fdd3b
36ddfd892480521
406b0e75e0f5c92
6d0b6548989f965
9bee1a711cbd52b
3a10ed6b3800094
74712f5132aa160
812475a5dcdab7b
3c4730e639b6fc2
65991a2a1b97f66
2204925b77ea4d9
036f9cd794f86bd
57b0358119757e9
7b9411399a1639e
989c1148e28e439
96e21ed8930f22e
85b13afaedeb3b2
8e85a7a1df19e2d
8d810232760a0d8
478d0369eec338b
7b24728e60dfb0b
11fc2beae6cf749
210011131efe711
3963e51bc85582b
4ab132dbe365864
314f4622f8edd00
94a83fd03060bdb
ad6b3160dc15db3
75d010969fc3dce
3af23883b4414ff
05a1edb6679ce64
23e37996c6f3d24
b20a2757bee2d5f
4db313ef84270a9
7a7ec9b79c86b83
3b8fb996ff7606a
966ee761532444e
9dc47cb0686725f
2385541ae5d65f3
1d1d5f6da04129e
54ebe116103a5f1
7ddac7f857f0bf1
b2f2b64bba43b83
75c886825ea25c7
3db00b872f7aa26
a89deaa68c59e74
9ab429c7681958d
9d5d67e3bdf6274
2044c5cdb45a440
669ae69816463d5
4f8b363ead3ae3a
53cecd5d3bf07c2
07ffea0365ec6b9
2ffdea13dd76f93
b2944f67e6553d3
89e7caf1e990bfd
22c7fa1d2aeec9d
4186b04993f6ec8
458df71b3960b99
9f1a6898a97c33a
8a64f1687b22d80
562d58eb1a27020
430b29ac453ad71
45895850e884571
3b45e4d379afcd5
693b6784e6080a7
170101119d6adc9
0fe256ba408b5b2
31e207496359d54
7ea9c095f2c642b
698fe0299c2ee93
9e808e9a84857cd
3ccd905091e4005
38691e029578d42
8ed7eec2a5cb586
aeff2cc691d673c
412bbc6e8b1120d
2dcd9f5c3b1bf1d
23b1b0ac7b51e2c
4513d317c85b058
591f7e8bfe59b72
4e562caa1a46059
771c15039514139
5aacf3ba7bc5992
66338a5601051bf
61333422130dc93
8edc8f47009e34b
2c2124688b9bced
96d64a3b0c8b1d3
06a575ed70432ad
b16e8c3edaf1b12
9ee619db80ef48f
3da583f99518682
0b513e8eadd7db0
aadc1807eef8913
3acd7409e3a2a4f
63726ba32ecdfe3
2ed142e1b34a7d9
17314ead2faadf2
6461460176b8086
0687c2764236e3f
184f08c5efa03c0
8c6bfea644f7ffa
10239f54cc22c13
b0e1f79c781bb91
7727e0e33f9b19e
50407a9e41581b4
589ed29ee7193af
ad7a6c73c5aa127
4c7b757e41a83f0
7735283eec08601
80180959eae0279
6a4fde0b638ed33
853f38a88a7629b
38670bfbe7fc1e5
00e893727d35c83
8b85a1856ec9ad4
89aee516192dc13
64e4cb9c7291f0a
5856ba916f47c78
34560b4b35a302f
86aba1d56f5f670
728b35dd67e2953
768e3bd92d4dca5
3edca4998f7ac8e
ac0d2711850cce9
2d19d1c3b09605c
1eab1bbb6c01e7e
4f309f7a9ae6765
2add5a95f3cbfa3
6640536208ee642
314680d9baeea9b
05feb313d65128c
24dfb03619f4366
54a6ebad5a24e01
aaf5c3af5af8e35
4801181e05a7be8
5a77d4e1568b6fd
5ac5fb3762baf6f
6fd872f7ae502c7
889f229c86d26cf
25d343e2e639431
88b84e64358a426
7645e08e8f72103
1cbbdbbc9498aa2
3a2588b9947d93d
6b49c53c06742a5
8eb826457b98cf1
57dd041309fef7f
ab516967f1f5cca
92ea3b38b868955
a3159fe82c09cc3
ab51117a4229acc
56593c348d9d968
2a75537152164b3
a8d2ed0e1477897
7c0079c950b39c1
5640bae4492758d
6d62e2376f1f4c2
aad74a65a1ebc7e
5a793888ecedd09
0f32f6a1246207e
9ea71304ae0c6c7
7119bcd3e60ccd4
67a5d0edb38d052
082f22529d882de
204d88c86ababb5
3d8c71c95915062
16ef96b9974d167
32307ba75ee27e7
484fd2b52550951
03008cd1490b114
40d1e2b6c2a4d09
8755ab5f7c4ff68
40f4a39143c8c0b
891c428d87ad87a
53961b7ed99d92d
564b6cb1405f619
5b71ad2e3a8b66b
1081b854b93b1e4
469fcd58a9c2f20
6dc60f3ab7f9b66
177ce7696555459
4f065e947041e12
28d59b86f3a1166
00afceed951f1b6
0bc87704c9d22b8
8fea1df40778fca
742e751f0053116
259e6a9bedc4e84
8acef4364522993
897e2c3bcd4353d
5062e2cdf2913cc
08d4bdde2eb6c8d
4d326d8ee8a69fc
3bb8945a6c3275a
a1306638d4d5507
51d07a5a0323502
68ba503032f61eb
3912f2dbcbf5495
5ce2d8ce4fe7d5f
ae4d58d60f83e52
699cf88b2dde1f0
69ebc5eb8a0a7bf
71a0f1d41f2d0ec
361cef792f16e7a
7dfd36199064000
019a2fa55184442
7c5909534de469c
3ab5b40c7c610bf
507c3bb0a57ccd7
107af121e99fafe
22e1bf819ce2f16
717426fbb504d9a
454a2f5e30d0158
443ac4099908376
7d425beda6daca8
54a22c7476b280f
a1fb7c94d77365a
70a0c6580df6799
1064b6897972724
3a74a85b2ddf738
12ffd138957dc92
9ef5d2517edf971
793b76b4b84d65c
4c7c3039a95b583
00049185f170921
231988ad1259dd4
0dae12a909c2fec
15fc4b60808829e
40c1fd777395da2
03f2811551b08f3
40f9840e1cc8e5b
4fee8ffd4450ab3
31c76aacc7142e1
095f25fd54f5402
9bca546eb62bd1d
0e20305114271f9
37b54d5cd2143f6
03e0ddc2c510e82
156737ff7eacd4c
0f54ffcc9c33f70
7f4a503ab6eefac
370b660003b6599
12bc88e9fd2b941
0c72305c6ef87b6
3a051838e6daf8e
5b16759a9ecdd29
80a40922428f00b
4d521b02c503248
2b241876d29b83a
9bbf3259ffc8a06
6018ec9900132d3
18cfc138f540bf3
645b9193bd5c6e5
86842bcc1fe9f1e
708aef71c676b29
13e8bc8d9d4108e
12b4b412f170b2c
5fef5bff5b06fa3
a844dd8c26ce763
407603c34fb37ed
18100bfebafa4b2
a97e92f9fce6ca0
65bfbe7da1704ea
53e9a4d251edd16
2ac77481a278aff
ae0c91b7b07768c
2b163872202b6f0
844b48830e90ac2
952afd8885c52a6
4aeed7e2e15965f
656646f0bbf1f9f
40db177f823249f
1d930b0fce92288
8fd5cb76d265ae7
4c4eade7328ff82
42e85b934007c5a
42d68aea63358c9
9db196c564d768f
7e6cf0b83fc5b09
02478343bb6b760
178e3cddbd850be
3323a4d159daf81
07cdbc1b72ef2c1
068bf5251e6d99e
7f2755621587f4e
2ba24bcad851779
23531dee6bec23c
6e4f950511a804b
4d393c1e6e9a30d
5d015f45e6bffc5
aaf09fbda4f2afb
7edbedd2d42a57c
4b28baaa98d3f9e
68ed85c3ff8f93d
70caafa8e2fd2d9
04e351f8b2bbefd
3e90fec97c6b0c1
920eba5a710ebc5
58672abe6025c41
8265efe5b20afbb
217ab0c0e8ed74e
5e728da911153bd
242e07e48c5f78b
4c1a7bc317125ba
9a90074e5b065e9
4db23b49babdaa8
41aa8b26e3199e3
9481863e6a71706
05240b863253df9
b1be13ec3fc0b6a
160a12c39ee551d
5a040f05963b310
4ad31b5645d83f0
a106fde58201704
3409bcc56c40c51
04ac857ae2334f1
aa3e9be350e48a0
2c22f171db9ccc6
660a82d086991cc
9d72cbac6264be7
76210ca0b4a844d
2b70e510b07b22e
4d030a3eea0dedb
6af2af5a99b796b
2bbed90d2478123
9f14743484ea470
941e1e8f0e9a7bc
34dd1724dc34ce7
757a188da7f25d2
052f4980343c866
ac73b9716c46ae4
34a55502ea648f6
71a0a8ae1f2b2ed
41e4418e0ba17e4
8a6602aafbc1b44
0234fed6a893936
64eeae5e30e5c17
4c5b3b27679b994
1a7990fba49c7e1
421f12c65d02971
2e3387e592a26dc
0bc13c3216719a5
553c5ddaf536956
617ef17ad5d7537
3233f654dc3a901
2b8312b571602af
16d58a9d9e0ebd8
939ea01b6ba15c6
684916f60e07116
6be7b9e9db832f4
9e74c20c1aea8e1
a39c0aed7fceaaf
5f0cea33945c6b0
a09d56250c9005f
398c565ee184b5b
3d1f54f250a3261
0feb52b2a863ea9
28cbaeeb47e5eef
acf48e5379e42f9
1c063282d3cacf8
5fb4fa521d27239
4ab0525d0944581
639f0f1b2860145
3a540491ffc0877
a3b9e3b945ccc9d
099e8ff575de064
6f167701622ba42
4bc7fadf56da6c5
9c8f1507792e9cd
9d85f7160d34c32
5cc6094ad18406a
abfa53bbaebb3e3
1d5dc25d7cf0f88
23b5bdd2c4f8927
66a725f1316d213
6f73811d011af8e
33648e352c03092
7940f32184aa40e
0a0c992673c4f0e
433715482de4d8f
b1583def2ed7866
4cc62337a180c35
7037978f2d5b8d1
386f61532965fbb
2e75a1bb33aedf3
5e92140db4633fb
3f9a5439f9513e7
9c18c3fa15c8a4f
8b2b42141c7913c
6e55dbfd2a717bd
3226a88ec19e852
a3a7cc2f9686416
271579f147a74b0
867ab684cd13355
485ec279634e434
8884b7377b4ba38
2c0070169fdbbf2
942810925ba2a03
5f1bbf15c693fff
597fdd7e32a2a94
3f4ee9dd7244377
2fe6e72b898717c
720ee17fd3b020e
09995770668a603
447edb81b464fab
a2a07046e566fdc
2ce2b2672a2ca2f
0c642178190cea8
1bc81c15e80076d
4485f1366fac2a1
4bd40af00d3a577
3f0fe886002ed5f
5768d7aff3c3933
6a00839f6af9d29
3663a79fa93b792
064d7ec54e253db
a2c78cd66f0e41a
a62d9db4a689037
9277d29058a0b1f
484b28fc97becfc
9a0f10b8cc73217
2d8df821579a9f5
50cc879d67975bc
22d18e6289dc601
2dc92dadb2fae05
2a7e50db6ef7d84
3806c9f7e3a7183
754c1eeb2763dd7
316a6c26c9ffd23
5a822b81d99c6f8
3d9452033b2439b
46beb49cf9d5ed6
1007461025f4e14
180f0b3201a9b34
2491b32a4ba300d
3a24552f58bca11
4abaf837605a39d
474f05a3fea00d8
a2c40db5cde8299
6cc330e94ed8ca0
20caecc7be16b49
af0b8837f49c529
2d2c63686a8e25f
0b09638bc5f2de0
95177fbb757946f
739726714395fd5
194e46af46a1d9c
56c08457f03450e
5410e139caa134d
a8ec1af11a439db
11de2a43c0d4d9e
25b91e11d49e410
1c9b8d90c7d7bf6
4521c6731076e9d
7fecd7fe71fbe98
a7f8c149b1de0fc
33880f78878b8cb
747c13412b547fa
18e598d77c1a89f
22f9ab7dba3f022
5f84c67b94ae781
779fde09c7b4ec4
8a4c9d9cd669c46
6ce100824256455
750bdc84fa519f9
268bcb6567367c2
839b069205fc089
76dd6166ce15fe8
129a5fcc3607edd
a93998ebb5cddd8
7d1a60544012538
62a3aacfeff6348
05f6d890fbb015f
a8c38808f41d1da
8f96279b4238a7e
824db59789dbab1
20bbf9e690219c0
87e1d9e36de5aab
238faacc5b7696a
8950033fd12db94
1094be089a1aa17
9f1982379fc5f09
8bd0c763d3cb63e
15082552bb00d26
39b704c7aad6cbf
5fdf31541864d22
2bc8b69b636a2a7
4df5c0808bf52c6
824160e705efddb
997ad47170d4505
a00f0ffd4a8856d
1fe479577173af2
07495c3103189ec
9dde2889c41fd04
649b1e59dbde2fa
a7ff4bde792b10e
5ede3d34b189552
5bf9bab6de51e61
a4f5a602d8cb673
5de167f347f5dd7
901b20d0d08bc70
7d433fee2aabfa9
1c0c9965f623d38
578bea4e63b96a5
9a173bef0f225c5
472375457a239ef
417453ed46a5d3c
6033eda94ee81e4
7522ac1b7e21d64
2502bfdc2907e38
4678f406427cc28
5be61c23cf1b5c9
97e992a244d1baf
2f71b19fddec47e
32491fc15d334be
1d3206dc3daa9a1
b2b980d873e8d08
292c1dbe6cb7bc8
7fe3e9741d0ad5e
155ab5fcb51da1a
37d153e77f16edf
0211f26de7eb8fe
b1893d4176b6cd0
ace7d0fcef6a68d
9e255872d1c3850
1ef11eaaaea0503
3389d4f3ac336bd
5a71c75abd1a4f9
6cee4441667d470
54d7e57a88f7f0b
984ef8008023c2a
7f5d56e27123f2c
8e81400cdebb110
6d93d1d5abe7e0f
01190b1125f4648
8e5f68306f478c0
9d37124dab59b06
07e44ac5f501208
20f32462725142e
9396e534a80dc7f
a89a5ea517a9473
6a97ea64a59273f
7aa67935b57bda9
63f460c9fad9b24
130dec1299c98a7
ae9d35cc4367433
0ab637ecd6f76fa
9dc462391bb045a
4b7555b0cd3d061
72e7f8c02074fa6
9147f6611f84d59
6a423e1658abf3a
6349adc4eb43242
7006e5735d42de2
1213760708da2ec
a7386215206b5d9
a787afd5e48c307
7ce925fbcd5ed74
32aa108a228543e
7586a170fb3e631
7d6785f044e1c5e
086ff59c0e47079
78ee1329dcfc237
1769af5e8627e0d
8717c52f4077df6
9ae0fb2450dbc61
6e3449892890e8a
5de576f7fa8c488
09b42ec5d586ea4
8d3c57e5bc48d2c
2864b9bb9879711
385f3d7939894bb
8cf54acc6926842
3011d9be161aef2
85f5f8d7e64e01b
39334a88aac16d9
0cd2704759a6045
1eaee68e8fc7293
6193b7ace17815f
1d43ef705cc5574
1e34e81ab43434c
55ef1743ed94ebc
266b2028f8b104b
21a34cb571febe6
6205db0fbfb7f77
57f826a9965b06a
44d8ed76b870b19
76d0fbc52f3986e
a1005ebdc644e16
16ef68a1ac6d623
297284ac2634809
8c7d2e95bfe1929
4d5e6f303778809
809be0e1ab9d590
a85412df8bf046d
150ddf5dceb6abd
736bd8070e3d0a1
9075f498d4c61cc
448acb05f203836
1656fe97f643aaf
b1bf792c5195d63
84a48c143d2ab58
33bc1b19f414580
56d61f2eb25778d
2c201a6a929114e
143a63b26ece2b7
4cdc53d4ae708e4
b25692859c5850e
36265406e051aeb
999e1b6d171b0c8
73d8e8eeaa9b942
73f55ea0c81d593
9f7a9b8962624fa
56126801bc2b12e
5cd5cac4049c534
1669f08d39993cc
378a4703cbaeb9b
3690a38805b463a
46a5ca83e51ad97
00bde6e7c96d0c7
5240573b42a4301
3513859d5a07d56
4b0ae14c82a3c9b
0bd8dadb09e7b0c
3b3cafe5e36d239
6bd820842a53d5a
07ad73e4789e3b1
786e1b01355777b
82c86cd529963b9
59f58b614cfc34a
3d2d2803d370dd6
80e06f796c8ce60
3bced873ce21736
1ed1d05369c45da
495b90da96812b3
b2e8a07538ab8b3
4389069e3c49372
8a67894dae5b115
132a5f701d5ce98
47f00a84dd2f5d1
8277ee31ff91455
4173307267a532c
1122622f73e5374
440b4bea1240b84
7754a41172c293a
504c3ecdf806c3f
3e54f280f901e92
386c4fd3aab7f26
44eb519250dc863
1978a506e9a6bae
aba040e70a24db3
2acc67d4119c04b
31411a605938701
59fba8033d48c94
482b967d642816d
2f2004baa76abc5
2c990ca04480393
29a16228d4a675d
8a18e359eaa55aa
903b109e77c9be8
9e1bfdd24b001cc
1eeeca17d02befd
0f796355d0854a5
763cf6a47e1268b
08d31d0a3bc07cc
56d8931dd400b71
1532ff66565f0c7
9fb4e0511a5ad5f
6deebb8a62110ae
356f62eaeb13dde
b1f924feccda454
3b9ca538ef3c36f
8b4d8de8c71eaed
0fc3dc9cc0dd759
46f44c8531e923d
13e9de47a890a7e
4547303d2dd4451
8315f35b8d34127
a8da2cede02932e
971d07d1a4b3ee1
82e13ea6b6a60f4
879b50636a4fcbe
4724e12ff455628
35cc8694f9ded06
4422b8fdd7866ca
38873b10590bced
3e762b0d56aa7ee
9124ee954967ad8
5fe0d201d8c0be6
7f3b6f8324a3b12
6249312624b1d0a
8a00f894e64551f
1b127cb5ce107ce
09b09fefe0da90e
2c9354d6ddd3cbe
3cb5a5320833c33
aba6d1c1bba9c40
700a354a9b099a9
820e4f57ed66a1a
1515b9ba333636e
5b76d61ab1f687a
041a6e8d580099a
64cfbb214b5421e
abab36022231c47
817a159cea6d284
7c957d4702b2a3a
934b126e30ce4d2
679f2594935d5c7
3c07bbb8599f2df
6c773eec4cd2521
4a1992a19272d4a
705de68378e8585
08ec0ee8d0b9b0a
8568412acd1e524
800bac4d718b202
5d49708a6ebf2a3
b2436c0ed42189f
31c25a5b08e2619
87ea45f7a71b14d
588c2c61ae4fd1b
5b3586c99e63342
3cdc6f8f26a1d24
96fee50d926b99c
71b1ad181e6551b
a10fbcc5173b257
3af50e80b9c7369
095bda55652f995
8f30ce25f692f8d
afd5c52aa83ee80
44ea19974404d19
236b716714dcb73
31e8b8aecad9426
9ee80238e8a1ed4
22b749ed0600872
8c084b01467ed16
051dde2567a8624
403b25ce3345509
8bc754d718bf6cd
2dcec6bfb6d9df2
53027074657ccf1
9a6153363fc0673
a60f77db30ebe3f
13d70f6a3c425c6
31d52db05a21803
61dc1f42a71b093
17407b7fa9f696e
7c45e0e223d1a47
8a00f41b5aa4b4a
88226df91584863
13e3af5e7cecc3e
913f5616498272d
58f84d6147d40ac
04a07f1a06e14f8
3463c7d52f33916
3f8b7e140eab0da
493b2922e1e6b7e
520b2da1b3f2f15
9097854a23bdc55
4d577189b5950f8
6a3724ff10328a5
4c427338d0c4f1e
69a14a2e9436b99
83a332f6e8b4357
732802cbde627d7
89fbefa1c84ad9a
12871e9271cbf26
419513958f7957d
b2179c035fa9a99
a6ec0198623bba0
64ddb7242eb6d71
79dcded7ddc43cf
7c7a2dfe57ebec6
299fa8a9444336f
0e2acab4f076f0f
738c1e1ef5f2b7a
98194235d8ff28b
91222d4ecaa579d
95522288d5b85a8
5fd75be33098399
08c9feb419d1a49
6cd088a8cd7f7dc
a502c7c125f2d73
83367fc6831c7e5
b047cf816869969
06983bb2b80def3
6ef7d7690dcaadf
36753157029bcd3
268a453a9a91321
1e243742b43bf6c
4d58cbd1d207f86
75b613bb2b9630a
3bd32fa57efcacc
68562270986f2e8
5f7c7d3369a760f
7b15a782bed03d5
7818357bb068d20
1f9c11b783763c9
94f85b5d118cd9f
99703d8fc68773f
80b8f2eaceb6be3
85fbe44658979de
487062e7f02817f
b074bbb61afd2d3
7d66e1390250a86
6b45028a12924b4
5939f6df73c8dc9
017f419bb67799f
955168c6b67ff9f
7d51bb8cb3c7b4b
169ae265e1afb8f
36d2b3e3caa6a7b
35972e767b79bbc
6ec5feb50942c14
59fcf5cc9fcc77e
0539c0c82ba111f
7382339bd8c170e
177ce908d85043b
0d4b6b8023a6237
34b8b7f5bc382f6
027efebd8e6cb63
2b099db77a10071
57c815bb59366c9
9019e59fe68d30a
6e369ec9d358240
10e7ef62f25fa28
28c8f3192678e25
2d8ea1c3556e5fe
7e7812016bf15d7
16dc3da39be740b
434dff422d424b5
0b14f01b32fd234
93529ea24700cd9
8da78360cd2c818
5a88155bd93ab83
0671fa3fc556cf3
67b6d5399266b23
19604746dd11223
279fc5bcd1f4a10
472112285c4708d
a79fd1502c0f760
0efef58467a9740
649ac80559c13a9
830ee92b0d70818
9461bf777cc3a7a
48a44a3be2636d2
a54e152eedd6f8a
26762a5d4d0de36
22c9fe3a3ad2f0e
6b44df57da5b600
18f718579631465
082efa355c80e7a
92fe51c4020e8fe
682715d5b85f8d0
293256c59e2816c
9833266b7ec0943
7d594fd467f587c
8ce9f3530601591
1de218c7ba1e2cc
a4a2c92379b651b
628b4aabafa6ef4
08d62238e8661c0
6668f0831bc1479
afa92a3e5c09574
1da082d3ca27afe
42acd6297a86311
1215fbfa84044cb
7336f39261886d5
2db6e917c79d119
3b2d394b503e4c1
a7c08bbf44777ae
3fc36a23d5d8cb0
748b3e51b557b94
569f4022ee70a24
0a4bc22a067be2c
871d06018e85893
4fbdfeaaf631f16
8405f087e09ea9d
a406973e87a05ef
4e42da7ace22f2a
0796e3be6bedb1e
5889835a3260e33
9bebf41a9765bba
56f8fe6ad1d49da
7bf60e881b461c5
a51bd1b726e47eb
281cb9cab66faef
54302912cfa3c92
7ff0b4d4132d209
2054cb75e2bc991
3871e0c0c87f8fa
2490407c7f1c512
0ae5ac2bbd2d252
17d1c2f85986cf1
9b3142216fe4b5d
4e925266d26368e
785c67a2f36956f
95b408e7253737b
7a15d1846fb9c6e
85db3181785a56d
a9bce58c73454c5
5d175fccee39eb7
9b999c046ac38d5
7f2e7ea4e7b5810
9353bac3b6056df
3bd5de7dcecf772
50975fe71e02562
0b79e6e6e5d769e
9d49fa39da1e7aa
96c6bf5d182b600
415e43de0d18eb4
ac234b56a284d67
8e2052c88d61f09
9df2e5c98b8bbb3
55dc2bf92318236
9b74c7f29f0cf8b
79d8ef8eb32baea
a648ff44f10b6be
9c308d16c7d90a6
6fe904a729acf19
011bfaad584a3ba
69c92cd9f21139d
7a36e3dd3874f7d
0d169fabc15d4be
0878253dd0467dd
46571043440783f
9841f0d4df365e4
0d5865fe911b256
2b82a0466c6c81f
9c5632113ab856f
b2101d2383cf88f
55828395c08c727
a2adc2000e47a84
2bdd89633151e42
8020e07a79239f9
9cc85b3db822577
3ea2b3430ca3014
12f42e08085f988
a959c44196ef8b3
5ea3dfab3d2c0fa
8b889602d2dc52f
0b18ae27a683371
6b8aef546f881ce
056715d73d8880c
a1566828e7fa6f6
03ff269d7988447
1b6c8f2b1dbcd75
5b8fe904cc3d961
a1a4f88099f9ba8
4a8302c5b49f8e8
4753c2c8499e9d5
513b83e2447cef0
2be238809d56a0f
4713c4ced998467
730dc46d8a28bb2
5effb875bbceeb1
0a2c46a76c00ceb
86cccd9131336f2
1849c839aab65cf
22cdd478967cb4e
33e0124cf0f9fb9
9adac707f07be42
a92b5daf0402009
7033b826117df0b
96f0924026b01b2
155ab52af71413a
7895edd7a150aa9
010805e8f749bf1
8a7fcde1758e283
1afcb5c525e12a8
84bf20152b5f95c
0680e8bc36c9342
a1b700ac0903528
3a357a92b22fcec
5386f2872d58c0a
4957324f7c8c5fb
05fa8675a86cd89
0845ba6adb18ea3
4eb4c4548f36c61
4a0025d01bc557b
a18122fc1ad01de
ad228a349519be1
4c2b7b50e013764
8aeda58b3b8e733
b1df9097b102c18
9a988f1c8533d54
8a3f86adcb3edf4
9f84ab830e1ef37
2d1105cc91551d1
944d4d62eabcf48
8d3dfed66165c1c
44c143750ae43c5
9502aec60c04ec4
584bd8e3ea031a7
0e6f1cf2c4075ba
0ac8fc1a2622dc8
4815c33e15404b8
2a27316b640808f
730e7cb4072e0b8
0c5ad73a646ed5c
266e3b6c3108b5b
3c191a094ac15f2
56d05e107c71c30
023be8366fb0abb
0fced3e8173d305
27bc9a8054ea950
472486cd9534a5c
4f02838c32d8b3a
5c4864076860b8c
05d2ed065b8c95b
90498cf63f4743e
62c1ff0abe8c763
6ee39d142c21d08
422586480b5ce0c
ac675789fa53348
a01e0b08497a475
77c3d023301449d
8b46cee3e2dcd0d
80a292dfbd00424
8827cde4de0c58d
7b54626108ed995
399b78c0c5d9ab4
93d9e2fc19c6b72
6c7b045c5c83db5
ae947dfd7f147ac
7b6ac7b8dd607e7
6d0f1be2eca498b
19a21ed86ebbaed
7293fc5abda42b1
040f964a969fae7
660d9708477c9df
20017e8d2aff4ce
b0cc0f714253934
25818e710991e55
1f16c4bd10c52f2
82cccc6fd4ff553
450308726d9a9f6
ab37f1af879f584
6f298a6e6ce354d
aa8cefb509ee446
35f11b648ba1b40
81167cafd0551eb
6671a7906abc2ab
09440df569f4db8
ab6c4d413b45c60
4ce3a5b507e989c
550f8b3603fc221
7f64f61da06600f
2c9008d810f0418
2863f17fdd7bc03
1c8cbd1bdb5ee5e
3a2eb9f4510acf8
0d152394e50ad11
153fdc2edf383fb
24a2778e60c5768
5075844c1f99eef
84205d98454bc34
7c01b9be8257cee
758c8bd5dacd3a7
9eca13c51c26553
0be1618bbbabec2
00f35865e181cfc
010e6720d186992
1f0f479997931d1
5eac6db133b55a2
954e941e0db04a9
185347a3ad303c0
6f16892763ea59d
0f389a3122e77ba
99147e8fc893007
933573cfd511fdf
a3022287e00e63e
961bbbf3b7722d2
25622fa4a17bbe0
8a99014e0d22ca0
b109bafb86ec152
03fce5f810a929b
70124476e4f78ee
8cc4cc8d6811053
700e30b682b8246
3dfdb39bd5cdca1
3559015fb4435d0
98fe85b543b084b
6d300ff8ac1004f
656bfa1163cda21
098f268a0cf7842
3262bcd30f01e86
8f2686d8f37d665
3bc740e56afc097
68207927208155b
3c742415d9a50ab
00da6db1d19d18f
41de89e20d6d105
6286f3570cc0d0f
5a09a2b4af8ada3
913f5ee621b9677
392ae38d3e454ae
59dd22170e29e0b
39844dbe1fb37ad
5cd59d5bd88778c
6dfa2ff31172e46
3c01ee75c038713
44e871ce629d907
555e754394ace0a
821cd58c4ba70f9
4af480314c207d1
70349f96573256a
b14bb5549b4f14d
8b71a2011329857
593608d34df7278
6be04579e0adfe1
0d4073b9288a3de
52083448795a2eb
4c81c5f9e90bbbe
14291e489c098e8
7532a281dcfb111
59d95f86ecba71e
8f26b40e2a6c388
4a15f1917caa965
22b6c74d2fec868
20aab5209e89ddb
437a6d12b498cb3
2bcf35c3e45c0cb
04f84b26a40fa59
274edab14ecd3bd
185387e3d8739b1
454ddebf150bb93
9ced8a5fe889639
5f97f00ef1da620
79e877293c87f62
8582cff12a58a37
0e8b4881faeae95
843d8971ea44006
5b17b1637155b70
0510bf244f206e2
7771fb94048717d
5334dac003faeb8
7426a0f1ef496f3
231b6aa5622d974
5fcda04f11da1ad
762ff143ab1fbef
0ba8d579a6b1b22
503f49fe3a4d176
5c9284a5ba82b50
ae6bf01b9a7d3a4
4a37c1ad78b3da6
67959bc20d7c866
14b2f5b337996d8
91d8a8848b3227f
600e7583bfd18cb
7f08b296179c114
277fde96871b58d
a92678696ed02c0
a1313e65d395094
19ea2d36f830fbc
ac1643688660d11
2162b9dda8b0d40
28d7ad075ed88b5
7888d5ae16a6c4c
8327949ff18f12d
4549dd6adec89c4
71cd23f608abf97
721bfeb50ebfef9
1e65678b9492d7b
21c429b8393f539
219184e892d2532
57d9ecb98358334
7bde9e59e448df1
a92142854e90306
5ba41eef7d03fac
9ebdfcb70468568
0c78dce1a1e22d8
6e41f917cbd54fd
4277d7996f88a42
1ffbbc9363cc740
2167e1273a255a3
1fc15b2fd88750e
a18dda2faf825c5
9fdd69fbdd21546
92f4126af7f08ec
96f2c7a39c75146
02ca1f686125858
77968974dba9a25
9c6dff28b723725
582d3e2cb262cfc
4c2c2d1595d7b78
6990af7c7013500
6a1ac55f9d2c8d7
6a1ca07dbfda98d
07dfe867e25724d
189d80f7c8a4b30
893cd95c25cf9a9
2903526d3ce50c6
384db4ff6a2d191
a4b60526ef79844
4d5e19a85ec387c
2a8fe9b211406b3
19010dc8e820a7a
003c3e88db18b5a
39dcfee8f56979a
720afa3f41acbdb
8014b37072f9d24
aef4a075c8577a0
42645bcb61a8de3
148e6c5c26d2677
7542cf3ad3107b0
833e8336b3b3b44
ae4528e894cc6be
2c4abf464ed6a41
7b0e30816253f08
89ecac5d40e74a9
356ff4372ad1f35
7632fca63b3b86c
78f34d9978b7581
ab4bbaec9f763e5
303133e1350e1e6
52764cfa1dc751e
81ce9ecc3b05deb
86e32e81ed6ec4d
2a4912a3fb16346
6ec63da6246a0ca
37d9fe5004684a6
4080e699afc9df9
622a6e7cc4a8559
63824a1e3080a2b
0f994cc47879750
1db9a85433409f4
300922e7731a459
01224191a9d6ebd
ad385fc118cca7f
4db81fc4d9457ff
9d61e4a7a885bd2
74380aecd8ad5cd
34c97826471ea01
a045ba73fb16e18
25ffd48fa8046ad
1b26146782d0fe3
6c4976af551cafb
32ee2b387c04229
9d88410a4ae22e0
9a30bdbdf2baaa4
a4ce0e7cca5c18b
226769b40e30336
8f8d69adc3cb5ba
629e649f08598b9
0cc620336a496e4
859b55e1c87b1d2
4c0b50abc08808d
6efcf33779d6ba8
71843be9bc8314d
3f644e5c4d1fa5a
7c819a972701952
ad600af59785742
61126356e1a1a1c
8b9a42aab3842d1
1a24c8ca215b8da
35b3d575406464d
a9079117cd32408
9227aed279399d3
0708a5a35c1cb83
55d7c1f4de09787
7dbc37bb243bc75
4977863b4ddc261
1cd12617513bdd3
371559ef1c95141
a033d00b5d9ba08
122481378515d06
4d87b9cfe24c751
280bcce118651b1
9663acb043de472
a56b77172349881
1c8b319e979f925
06fff9ffc66cf30
82ec418a586d29d
0ec3ebdd81724dd
88043825b945113
9c4766b9d360251
662f5dcb3740026
075f4f5dc85f885
52675b2da001768
2101eba45080b0a
8632a723dab169d
871b366b7c90268
7a13d9cb4dd5aec
8f959638a2c09f7
270fa406c878788
5a6562267ed9a5d
213a228cbd6c6b6
2b3eaa476ae5b4b
4a0ef1ca07a5d62
6512da348860049
5d680c6e0bca659
36b54dcaefc4ad4
76fe76d3c8c00eb
55f28feea655604
379bd2d69cea3ce
152a6b6d51cad30
100c8c52045eebc
21292e4af2e64af
7d7bbf29672644c
548df94ee9339aa
ae0f6e363bc3a73
4110cf274dce05a
4c941e2698a128c
0516bbf4140f5c6
367cd73a29527e2
51b6a6214fa2104
5d5675c70301ec4
5942911c3a5612d
66a1b90c205528f
10103bbe2c60109
0cabc120c94b24e
974cd2243f4f45f
1258fc38c68a3ea
4cb78bdda26610a
96f7cd26a3b4dc7
609ac866a9a7389
45e311cc552f1c3
a0d457740a10d46
6d9816222ca3269
63a43683e2d3b11
580fa440bd121e5
945571372fe58f4
9b7eb5059548f69
5521f1eb3b8ea9f
89a38dd1f354727
6571fcceb25f5aa
a8668f407d31fb1
56159331ab22d5f
3601f00c78629fd
4f117847504a891
71426fea41a9c83
050b6d011cd97ea
44011b9f9ceb272
56a3422c5bb0d79
b08058e8f588420
0542f7353a95c4e
0e9061b5242ccfa
33bf7afeaa9fb0c
133ac264a6477c2
810a5b7ebf30767
abbc2c51cdcc837
763e5d8856f65c7
967d6859d621725
167a447bf3ff0f9
5619a30c7e4790d
b2dae4a258e7eaa
9e1c93e4369e263
a18745b445d495a
61ca06201082f67
7b9b1bc3d634901
1aaa38379487a68
0e44df6c8643306
1389b90f541748f
2c3a3f8306ff676
0e75c4d06936738
4ce2e9d089a0feb
6ae95c19d65f910
1f42cf66b9a6262
2be6130912d888b
8fb53b128909a51
8a9c9d4f0998dbd
8dfbaf72c6ce0c2
89b79e0866ff3ea
5f3ca086e4e8d55
7e13fedd7f95ffb
753e1bc2dd131e9
52b4c8fa422fc1f
941823d6f19622a
94dff5a78fc91ed
54ab2749ae9c594
4b299a82638a5b6
80bf4e9f66e65ab
3ac3f679129cf01
1eceaad72ee01fc
859c71d8e657772
774e6792072cb97
1ec5c4d039b0669
77bed79e211e427
6d8cca110d8aac6
869dcd2b092ed40
0a6dc1ab436cf37
4620bb435d15132
58cd431961d3b28
9c19512f3bd1b4a
0ab0a73f1d5a62a
61c4b7b3b4d0ad0
0af296ab68e93fc
8715fee3e2b747b
3e0bb90456f3ddf
55e9a5f86a030e5
30c2fdbbaf61495
886a2dee9a7af33
607eac61af46d75
15e341b340bc5eb
4075c340e3476f8
03c2b1e14bf7722
4cefdf0b9bad66d
6f477f8d2921d89
04d333c1dde8f41
6a4af9ab655f903
5fde79cf04520d9
5120ee106f12840
73d7bee2aed87bc
16748a57113cc1d
92ddf3e3129ce5c
992bb713d0b42d1
b23b5e2f2cff495
b06ca478daf1071
31716d844895e60
2c65619e2635403
32d2da2901e51d8
5d2281941111190
a332d27b93ae0d2
85188fb167cf5e3
75efa1a70ece6ab
05168f162514915
1e22a85c6c29e4c
a15dae8a914423c
573d11443a4dfaa
8b13f4354c6c544
1afc3cd0b2b61a1
91dd8327986404f
43b4daf3ef1d4ee
3fa99e7ffc3855c
a06e6e473bccd95
a95fe1e617261e5
5975f22d8797566
a356f10116f3c6b
ad2c7dc1cc23c49
ae9b4b1b7e1c761
6bb55f15b20c841
a4714ae83b8e98b
004fc49c485f2f6
20086f21e17923b
0e3df313f9150ec
a1d871c53e66265
2eceab7f78eacdf
1ca65770c68d1a9
5b59a31592e9852
2a3dcedf2b2b01f
11cbc54677314bf
5844ae51d255990
2ef8d37f53f32fe
57811c70528a3a6
62ab3575127ccfb
716aeb56dadb1a2
04ecc3846a42921
2fcb34ce659846f
77dc02107b48400
70612aeacfb67aa
15b5086f03a55da
14b289d5b95160b
8da1712712e2992
3e8522ac95770ff
8b3fdfa49420cc3
00b132fd4b0f453
7ff166e159a69c5
4fcf88cec40a722
7e67a973bc53afe
315534fddeb3053
9cc75d43f07a6d8
9d7a9c95c747ef0
ab6c2b1ae119ec4
0fd06d29e4abdb2
04ab51f0a15bceb
3c2281c034543ee
1aefe07bc34e8be
91b1606991f0967
5513be59419981e
9c4fb392d81a735
7730473968e87e8
24882a0d337be1d
ac26c980cb0c3e7
6e71849549978b2
0b0187fd70c1afe
97c7f35e765bf97
64c55452b8f4b5a
6134204b1e01b19
4c913d33d43369b
9a873806359aa23
83d40024dd0c607
236898805a31e68
40ff6127b2a948b
1274992c613f08c
0465f78a302df77
31a285e2c26d8fc
824cff91255bc61
34eae4e31bdf5ed
49017a985dbd916
5e89492642f91aa
3e740071e7d96e0
7538fb07e45ea1c
30ed453e858c194
58a364e0c3eb16e
515cc4794fc8e39
2cd19d0f040a48d
95593e1e483b728
6a512d9491c3d1f
2c3f19fed0bed06
3e9a960b45817a1
844776ecb599c8e
a6290c5ff0753a1
6bedb0d4467edf3
25e3666c04e05c9
a5a116d01ce9e0d
660df613a1dc730
19faeff7ea59243
47870e07a217e2c
3a2ee910e4996b7
33e9e835b0890e5
7e2123f340b9f50
802549a82c49e53
9e2bedfcb7bf7fc
89e7b51e5dd4a90
460e2c5b5d95baf
aa0689c626be2ea
3043dab43004330
0d16ba53f848959
1cba455241ab2e0
802456d2109d1d4
096f764c274848d
05e8afe023c8a0f
42271da303a4fa6
02f3544e405cbfa
96080d5917a8e82
98c3185f6f8c43b
3dd1d681d04231a
6d682562298d72c
199a775836fa6fd
4dbfa1b02306fec
aae359107bba120
9fd6e0b357e6a50
511b26a1b374499
808857c6c14a204
575dd016d7d75ae
81ae9368e3eec1c
0600355c4be13f0
642f3afb51b71cb
174ffd4e19f58c2
21ee7cbf47b7d6a
70b650ef98b9a28
575bf1b20671e02
32cbd99f23415ed
274c68d175870ef
74b471bb61c6597
2a41e8d030700db
0799984a7f57fd7
154f514e6e52a5b
0505c76f37fcae0
a2c8baaf8b71b39
0461258357cf6cd
257f8b43fd676cb
0f08adab4372dbe
7f7b955ec06f536
53d6d81da1bc547
9ee6876877c4756
959140c1de8eaeb
367786a20fd875e
252aaa6f750459c
82dc4db1b78699c
6f7aea3b98211c2
92085a7b627311c
47573e28316695d
40b4b59aeee043a
0e1827c1a7dc0a0
373ce9ba6de22ab
ae13c58798bd789
3262cd55403a5e3
4e5993b1661ee89
509d928d3786389
8a8bcad1a771ea2
9a865b63622fc39
8c77ccbde88fd77
0b91ed1cf744bb6
2b956bba2ca77d3
65fb38de1c25a2c
a9ab9738089e898
3cf2471a93982eb
8611523def1bf53
3abdb5de3846baa
6c1449de7869ca6
32a0e80e5b3a2f6
1dcb09ec3be6d72
58ba653073d12be
84b77baaa3e92d0
43d8b7c08b60416
58d72bbc05fe3c9
49d79aa5aea2c1b
0fbcc0754d361d4
01348893ad9bdb8
654daf78b8c90ce
a1a87d86876aa67
46c705e754e3d15
3b2ad5ea00cfef6
701061627fb4af7
7870ce855722cd2
11e096a90237d3f
08ebad1c35ce330
9f4372e1078ef14
58a7a4ac3ced275
0a6d9ceaee67e6f
03748c8ac1e4c2c
2011d0a76297e7d
76856afedc9e149
19d17d38d824ae7
8c75f5067324e0e
5afec9b55ff8560
3a9dab71a9f18ef
99e51fbc50c4479
b14cb09c804fdf2
556aaeaaa651c28
2ca2a3c23ed1505
a72cf9f17885823
07d929cae93862e
8c64658d0d073a6
000544bef070afc
0790173329782fe
a802a21d1443a82
8bbc5abb8ca965f
95369772ce7e769
0ab9ca22e60f003
56cf068202db506
6f28cbbcbfb2092
0d1a4deab4f6b4a
0723b6d2ca88317
2bacda6ea697d4c
9dae6df35e06b08
a81a0f88f6a191b
ace1be970181e25
64a13ebaeb80be3
2fe9221b7b447af
796f0b04c64de9d
104073630e932f8
525cc57e502a565
abf0e7de27ee2dd
9b79e059dae137f
520b1badc837fbf
2daae45daad24be
37a3d92e61dab21
43b7803bd5ce065
6869d9998dc221c
6974216f8ee5364
579ecfd088a5eb0
3e3978172b1e34c
10d36fbe222b0dc
0ce012dce392888
19b75e99e417322
8e97b529db7fd7b
5963dd90cf681e3
a387bbac551d323
4c04cb89baec90a
4a5a02d544f5256
57a1a779879c662
051de27d1adad57
a3d0eb28b676a61
4328e9ac18a8bb3
06b140eb884a5b7
5374843294af1da
addc2af8da608c9
7c8990583e63a8e
507e870f72dbace
497fdcc4fd82c1c
2a7564380f3e62e
85e3636ab721a69
5e4ce10be96b685
392c4acf1366498
5920850736372d3
463ab92fcb9595e
6fffe0efc0f5e0f
157b49106f39e22
297f38dbbc6e1e9
0d5ee2c706a7006
7ddc752e9040b3b
21fb0fc9ddfaecf
ada2351553a17b5
70a17ffbd6c6624
1aae37e360384b8
72251b3518fcb22
73044a12e73393c
a41fdae6ddbd079
5f1438f32bc4f78
29bb23325185e8a
972c9d389339299
8ba087b8f5db6ed
271fe82801a9aac
262fa5e1b063dfe
7bb95b415ef47ae
4d61d0f8dd69b5b
72531515c61b42a
87a8799aa742b2b
35a9cc4b005109d
4562c7886ee12d7
00e4a8e61303dfb
851e23cf1df3091
b1bdffcc46d745e
40f085440f1a8df
6b92ca4b72d705f
674209e67e0a49c
0efb27361cbddf7
766d9b2f9cadb5b
1016b04250ef8c6
3cce213bb3daf8f
7dff5f19e3b6b4a
966370542f2f5d6
7cb6e039394a12a
8e603c7684a1598
51193d838c505a1
6db94dc11e634db
1d6b7a6a1b07994
b2f5ba24cd212fa
0b6af960387f4d0
0f22b9d3f6ea3ad
19d7f4a11b390cb
4af000b97ff2bc3
549ed9da8c0a6bf
b074184462886c4
ad2555d11a83cda
52b65fa99a668a2
7932fb37fe927a5
7affa985e3f8844
15a0f36e5a1ead6
224ab2cc26f778b
72cce19c47f08a7
7b1f72e6de46135
4cc825a6ea7a845
977a7ae7ddb8cb2
a4727d6857b500d
1c5dc51c530abdf
73d7030b3e8502f
83902d58fc8eee9
0d9f84f7bd4fc49
53bcfac38cac2cf
67e0cb73ceafa5c
9fe84ada57b9d6b
7b24b2a1f5c4ec1
034c93819434f28
202c476d9d87e39
1f348f030abed89
7e98e67ef43a084
080366b1a13b412
ab138da975e42ec
0df5d535adaacf0
2a6b344a4d386e7
2f74c01a33e2d11
986d0ddd70607c2
08391db03de202c
4c7d60b096639e7
94946ee313b2959
7b08fcda7446848
6489733bc4e7cdc
2d54e448e949bdb
16b7ab1f020a55e
7cdba083435fb97
4471c90388d3193
0e386d4a6990668
8620493030b8185
07e83aabd48768f
75631fa851f1506
71c6abda0ec02fc
07f94a7b08526e7
755a41cc77b1c67
978e75a7c1cce1c
7826904c69a5895
5a2e7d427cdd406
71de5f1c88c3509
224750ef1f8ec24
9b075a06e6b92d5
68a71b78e157395
4838791abeb4e6f
7ef28b7f2dcc08a
9381f16243e50c1
1768060f27037e4
17d3f43eb17c030
1c4d608c3727d22
98b1bc788f4694b
8fd2e03b1602ce5
7d107cbd33a9bab
5b2219d1eb20490
0d6026bc76ba2fa
62e41cedbd15b52
0151c4b1d376fb7
5dd7e23142c0bbe
28e003a29da4f43
323d45991d29602
36f8a0d87ab60f8
32925c5486df2f8
04db80496c4f1c2
92b7545d430e677
7db1bdd23e42e8d
1bcd44a7c26d793
65133f15bf5e8f7
1cfdf1f1935350f
a03012c3e74309b
5ae2ecbe3c47da8
a29e13c661c9bd6
6eedc5a9ebf361f
5ea06b0deef4b9d
a845bd8bd425b6d
9a0f68c217d5b8c
25a08ad07d6f91d
310d22594666bf0
2534dcf64b17fb8
5fa9b14b6874a7c
579a65dbc834361
3a0657e4d894b7c
9d4db2bc71e554b
4e8ea2bab5a5789
a0e00956dfbaa99
23519e557e70ac4
0b353ad1dad4e2c
9c0764e562286e7
99ecf89eaadae09
974ddf33b3f4544
1d927bd1c6f2461
4e04c61a03e206a
59e6313de2fcfd8
a96ebafe420dd5e
8ede49989301980
283ab162abcbab4
394f740e8193ebe
7a68e5e1f0e41b9
a019f3f55356011
05c287ce633b573
0f8d1cc85e79f47
9250325bfd5db4b
8c802c19592276b
7ef001ac6915375
869fbec437b2f47
993ded8557b9fe6
037cede246a233e
43820d99e1df24e
a6aba189a6dcb9d
a267d953a146bd4
955bba8d1c634b7
41109ec788ffb7a
86d78469795fdf4
6ddd80f9bce87f9
19b252cd9cfe567
0fa5af06a675a1f
373e9deab1ebf1f
708a59a79551421
56e8938bb55b2ae
2e1f976a2127678
7de202f3314eb66
403955bea8a9034
7a9f3b4547d4250
349e0470568d67e
65f1b49dc2a0381
6c898ca7c92bf80
2e519741699ab82
527163bb26f8350
2e919349348696b
42ec4a2b1b4202b
00bd0f23458a461
09b2739d48f99e7
4d1282d5a9bf908
836d42e45f9c399
9c919264e42f87a
094909ffffff2ed
a747e88b180efd2
4992dcecd402cfe
ac78c63308ace8d
55dd360b5fa791e
50ac3a90cb4abb0
1ec1da6a88db267
353738d6980b6a2
1b16137ac668935
2442959d5375496
29cb85ee1783dcc
02e340a3b9832ed
8a2c537d1d21108
751245a51c2ac50
403f95ded3453c5
4584000079c4688
3195173c97c969c
7559e096241cb58
a0c38a069cb9b43
47eb225bf0e8cb7
863374b5b4facb9
2107f4a778c9651
190e77439832094
97a60f797ee289a
7c3f7fc08d52bca
22e0fc3b3716759
8d9b25b66c4be7b
8ca1ef2a69a9232
6aa9ac21542a08d
35dd4120db93f16
33412bd566bfb2c
8e9ab6bc50aeb43
9b669c761c3a06d
2d951c297086900
77e8b2814407c0e
6101170f895fe71
764a8f82b491482
9fd6524a83bb5de
087c77f8514dfec
0d4608e5599b59e
9d50da116698cf6
6b15f1df3555fdd
415606c02e2fdb9
b06f7f4b22a6104
81b7afe8631ec05
afd8d7044d5940a
9ccb00824dfda64
6a10e93f8fb23a3
6a0132b347f79fb
4762b0fd275e2f7
5f955da7f11ce15
4c444c880302722
2ac555c03b0d7b8
9e590cc4422fb1e
67fe52f5e00d0a7
27c83fea845f939
28f4ecd541596b7
3b1b2e9ec9119a3
7c09e7a439dce42
695f9ffd46c1f83
23e05ad37520870
2942127b15469de
3240ddb63e571f6
5e88ec0e10fb014
05a44f3e5033ca2
0a88776997acfab
4973ce8e489f378
53a14efb10d203c
183b6cbd7c5ef3e
286dd3e3f1968fc
1108356f5bd81b5
ab2a26a7c368a69
030a39b6f90b514
0796ac7187a6c6a
a3f45fd2a5b815b
7f0bef088609cc4
388d5fdc4b7cfdc
27bbd86f48618ea
affee08d4acc2e3
076ecdde18e855c
3442fdc6b3994b6
59117e83cb03403
74572a25e0c751c
6ca2b075e143f9e
0d290635a7da9ef
6f9d5ca5783c9bb
93b6c70fbc89de0
390ded2d1378eed
32de3b352d45b82
58a4d3b6c500b46
ab2f31286f8211a
422a1cd069e10d6
9ba7b77aa95bcea
9d55dcbf539318f
209db328cc4897f
75965c03900ec74
074e076d0eb1888
4b6778c79328c39
aa901cbcc29a317
97c7e90922ddcc1
a7c131ec59ce428
88c11bc5b8b33bd
1bfe1c98a6f7036
675c499dc59d285
3d8d8f61d96a679
2b2c913c07fac10
08b5b3998987c84
85b248ca53f6761
7409b87ccdfac8f
21eb85dff5186aa
1c5732a9cdd3a34
6f50ba5b361bf7d
b0dfd476406f7ff
4a7ce6d5069e0de
78ba47f7942e504
8439ceeb825af09
72876bcc40ef124
12389d940e8292d
45fa97159cfbcad
504d094e96ddda8
05da90fead8c6ac
0859262544ce364
35924737b1e6c77
4c982fd51a8cb37
8d6d3ddd1b17d84
5addcec605d4609
98be5d348f3720f
580011c40cdccd7
56078b38b2930c5
8892a7e37066025
668fc3b558b1e62
82fc2ab68891eff
a9e879cedcf6fbc
0994ae2732cf529
27c461720d3a36e
715bb6ffd69b1f5
4d86dc40029d86f
28cefc342a3fa8e
aa68e93e04aaaba
0b9449b4e78f812
05885943815abd0
617104e39f6d813
546524b45a307b1
5df59c007117be7
35d9e4c10f7c317
834362ea8c8923e
a8304b50fe221dc
5d946bb2e8c336a
43e77cd7c734410
68aab4ed5ba96ad
13de4df068e196d
08449f05a8bce63
2f0a3d3ce698047
9a3738686efbd1f
89acd99b264f895
2267f86bf688e4b
8e0ad0a7b0fed91
4890e1d3535d183
8fcef65b51878ea
2428ef040de7073
5dfa244a2b0cf59
847c46a780b7eca
2338d28b32c0c3b
1e88d085104f4a6
39e1e65bca886b2
6b6c848a6d8a3fa
944e14ea206e8b7
a5f49697e3af824
153cc0829e8bc6c
60f608dea4e0ccf
293fed565f63833
4d3313ab9f88643
6c7617aaa8f694f
2f0f12df66d4c3f
19ae8488cfd805d
23014770f5a7b8b
02cf7ea5d3e5cfa
20f13bc154c29f8
38c29797bb354b3
3aa26e644a0d18d
06d4e7e164965d2
271b533a28d684d
a8de62f94baee32
6905c4fcac80e0a
85aa2b8acf80da7
1e34e8bfcc50243
9f873aef4d64737
218cfcbbd7257be
822f47c6cb08495
7654b18c00e5a43
73644d8c15f0aa7
49178cbcff87254
b0ef5ea32449506
a37b76f4d1db02e
338e3254836e80a
33854dd4eff15eb
348c89d28f473ce
1072ff2cc8c650b
28c9f9606a735f3
754a5d20c4ae13f
a56f345cc16fcb5
7eb75f68e42c666
253a9276312d2ad
6991d92524ffaad
b17e855dbd3a42f
1f8422872156bb1
3f36491ab864225
a841b527e37743d
818777a3c803d28
b1ad27733a437bf
1cf409dc2cd116e
30f27b18dde48d1
6e16be21ea2c2b6
88be815f5a2eecf
98f51fc2831ef6f
a2b256f33b993e8
664cf7e95d55ad5
2d8954428d1ac11
26fcab97a5130c2
528cb4ac6ada9d2
6ef22aac13bf485
8b93a322f484b90
a9368c3ce58eb9c
957038c8cecfe74
0c0046782490927
88d5c074d6256eb
45aee8a1715a084
0cc61d7efd7e0c4
a264011789d5aa4
b1f8182c6a9d8c2
11ac55898b2b33d
4c45c3e41f753b5
000a26c5be56345
7a58aa6244455fa
383538fb484b560
a73359bdaefe848
6810106389adc6f
327b6f1111f3f01
6863f715f23e9f9
15ab6c4d4d8aa8a
08fbdcc85153315
aa090020bd6796f
4e37b0faaf276f4
436fd6ee37de302
ae34fbf98df40a8
0a560203c2580b8
878cf4ff622917d
708a9d6c3e6bad7
10be2ec8f7b99c9
04aacbdfe53d3c1
03a65ed27a3440f
1925f13e6bed4eb
9b0a0aec70ea924
507d7710bcd0b30
8e24e474f92e527
a5623aa2895910d
635cea1ed6f7e99
8ae15420325c27e
54f5b721e469454
60a25d89d4ec2d8
7b706c55dff3152
ae3b63a147da943
12b31e55b25ac13
5d70524fca181eb
15fbc7144edd2a0
7c0b71ba106d0fd
7697c2c32e361bb
23774171a20ce60
701dc5ef7dcb645
82bff5622afc3ce
3e53fd7854d8624
3d3799b5d773d34
69ba297004d4ea0
452d2fb09fa8166
afa63659e4a37fb
5ee0661daec8109
9c8557bc4fba850
2f411a414ac2e81
52f73975bc088d5
5b153e8d53c51cc
4083ef9f2d4e984
4d7387517610d9c
43b8770740da101
5449724010ecb91
429a35a8933e2fa
6e4436676f9d83a
35384e4074d04a8
0eddcf49796d025
4f8ae1a2bd86e5b
96e85504be322f1
70d156baa135e9d
76a5b43f082746c
01c9e52a740829a
823c3b9e6f1e5b6
18d043e4ef38fec
53f0f513a0d3da8
0b3b4ea0b40c024
1b115fcb14e721e
857d9bad79c3c33
69995ec40fd016a
3d2aa48932f5824
37d3ceeba496d9f
a2a1f2a4d88085a
8cb55ff606e4ce1
8701759cc992759
2248c1aeb6bf6e1
3ffc6c1955aa752
2dc49612e5f7324
588e78baa6f58bc
132716e57873c16
b1dc056660385fd
a4701a8f59b72d0
071f4bc3e335b61
62436512645b851
8ccd65a73e152b0
57eb2ddf25f1f5c
4eb851ea856e3a4
10ed80fb2f1d69a
8c9737525b12515
08b218a815688ac
7d04a69277fd1a5
28415dd11516e08
1325fa5025fc2ca
8cfec8fc960a307
618162d062ae592
79dfd9f2ff48c89
70ec05cb37e5e44
b25a37e9fbdf9fe
a87a2d1067638d2
3cb7924460cbf6f
32805bb86b82b35
61432e3c193ffad
78e43356b721938
9f3c4cd73ecc773
5cf88b17bbca5aa
543d3e4c3762160
6e5ee3e51d722cc
28649b0ed086531
49960ae8a912045
2d1f8459b56fdfd
2c160c55f50376a
4fcfbddafde10b1
60b0235547140e9
7fc45a359a09f16
2094158015f6518
0797d11b9e68dcf
196cd8bfa95232c
94a616b1ffff57c
922512c578ea05f
47602f3d78317df
594a670fa5872c2
286b1535e97cca7
60b427f80cff4ba
67dca59b9e1a5ee
00b6fcdce6656fe
5afaabf995807b0
2e7cab056a378bf
1794ab05f6dfe11
a9efb74cf4c9825
aacba966dd469d4
05b2a013bb7b0fe
9c7e7786531e029
88a1b776be94101
302747432d52f99
89eed590f7b9dca
436f02e8867ef16
0276977dc80a3f1
6f9b70dd4d59b66
0bf8656e9cb9031
130aac6c445eb34
835a99a1605e72f
52c1c46cdc9ab6a
565ad713f8f41cb
ad18d5cdd2c2500
214b13b7d8b2d10
3bd5efda536c5b1
06f23cd8d93b8b5
40260352d155acd
5247c9b0d2d210c
64fb5c8f223c547
8d58aa27327ae45
538e922674beaf3
74010ba1e54013a
2dd6627bc408327
4c79e8e2b332672
2bff4fcc9f02435
34a5d698f38b682
99b03e09a61dad5
193964204bc0e7b
0c88a4263a569d0
4a4eb2bcf00fc06
af1fd78e68f66c1
2956d75938fd516
52cc69817186b88
4062866874bcd45
0f71c5c3a9c115d
77e964b06c18448
10e084af9f38d12
76a41ced9cce246
0411d5957c82104
380084d6bcf15a5
3546a347c8e3202
294696de9ab06cb
937e0eb325e6af8
222e672ef59bbb3
4633058c8236880
0d00f78c08f8bce
457a66576f8a3ce
46f7bec3ba5bb38
0a88e7863f32ad6
0518b50bb2566c0
16706a1df75fb8a
8e1e06a8f3ced43
0128871daac7dab
a2e409de18b7957
1cb273f8d6ce67e
2adaeb3e523091c
540fc9da8c81f0e
982b2439ad9d055
8937da604ca8050
5f6a1fe0afb7df6
8a708daaba88315
6be0fa423f8d759
8210e39d7aded39
60c3b2349c1c230
aaf7e9054be0d3d
122ee3a1f7931db
100f00adc6f824d
664b4ab0506eac5
8b19cb7e90ac7af
2de111ee8ddf0d9
9e973497378d8d8
9c36e6b8b1147fe
3c9bb75cbe13767
af1d6e239c9a8c0
823dc3c84ea28e5
01c0c350edac65e
8ec62d738b9a20d
21478336d072360
470451b41335a69
58a0dae9e330427
36ae03e2365d55c
528995ef3b91539
309b4552f283de3
75c6087deacd703
4709ed083061785
37b52de08ee24e1
144a03eec86f546
389a23cfc09becf
92697a2cc489719
152c6d20211b354
2028601e7ec272d
3b569c30b39dcf2
683688601463e63
847f6ba25128030
99caf5b7c4d55bd
9df7e612e2f5725
364b8fa9259ca26
3c860fded296b96
5556c06e2ddea25
3e212a07fcd34c8
6f646ee0d2349d3
3302b6a75e5b046
91eaf93a76451b4
862ae999629ed05
19757719d587a9d
09aee0517ef336d
99d87db959bed55
4beeed8348620d5
8c728de1ee8e244
9b39dbb058641fd
359febc37a477ca
91fd7a0163f3a8d
87fc3b2df9f2e9e
15a87c3dcf58df5
3ac6d85635c32fb
9445cd83ec0f441
0b56cfc4d9d0366
7c19a0021006b0d
a8f8dd7e348a378
52a4df53483de07
1d5319e2f627610
87f00d9455df66f
28114cf3e2a6d65
689b030eb535b51
1a348e181e4910c
acd512104ade8cd
5ee67d6db93fbd0
7e1b7902f4e426d
ad721ca069515f6
10bb0e40c636d4f
1b5d5323afaa4bd
0ea361d48ce33c1
82f99904ca5a89e
8bcd367f9695c79
66d2d4dae829573
3cfe79eaba47e28
18cfa4d22de9af0
8456e8145fcfd91
03189eb654cfc6f
76a020c02425f42
75283dd0c2dcd89
01f868c236bd03a
630a91457527afc
a8784549002038f
0d9e56285d270a7
2d9cb96a029f2a9
1c847b98ead739a
390e2b6e02b797f
5a16fd2f4890a86
54197a8330a1150
a9438068387e95a
85e692ef85e141e
2e5ef2c63517eee
36298ee0a5d406e
77abfbe3e2f8c50
2a394aef6162d7a
86cbf1d4b53f14b
87a017cdeb30709
1ca64442246dd97
8fb0241c7a6bd53
051e46c20c88346
033fd58628f1c3d
173354b85262c09
0a1aefdebc0c6da
8a6b2977b97ae0d
5f6c8f3258c4cbf
b0effddbd6aa07b
0cab8c5867ec0fa
38f55cdc1518e8a
a258f46cc88bdde
20b690d9294dca5
54f23f4ebc02231
23f29d39d385b72
531a87d0ba841ac
65ce525dbd43fcf
a76ad3e91d84a82
9d6e8e22e3b2d86
a0abb2067bbff2d
2e74d30a934cb34
8b4e2287bac1369
8a8ee6b2449c989
60f51e6a72c8350
1a6b0a51c97167e
5fa86f31dc7189e
0383a9f7f2bf60e
5eba3412c121b9d
056d86a6af48c65
3d4fbbd2be7c046
2ee21120648e676
73fe853addcf6d3
5b85d4e6cbe706b
31a61ed89d805fe
55688703c2a10a7
26f27baa6f7f6b0
4dbc0a1d8d3739b
21e03422e0d8f59
31799caac28b9a8
4c97aae774ebe9f
a1245f092420413
41d70a7e7786eb7
70abd9391da604b
55941f50a48a4d1
a759daec6e87ce3
4f82182eda392d5
a8de82802077585
299586bb4878e4d
90a8dcc2ec018cf
3772b8cecc03003
335b2455c4cec68
7fa366fecf821ee
07522e2e8cede5c
8fcfe9621b7dbd5
b16bb926e778eb7
0069454c0905630
ad770c3363c5ad0
157e512667217c6
6df5a7cae41802b
8e587b04ee20bc5
0ae9fbfa845e2be
0eae40b65644f49
0bc12db2bfedcc0
8fe508f20149070
217802ad4ad52ff
a426cf38a5781b3
7dec246b5bcb57d
6c6c26e5d418fc3
3937e00527346c1
137f48193076229
7aafc68d1e9cba7
8d1731c612d1e07
2c14818c457cbbf
82fd693126d4b85
99df8de5fa9d604
62c6e4183a03139
9772fde32ade6a8
087c919bb886527
342db30b55902b5
07d5bb131938f67
0db963d1f9c0c5a
a12f008caa329b9
06cced45b76e038
0cc6344273da7ca
71fdc4bbe2d1ca1
4071421907cb731
6ed7382db6f3923
0626ff1e2ebb240
88a95f33c237b08
655dfd2f5922efd
48b4e394d8b9ac3
4b7d61adf2d7957
49eb5834f6c9a42
2b7ecae1c9f9117
742a0d18c6778ec
7699a20924c6ef1
5ab8542f268ca3f
14a77042563025f
4440e3225cc11b0
293d5c459431a80
9a929be4ff29cde
07a86806249d337
85ebbd25dde84c5
5966c8e4a222f62
848153034401c8f
3a2ca84745dd45d
2a9ceb07b6c874c
9e5adf3f135937f
7388db25fe4c24a
7131ff79d596353
51a8980a59fa978
2a025dd505868a2
674bf81672fe6df
acf7876f4335e41
5a9861e7758337b
06cea9a27b43677
4f4d4607d492942
52dbc36e426b2fb
83bc2335108f5ba
7e1e3285c86a2e6
3f249de241e69c6
0948f091b92d91e
48a6e704f17af88
0a00522ef6b9f2c
77fe3208aeb666d
7f3f9b9bfc50e8c
ae516026b848d17
96bba3ac08c29fd
85409c4f92de08d
8a80ab40e19095f
15b23222f1b7966
4c0baad891ffcda
4642edd25f54ac9
7f0f174a0d72e1d
1e48657500383e2
8e1eba22024ad7f
58f6623a3f05413
1e29c2c5ab8a1b0
2259a82c3dc40d0
78b945df4683c94
4d773fab11d8c8e
6238a578876d3cd
2f73397ff763c5a
a175054d455e454
83f1b8b33ad4a17
655a8256b8630bc
58ba8cb6267c2dd
14c1f0de7c79945
2a0ce1b641770ee
968292ee232898a
68513e22cb04bae
6129c9d457a1898
8bfcfcf1a2859c6
2ba17ec21d77e94
774c35519f55f8c
2d99e27bdfae5e3
9685659512d5a29
1817f8ab513a570
2fe0b6bc1f66645
8da8598e95a7fb5
8acd5dda715afe8
948df834e0e0608
18dae9575c69f4d
520bb2c11d8b0b1
55aba4d49db0c78
5785a642245dbd3
20c902dd4d05a1e
5b6be2e260d9d9e
0b3305a237334b4
4fce48b1511fedb
897f32dc59dbb30
4bdb7146b1a3af9
ab4606b77a890f5
433a1241ca7bd32
3f8830898fa486b
2af6e7465edf616
a2309b20dc760cc
96efe903a729cfe
6e5f3627e578cca
25b9460ee120cd1
1076ecb52bdbf65
7fdca84e2f12316
0583d76763ff575
541d5607621e1bc
10786ac8a44e9b5
a7bffc236477e10
04b80b219b5031f
17709dea020db20
a9ee7e174853248
71cb08d00cff205
124783f872a2b60
a625fd6518458d2
1ab02906e2b9931
91d4c5a67ec652b
2ad091ea211a5be
7dfcfe33bab6f5c
7a9fbe1f86ac542
712c6c179e14106
12946183e30e104
3653eb6f205dbf7
5f03613e2fda8fa
219f4e6adce4fb1
61771ba5b58a2cb
1db43bf1b936b41
8dcaab3db7efe4b
9946f52f4f40705
721f8a848d0239f
04c28ad99ce8e22
a77afd44d4ac862
976953c00b43611
417dc0b246030a1
65b88b0681af091
9cc3741d90d451b
5d54fa546c13f31
5b8aeb180a316b3
4387c0c75887fd8
1cc55e5e655591f
5d04b0f1d982cda
122e0e70faba5b7
2c65ace032f4c7a
96afa17589fe58a
991017d7fb43773
9f036074875778e
57a797dc238aa72
5bac1a8f8151cf8
9b4cf5807130f16
a4e77510ad9164c
8f54dfbdfe34320
75511c628b6b0c7
62a7575e4f7817a
23cd20aa1a55749
57564384a80ae73
4c4d749466c37d7
29ef68e1cb095bc
7ff97abf9ce8d7d
898d2955429b8f9
071728ab8c4b241
7258047ff774518
8024536fb6fa309
8f459e839ba8682
34c3939ef494a41
3964d46ce78f05c
6ee3245e235f83a
98426d444fc118c
8fa749b192b2e34
9410567737ce8b0
afe4f1efd8a7dcb
adf5f0f30bf52fe
6bd741082f9918a
5bd42ffa018121e
7c115a73ee80fa1
ab786c6ad72a714
2c979ea6dbfe66c
679f500e23eaf1b
53d56c41c9f37cd
7ad5ae350ebbfd9
83d117b66318af9
64548a1a3ebf08a
24ef67aad25cc17
a4f49d99cde95dd
7b699f1323aed68
7a03ffea744f25b
5cd82f19801a0a3
36156ccb0e0cd29
96ed7eec137cedc
8c4decf54e6033c
91e1ffa82ee8134
66d996042c8042a
aa4e5f0b5a30a38
698675695e452b9
a249ba1fcb0a4b1
abded608aaa4393
206e6916b93d367
2df2708ee2d6f89
4bffcb63fb4fb62
477d754fe79f1c3
5d8ceac9e7ab06b
4544fe97f216ae5
18731cec52a973a
90057c44b16ee30
9b3e9673d266686
116c84dd66a5f43
65377de7120d1b6
4aa5eb687c41ed9
1a80f1ee08b4a12
732fae95de30d0f
055b98fdbfd3fe5
07b3808e58ce5cf
7dd85d212ae8fa1
22a62acc5fdb07d
aa193d1452849dd
10b490474409cc9
3b7a5ad91f91aa0
5532636ed5aea3a
2167c0d3164aede
9be095461a78b32
ae0e6684d2e0ebb
85b66832f2beadb
54c02ebe9a6f3e1
73961b3e3dbae96
723befc7659ad87
118f1b66efa8e7b
789f6443c77a738
8cefd6ce845a51e
282a346f352cb78
078fe63e6ef7875
6634eb9452749d7
5f9ba71d1c04e64
3a0d76d6670863f
95ba689d3f4e95b
8f2f2990c2158bf
295687571947f45
8ed7b21857a0e39
47c278c074a9dd0
42a7a7a79ccaf7d
6ef32e37db7ecd8
a1fc2ccb7b12baa
79b40817af65429
98120cab98eadb8
a008ea15c1bf2be
2bf26907383c558
2fc9c7f7fa486cd
46f005670d1f57d
67f05eb298ca36a
231552b999381aa
9694b1cf6b4be00
9c2ff1a736c4909
1e25d25bd17c2b1
486a1553c588a69
086abe38c834fe7
6fa758ff06b49ad
0264cfcb51f5b7f
8e88b770ca39353
406f12bae471682
aad696993468e29
25c24a0ffb7f26a
9515a0e635c80c6
31f62fb97764c1b
07aab1239ec1e55
9d1102b74a9d4fe
1e5088e94dae690
2f7fdca16cd6a18
33c264b150833ed
9d09b1ec81c1b42
38ba14704b6823c
a14b73ccb53ee2f
2f68b70c626de6f
64c8eae0b141553
9c0d7b004af4c8b
285500a66883601
0b3b5e976d78bc4
83cb3b59c71b691
731e1d89595e771
a657f1f61ede5c3
99b9a80699af947
770c3a1f771d229
21e4361e89a00ba
ae61d7915c4a568
05f7cc387b443fb
0f3d226325e2505
af914caa9f5d6e2
07423b13c710045
60dc03509e82bbd
2b65af6033535b1
65cfd52261e1dba
514668abd365df0
2edb079009eede8
3d10188ac3aec8c
98239d4708570eb
04e0fe59e9a07b4
0ec7e45da9c8c81
0ba5ff0b3f3de0f
827aa0bee9f7adf
32c01ca42e3b073
73897ba0025f86d
a9146568e45edeb
388d9e3a9d14810
97b924e30526756
6a6b9d1e6bf47a2
13d960c0c4a7a48
0e2f80d717acbc2
456f9e365633d37
72886fb85f078da
1e4998c8fd57746
301124b2ae94256
a7a57f80e581b50
58c581f498497d8
a1e380491e4479b
7660e4835cbc36c
a7dd5f08b2b08a1
6803f16ecea76ad
87210d37df2bd36
4066ebe1c774341
410b05a805b1ad6
54eb44987be47d7
5c52c1b000b7141
431b96fd8f4b4cd
1d8aa10bb575fd3
6ce05b00896f521
4198cb43584c1d6
a9d6c512e0509f1
474a04db0a56975
640edebd4644fbc
5d5b1998a4bc7d0
65b985cd1aa3e80
1e5e10b1b122fb4
0b2318a16ed81c0
6e3af2c1d65bb59
49fdec04ac03d07
44e86a43d4bced3
37180422c01c5b6
26f8dd72543b53c
383bea9bef1d309
856b23cdb33a8c5
4402dbf87fd9974
659f5f64cbd5f97
593575a30c0056c
1beba8b5f010854
8f085daf16a756e
8a4d804dfbda50e
ac5976a58cc0254
2f38f6000ff85bb
b13e4323ea585e5
0774e8e5f81e44a
6cd3c6f90cf3a50
7f751eb79314f78
62903ef49b250c8
645a3923466e8be
62dc3108f5279c0
9f05b30114defe5
67d648c7ac8ddd1
74b71fedf8c503b
a7b134176455e27
8c24fbb98fc7082
b0bc6af884bc61c
424ad2803f35221
673319fb83ce30c
a3e9d1a33585326
10561bb0cc4bbb0
2d2c896dc45774a
4d663dd910afac3
03ab7fc4f508953
adf8980afd92a76
259867842edc793
20b4eb273e2e662
ac34559f8a0640c
7e542768183bcf0
4dfd6dace423aec
98f342053cb921f
0d78f2db4473d91
5adf65bb2ab0882
47abb4cbe140256
aeb083bcb460439
b13563cee4983ed
223efbd13511440
a33190387a9894c
546fb171c16c3e6
3620048e4410d63
04ff5c4576fe195
66e7d3baa7bf77f
58430aee567e9d4
51c2fd34aa77533
02b89230c72b5f3
421641352fd2c45
288f8b47fd96d37
08eb0f49c36c795
00dd1195dfccefc
3fad2471c7b2593
4df7e78095ba49c
377e69626aa2a15
5fa3841cf8db392
78017d56732a563
6c0158a1ae82fe9
851e92b2ed69eb1
4a688d625c50a27
40ae82913fa7f2f
8773b0fe56564db
a5341c346a1ccb6
22e88ec4e12923f
95108034e57b4ce
910dc19f1f1de33
4c00bd7ab2697b1
5dc819f466827ac
3f881d627299b28
a074e4f92bf5b57
59d27e077aad7b7
143dbb4907a7758
9fa12879d57097e
9b818dd320bf98e
a42e55c11939595
44b30e59faf21de
29fed5090ee23e1
3cee1ac2a9bff93
3f07581e4400979
83a7a0aed41c4f3
628eab8120f6e22
61911ac45db9f94
169983e19772b48
03fc45cfd08b9c4
214220054d538ee
4f0effb7268a7a4
a507c9be3c8df20
40cda5f36d8fd89
057c3b2f4ca4cc5
0e77c2c2817dc98
6243acb9da730b1
75a4d5d54df6b94
3947728a2e8a264
2366cb965a5ff09
574b595e4239b83
4a1fed435787545
9ffbdc89b67ed6a
ad504b1a9cbfccf
b01c2a761bb607b
6b823c94ef2995c
129cb654f83736e
8d6237228d9636e
917073786026482
0d4a68e65815d05
a05f187c99c7751
4599b0cdfff7711
a4093d74f83e337
33f6c58cea0a3ee
39ea35825625150
7c7a3c338e1ff40
145e3fff8091392
3acd0c4c94ff305
780e1fa8a907bbe
6f66a7e0a27236d
9a369b395c324dc
14086f1c4f17955
2014ba4aad9d93e
49d34880273ea20
47b05e57bba70a5
752fe106b226eab
7c28b11fd6802fa
ae6cd351639a46a
2e2d3bc1778e5e6
85ac29aa777effd
93a4a783bb56ecc
498b4835ee30d61
70e160145486de2
7d2abb1d4c23ca6
1ff479247c960d3
759a80c012fbeff
a56f023ca83feba
5d65d42adc8cc0b
33f15ba6433a987
9ef54334ee8ba0c
11478ca4483b414
5a44a7f8ddd60c9
4be509bd861bb33
3d7d300fea3ab76
37f25cdbb15a644
31723b2735eff75
0c4dfcacb3bf138
ae85a9579e53f20
9c53306f1dca0fb
88feebbf580375b
0b469898f8328d8
79c5d31559ef56a
22c34c691c3256e
808e2dec7a0b8af
07d92b7ebee03e2
7fc0ae9012d0372
95b96953cb47cb4
34a20f8c14b3fd4
96186b97bf621d1
a4a6cf68c27dbe2
807cc5785a16b53
2bcea72739e76f8
1f75873dd3f9240
736917187f8638e
9b38b1caa84776d
6ca8218d90312b6
2450a3566810be4
56f5d6e262216c5
141c72b10c82463
60a680b9f3fd241
83c65e2e8505266
3eddddea8f204fb
29cbda7549970ad
05ec5c32457c00e
891dfa4661fd695
140407d0442022b
1ed1cf252106d6d
2dc191a0fa80004
19461ed190002d8
2103f7f2bd1f820
a9d8dbef4d958fa
4a81dccd4134bfc
25df50e318c2ad3
4578e090b9d6e37
0d14e8e809af4a5
057eef4ccf87a0c
532d14a51570ba7
31c570d5b272a11
309aeddeb794cc0
51de3d89f8d0e20
a5cb4d09d796224
3a4e6f6d173df69
7d7dc50d8fd49b3
4a8fbb85bd90b35
19b769fa318edd1
997a396aec0e7dc
ada5bf377f20110
362033aec0385e8
addb7cbca313bca
95cb6fb034b1271
218812cfb78c0d9
4270bf26e262df1
958f886c20de7b4
0d53e0127f5efe0
8e89aeb2ced1f8f
8ac262cbfaebcfb
0869fa3884b4786
85141e2b3e4bb5d
1c6c49b30dc46c9
940d6a5eb6f1e8f
4cfb804a42d0682
40d3d9f234d061b
997dcaf64d6d038
565a5b1c982534d
95a0a38f7042392
30d84421f7854e2
24b86ba14c6b236
7b1f0c87fc5b6b1
99db01ff8849163
57865a8d6a35952
80b839da11b5464
9029d209f4a4beb
07d69cff6a1e718
37d03cfc5116a04
08ced6c63824ae5
12e7bc6ed2a305b
9c1ba92433c30fd
970f51f1c8a9f47
3f0cac521054bba
63c32b0722bd374
07a9b7584abb35f
58a3e4e78f14c3d
6ef350774b235c6
b0345030ef4fe1e
99069a86a2df8a3
860ca6ce2d22dbb
8f0881a9a73a94c
75bde94d02d47df
2291cd9831726d7
b28e1dceaf6b109
8b64a40cc50bd9e
9628b9c2d05f4b3
6e60a5adf7d6884
29f3792db157c02
37a38361b39970e
15e843bcfcee2b5
5ce6a8abf2b3209
7bfb51869cfd5de
39a5a52667ed3d3
6a2e52cc9a600ca
6d33cd4038379f1
17175c7a7ff00ca
a89b113c5dafad1
911d733d532c628
19834a7de07b73d
479d3a6fccbf80f
6bd2c431f39cc13
58341ffc625b713
5d22ac0ca280033
6ec3c73ddad8bf4
b1009cb78065e0d
3306db75ea6e0b6
4dc55c3dc7ca6b3
8ff7ee87a2f8a61
1244d8e00cf4acd
5d249d845b9eb9c
0392fee1b2b8d77
4e06c4cdf224da0
57547594c105777
1f7c82eb523c300
91a3ff472d28f7c
a673c1e3f83a535
741f2bf2b7a6db4
42ab24ab1247b83
103c096102229ad
9b5a28d27a09381
0c3d8265978eaed
4bfbb3e4ed90640
2af4de7a73d8188
342fa82c4f1b3f6
034890483696736
a5b66385d634e29
4c0111dfd6f7d92
5abd4354d75de25
6bb437c1314cb0f
59b4070b8d39347
124ce9c646876c3
6d454913899ad97
37306a2c692ff97
9b0242fadf753f5
7654144d3f85b93
5e5e5c080caba7f
05df9643b98afbc
3fd0374d47055c5
408dc2dfacbca03
7f4ff3c754dc624
4ef0d5bd4ae52c8
8775fc464c74f5d
62caeff7fc2367a
4b9f5a480e4c4a2
1b859a861b1d1ba
94e80e467dcb0c7
8d1f87587eaa99e
4eacaebddd55a45
4adf7b95fb9647d
9335ec5ee50336c
7e7129c1594a052
8b4f9e4f8a2f941
2c5fe0c25522a31
4daca619f46ff8a
00cf5101b3e1dc1
47305ef486f61ee
7e96be16a2c11a6
17d7c2f7c4b56a0
18deb58a24a1ab9
014c739f462944c
11eedd3728e3181
3579ac983e86e6f
a6f882413d44aaa
1d83af0d410e4e9
645e36fbd8d88df
7791793b6d72115
737f78830f06343
1a8b74392ca7565
56e2f8c0c9e0d04
07b7d8a7092e977
b1f5495f65282e3
6df08f63441fbdd
357ae8b23a18e8f
3b48a8f6610b16f
8001eca572cbcc6
9bae1bc2a7db77e
1f270480c39b1b6
75d933b0f031778
af81c82c1396a26
5a840dcc218950b
7f934c598fbb29a
5ad3112833fd8cf
76cc5002637c97f
5786b76bb027c70
8136a12985c8d29
59318e11956b4a0
698deb9db04c4b7
5d0b677f18c6183
23c48c8b0c0614d
33cc4a5fca05f32
550c8d7bc1e137a
6ccad023c8c3591
357e0bc2f24255b
4d404bc39619731
41054ebe2fe3e96
44105f088008953
467e6ac1c36b6d1
4715f6c826e6fdc
7797818f3f0f59c
a409de2c84ef806
0ec18e4720126db
7292799a8a15163
891b696b9d2e6c8
63c82d1454c6d41
034e968ce319a62
30f314c38e5d9a5
2db1975407884bf
025dc29d04897f8
43378d8c2fa502b
317e9207ddf0661
0ae63c7bed2ba2c
9dee7c5e9cb9a42
a5ee781b67c11fe
396648c2a78e358
1d3fdf506cb5e63
9940a168ce1978e
23277ad58a0c3e8
086357133c6d6cd
68daeaf66c492fd
3c14ee829e70f3b
131b594b66703cc
5616d0957669e7f
37febafa78f8d02
09e0d4e3750af9a
0eff65f6a2a6fb6
928a0b9671c1959
6b0fba200a1bfeb
9f81c3c0cbe6fc3
9c1cdb0375b2c99
20c1cc74bd7170a
66162b135c368ea
64a96894722440f
53a075ba7e2cabf
b2717e15cff5db7
56e204c237d5d39
6af14d883525fed
0bacc9b0b1893a1
7bb86d98ef7bd67
28cdb738210bee1
8289f4642104143
8db5c9aa224d46b
72fa01cd410443d
2440e64ea1d15d4
87a4df053b47799
a7a58a755d0c255
30a36119d3941c4
5ded68b9b3591fd
7d2ce404305fc1f
142229c68dc60a8
702df3bb73388bb
3276f3b998c76c4
7168a4413fae3f1
60a80e9664d7478
a2add6d371ae136
6b62c3488092589
50b413f385d79f8
408029af5a881f0
27b0905a4ebf0e9
5caa337b9156ba3
669aadb1da66a9f
6363268b4f2e2a7
53ac61789e28205
861da0ba3e42148
52e4314231509fa
40628c49e8007af
9388b58936ee227
77dbee468097095
58dc875c8f87b0b
01f719ac3091b3a
a1b0398eac9e053
65a08e328ea8715
0971d07f8038f30
7cc0fbc1c1b5d5a
4c6a91497f62671
75ab0a7b4e84d2c
02022f88d0953b5
3175d44646e78ff
2ecdfa64af52685
1623897cfa3a8dc
6a41d3fa14392e1
09b21b4c8ef9188
13d6ee8f29ab97d
9653e2bff3ccef9
5fa6f9579bfd3f9
ab46dc394fdfb83
518902614711230
8b4302d71c09b6e
8256579a5a10e44
6a44602a1fd7d38
56600a7c649ad87
3e949d97557b036
790f9e7f7dbad26
40cd8464c0f9e91
98bd6ec5a1ac349
29d3b21bb198766
a0ad0c1146f8fbc
a5fb6b83ff4db5a
694a2f9181e1f09
601f5790003e431
0a8d9d66002ef50
192c48b31f0c96b
ae1b9b4e6206ee7
6b3eece8d803be6
05014723c73a7c8
1ab0526d1d09fef
3d2eb5402fd511a
a7d2d1e285f6fad
7a58afa9b556e82
3268cd68fbb56a1
91a20bbb408f94a
3b2c3b21a931697
8f552045eeb9238
81b23582008c4b1
0344b8cf8320608
70d555911179487
67228b960564468
a1bb2f92ba38efe
af7d66a9d481453
798b51187e48f2b
260b2a63c74853c
26af0f7a57eeb07
97de44264e99aee
07bf7e516de43ab
ad5f905da44a55c
4ccc15737cff7f0
0ad3404d3a97337
65e8d99e148e262
5e5d2f7b715e79f
2362c74d6acc1f6
13450fb0225b31e
888b03b5b81efbc
468d312961d748a
7bcea98dced64c7
9a2f8e5773d9f0a
513caeb4e2ab256
a0d0f16cdb3c9e9
4e2238bfec98166
7ce00c9f6a25751
7cf7ee6d516d33d
04ce304ab3be7fa
a5597001d9b8a3d
6cc096e3791c604
69a9adb7e447b89
63b415af1c98006
6382b4dfca1bbdb
7975a9a8c6a36c0
ae34fa7904d45f3
241635508ffbab8
6341b22065ff8d4
0b2b1ccea123079
6b4e78e2612b446
4fb19b0eaa01420
3f1df23c480862c
3f3661e8d2a7370
1cf9bf41fcb4ea2
2820f5c23e7df77
187f852854fb922
008081eb0e827dd
770e807ca3a4da3
a850d0bd2ef4b5d
2dc70e34d9c441a
595f591de35b74a
8d6079f3b52be6d
2eca05d0b6ed0a5
0610bf74e1e37e8
affb1731bc7db91
169edd2f8e28116
a9db0706f3b5046
53ed9887765ee83
0565d8203cff2c3
7a3ec344857aec4
7903734a99bf328
57f9ea9ff31508b
4058450d34a22ed
1919e13e6f88ba0
0df2627e1b407f8
a2f1b6618a7d05c
45ef60369f8f6b3
715d2ad1cf0ed45
14e8b3ad60559a4
b153fba1ed68c6f
32cbf30de54dba5
05c26aae7214564
3acd671ae0adc91
96fb6c42e03497c
8b3c4579c3206ae
228b57c6692f356
6db2de178854cc8
5679291eb524a6b
27c71fed13fcc61
91a50624f8f4fb6
4d0ee0365319ab2
58556faf9658e4c
9cafa3b8450d52e
52634f4fb579b10
98243922054f743
a968a4de312cbc7
077b8f797f438e3
83d0f530fb11d1b
7b7b342ce15fa23
35482e9931be88c
8c737025d56d9c2
96417339c8b55e8
6c949474d84aae9
9e79cd09e227ba0
a8ff33197038c7a
53b3e7cee952948
75d0e6b1c0d2902
6bbc5f22a188d3f
80c8ef44956f639
1f649f86b89bd99
088364941971cd1
91cd159d0820c2a
495689570f6d680
abc3b6efbc0c856
69701e443d025d5
6c91c3b3c81c0a5
63cbb0c20140a62
ae76983aee9c5c1
7f03cc70c8c966e
1627c32370868b2
9c6f8172011e720
8b8290c898cca22
2406a6546bd3dfd
90bd15d9b2d265f
4dae74cdf74c21c
71cbea802f80204
7448e2db9e77a7f
a414f309faa2f70
9071bd05fcc3901
66a71c154f9726d
7940390e9c09839
1b952522cbd2c8d
6104cc8fa660df0
08c80e29bc70ef1
a85e0bcfd93e8f3
2d66bab972b461d
65f0a69b2dabf54
1c231e6833bec1b
47a9a870abe2ddb
75e9fa7fc3f66e3
29a675851d8eef1
18709d6c311a0b8
20174db1b4f99b2
9f7707a1cd277af
b1d6e6729fdfb4a
278fb93a9ac4211
443e3bc23438237
5b532f1e36eceaf
93362f2a7d29d3f
3954126ba9e8051
93a19e36299c725
9259d53583f2f7b
938f257a31c3ee0
73cd12057d0b76b
926885ba94b0d4e
512221f194c972b
9ec6bfc622224e8
7b5cfba32fe9b09
7d8ae30d5c1c97b
56ed5e81a440f1a
57e97753f723fc5
aadcb0e2c97de6e
03daed6e842f941
3bf73153c2c3bd1
b165e7d3418438b
8e6803620c5d990
576bcd1949c5a71
3ea50da9d97ef2b
8608609dbc72a4b
6b2ecedf471d5aa
74af224fa69a7be
306a5462c0fa1fe
8fcdbca2b61e606
4d7f9bb556736d5
af26646218131d1
aee8e546e98117d
5d2c0e7fb570aa3
4cf9f740503497e
1a5382da989ca6b
02b27d7ac59efaa
af20446b29470a9
46144737809eb68
764fb1860148b11
52257fa7f962ce1
8fdbce16e1fc543
a3fcdb8fa2cb5fb
74aae10c9ebe4ca
62945bbf35707df
5366370b9a7269e
0a64d4cec467672
28bef6875f65688
691ba3f4f010a24
65f8d886a0d86db
577ad1768d83f56
9a06553ce77ff8a
7f2b2c480db0dec
b21c04e67cf8e46
68a0c1ee9629173
25d49d5b859b444
2ff9c7a87ff9711
22bfe5338cb2fb1
0809237d0132ec6
6bd4456dbe592e7
116f0b0e27c0963
8a938d071cd0df9
0b5f41ecc23ff41
594d1913a804309
9a9a408da0285be
402837125e0abbd
650e99a99c71745
31d497abfb42389
79f08c35c0b0032
a272a06bd6e93f7
a1e20c0955e981a
13a130e3816e819
b1f02608f75c352
4b08b0da4b57751
0ad14f0fa015e83
8833dd1e688b9f4
0da0c0959844873
47aabe4de8c96d8
5067d8f5917a625
3788ef63d6f83df
13cf1141865e37e
382754f89752e44
0f1324f43fec3c2
04c9d6d9353b041
957bf7609d05662
5c6130f221718d5
63a2f0d0d8e9cc3
83087ae6c4016dc
9cca7462bd298af
11bfdfcc8678e0d
568130799ba6b25
504549036b9295d
1f65240e7f74e96
35e929eaed50f9e
b17b3d74d8b59e1
27bc4caa56c0da3
5615a52b9f0dcfa
8c553f4f96c0f4b
34c7c67adf3a87a
078b945870c44a6
50ded077d792d09
0ff7458986f30f9
6939f697c9a0f42
77e62ef39b1f3e9
6172d302da224f1
4ce470b97a5c5f3
5cca656a593f4dd
ac0558bf44005ff
574e6f9b4718fb4
7e69de4f46bf232
0b78850aa9a079b
b12b11d84d01f9c
25b5acb3b3e4919
8e965e2eba38e94
89080571ea6ba3f
53ae20d07f8be83
a7fd505496f555e
a58cfd377e91078
383a69f1a0d9527
90622343b85b942
424e192bddb3f5b
065fac1361157c3
15d512c44191f6e
6685d28a08adc0a
9020c2a92e67265
342a200c68c593c
729ba40225a20a3
1f00cb3a217b230
1e9c2c3cdf4229f
5551a5a697df7e4
119a041784ae60c
597053a14304463
6e507e83c158de9
7c11e756952cce8
4c654b36386ed21
3564b1d64edb318
4edcfd4e4bc10cc
9898f7ebaabd57d
14f0b30fcbef597
8de8125173b2e49
65db90d4998f6ed
88a7e4382a37848
2bfc403957c3e68
5c146262838ee7c
1321d58c46643d2
38f4fb67661be03
63419051b9e65fc
5fc33eef9522194
a3b7402928061ff
831a36ecca2df75
9c8734414a3d629
804f6d3ceffc837
162b33b5c4b4531
11895d69090919d
7bdc1a4124b4028
02de116a71a2076
3c4ab52796088c1
32d9246ea1e348a
71849358a43dd98
aeff17f53e1cf03
92e67c52cce4e8f
558382d898da8bb
38d318a32634657
77d6bfe0869f727
44d0f6087e7c116
030ae9bf364a435
5021cdaf221eacf
1fef6689832d1e0
04988c8c72378b3
9d42e640e7c2d53
9bae2207c0f51a9
b139153e73d7834
8f57ff5307fb797
2d3c93c117b6b93
8f2feccd4ab90f6
11b9c6c14c623c6
10dccebd00dc09f
af403a3c613164a
5d64e04f687349a
9e60e295e7ae693
a9ca09914fcf943
2787b3ac32a82a5
485c3cc2b54056e
276a6bf0656dc0f
085df5621252639
a621909afa9c05d
77cbf8559a64a8d
4728b699d3e4e2d
5c0381d871b520c
4737613ad829df7
90248724e682341
5bce46c92143a2b
2996bfbaa8c2e66
94319a426a8b542
28c35fd0e7a10e4
5157c0e600938bc
accae21f69a12f3
9043f7fd70eea1e
860bc196f46a431
64589fde5659b69
aa4ab1de4a88c24
908ef3a6857a488
8189c0f346d9bba
983310e9cdd106b
8aee7358f468590
5fdf01c3aa0272c
4bed98041e47b49
49770b0c699b1ac
0ef892ae326cec4
727ce7fa9ebb02f
a7873d7559ad16a
4e848cfe1aaadf7
a31a493ebe63b12
7634c18ae97c92b
1dbe091b8f45c53
4b9de5b3db101bc
100a2383af24ad6
4321a5c6ad81da2
734e3c3b301dbe7
7a4bfbbe5c8ff7e
6ed4ca4e370d54c
86cc4b6f51cc7c4
594f187550bc069
0d172bdd7d35920
a4e6c7a83ca8ba1
6094ccc16032d36
2c84ac4070d0e0a
9bcaa3684cb330f
4cf2243d218033a
090089118217f46
3d67e5fc0b460cf
48cae2d00eec242
acef166ac024207
929354687d88520
55c4f98e71352e4
7a97ac8839b7178
9ccad01763fe40b
9824ce33b1bbd8c
1b3d6c95e424fc2
47a875ff94c8d42
4c446fc70b6712e
9e5cd91e2530f51
3525f36a07af0e7
33d389f4a58f926
374e33d0204280d
92d7f079311c5cf
9d04829c9b1cc7c
927ac84c7abb270
776abe162cdabe4
88f8dd93928be67
a82fe9f135cd2c8
a127d42a9dd8a0e
41bd799a07802bc
753978f09e5db3d
9489349b8064dbc
700d804f4dfa26c
13cfdf52323b88c
206c6247fc37188
2db30fe4d36be06
39b329aec180738
8d1fe8197bb63c5
71b51d4be45f762
2324dbbec687665
1bfd56da9dffa5b
5c50c38946e47bf
97da8a9944b4c44
71dfd5dad7e0a9c
aece5ba046b76bc
41fe433eacf1d2f
74e4a44bba24407
5989b119465de10
641885ddf3a084c
8565fb4a7bf9869
5e3db0a11c5c8cf
4192fbdd86ed389
967c56d87172a89
118893fc5b6678d
67265673b6da3e8
64e86b13ea31864
3528bc7d5b836e0
7ae15bb5b027227
8237ab138fb1ac6
a6d94e34e59a503
4b4ffb6274896c8
6a4c50cae611e6a
63a2d74fec9f269
3484c69b9e0fa0c
11a58c4bad8d3dc
7595bfe23228ef0
04b15eae2ca2dce
3c236af26c31120
107d57e01842931
2d59299dab9bdae
ad72d278faccab2
a39b0cba84d5ab5
5becce34f6c7529
b120d7f802798e1
9a0d2df142818ca
a97eeb3e0f77641
1fcf26e2c511210
96902b8b27ca012
147a640522acad4
a912389e944042f
a98aa78d5c08f4e
ae50b688a1f766c
45e196fe65c6d18
af6a21d8b8c5d30
72d227a8146f24b
ac13796664c5daf
098e4634e6e2b1a
2cb06c96c4a1a12
7094ff6e56abbae
14b1c18dec07bb0
39d8bcae8ba3fe6
b2499b6bddc7e29
a47ba2cddcd53ee
15559de93b729fd
a01d226b918a299
9988addf78e5df3
3151ac6176cca84
0ccb95c37c0a99b
a972da96a5ba14f
826bf795fde3d22
9b1363fd60496d3
0b0c18b8a16f089
4772d74ad3e607c
44f124888e054ab
4d0fd33e70df3bb
711c826a337f429
917a39a0650be51
7b9ab09f75fcd10
50d6c2335dab0b6
3d5ea9f75319cba
6c1dfa0b83dc4ff
a73f5b01aca8f0c
8a460a9b1287b47
7c0e58567709659
63ca9149fb0005d
0ee1b999a3d95bc
70461bf96b3fb4c
82c701504ef7f55
5bfb88c18f4b531
4cb9a2931a8327f
67befe5495d860e
43d3d2f923ee4b4
487223ee0356fc0
88ebd16e7ea4dc4
408020e4d1f493e
0de30bdc49e4ccf
9301e36c6a13122
8cdc05232098884
153a6cfe0545d02
49908f23720796d
4cb9b70890d3c14
5788b5b10608d9f
566e33d57a907bd
8bc44afd0818464
5da960adefeeab0
ac04ca0a7ef7ada
6cbfaf0da38a671
9c40b4675758d07
837356b50ccf34c
9063e8925040d6e
ab053a97e1c77ad
0b6988819a2d7ad
7c541e914659d83
5d01e50a69a895f
735ae8323e147ca
62c2f343cd330c3
21533648925dbff
1bbc4277ed9782c
984cb0790677d8e
78d0ade74a8017e
ade24713c3e64ef
b00fedcf0d06593
260f486a263e0c4
3e2501a9e4d0dd5
ab5828d807559b5
31b2cb9a0aee391
a44aa6691c56c9b
08a0bffe3c991e5
5a8a4cf4d40e72f
9e4c04fe247443b
41ebd7fbaf701e9
759fa17405c12fe
07623ba1ad006cf
9b0317af431da18
6dc2f5c213070fa
2f05cbf567d3995
2e2f2005cf04404
b118dc175d92c6a
4652d710055b0ba
61ca9f6d367f591
ac282274ed6dae2
ab3c8abfcaffd1c
1304c30c8049030
3f2236e1afaa151
58cbb684c3e9ed2
111fe789fed706f
25f5d9dfeb4b2fc
1a92e5c658aa412
5f94733affbc4a0
6506032198a42f5
39957e3d8975de9
05b1c47394bf239
9561dfdd90d0e6d
882a366cea19cba
746f546e7a7be92
acf1f4d87bc1ddf
4378d8f26a62379
a8edd71a5c51a0c
5b8038f96c25c4d
766ff14d7612d66
5af5a131c7105b6
812f2bec34e3712
5d2ae12f1acdb45
6c124b34e183fd9
3a2841864785d6e
b29b75c0dd3763d
75fa4911fde916b
431c4601fb93a1c
572a29aac5b0100
aa0d8278be5913a
294d1bdd0f63478
094362817adebf0
0a672b225b259aa
8a3f8413ba822ca
43068efbb0bac46
a8f39e36d730073
8f46069f2c5d417
1e9d5806a650ace
6760acac1a920ea
47ea77a57322f35
0035bb8a3b2f88a
55be6c1819b302e
1697201c6e6c0cd
858ef7347905eba
47357b33740e3a7
71febdbf496e64b
9c09b08bf766083
19fa9ba546f790a
8a015923ae189a6
2e187384f0b20fe
6e8c608f502231f
8de0906c40097ba
9801e9f4ec65e42
7307b671d9df012
32185905252cc25
5acff8e849e76b7
3f9fddcfae4a397
697a58eb108dfff
01961fb7e79997c
43eba1e32924978
86bd2d70e0f5814
3d712060677cd29
a3c568d458f516f
0211089fa2bfc9c
018031040961046
42af5c747075705
5ad146d2734f739
57eb89f80c24850
2b1a7587df2ba7f
7f9aa81ba6dd7b8
27f52b0bdf943c5
5108cb185ad9e92
ac4edea0838c370
141758a61b0841e
6c0208d88039b1f
2a38dd95aeb199e
860b57589297482
763d7969b0cc8e8
a754d8729075211
0257db79d8bc12a
278d2a957d49c52
abf171a086b673e
6cb7cef725a0c31
488602d746f6162
7bcd7e802c444be
29a2b372f5ceb2d
ac54879d027743f
a716f9fe1a869c9
7179ee46bfcd807
1b549fbc22d0f1a
14d150f55447853
29cdc5ed17328a9
2bc7d716bdfaf2c
39b6ddd80ced8b8
6ff3e24e944eabe
608630ebd3d7921
a94a029722852a3
3c0527b8ca62df5
29b438d62a30372
5e82ba5f6164596
af279b4acebb53d
31d65571b409aa4
891c4ae403c1de0
24af533ceb67a5e
3ace4669bbb7ea2
978b9badc05ef56
68bb37a1e476fbc
934534c7c5af342
6d0d1b5968ac4dd
486aef118fd884c
b1fb4c6fe8ce65c
0921473e90e8127
1d23ee9fa88fb37
35e7655941d4b49
82f5dc92e57b4a3
31bc2d43cf99bf8
7db67e56707e70a
80045b06dde64b2
1f745beae1ce0ec
954ec247de6b7ca
a366db91c05d623
962063ea7c6a3dd
64aecdd002a012e
2e8e3d5a10044b4
9c746bc9e2ae9c9
41d779e59fd221f
0c08633500a153d
a3d784da72b5066
4607ef6ab614d7e
424fc7fd4fbe659
98576a393ec3cd8
4863250f69e63fe
26e4c0edeb5ed30
008437febd69987
49281a400109d50
804f76660a394bb
12cb254ffe0a25e
27cd1232817820e
30c6c8993b9c142
718dbd9eb020f60
01f2917fe5a1d9e
6f0beda3549a35f
108e910d01954ec
5caeddd1aa939fd
6ec580ae982061a
427001a091274f9
6a8f61889f3bedf
7be36c9144e5a87
2baa79d06b42df3
816f157f410c5b3
370b14a5bf78c8d
8c3a388672a5145
2c392d733078134
1a5e2fde95db54f
8116215bb3eae12
1ae8be0a5f65e92
17c5c61b9d64ba9
4c942e17e493e98
8b4a0852536e27f
89444c4175effc3
2a62df24b114f13
4bb99a8b858e35b
4914eb618cd8095
174cfdb2bca1c52
1632961e1b52810
ab85690996735f4
85e3cf5bb931236
2cde1d6738818f8
06fe144bf8900b4
975b7bcf06890b1
4deacd3a5efb442
882340d17b2e326
8fae39f97ccdb38
35fa27a018fd5da
4bd3b98eaf388b9
508f3526b918cce
24bf762f10e2e40
175f530c6c254ad
acde2a6479d09f3
89a4f6978c28c92
9fedb9a689cf233
9cb21ebc4c27076
a153963b50352be
aaa5780b0516e1b
b201f5418865484
795abd80aa33fb8
75b4c7f67e8820c
012cbde3b0535f9
5d7ce930762389f
ace832fc2d54a02
65b9bcb4ed14310
a8e2183fde31a96
44d4a10145dc490
ac372955dbdb952
83aea57ae131ba8
53230d675b46e76
a0c53ed5085a81a
a25584df1b4fe85
5a32bdc34fbd8e3
ade9e2f37370283
67260fb7786603b
454b4eba157d388
a96704cdf0e18f3
70538acf76463ea
643d5ccf3e973ca
034092d4c21fa84
ae087a14e385579
6eecba6ae8353f2
7487c5edd364ce2
8aaeab00a2b3aea
8c6e8fe61bd5b30
2f1fb6bea563d09
5343058506a843f
3fe95ac2f6e8b71
045180627082657
0ab76fb9b167b86
3c32f825e426a02
3fa690e01ed0b42
5cea2a282092b2b
5b15968c9ae8f2f
4292b2d8ac84126
63fd9258e2ad0e6
4e8bf7b413f28ab
562a9a6e24c3821
a6c031ac09e07e4
483b882ecb6a58b
80505d24fc22596
921ebc0efb13ad6
1f09a898841f9fb
3795f643c1560fe
5c15b88476f53fd
6cc8c36a7c667ec
249d6080d7d7117
32d955bc8fac035
726d347e7b62952
9cd424d4c9b6b59
7c8c7eaaac35d20
468a918f4af69b1
1030bbd177b1a32
56483e731a0378a
9eb50690b4e57d1
289616b10fda767
5ecd04cb5e98e81
4fff1991d4d2f73
8ccd43837485d70
7c809bbd353a5c2
a08b284dd901113
38adfbc522d0ff9
9829335e54741aa
97118cefdf6398d
8b05a5060542153
4e2fde545db4df6
22143c24a99c8fe
7ecd1c4e5bb93f6
60e9577dcc98cf8
19fc5d11750f86e
6b95cff6e3d6c55
3a87ce4be81de68
5b79000ee1a5bc9
496c45d953aac05
006a2fe2710c0eb
17d154f73ac1e0b
3a2e8709c4de3fc
171bff368004682
8abbaefdda66010
a14063b69efd49c
1c8b181586c10ef
2bdffd8f5380a71
73bca2b8c4b454a
84b0ba45aa24c0b
67eb850e8a973d9
abfcedb0b0d3121
0e2d4b22836fe56
7b249879fa6b338
4e20cc054c51197
590dbc00c8dfc8d
8f8fb4b3630e217
37e0fa84725bd6a
aac7fee6c7f8e3b
452f5c5f9bacf95
52ec7b36c606c00
a310aa4ccfead05
82ac03cb43edf66
1a9da044ff8b813
379b046694f6c5d
32502604726c1c3
a7766014da3f946
49f305b18b7e891
63d018adb509456
90e757c5971c111
7bd602fa7ea2f48
09ed4261c300221
337dccb4cb2a04f
132c73f30f58402
8c51f0f85fa356c
67bcc75d35ef7b6
23b9b194ef36ced
93925d557d2484b
357c1108be6917e
22e55cf5b297ba8
1978995fe9199c3
57698248697493b
097b1f0de7b8e7a
29df971c2298873
0025185e5c08a13
5c357751cf2ea90
18cbe035ede4919
743370e0901db8d
6491aa71cc71054
92e8b33daef5966
8811604e37efc2c
813fb3b4a851511
43078dcbc9131b6
7d2b44ab901723d
98880858f643a24
50b725b9f264bc8
4f568f00a3854a6
247c827e04d11ed
9dd60257f06e011
abfc946638233ec
6efb37d0f770fc4
564a18d42fe9ed5
11eb56a2a2f24d5
9d22a79427bbc37
290331db551d8fb
084a5fa01e053bf
5366a29b284ad76
14579b704cf29c6
0aa842b4fda36c2
3fc642d27879bd9
0d2320c88921afa
000fbfac00f3325
15ea8cbaa92cd46
62f9119f719c7d5
94a0bb39b703abd
8b9458e7905d518
5d4520e47375b8e
98cb10e3db8ac1a
10a0824aa5b07b3
9c7e6960b6a735c
698fa7edf38e60a
a747c2d8a78cb08
3f7e32cde7aa7f5
479ea4f31dba8e5
508ee6b2b453651
3ad2bc1d1136bc4
6cb9fdf1e2ef4a6
3d119623e317eaf
02632dd3fdeb64c
77c1b8f5551e4dc
7b75fb78743267c
597cf257468140f
12911cbe17841a4
05a25dbf69411bf
30bf667b3fac985
8eda4f542a958df
6e62c937fb36ee0
6f57d3ec4308fc2
91b626b0f4eaea3
19a4df24823f9ae
8e4e57a8323d19c
66d7881485ae41c
11db03b29e4b48a
219ee39e3a7c7e9
003987ef4bf1b89
846b16c35126893
31bd2ab0bd05949
866c96160c2f718
a967b85d27130d4
7e614e38486f10d
1f811edaffe7201
339d25706ed52c5
6a56a6de2393301
8034969a6399896
6deb152faab951e
41ebe5eb340a73e
70e12706bbae8c3
04b7fb939d32dd5
78f0d7de9b14760
8cacf99a2a141e4
5b0fcf7db9bb699
5b91f5589e45cb7
5ed7a000f007e01
0dd4a4b164504cc
0ac438c96757774
86f279e4476a139
0bb1b9da7fcf11c
ad03a81277f04f4
4f80eb5cbfb2eaa
913aa93b6e97f54
3295d005b7f7c35
075f207ebf37c7d
04fff753607fbb6
1e2fea17f5925c2
07c7f4733f653c6
137fac55a05fa31
0a61b9b13f5d859
819763008b8c25f
444955433fa798b
7ebfb20a6a955df
0e80bed4360ce7a
1b66ca39b3b124e
055aef452897bbf
3915dbc36fbd19b
37151e74b0698ed
2f46a5aefe033fd
2ce8e6c5119daf3
75eb076b5aefb84
31cf1d210f8473a
225b278bf51d4f7
7da9b67f480d05b
1c7569d3f67f918
99cb1cdb4596aa7
118fb35af7a8099
73d1be3aef56aa5
18ff692117d6dac
172b893e426519a
1675df04c66d95f
41872692f86bbd2
917279785da0088
2eb530119581954
1476eb37fc5fef6
10b2a13089ed508
8db28b2c2a424d7
9f190b3c7c4767b
9227dfe1baa9e46
0668efb321d5513
62df50fed8b90b9
8593a7c88fd9788
7405076aba70da5
0765607d8be4d8b
61ac08cd4a7c967
17ef4cf5326bf6e
0400ba47f722bdd
3e91e9c0b1f8c7e
0a7fa90c9146189
5e55452acc7624e
3b0a4611811d162
14102c7c5b89e81
0fcbb26416f0a3c
5a64dae9719ddd1
0f1fffb3354ae45
3425b328a293265
a7bc0a70d07f1ba
203ec0ec2e29feb
a446fa6cbe0c00c
34752db301c1a5b
a7a480f32732d07
2436a755c653c9e
8ded0fe287660eb
626bec7a27d6885
892d7e0b2691f6a
3edd0f0d371f6bd
693119ed7febfb2
3a112e0faa69429
65198cf70b58fc7
18b37ab18d3b029
51f3a0b97d432ea
53006edc8fbf133
2da9411b93c2252
4bf4524fad7a5d6
17a5d983f03ff1d
37de3720e6b8d42
3afd3704b86daa1
7dd324f19677542
b20ef9ac2ea0d3f
2da1ad757ed2cd4
8b126b65be6ef9a
4ba70336c9e5d2a
855c303602c90ba
9fb7f2dff0a0113
9c5a0ab05e3b3a2
b18d67fd9dff916
14d83d7cca4de3b
791dfa350dcc546
85298dacc47614d
74bcdebac8b207f
11d802221793e1e
0bf8ff8f0ded240
5504532b6a75341
76e52cad4cbb864
7cfc37ef59d3f42
3efee8953adcf6f
455505219589115
0007bc15234e857
58af81ae8f2a94e
31e136db2633a98
3f05da4deb640db
284e68063017e31
006cfd3550f6c92
717a89978167514
aab4ef8fc5af8e7
1110998a30dcdd0
5ffb5e585533b87
8663223a0bc3ed2
a1f5e811138b025
72fe4065eeeaea5
89d1b0046693526
30633ce44e518ab
070d2f9e2d69f2b
1dfc9b6aa18d9af
72ef05e2c2e809a
a105d2bf74c5440
56ee96055ec8c4c
7256c745034de84
7edf87def5eadbd
7247568cc6a9080
58adf8cde0d0912
8540ef4e9a68d4b
181816ca8cf1220
83707856a277414
7eee0e15656c0c5
a42181022b6df72
240b10323af0a89
709ffefade6a0ea
9749465f2c9f1ed
a45fd48c5687e37
7e87425ddcad829
a32c9e6a09e074f
98fe92efb1f2d32
4ceb1a0c6da5d13
8558df57a35be0f
95923796f0a7600
2b01fe6efbff10f
06d199999fabbfe
44bed41dcad1bb1
73d6fc6863f6213
4811777268c795f
b0b60a241f22c16
384f3c9fb2dc2b9
4db556207cfde44
1fe84e113f61890
84c76d70de5ec7e
9a6c58ef5c978dc
2c28b18227d51f9
1c46a649b275147
abb72265abf52f2
a64294c6359a231
5efc19a2925518e
036485915a1955f
6250828f5dc9344
601c48162d60f7a
ace3e0ab68a6a5c
9589203782f6697
356820d417ea823
336ce9249a25a40
866f38688d8f543
324dc2dbd6b3c13
562a553634e15c3
af68ffd85f7ad1a
020ae779d700210
562d7de419839e6
5a710f3cfd04adc
745e568e1ac1103
172c46ca9d4f3f8
47d39c156cdce8a
b055711fbf5e8a1
4e262c00d642ee9
20632225df11bd3
7c350125f37f986
99a989695c2c28c
a06163c8b19c6aa
756dc3b5d876a64
1386fef06ef958c
418dd5f58f9dc80
7832f615efa607e
60edb85219c0790
54e9f475a486bc4
40fbe581f0857b8
5e7dc0a86634d83
3ca677837f80c05
804bd60081d116d
9ea7b98147676cd
39d580e6136722d
aae51e901008e0a
57f2914d27797c7
4f7714266c24a5a
5cb83875fd3f66a
18062cd06ed2c45
64a121ccdf7dc4b
61b4e418cba2916
b11109874c5395b
0e1151d1bba8be0
1ca6818bd9f7434
6ca66b314894f6b
02b5393d7df531c
619b9c1924f62e8
2ae615e919f3f8a
09ac9eeb6564f28
1e25acdfd630eed
8ecc6544b3d27ee
93469fa32dc0959
09d58b96dffbe3a
8e17e1ae909936b
0cc2e70404c7e9d
98edbe77fc57eeb
9414df3667f4ed7
71c85cd306e1984
46cc7ec287b3603
2249bf5f8475328
5009817385baea7
5ccf08a6db5a522
97639141c6eddc8
0f0e084117dc3ef
8a82656faa8741a
a2719143016eb4d
062fb5c852f4eff
9fdcc8fabdfb613
82b920ce61331fd
4382c2201a1c91d
747b4c9b42ff8a5
588b0e3db7dd082
468a0ed041e613d
9df9ca8b36e6fdf
513ad04428c0d6d
3282b4c6979c98d
65b90911b136b91
8d4a4598c10a0b1
0493781a433170e
7cb345536d1d3e5
696fb79afe20efe
43b477dd80b863d
4d2f37d995ead6e
82c5f2db3e6e02a
2c2b73bb5d2894c
258f6b911c3a613
25a5470e1463d83
18043b40f3ce15b
9c44152fe2906da
87d3b7975ddb7f3
5349f4043a265e2
6d38754d089f186
373fd6ad145b639
540edb523e730ae
103ac78a038c6eb
47681a15e24ec0a
1989b3ec29cf808
5fd9563e578adcd
816352b983b16c3
6ab1cd05a36e23a
7b310a18d827ff0
3be8684f77e5040
a292ca14bb43d7c
48d41e6ddc0ead5
7879f8b59db7267
2b12a2fff687c41
22e4b9bd0d2fd35
16e2d76e26d0e7c
63b16c690e445ee
52eb9ea0cff9c71
4b1f4fa2b69d470
5d93b25a07c7574
00c3f2596101ea5
5a149e8feb5bae3
a5d632bc1b42d81
40037d0d42ef24f
a5f216a1578685b
7417e79e7f9bac0
296b71fb51c43bb
7ed9c9c7e9becb4
a7ce7db9b360228
47a8eb5fdc52a28
a3701f459850e0c
4f57d1ebc8c6c99
a0d01b361273f5e
2538a528827296c
992c5738135dac8
a5aedd78c365e0e
7c98b1c7ffb9e02
9ac937bdd50ecef
a921133f5c1a464
414ca8b92bda0e0
1f0b122d3447ce9
592658b5e9ed454
911899daef5f502
7366ac6be2dda57
01d985281defe41
430f30dd970f8ed
4b722a13ed4b58e
254f2775329e0a8
61b4b5e076d3720
854ce8fa5b50c55
3419adc8dc79c97
383ed301423542b
09d0cc0084d7c8f
31a89827e426664
2e2019336b2f5b5
b235b2163940464
0bd627d4f0eaa6c
16a7ec0cdf1eef9
13eb91ccf74147d
3b8ec30348745a1
6d46fdfe1ef8c56
2352c6ce19779b9
0c29c04fc823dce
129f0b056e0a80f
81cabd90f187604
5eaa385712c37d6
94b74ac01edbf58
7282efcdde0c556
2a77c3492d96469
7bc63f474f680c1
244a0a09a1f802d
097f7cbbe38e2eb
88e5c0a11ba2aeb
0857c7e36444655
6c4d585c7c500ad
8c4ef463173b7ae
150edfad1551c6f
5d1fa814cb87929
65d9dd9e460f4e9
9b14ad3dccffa98
1ef1968fb494169
3393ef3d5341162
0676fbeb0673706
2fbdb54d8d9634b
b1474863b065f91
19c941d4563ec1e
439828d74054bc8
527364a7c9b3ecb
83032127bc9cde4
9361106553abedc
0757bf091768eea
72830b32445a53c
928099e5e519894
2d74976b53254d1
5c29433b96b83bb
405e12fc29aa77d
694105305ca73b4
a54038a240b5f4c
ab60be12d75c8b2
0306fd07baccfeb
0e4c70d67c631a0
17449cd6c6574b0
5476002c6393ba6
66738c6cd22e19e
6a855c1429e4514
6246b34c9c35546
853cebd9f058de0
18107ace8d42470
953228a7b2f8c6b
3474176a1446205
35f7f7c42ddbe1b
a137e73c2a0e43b
45149e8ffed4879
929e8708fb656db
a317237a6630d36
1fd566ad1df93f2
a8f5b4cc9bd7934
7b702b58b947c69
896838c6c2918da
16a68fc498e5533
4c6764606ea454e
96a16ac55b247f2
9262680806a35e3
49b8e36b6578f5c
6116ab8b4e8fc4c
037c42a8f46dfd2
5c1cb7c29bef8a5
6511630aa5e5243
80970bdd4e22363
0829274fac70e9d
8d0e741d84d1e47
79442352cf7436c
b2465aaa292a016
5c8ad836530f78e
5f37ac3c08e8cd1
847d8e01e3180cf
9bdc322eb7bf07a
2a14035896e5e7f
714f56f248ffb9c
a633fa71a90d9d2
a8d75ce2f8b1202
a24179d61e2db20
6a66b2c0b284752
8c1ef0c2f8f9d84
5a4ce1eaee4f832
492f541e4b9496f
923d62e3b72f571
316c7f8be3212e6
0a195fac80ddaad
2bbfec17a2ad407
7781f7f6d9c4166
aaf27495fdf6e82
386566e35a49b94
a6084ee14e0b410
4b6ddd2e1bf1ed6
75360c24cef6247
1dc9f2be0b5d640
67fdef7e3e30356
75a99b2f0bc21da
0f6f880ff43776a
14af3560282c7e4
4b1e08c4966fe66
958522160afe302
663437758397de4
33fad9873dae08b
4e4a8a055d9f5b6
362bfc9cca9621f
7463757809716e1
4fa5fdb7e7ee842
b2ddee89b6c227b
50b7164fa7a2499
005f32fc5985e20
01888ded4940d02
1238598a5759968
52e2bda3616b300
4bb8ff45377c7db
1a7845f3fdf54f0
37c794f136dbcc0
3edd771949195bf
568e41afffd3079
1458d6b95cbe3c6
58d3c1b4fce358c
812f7f3df6a19d0
3acd8d192f18bb6
421607c0569b936
1a71abb31f567ed
5e8fd3466f63942
38d16b8fe66e25a
78a875178b901a0
08e6bc8a3e5a317
3b5735f8acbd38c
330c04ae622ebaa
62d0cb32d9ed87c
7c3b818c2b6f29f
2c8bb4ffdbb923d
1595f4b174b6b96
308e9489a36a9c0
87cefaa69ad6e3a
7164c6af4cb0cd0
7574ef32f644d87
32b95899e899520
27cf549e9ff8255
67496a7984db6ce
66afe0939a704ee
5a15df0056918df
4489e6851700fff
4648160caf5e62a
56517e2f823e089
58d743f7e8f4d10
9adfb37d2f2bfaa
77af586667f2d59
9102cbaa6f6c9d2
2ae75d0d10aadd1
5d988168cafb3ee
4982b0c08122f98
2d8957b7d468370
672ed38e795752f
95df8a504a417c5
11ff6901d1fe19a
9fa0e17f1d58d0d
091044224e48dd2
8bf5c866b740fbc
7b82259d9009096
379e8a87e365909
57b0570855be0e1
906f4acee2ec6c4
a2b0a80c7206675
ac11337049200d5
5eceddca422096b
4a6f300b004d087
7065c1c567f1c08
5e0aa9a5ed5ff6b
66f3ed3ae603fa5
3e725e6c3382bd2
399e9b9c62da613
95fb1066d9c8529
159bbfff0b231b5
0e406fa577d2ab0
4abe383f7e8b589
0787fdaf9651099
3aa330978e8d093
9b428c9eeb00047
516822ff7b42608
83876127de86aff
39143bed3a460b9
725429f2ad27e5b
949b299bb8754aa
7affbb7c50c5374
1f3e80e12b095e4
02345e18f4ef252
359b7773602f729
8c4d795d0e2db27
3527755073c3106
8ac5c88adc19e4a
a671dc0cf9fc388
8ce521745affe42
8781de4d2192299
0d0e7ea490fb93c
014cb35f31187b2
a0f133041bb3bd8
38d3416c55361e6
4d0c82902d35092
858fb09f71dc36e
5756a7b9a9696a5
21388e0f57cdf7b
70c0f4100854592
7a539f54cec900c
355571ba7dbd65e
0b9da5458dedac3
1e6d5cc32532345
9c8bde832b89b27
9f51743e99584d4
3bc1c99cbe63123
64c7bfce7ed3a30
0566004f6193105
618fbce8183624a
8670ac6f2c90315
42859ef8d3db844
1213d313553e863
24404d798db55a0
176dca242ee9904
4b608e9c8499104
7585adbb48c1df2
255bdf534c00367
395474d06bc42b4
9494bda6e86d983
27a2ca09f016e10
1ab579b25b39e7f
461f9477904345c
6d92201ce24c3b5
a7778f7964b913e
436fb680c723ff6
4b1826112df5956
07318889fa950b0
62d4fc9f4f899f4
30a3cac476ee321
219634606b0747a
ad80fba4c4b0136
8bc17dd094d1922
3c03de4a033c1fd
a28a3007a476a06
7bbfa0081ecd563
74bfdbdb7121a23
092272dac2b299e
a3a68094ef6704e
37dbe1895f0365e
708fa6e899304ca
373ec5f5c0ecf2a
3c489e000da005d
9f548023a696377
10cbf6dd81eef55
6a8e5bc6f1ef4fe
3234f1e3d892283
7bc38724803f9b6
7524cf5ed02c4e7
6e3dc14249e8399
64bb5fbcadbcb07
0d3e2b906e88b81
03579347c68e042
b1d7a3cd5246a1f
569f068332115a9
80987aad1c19e08
69a5380a4a49082
2b958f1a264cc10
56667ede561ab46
867486eb4f87323
96d5318fcd43b69
abe515b29de9465
7f2e64cf8cfae95
7c41ec16d08a22f
952eefa4c963dee
3ea7f9730dfc1d2
4f15d778e06b07d
9095ae53357a457
0c484dd7fd31d77
a8e1aeba3fb00ba
94c2a0341c2026e
2da14a6246a2b35
6e93a9dc09f0440
6337889d075c84e
ad8ede39c88e314
27df76ca5ca9805
1d85a00c7d3001b
6f4ab3edf513e69
57a377c6b2cf1ab
2873f0862c1e43d
5af7f79144fc7a7
5e8673358856dcd
ae28d170ddee769
6125a8b1a925fd6
2a6181da51d2f84
08ec1303f171147
7a7653776f0887d
19e0fab52533f25
32947147c68ab60
b279b70e19a8b35
4ef48813b4fd045
01763f9b104285c
8fc2fa685b90844
41df4581b12dd0a
503961c53050423
120cdd35fa7283f
13a8a2590e2d5b6
03a64241596432d
a1a0214f7ffb6f6
20de34eea2e2ab6
93730dd6ce91f3a
33fa63840cb4c90
064b9a72d8670b6
a22826d4779027a
a703b18a94a93b6
7a75ca14d8d7f5e
57f4df645f92d22
9766eb94e8c76fa
013a00700c12179
2f43576bada1650
456d1f697a7c2ea
299c58b7d1c4a77
04e2066f6be77b7
6deea792a2ca52d
1e2b568fd253e8c
0ee38787dadcb8a
04b718105e59001
3852eb2e259a82d
ac2d9a990eb938e
add7204b1da4bb9
5ac65e880e654b9
771a168d9296243
5c10edf69d0923f
72565179f05a9a3
5f7f7ee9a68cedc
23b0270bf5061ab
018fe77e09404f3
2c5af84305ad751
06d57b9964a15fc
303545e1bdb2c09
470cb881459595e
9a7c9fbc4bf728b
5c8e4f04f27d8f5
8479ab33505f4d6
1ce2cff88e28c2e
54816f005cacb4a
2a42b4e6d4502ae
1937c3e5d590524
9d6010b049271ba
700d871fb270172
ab46802cda8696b
563abed25808129
8807d4a00702b4d
7fec11cb19f7c7b
2b9a0351fae48bd
8f522ec19fdfd0d
0f1847938f64b06
53e84c59f9167d5
92bf88080275e61
650b611866101db
b1996db6e11cc61
835785eef760aa4
4c47cd95713f8b5
3a0f357976ea1a6
3e5604ae77382f0
367dd5e9f1a154d
2391fff57960b80
319101391d1841a
0717a8f2745d6ed
07c5d35245fbe5c
4501f0108239a71
6081d3e64cad959
64638ed7b7a4181
8eb6b72a98710a2
316e596ed3b69a3
816c9690fa0ab3c
25c75513a396f72
0ef6c1440fca293
45eae984dc8508c
3a421fe913a4a58
27df5f56ef921d5
a44731e45f61fe1
4c53fe377179000
4c996fd41b6ade4
3ad2f03d4170eed
11f3058fc69358b
3b7787a0c83cb3d
2e6850a6d3715f1
325e2ed2ed182b7
10df6c9fb347565
938e7d2a4ae5943
51abdd0f87232a7
9f26036037d07bc
2adf02d95aef146
3f4fbefd656dfea
4f75872aa880860
4a023fc38957089
b1d643098896400
b14742c020f95a7
8f54721eb482fe4
83a23a8fc09f0ee
1feaae285b5ed13
0fb8a27c4afc25a
6334bdf65bbc836
504d2f0b7ce72db
4927e08e53905ee
2fd6a19a922bbd7
8859a74772cced2
a6ffb9c3a4d8dce
365ec42e486184e
348920f152358e6
37b5159eaffd442
7ac1426cef41cff
027950a7d4215ac
51b2355a16af8d6
28037dfcfac769d
49f300d2248bc2e
3907fdf0e356608
46d19d6f104848f
9b135ffeb60d13a
3e531ea41e69950
91bc6f9fbfaeec1
561c03826dd3022
837ee3e80fb4ba0
0d29060fc701d54
385723c0ac6e82e
8044d806886084e
54e19da2d528ac5
4f8ad102b2cfd18
a0eb03ead58aa70
a81dabfdd42dd9a
abb1d4bb343dd70
060e628257d8959
50c6dd2b9533822
a266a4be1390fca
3a82531bd9c825b
1b791691e3d5f8a
84ec9b31d205e46
0e62ae26bcda9cc
a35fae5d15216aa
135d601b6995856
2336b78268659fd
352662b09eb3426
6669b98204ec37d
425acd2d64d03a9
16a9d22906dc01e
a161095dad0498e
602a1c395e2d297
68c96ccb58e1cdd
8d1b07438886e7e
5eeb2419dc30c58
6bcbe612a46abee
aa609d4350197c3
81929de1826def3
0ef1faeb22249a1
73258d3ac0d625e
71baa05c2640fbf
5f2a038bcac8e25
5a2e7daece98c9d
7c788f10367887f
3552005d33570aa
3476d47b33f7933
51d3c759593710f
7d6dd87aa407c2f
32a03958d5855da
246fbf70edada85
9044e962b76dbbe
a72771c171065cd
2182ccbc76e0c23
2f70385911761c6
4e94b537a6e5604
0e974d90f7cf75b
6d7deddc700da9a
1c7b86c2bd26819
4250c5f8c34ab67
8173014acb4f977
31fbba8cfe0172d
34b1131ad2ac4f3
69a737d50cfe786
a3b98fe0435855e
8ba563a78ef21c8
217e48b58c3bdd0
099edc011328a75
9861a107f3f9aa8
651320974b1ef96
8ad3db1c7bee2bf
18451e2b92d6acc
6f335fef437a62a
4701b4fed741356
23be8078b39c271
96ef59d37737088
147766ba44c49b1
3ea4f1218119a68
3867d10254a78e4
30f5a59409051dc
97c121c97f74bed
559406cb7d74f47
515802d67d3ce1c
3ea4de04460ab22
9dbb26346eee832
000adb55620746a
9f04a9f293fcc00
7a0fb3cda4e908f
1c6e8080e1b58d3
4528255e3fa0aa5
078b461ddcd7885
442d61fa461db22
6582fbfc37580ac
43ab339a7581df3
6e4b863430ed323
1e8862b38cbf2a7
b27ebb33c897c3d
4f358052fe61859
1cf600a88e4c33a
2024e147077fcda
6d2586aacd8fd4f
32601cb69774868
2e4323d4bf8d21a
1dd922d51a5eafc
667730cbaf333b3
0455ed16290f370
5edb051d4c3b61c
8d1c717c46f1b52
23f851f19e151d4
80010329acabcae
533ac63dfed1426
5a4c75cd59c8e85
1fa67a320def49b
26c3d9918a4369f
7023242d458824d
2059ef3adfafd6b
8e426e4dfa74ce5
5f8b242c4365a2c
615168d4e4745c3
3aad59ef1c862b9
8a4962fd7444443
307451f48853cca
47fdc7d410f5fc7
0bfd061d49fc6c9
3c9841e6bfe1e13
77f6998738fc048
b1e2edcd41efc14
b29bd76ad6db56d
1138962a3987d37
1165776beac9878
593a06801ef4b2a
84683d5c97f294b
6462cee72910b81
32c6daf313ca6ba
75fcefeb5e9eb13
440032fb5e21d1b
92ce59a7918bfb0
887c530501f7b58
51c59541cc7d67b
79f5454df0a5eac
899e7326188426f
b05af7b203872a3
40e2170675e049d
725d086ff780fe7
a4d4e1d923569eb
342b1abef4352d9
79eb372f0e4ec43
a9bd45ba3552edc
60b6d0f0865ff85
8686f9539b337f8
295e6599894eed2
19d27c32b9f9195
40b3e4aa55495fb
109c13b8d6bb0a7
39ae04e6f6f07a8
2dc3888211ff71a
7705f00a6afaa86
b04a9f9ed422a26
839cd04f5b7ca37
1a2d8746501cad1
870726960f3c312
291faee3ddeabff
a2d2ae775734d76
2bdc78bf1eaee7d
9b34c6769cfbffe
0ae5cf9f9ed2de0
167bc6b0e844b95
532f6c10854fa0d
6fcfa7411cab36a
7787bed7a8a4bd3
51f0996c7de5dee
af7653df7962759
60dd9637fede83b
a4ec38345357a42
71b1ee866f91bb9
650a5d78178068e
660352085817cdd
87730a0b4210531
511c3e9dbef268f
75dc9a849eddf73
6c2d23e6493acac
7de39b1990e075c
278fb23df244210
944e5195513367b
76a8b1a1cfaea4a
500f2e9d4e98a79
30f110573c18aad
6ad6b478d48789e
150dc1937b06e0b
538114ff19418c1
6be84d8462fa5e1
952ece173bff2c6
72a9ba851f96276
82395c3e5b03272
2a1645bc8700451
5c26e08a019b017
91509f3a1d534f9
3758eb17d7c01d7
9edf8bdb0f68e73
7b6eff89ee5cafc
05926977fe43482
73c6ada12897eb2
6dfaf6ca1a6d2f9
5a5059ecd53e74e
9093089820d6dad
8862f13aafbcdb7
0b5b775944aca3f
18e5f425e2d4099
7daab7ce45fb8e7
0abd0f7f2655dbe
71b5cbc48489b1d
24d4c28646a1be4
5f19064f0b6dc2e
6f84bf51042a3ce
4b2afbfe89d163e
3f95777b0f1e3d7
81e10da609f0987
86a143ddd58eef7
55558c09608b545
649d3eee1a75a3f
5af9219ca3bd088
790b742482ae8b9
29ac64b0fe97571
a5482c8574e4697
4d3845d48cc4dd3
60f238d761b14f5
8d2c6ae5fc6bc8b
62198d8e4885db6
a491998eb6afe65
841a6dfd0bd715f
8ca50d117ce3a32
9fb4d81b7818abd
94297ed1114f28e
6c3e796ce6e2b49
b1c0a6531ff9977
4f615b5bbb0ea85
36234752f4f0990
6f1716c3b2e6f00
3e931b4c0e73b1d
15b2b170a6e5cab
94c3507c6ba32a6
3056164060c7ef1
2912e5c2127d9b4
7402c799b1510a2
a53d91a434995b4
0b7665665c03267
61b710936d6713b
13c48ef2f327f35
2ee09fdbfc34957
145e2f2c8debfb3
2f9b08f0711d56e
62661bdf8cbd46f
596bd251dfba55a
1c411e4e01a6e89
9ddb0e65cc62d32
1ce77ba02cf9c2d
3cdecd9a5e3d1cb
5da832ed7e663a2
73ca78292edf563
b169becb9fb896a
240c0b62adbd2f5
84adb5273597917
0192d0616c201db
36ce8d262ccd81a
065e60b79ac3566
25ac67fad9931e0
77e46a8afed7a46
67b3a0c556c4859
6553cb3952e208f
a2c8306ee7f1945
ade40868187a951
2fe370bb46aa350
246fb88ec3da1e5
a5127611d56ccaa
7e51b93e695e74d
53092a21a2e90cd
1558ba8d6bbca16
6480aa7be388cd5
168dfff75dbbd0c
014099eb5589c0b
4b5cd8ea6de392d
3895548376322d2
8fa340575361101
30e4862dad92ffa
709495dce6ffd32
5acca36d97939d6
21413c2271c220a
45a0a34a75bef59
288d40bb6d32901
a7c7da9cd99d11e
8f07bba6d9bb798
93af09eeef0f6e7
3fd9d829329c9d0
84f75f0c0a1068c
8bb39b3d275f9ea
7de9618f1e1ccdc
a59f48e5097a364
a2ad31bfa272549
85ec4bcdc786aab
9ea17da82764a58
31a00c23aa8a8d1
506dec38a1e7703
9c4d109b3779836
10b9ca111a9d5b6
956d64b68607023
317bde2e7e8dd65
67249c43c640925
8deb3466a99b1ac
7b1ad77771b7dc8
3f2145f038612b8
77417be8085c965
8353923622106d6
1393bb1ed88178c
34cdae7d264cd86
0b468b2d9fd211c
ade9d8a581b5470
8d3d6baa2bee326
a64b9eb170dbe58
0fd46911671acc1
83ab28bdd61319a
96f900414b33b17
32f8d760fc818b6
24270adf2f56426
3d87b37d67cf990
b2baaa4f9c1c96c
2fbd9fe844a86de
9f6bba0f5f3d881
62ee4d5b6fd3a37
16fb31c8b039b05
6d1917425f671f7
76a74a4fdee60e3
185a7f67581a116
8c26d9dbc1b7123
8301617ddaa269f
4e64728728c90c2
9a9a313cfebbb05
10b8874eaf9a060
52e1a34d822c3a2
3b425464db2d2d9
38a8af98302ed4a
ae0fd91eb333e00
9ef97a38796a3c9
a263528f389aafd
65d3cf3fc6f72a7
9b64d4bdf0b7ccd
2b6d83aee89a091
adcfdacda06abec
70d78b3115edbce
817678f5349cb10
8b7e4c575fff1b7
06359d4225d792f
88bcf0ca091ab5e
5b72fda0caeeab3
756247f15107884
913b299356f12cd
2cfed7ab9cf9b45
7a785b37aac5ced
2cf636ec87fe5c8
a078a0e7e1d2912
60dde6f6ebb018c
0b8ccaff05d72b9
6d16a95c07203c2
27b056aeff564c5
864a833e3f0e62f
6562daf3458d040
45fbcea6278e85a
1760ab79032c7c2
4f6758f56bd303b
0fa245676ccbe35
3d8349219712abd
9e8a36fa3bb8a17
91b9991967b53a5
249ed3ed276ecd0
8719b77628347f1
243ca85c5b2f6d1
76966ce3ad86f89
638815a4a35417c
6a135c153e62a64
53af5e882e7986b
6f4397b68df4891
8c115ace18d157e
a961dc178112ae3
9293adc31c60442
1d4c23f0b14358b
43844784f0f5054
9a7ddc5dc0ceb98
50a43cabfd297fb
6bb4b9be3701615
7bf0e02448bb5d6
600c87d0a5e3a30
59d510e9f896cf8
42be0f952528b2d
945e697160f09f3
41f7f39c27e4a47
2374abccbe19b9c
86abdd0e415c8ea
81c6c35aa96f600
a396e666586c08a
996e2cadd5ed449
6c680ef8055351f
76c18f2c5bfeb3f
359e8e48f2c5fff
6465b090abe2df4
1ce63a26025dd6f
7e95bd4e20acd00
012074683697b51
330507043b14c63
6061e6dd727b6a8
13bfff46214a8cb
b07f1389b8f450b
8e80493f66c4026
5c599488d486088
b1e5c71e5a6678f
a1cc082a484df85
6ab8406ebb430d2
8bd8f68f675bf47
46c4aecc3575ec7
7632b7e1eb7a138
3dbd51ac14e2862
ac7e047734a91ac
92305f928834360
b11c4492b9bfdad
70d9d4fc4285363
a9fb7cec3fde3bf
1e2060d0cf79826
5c9075b2b4fd496
6ced0b2c47f2689
343f1789258ac8f
218779678d6b11e
6fca15f6d784999
5711bcf29c5873a
387754918b48d3a
96f0ab99a799e87
38d611a44d05ac4
6afc23621c9bae4
8e3dc1d57f682bd
6606e46263ca3a1
11b478e535dc2a2
8d63a0c42470735
40291ec6af3ef31
634bed07219be8c
a023f057f9976a8
414a9ce28efdd7b
1a06cd4328f4ddb
439e2c0a93c19e0
055d6fb6c1aaddb
8c2e10a72a7e264
665441603313681
5f01f60b9d781dc
57fd3084df39455
7dd4014ae9bb578
49a5226d13d5b09
95a1aa5b0280fdd
3835e4cd9576ced
4632cd36bd1e7d3
56aaf2b5d9f2333
7bd11479847b66b
117b13d07a78276
6df36d6ecabc477
24531cfc3bc66f5
0a49b16b4a7da17
8804d7ac22b9215
03f78fbfd3c5c44
2f3a1d654ab890d
214ca3fbece04d5
9acc969edebd907
9a29022aca5a3dd
9609ab70a642209
5b3c7903a1bda3f
a90a30c13171c6f
6848bae46cdce92
9618950e84976f8
40324206dc1b5ca
b28901db3e3309a
a2a0a9cfec2638d
75d7fd34a120da1
695798a72486fc4
0587220cfa3718f
ae6f27a96da91c9
014879c4c70cfbe
5b9db96c90e944e
39dddaf2d4983e6
86bae6e403f4ac2
45fa6e17112df0d
9952e0b32d892a9
9f86e6060b5de89
98ca7116699ca4c
9b1bb2bf743f91d
002f6740c735ef2
2737b4e8526e0c7
49695021e5a6c80
2cadcef7584e1a0
3c814c9742cacad
3f800d53cf6ad85
8ee0681fc256155
a66102dc3c128ce
00cd3cc7f10f2ff
1f36a123991f2a6
30eb63f889ac6ce
330ea8da1e2ba41
891b14f8394442b
0648f778b543e9c
9986bb8bab9b25b
729488313af098e
6a06268db256be2
a246ecb469a26a1
32a0b47a901593c
8cf9efe2002d9ae
62e4733c55a21e7
63d559554d7f861
3001ea635d1ed56
96c64d7f3dd5789
376d9c929f9d5c9
9293f7e4e658282
624fa11ea5a377d
07a42fc8ff1e8f5
3888a0912a9c54a
337febe5d499781
1ccc289e7389684
2738ba493f10948
2162b1af2e5bd55
9617f7c1d02ac79
175c3ede277b453
23111d4f4fe3d01
a54fc815cce0384
2f0f5bb917bf0dd
809b9a639e7a558
457663789c166f4
4b087f99f112009
3fbcc344d47912d
64eb38117fa9843
834355a169d3265
49ce6a6cd2cc7c5
24f2d91819c8ac8
14acfea56cd8346
23e0a22ce7688d3
7eb2a59056dc178
0c6b4d25fa19872
a3e0906792b7cc9
462833ef33cd5e6
a254494b1fb67ae
3261fdec1b2232c
8c465f98df9a41e
168acb170ce5495
1be79eec9398e0c
2ccc512a89bb4c1
78991ae80fedcf8
3477dbb526b8591
af236c3fe282b8e
18f7107d87577fb
82ac047d0cd69bc
0a72a3d96b87ebf
af672aef2f104f5
4e2ce082ac30faa
1ae767f28d756a6
1f198a65b60576a
6c525f1e5329689
6486b67f6fe3e64
9e1dc1684c174d2
a2f657321177634
124559be503fdcb
5fdf4329f4e323c
96245a9395d9ae8
522e715c4b7f22b
26cfc7282e9bbf5
96d5c3765d63c20
b05e53502de527b
11846a1f759d084
4acc0c62ca35612
0ab1094317bf185
12ca3176da9c5e0
12d1a78369df966
7d98e66c9bc52cb
aa63af88d5af930
047a07e0c4bc684
0e4577660d16bf3
0fe01a2990ab49f
29a0eca74beb3b1
070105f97682428
613f9f5f76069f0
353b6dfd039ce8e
a6b60b5a6b704d8
52441421c12d095
23064829839ded9
28f427e9dcb0766
2b6a9df4d024761
42efbacd369b399
73c4b0b42d9c158
06e740facd95e89
6d6e60dbe8553d5
2eebde0fa4d7aa8
290c2bccaf03811
84c6599cff96f2a
7223136c492ac02
97efab386cd5e9c
908a8e6c75ca88e
9acde44c4ff3f9f
a778902984a2dc2
598dd78b91d150c
8246cd66231eb4b
25a5dbe8375c44e
7372cda4e507b59
228a36c4e7c1551
4fee3a4985bee82
4a9433b90a3eace
9ee8ebfd5f93e0d
834dc294b5487c1
3055e45c5464ffb
4d7ba034dba1453
02a68b37057076f
67c0085df834d4f
a15444191f44aef
493b5746da733f7
21fed28564ee56a
08b4082a635e7e9
5fb21e1f6e4a417
92132e09244dc4b
18e94fcfe35c8e7
afdc3b4d101ea01
666634c76c3c1af
a8656c503ef7db8
3dd896aca42a68f
61e9b1898e43068
11186f7580e5755
60ff69fec1008bb
0ae91a85a2ed260
109dedbb02bcc75
65e50c2a2065722
644ea35814f6768
069ce829f671915
77444eaee5b225e
6a488892fa7f17e
0f6d4e4ef71df92
1828c07b5797979
07fc4d3a5fe2880
13a820ab1847d2a
6eb2a146306185e
a564346fc20b6fb
9f2b040212b3faf
80299d43b8c6e19
7385655286a1a21
2151db787ac37de
2771433295bc2ea
5df12aaec6b0486
9f3e73189643d8f
3289e04df597657
98a7f2816b34f1e
0aa2c905b5fca36
1004c8cd33935bc
2400a31af4ce216
a7b0fc370a36408
35e65f200fb7cbb
67e03de00920d31
14192433d97fe5f
1175c6d9fd10d4f
0a6f90420306eb1
769ccceb797e6fd
06758cc4eb6b9c9
2e3a0988fab24cd
0963194851baada
02583cf30fe7327
0352302b85a4d64
b170d612f9f1d57
95a7ff5fec21f8c
22304c76e0190e9
4c63ab126d5fb45
797285a189ddf72
248cad258fe8b42
35763bc96f53b55
aab93cf3a2e62fc
5f5e552f05b8dd6
6f0099f122a7f0c
0cd6a152a28dcd2
9751f35ecfdae33
04e74bb7c239d8f
4a10b65b21b570a
620a21f28325643
97429a4880da929
a8b59a6be1e692d
9b8b35aa9b61f8e
a922ae7d8670403
4e09f66e64eb31c
944415ab07bc2f4
2d26a47dca96e2f
748758fc8e4d14a
b2dcca6a07b2a8b
368f7cdada16b4a
9ff097be912d264
4edd2235f2a8b62
00ea8c201cbd078
11fbec85c79c1ba
ac627475fb5fec1
51de69b0b104479
b06bba03d49a25d
3a85e38cbca939f
60eb0278a0c6203
67267796977fc63
080a23fc83fbc45
a98885c7b995c4e
35f4562fc1af221
2c05b8c6fba4373
97e50c137f706d6
0ccef35bfd1ad48
6ed0f6cd4da159d
03e82a796f1c582
6a948744fb05634
1bb2be51ea096ab
561d7797627a7f1
8f328e71e2973fb
1b6504fa1a530cd
3b6efd292ed62bd
4405a1850ed6890
05d74683fab6ba1
6f0863fe0f088b7
55ee9729c2bfd0f
4b583cf53e2e3bc
278da5510325907
4b15256d455fc77
035a898ba7efabd
86f998de946ab50
3bf242620c7fadb
a8bed3b1ab9567d
5a5bfe68f1ed545
0a2b7e15c593e16
14efcbb1d593516
94533b47f5624f1
83e85d6bea2c39a
3d3724d913510f6
7e48cf37014454e
05da4b61dc7cd22
96f49f35f041c81
67f393ca028a3e2
5fb926a5df6b93c
8cc6a4ef351decc
01cbf6af9afe848
1f5caf196a8eec5
a1a9677e6760d1a
27a8c65579920f3
a674ab4adb354a1
a4d3ceaae5625e1
0ffe1674d4c8b10
20d34196f1dfdcd
a3c6db5ef11e2f8
48a2f231ab5a436
4bc2884ef63daa0
b27746150aa09af
06dcaeb78ef4432
adb55c5f0249282
3c6ea17d3eb39bb
9ab12b076e6bfb5
950705c379d964d
247cbff9d4a6e65
84586e0401422ef
5c8f8661454fdfb
923ac60268b6e18
6410b2f301a90ac
a2b2f7653b4d638
5bd773e1de8f343
57dad54ae4f2ac3
6803bf4b06bbb12
787debae4c7ad8b
608764e2137ac12
ac63f5d560d9848
b109b7c2bd565d8
47409ed18082b48
6ed07fe38a304fc
810556ce12186f9
146aee930e3dbe2
9e17c27dca62909
41b92c2469b9430
aa8867208edd684
4cd722e74ffa36c
739a0729dfe230d
8076cb1e553cc8f
1b0d200cdad050b
90987273726baf5
9f73032db0ff680
4cea3386a50e171
1f1d4899036bf46
81c2e7f82e379ff
1286275ec8e0b85
4ed45f457bcaad3
99f5e7f852f397c
a93e06a9828da1b
476789042015274
1c03955b4ccaa38
32e7ad4b50e6632
a63764c0792a47b
985e1cb14bfc310
9bc8e7197b235a4
0cacb1f0a1a99c0
2cfa3d98afe1735
5a6ea9c3702b598
765385cc63e0291
8e69985b9fc7f5b
388d373b0f3f1b7
754628f85aeab59
0ee4dc5735f4287
6873075e7692117
8cb99baeed5aac4
3368ef159b2492e
2fb11a5486b9820
3cf1885481a7e32
a18872ff0cbc122
7b03f80cfa35543
8e7719a110169d3
93aa86b944d2553
2895fc3c9c87513
37dde78ab420786
1ceddc5d8c011ee
0aeeedebc792f28
78c6ad804dc2dd2
62b98d03ac2b910
969d614e7f8c585
2ba0b6e00d08fe8
48c1f09622f772d
5a49afd498e676e
2d7174da9835ff5
82aa1b9fd6f625f
455df2c1a350515
23bbfcb90f3bd1f
483251873cb1b70
19157557ab82b0c
049e98609be2c63
77ffa341a57ca4b
03d1faae84db890
3b384e0910447c9
4cc7a0d93d0adbb
5a0bf158220909b
9d935b5d9f8d3d0
9652564d2bff77b
33c778bdd08e27a
16db216b8bba406
6f305f344b60f6d
49181c0c849d94f
65bfcbde54d53b2
3d8711bd1fc2e0d
97a734e91922c02
12067f0f975dd6e
3786bbb86fac51e
2eb9b0e1e04709d
0ff2c6b04b71197
ad9495e32d78904
33a67d91def38ee
80d3465d36983f0
256099505a5cda8
66829cfe60f90a7
4c2d4a25abea344
a27fad1eb4959cc
a0b9774dc6d787f
8fe8b9c02e89b08
1d4b7bba2a5f85d
34c153e91c05afd
8ef8bfca654a078
087336081196560
92c44962ca418ef
0a590a82bf49886
a36ce6f66258a54
7ea68a2b33a1e5b
b12ebbb4e2815c2
88b4712e7075614
af6fcae15d4a8f4
af040fd2fd484a1
9cada5b882bf2be
a2983f770099f25
21b1141fa220c1b
02dc1da070725a7
3c78d5ccc107945
5417055091184df
5658d4a92129dfc
7ea9b5168c2e812
2e1323845e6b240
51ae3ade234f172
94d958388e05a1c
2578dd657e081b5
73924076803c532
5b32de618b83073
0b7c7a689ff3dac
23766d6e9c2f490
5b5a1f38b12c1ce
aca9032ca3b2114
aa28d7ae4ea54dc
2a9739657d0b02a
02db11ed3b9340e
9e8f695cfe4972e
3bc9fd0b68ff6af
22f85bcfcb435ba
33ca17ad5e47a2e
b0575b92c62857d
748290cc5689af7
0973ca5cb872c14
aa686a1313d0bee
01a04fa7d8e79f7
2a6a3462513d079
ae57bc37076ba8c
2a7212ba1f992a1
994a7402d5c7f57
1dcc41536999fd8
64c87e33fba1157
0ae93afd0d72466
2f19c4eff65877d
5c3d7666a9da87b
1752f4dd1836eb7
14c2e4912c4bfb9
15c0f71dea1ac80
b233b1ca8bf8bcd
4c6cdb91d1f24c8
17ca963067f18e6
0c0f0a1ed24f29b
239a11168f81371
48675f711a5fd5a
15cb7660501b2c5
b223c5817ee19af
9140dcf2920726f
2dfedb263e702c1
02d68f8b8cb7fc8
40ffc3c1c0dd0bf
5ac9f581c9e0808
84034301b51663f
252e6299489890c
0590cd29531dfcf
77d54bb058e8c38
215cc524ad330af
972847c444ac3b4
84d88f62582da3d
12feda51aea6eae
ab2c07f4b4bf21f
a47c344bde8c911
61669dcc5a37b84
254469398995c3d
35b8fd47b86037c
3406f278650a54d
1768cd7a992b8fe
56d27f7410eb454
256149b0bb1ad4a
8ad6d89b76da949
871e1515c401ea8
61d01e4959a61e1
8ca08b6ee693f6e
1dc9f9fb27dc53e
041dc8557046f43
3c73042c09f7a19
4b1aa1fb03c9e80
372766b1013f120
b1c0135be8b6b62
b1aec1c5fb3aaf3
818c859f469b4f1
2edac800c258547
3e9acb9e4db3b94
26ce036f521debd
4f6557a3c7c2568
45f977f3bb84194
1a12751f093aa72
0730f93bb180497
93e03a046a3a752
7a7f27bcfa986ea
1e6b254686f1c94
9b77753d6872449
7d90b47237c2109
83b39ca4c93d600
71536bcb5a1f6a4
67f25dbf59553f1
8635ddedb16e215
1b9b23745fb310d
623951e457d3fd5
82c84ff8eb8554b
4bef60946ce153f
8433e83a471633c
12c412941778c2a
6279d3890fb9a06
8da667893937e05
0f7e864b8e01bb8
64b45ad644e24b8
1923d43288e74bd
8f20d9ac6232f9d
81746a6eec770ce
8a25c14e8a184c2
67bb787d5c33e66
71ebe24db3e731b
3c3d73d817f02d3
6e55e2a5403f592
5bdb0e3e092969b
89bacf5223c84f6
18eb16937c72765
80a2514f55a4e48
8d54b26fc0fffb8
896a3c17316a086
3f267c8077cf39b
8ef6a9bbb601ea8
7fad71eab86493b
1e2a98ff8ca3bf7
a44b5e01249a9ef
331a723a25cd601
4b46e595d4e98a3
6106ec177cd8918
70c2f8064174030
9ca11606d904f38
a0f545f33b7cdb6
260b58355738f8b
588f9fe2cb89977
2f19444422ce48e
48a84eae4199ab5
2c67e40d802088f
5791d52a24295b0
2af764b1cebb8e8
9b1090a2b6e171e
6891957fe00f5b6
7e211b916c2bbe8
7689f0f8b5fa1e5
155a635aa243b0f
ae3922a6ffbc237
039486d93c33ea1
5a517a2ecd35e4c
6562e51e7134242
81a65069ca12401
1346b2b2d01af9d
718e02b8ba29279
62fc3e94c407aba
a27ca2ec4f37cf8
3d50cc51e5dfe34
b040cf03cfc6aec
4af1bb6f43dc9ca
b13135bca9bcd2d
54d9103eb373a56
506e760a2199aad
263ee3385525a2b
33a6fea96c344c1
082198ccfc00933
5b3100dc036c79e
69c2b23f751463c
07ac63149537a69
ae70ca36d5b5e1e
570b83f597a73ac
a2e8796ef600be5
61eafd158a08aa1
629847c0cb3d90a
5336e997b05564a
5b68d9d2a24f6fa
2992cd0f743ff8e
18f3d38ef3d5420
3da973a53adf811
0354fbe45a8f07e
8851f9a328d7002
87ff38d15f2452b
a5f58e7e9d8ddaf
4a70f8541cac447
3c4766b094727f3
1f00f495a1a4d42
1e71e87134546d9
156ee13e7b0b41f
3f0741e912114bf
6d081cd4330beec
3a14272460b0193
32f143adf05d3e5
97bb636fae4cd98
8aa13b48e5b9813
6fbaf7062570517
93a4624a6902f46
73a233e4001c4c3
2e66e7980b6126a
8801e62ff2b8853
aaf3883f6664819
3471028dcdcab11
a8d4221c850b583
4f13d99a60fc55a
aff66c541f00485
75463e01e9175c3
98ac9c04f3b5a79
a499284bd39dcbd
0556b2de0e6f7dc
3bbac4f54e5afd8
454bbd811461b26
7b369cfd12a081f
8975e53a7f80a0b
7b3c22c9e632884
6c11f431f900aa0
5c763c74ce263c7
8dd76de240d015e
18189c78ec7414d
62344a42b340025
1839a24de210f4d
46c41f1a2846e56
9b36b8930fd0649
0a8dbf06ec8ba7c
ab07644b7ec66bc
1bcb820dca21d28
1b5aba7fd0e9328
0d6c0875f488eca
ae50910491dd4c9
a13a58b4c72b42c
2e460e9080795b5
43dad97b84ef5a4
a2f3a5979bc3a5f
5dadc2043c4bc52
4e17baf7aadf5c4
5f11a699a331c04
791a0af14f9db74
91d82d01abf492f
a85437811337505
a3644897cb0fda3
250ab07df8fd0bb
0fb79983babac62
a19ceda06e4f67a
a8bc0afe9f3da17
71ddabe1fc17bd2
1e182ae806ce152
2d8596df5c34784
0beef382721b906
3807cc0612f1f62
2793bf06a259c92
52a92d1e332e2ef
a68b313fdf22a70
0ad2178de74640e
b2f653f39b733ec
16f21e260fef2fa
476ff3a947cfd69
4b9eb9c0af8f0ed
4ce25aea329b769
4b6a2321198b1b5
6b92551698a964b
59d591265e15ee0
1d48394812fb3db
3c9e6aa3d299197
a3f49883e048805
544c4eb483895ed
05148444abe9482
9cc821370e1faac
8da5175f1da61b8
4f3cbf293269f13
0666aed7d4fc479
2e6902efd69ccf0
050198a0c4f7fe3
a2fab04d46928de
12667d799f8bc9e
a0ced148de021bd
4145ddc4471c0aa
74dc3dec17e40e2
884576b1b9f75a5
4727f32f534b840
a0ab00561194c2b
8a95b1698ef6fcb
3d47c0f5beb38e2
3319ceade6f67e5
29ca9aef9a69d31
2843fd367f82cae
8ba0aae52941e68
7fc5821edc1a048
7a9154618d89b9c
88bd2fc7737d040
54d17fc165c7e20
ab4ff6b29d929d2
79027a12e020aa7
7fa84acee8a4577
3ee896b3af6aac7
491ca8735c92fb5
5d15172fa82195b
9d1d2d6d278f10f
7c2fb2cb8da29d7
82f22d8bee55c42
36b6e73f4730491
27e1f1e0b9bc070
6ed65d859466c82
40ad9300a59463c
07c7721dca7db6c
9ee37d217334aa4
ac33dcd05d62f74
4b68eb1da64e948
1b075aeae9e6f43
ae0da6147a72367
03cfc90670175d5
3d87076cbaf207f
7234dd457aba2d4
9cbf39181b2820a
aa20613b3fc28f1
39a8633b7d4a22e
9a597bb21483aa2
4b12cc0effcf48b
80c9d5663520cb4
945f1cc7e7a968b
8d83e552f12bebc
9d8733704860bf9
86326fb8c99b713
a121f6c44266308
9e807235eeeca0f
3225d0b6d0d5750
0a491eba6569c3f
000d75413f7e563
7b043ed0b1b6cd5
852697e20bb64f5
669d6b22297bfa8
1bd1d23172f878b
3936d1199c94b94
9d371780b6c5693
a23ce5b7e217e69
6e1c81f998c296a
156986b71204fc6
893020c0cf6a6a9
478db7a6c36101f
0794ba6f629bc45
59a055ecbbad923
53499e94354a661
49f89fa9c1d4fbe
424de81a4ee403f
7a98ea15da3f2ab
02dc73a4116a681
16a82315bbf7b95
251d4b03c7cf536
21df02b38241dc7
0c40e0f04eb03be
371aa1954f978ce
3cbc6c99977e3e5
2975ea1f573aea0
64cfdd8bf9bed25
1ca3a61de815081
a2e64c5ce92da79
023b8b9183dfbfe
7c9f46b881e340d
9e80b7c3351b86f
6806c46e34e0679
9c019ef79df8855
5af2e61b8bfbc04
37cf6d65576c2e1
155bc588e5ca743
64780e2524758c8
0f8687dda323e88
76ea174053f4dd1
b2853365347880b
a2303b562bf5c93
1e2be3613e84e1e
043bbfea92cae07
58c7648e86583cb
99cd07537df45e5
5a2d127d371005a
087ac18a91a7265
28eb8c6c9559f39
a35b0f6b4ab4516
22bfb6188be614c
04911d1422a62f6
2fb10123af15b5a
1cda865d5372beb
8ced1f705ebb995
6b623158fb33719
4bb7c3acc254bda
9e45dcfb9ebb413
6ae060cd72f4380
889a8babee23337
868c5c105517b9b
1cd5eb95a965bd7
1047ef3e32bd10c
8f3a6c6de5b53fd
8ef99693a989c70
48a9efe40f4187d
5305bc03988ce90
4d885cc5d7bf9e3
562bd93888c72c0
6a2e340d2de9f5b
18c4ed258db7d8f
6a1ff4acd386cf1
33b06e2afb71fff
5c6b2c7b8773f74
2e77be6574e08ce
2615643cb8884d1
1bd954ccf90a1fc
9d101ab645f6ee0
7737a6e593e1de9
8613481537a4d33
5177c76b4f37c2c
9ba9bf2261adc28
800011730ea56b8
83ecfd99b15f4c4
677bf953b9e9c78
55c37bf3b8b5143
6d4bb17223adb4d
83ea5d752662444
69068879855e1ea
5de1699e6f35d66
a72e356e5c823d2
9c05fc1cdfb236e
51e25c72bab959c
743488dd7958f7a
5ae3556e720f253
a0e8503d0ad06b8
6f42b0a29259a69
677a26da912f498
03f5082b81bf9d0
42416847cf8d145
098ecf21c0fbb79
463a42e2c25a139
54cb5d0ac3db2b4
a578bf0892d74a5
430d2f0e238179b
1562c0d4029e83b
0d6f23e077480f4
9886df3a8b4ff51
916695a5e13d24f
4fbd8bf05530311
22b2189340c12dd
42e1eca7aed909a
7d39e5a7be57f79
4728c09a6ec0b90
84170498488b110
02e0d2ca7b7e8b6
4c4d22bb395435e
6191ffd61a6edbc
2eb638dcd84ae4a
976d07b8ab71eec
744530f4377eb63
7b3d2f651edc25f
2cd2d48aec2d1ad
02cd5f9cb8656cd
4eb0455d1759675
37659b842f21f14
9213d4e9be7c896
80910efac6dcff5
8e7c4f8c6d6dc0e
8f1fea84c0439bc
5cf469aa4a79371
37d980a49d3265e
756c2ed716fc25a
acb08615def1e5e
7cc3161c83d2bdd
2f19712f1c89440
0e9567d75641d14
8dc4f46a99b8890
52524b16222af8d
80084627042e371
4303254b4085c24
8fde8842fe28f71
406b0cc6e68ab0a
66f05b4a0e4d5ba
2e2197437442ecd
4ba0783fcdb42ee
ab3dc7234ae3ff6
4bd73e55f30cf84
8cde928bd90906f
006d57088e1a390
8a1075c93e1a8e4
152a2e3fc439c6a
3828102bf21d5bf
5c8182d4437afc3
700ebf8c3334e5d
81f1afec0b77763
31c1fd8e076a9fc
88c4165fb668a3a
1473aa6039c6212
3147572be6d3050
4ba89d1e1186c85
7b5546c248661f4
79e4c86a2aba986
167a42ec726591d
794fd3f3288dc50
7641d6e5a25641a
a771368b72e00d1
4553d8c5dd62eb2
369e352e864df02
866bfb1105221ff
3e5c5c3d4d6d3d9
90a381b5d2fdad6
9dfc001cfab8654
9817bd4dc4b0678
839baca870b6d14
9a8756ca4d1ea5c
7f882c797ee48d1
4b7ff6a13f8e750
1c356ef4011e6e9
72e3f6f0ac2a856
592f21b49294bab
0e207c3077940cb
655ac1b1bc8af6b
2d16115671b478e
90f2cba891c24ed
577c3a343e669eb
02ba23797a1ac00
458484d4be1b266
84cccd7dde0082b
b0333b16f828665
67ccef6964a80c2
963ab47d2ce5789
ae97ccf6dd93d46
9afb56bb13c84b0
3a14ffaac88b5a3
7d8f4c4173426f3
9ea83da35e710ab
9ffa19add0956d2
619af9c8d19010c
2c105270275c0b4
25c43ad1c27554d
5a4762ae3a7eb13
42a6c4e600e5d3e
7947f85e5e7f066
61da7d15a38a5de
2abeb51a708853a
31d577ab425654a
7fd862f546d3bf3
9282a135ab31b95
b1076145cd5cb64
1a887fa8af70fbd
3475ecf3310bc58
015febc6d6b7046
9b2c94ae385afeb
0716cce5da040fb
407b2ff1822d8bc
58a244504128a5e
445017b4f269b0f
0c51a7bac76a45d
58b389b7059379a
0f6b895f101b43e
7bba08b46d62db6
b265ad53f775583
1068e79db5e765f
9604f5e7350d867
6315f89085daf24
4d3c58e204b1a9b
540e01daff8f173
44f5fd8b735022d
176f3b2e13e6e87
78c91ac0fd1cfea
3bb3ef1976216f8
29ef3155e763030
1b462f510ba569c
918282916f00694
063e17c858681b3
