000000000000001
6280f0de739fa42
33c1c0f9fa6ef55
110013b40671d03
869fbde51cd7699
8dae81c75367028
5ab21f804a0b47d
45e384a9a74ed93
858c2c19a46e021
77793813d6ed53b
62c81bd4722bb97
2b4c28be29e5088
7e97d53b3357ff3
472e7de115807da
5d8ee4f20cd332f
6bebe1d0ef41b31
66f62536c5d1b51
0bda720a8680790
02984b6544fd951
6b830d38d8a017f
1f6b74e0c4091a4
94e93f87a4e9168
08d50aa989656dc
1c947b156565fd2
36d19d2e85083f1
0a7094f1e28fced
14f537c5a09c351
1e0acba1f1ab243
23e6c6379cc479b
64b0135ca360830
7d6ada54ab9f2db
81db67f65d588c9
1b579593b025871
158364b345ed4f5
81bc7c0ba98c4ca
79e5fac246d466c
1ba14633e18b759
53cebfa8ad2cfd1
5ed9c35bfc2dbf8
3f7031e21720d3e
5dfe64b2d54e7f2
6211e766ecb417f
8378deb7360e3a7
922744146d2fde9
5f1e8f9738468b5
1b6c8d6e11e3342
24fc681cbd57e2d
7d4fb00762d485e
82491efb94061e0
115e5e6b9542181
57b6c62bff26a91
697a8ba92a98149
06a09f2333ebc9b
69705adf304eeb9
96587629db77d5d
8a9cbf8e4b3f944
01f66c10e149581
4b631b877323f2f
0da97c4a73f2ac4
0b58402b929ef18
13f87f79ec934a4
64fd82fe22b4ee5
895694565f6e218
330fe238b04565d
5cac7d770b8b485
65bef4790c1fe94
2f385bc1a28c721
5545ae4af1ea683
538fcfb9c783a00
893778657734878
1ccaa29dd4062ae
2423e066db2d0f3
07df56d1b172d5f
9b0f5bc59399e19
1a979605c8b8359
0908882fd87d1b2
6ea1f260049ce8b
65d0e68a725f480
3a12174000434ac
927bc2d34b5da1d
887bc2972fb435c
5a0e9313bedc4b2
18e021fae2e0217
5d4941da36d5f97
1e8c0f543404ab2
4a72470dc51e138
98b8d8d48137f7a
7ebf31949c93f33
5fa1de7691d89e6
4f03376e541a161
59d345701514248
19b0b79cfaeab81
80035ba014f5a40
55c168ef9e8ce48
0732d4a66e6b8f1
5be28ef3efa9ed3
8b5c986532f56a5
11cf8fc240d2450
50571935cab58a9
3ba544c162d2fed
36cd0919f4d2189
147cf11c8d80a65
366451887c6ba7a
3883cacc3df826c
9b280eb118958fc
01cdc5102c05e3b
4088da53b6eb1f6
8d8b37a1f545849
48970993dbe5eef
5457a41ab7f3886
4316c4870c1e740
00ed3b07723f5fd
201e8b2971d76b0
0802104606194b2
1f7f657817913cd
666973c893b5971
5deb7300fdc0d61
8cfd1e6d04aba2c
8b168314f9ed9aa
66329e1a314351d
6bd46e89f387f0e
79dd6fb8eb1dae5
02de2f36af7722a
461871200399591
84744e01e91ed1c
52ac04680c176a6
7ceaa8eadc5ba3f
30a9a4fa1f74f79
60ed771bc62318c
9885ed252ec72ae
0e08d24d602a7b8
88a7d9633e2b8a2
2ff1b68e252c824
122048c36d6f230
48dce344a162e77
0ca800c040e423f
6eaed7014eefcb1
3035eb1aff89f47
6d1173c1164e259
6cc4a891057efad
98dabb1e2f36ab0
845734844c4961a
0e0a985bbc76a1d
5caf2eacf25f6da
937cdc83f9e7b11
019a92dcf2a3fd5
29838ed84330ca9
760930cac3ba90b
21fb953842caa6a
937d09734ef2962
52eccb37c273501
55a0c149797fd4b
183d8a69888f8d7
220676d53a5ca4e
75b769309839b9c
8062a5a18862e4b
2763a08b0aa8132
61ec625768e45d0
88f2960d357bb28
25b39744f9b2122
07f1577caf589c2
538fcd8eb738797
5bb7807944278c8
6c9d3cb6b45ff06
97c4a38075d1a86
29c90dc4c3f1405
629cbb931a592a7
0d5484f2698d757
0a3ed6a44d0c417
313a7f888a8d5f5
6b7ba47836df219
1d2ae2afb9ab407
3ae053b0e5ea3df
9aaff70ca3df750
92e5180ca26663f
2f7434e0c2e952a
4c46ed305615dee
1c7fdbef92c432b
056ce03ec6055fe
52fea6eb060f8c6
84784ddc4de75d6
2a131143d899d8e
20bf3198ab047f0
42dd4268d808256
09cc622f59fd585
6b7b3e5a82b2a25
82329d45c01a4c1
4e7b6cd8fc5dca0
21fe6680e03c141
7e2abd440d64e80
111f6eb6100bb83
2fb39ecc466cb46
7157d1af57474d3
39fba6a51580da8
969755da8055903
4a1baec390092cf
555fb481b777ffc
48105db5116093b
3379c6fcfac999c
1e4e8e7305ea795
6ebf2d12654a279
9a2b440b8ec8a7e
80bafb35d737a64
896adb181b5f886
45fd45cfb4ebea6
29cd679d0abc0cb
048bffa28aac2cd
25c7d117ea1381c
91c34d8cefd89dd
72ac3b211cd684c
2d9e82626080bce
17371580e851c68
2ada4e5f84ea06f
008873fef564d5c
5ac33971329623f
32c68673479f1cb
49fdb5a7b3a060e
19eba1b6a7b7b17
63d42a310a1cd19
44016e5ee85b3a4
46801f7fb4913fd
566dca2ec659dec
1d8789f7bc12d84
1ab2f144e3cfa35
4c8dc19805b2531
78c5c72ba7964de
59e97e52c643b8f
79a06d20dd8cb1a
7ec3fc716a7771b
31de63c128f46a3
87f355abb1b2cf1
5fbf03cc876f7ef
0916072329b30ff
44bb59038907219
5c7b97154c86048
07e724fe12017dd
11b100f373ae9b4
3d6f10d28e74169
8c32300871d031c
2a04e414b1bd007
1c12affc21e606a
2f9cf65de8f870e
4e825e10fdc885d
9538a1f39c0e944
00a0d8553f92376
148199e1c652e51
62612e4c104eb8c
3fd62b0cb3ce662
1f541d363ee389f
3c261eddaf82cfe
4c7677cadc35dab
0849f5b6c175a82
45e5c72b24cefae
3f03854587a0f13
2d732d11af2ef76
9c0d21a301bb661
4a8bb647c039606
894a56a65e83dba
2b41a6633a8e15c
070ef57a3720f42
13f9d780f7f2f58
0619e4c270025b7
82d8a8279fbba18
1f18fdf3db1d2ab
35e610a1970885f
0673433013ec929
3bf96e20fd8e46f
1efb9c0a14369dc
273e0bfc1e28bb2
618f2367adafbc3
077f902ff411818
859645db95cbd6e
98f77578059418b
8daa2e5e0755b04
6e03b8597423ce9
7070d8f4ae6a9e7
5eda22d9c25527b
9763a538f909924
412ecfd27bc5add
4bd5a8b61e9924e
4dd4fa666153151
55ba5cd3781a302
664e6b624678bfd
7ad86ee95d2673c
6454d86a3dc4e77
8316137e9106e20
41773af63501b34
3aa0b74d4c1cdac
595e020babb2bf4
536656bba5651fe
4d40c3dba779fb1
2ae9ad8fe8969e0
82d58af74681574
0fe0958da9364e5
6785c5955eb6351
1e5e78a697ab510
717c97a4fb23b88
43846904846ed4b
49b511e00480b44
472e8e183a10547
94340a210dd2869
365660b2012ab51
479d011794d9d40
156e7bf2aaff05c
7dd09046ae941d0
85552a1ea68accd
248681a77bd5f8a
6fdb3bbf1b117e1
936232398167f6d
64a86bb497bb233
44b766913f4418b
14a6d0d4b9370f2
2f1043e503959c6
3731850d93bdcbb
8e64a3c3928683d
9a8b63cf70f4be3
3e331cda292ac74
08ddf1dfbefab62
3b3d66fb20c5c42
3805586b26b747c
41fc27dc904a259
30a3a54db5aa1a3
7fce7113a7206c3
768adb6d101338c
430e798f2f4b29b
0cc730b72ce7fc8
80f1837c64a06bd
4934e9b9986a175
498eefe02f9a397
25fe9e4039833f5
009cc7642ed3988
87581407d163f63
1ecd1db3b0d2c78
74863b50abae0bb
2bda4dc60aff03c
0130b1c9b00fc21
624b5a1be65e1c7
799b67e23c4db97
28212da632278a1
0c262eb4c5c23e7
537cec1369f9a46
1a11d48904f45c7
042943e824b1289
02f493f9d1889f9
6a17c68bca94259
2a0a1596433da39
8bf95ba9cf51cde
74bc9e387fb2334
38a0950dbdcbb71
4e65d2207c4dac9
0362635e3767437
02f9ee3d33d50af
20f27369a943736
4c959bbc5851e1c
68bba08bfda4390
8d088cdfae16db7
57c92fb50c37299
734b705002538e8
2e09342d8c29450
328dd629c03f8b5
07a549d00bbbe53
5f251d99de0259c
6a075a516aab3ed
16b1c4484ec0a95
05d96bb7cd3fd11
66d09b7f00e84e6
011bb44455d29b8
34568970277a23c
054a4740f90b079
6d27c62f9b1cb26
1500abfb7a3ed05
4104164b8004cfb
207e2ebb5e2dc78
09820c04ea8414a
772ab904d932c79
63f1ee0bf569fbe
57f75b91ea5fe60
6d88a6ebe00045f
2300f024f2b3817
30119c19c6ff0db
2441a6215a55a16
80ac2d0656ffd76
7660e96cf190360
90a90c0f93efc7c
6fed8314c84f33c
89a6ecd6e60702a
1a088fe3db73924
62c540f2c09e4b7
25439486e00cee6
471fde339ee3099
00477bf2b142832
7adcf64a48a86dd
6d23bdd4f59ac8b
2f032566ea85c06
60b0604fe19ae5f
59a1aa0a7facc5e
283649f689d5e08
9065ab53a6f94a4
05885eb8e20428e
5a8109a7ac057f1
46f38a97974a2f1
3e566c6ce258d26
392f28f3f7ee8c9
4f1a8dd44b19711
547aa6633d5ca1c
2bfe7424ff6f7ff
0d13efaead16bb5
662bfbfa6aca937
341ac1e3afdeccb
5abf2effa0f5749
65d70ba2b51b7db
9b5e798fc2981ad
4fb9b038bd59067
7f16b645ebd80fe
5d5b6367987a0fb
680f62e3608c002
7f475f01a8daa37
984fcbd3614b08d
1dfa79214884d9d
1fd414af91f7230
6bd526bc5ff0f1f
24007672219beee
951495b9f12e602
738dc2198510c3b
450ac905f83f9d5
53736dc9e8f9c26
5c3af8ec2ed2f90
06a82354281dfa6
2f08ee32469332e
719a8929d828dec
154f9008d979a95
0de049efe0aef15
52261fb05cf7e2c
1deaa14ee432b16
624815acc34cf76
527045efb46d474
3bb97979bd2e9ab
314fd2d706fc4e5
813832e93904fec
4eb0ef37ffd4311
637fdbda47cd400
5c048defb579d4d
7f184a7419f5a5f
2dc1dd5883369aa
37e06933154bcc2
0836b3b4e0d0535
5fd3338e7851bcb
9ca69ec24c2bd19
8ce21649db076ba
65be00794da92f1
95211f9836eaa0a
5529cdeebe5fd4d
7df90461ab845ed
200969f3458a527
065b1f0018d7dd8
0d87e90e66631f1
9385c9911779cc0
24a3acaa4d81c43
0dc8c2d988ee9ba
5a2149e8f928022
42eeb237e7c0288
3e7c635180982d2
2cef4777253b31e
9a14ea14e8ac84b
0346548c5c0d352
909905bfbf7e4b2
6b970ce3f67c65b
32235946dfd111f
1f058276c3d835e
5a6de777889eef5
1037777db5fd3d3
318d4773b405721
0d958b62be74722
93bfa6a18ad113d
0667c8b12c322a8
0942bddab32c227
71bccf4e903a893
5d63d0a5a072d26
81e6376f5f8aa64
8d29631e727622f
86fe152635ce489
766ed83a2f9114a
1e91d825baecb78
041b12b0b6b54ab
2aa9aa28ab5f836
8dc3444444d5824
3f7949aa2cf71db
0de9828d652e33f
7257c08b23a3914
77e8b94d21fb7ef
2c703bde8a14712
1ce18ca105c1dfe
2c21b580c775b41
1b0665126488e11
877d47fcbdbf030
0b65e1f01de13b5
0af9ea2d4897a44
61e19ff166ac075
538b310ec29f2a2
4259f5f3af9e532
762a80f27bd9d6d
535503cfb17772f
09e1c0b00389f35
389c75e30ce6864
2bff65da350cc09
3b39fbc5c3681d8
0800cbb02bf204a
77e351a7cb10353
8cb5cca0d0a7840
819322b82c78259
1271257048bd91f
0e93253833e0164
7d60b683181d958
75df63b6918b197
85102260c884573
4f99471d696ac2d
23066fdffb98f2f
1aef15d4bb9c17c
52690e0b3b1e14a
8b64c1da0e60b7f
481ff9d03bcc1e2
0734e1cc0ae3c81
92f669117f0638b
3ac7f78b93de419
987af734dae95f7
054fe1efab8d1fc
83d2e0913476cea
1c398e7d1e4787f
38711e874196c44
52c615734c4675f
4b3bfa2ad65e34f
24362f0570c8859
4c7999dc39e1b3d
84ec731a2490bc3
59e434180c3a135
6b2702c206523ef
9573be080a06e42
3043cd6d22946ec
6549c4449c4b766
286fe0771e12fae
5b759aea61b2081
99c12b40b79bc5b
8b2b413df476196
94c38f04d4a8b55
57b9ae2ad4d4b6c
95bb3211b508a18
9792fd723b8bb54
906a86110dbf9b7
90f011432b49e9c
98145d62f43fde3
06978ea9cc856e3
8c63389c7908a46
82417ab7ccd2751
0fb0a03a6b19349
611ab1b5fe75d11
88dff6fb01fd3cf
0fcfe26f8bcc7c8
53f215461632448
50de45cfe74bb0a
5e1c9abef680ef6
1471fe2dd7ee3f4
22405c0c53b2f63
0e558cf7b4a9aab
8b93571e60204d1
96047c76fcd40ee
5a3718969a64dc6
91724d25702b30b
3e122777beca56c
95d0b7c763415c0
8a2bd293641c585
35604779303b589
954c4af180b791e
4fef8a081d2a5ec
34b9f2642722276
62a712d253106b7
8356f43d60efe45
310050551a2e37a
975fed704256f04
3201f73ba9a2c47
1e97aa82f49d09c
613c69ab4b74a04
015482d7be94687
24e750cb7aeb5af
2f0a979731b14a8
73c1881f8a5c8c4
1ec89794f2e124d
28b4c8ebfcc28ea
275acde213342a1
85b6c0f4b661a21
7a29532481a077e
1841fb39468e20b
18717cf786de7f8
92ee2a42ca18b38
09b3a7f78ef9111
110e260c8a2c76c
7d247e41267b90d
9c7ab3c3784ef67
6e1ef10493784fe
0cf88e5b210228e
1e1fe4185830250
1345c2470656ff0
77905cfb748f1ca
00e9b140e5d5f6f
543f1406cb11f50
8e19b89fc04628f
5783612128a928a
106622fc363943f
994cb8c431b95e5
02f767ca5b3ff28
4d8cf3600d64812
96dd3c4da6b0549
74c72a772ee3bbb
51e27d4ec7a5374
15ea5ae7b8df94d
86dcf77cd6dd723
250b5a8dbea3ed0
70a6f6db98d32f6
683cb91952c45bc
401af504cd9ce7e
01e8f911192a338
3f308bf135c36c2
9af0263fdb90d95
19949a22c78da27
19fe5b979064427
8a8749899593d0f
82053d705267f2e
53b7d1fee8585fa
55f782ec3cd5ed9
35fe7b94b04ade0
4bbc1481e4f9f7e
5640f3ce71836cb
5f34a04c806b6a4
5a2e9b31301302b
823550e93239c6e
809e85290099bad
2717c193f198513
0d44301e73700f3
0cec02ae425f137
31d547f74f71a66
934d27df72bef6e
0517fb73aa7560c
17c09b6d22cbe7c
3ab72d594fbf93d
3f6e9b8f5f87eeb
7aa4c2089ce0868
1fa85bbc3b9894b
66b7eadcdb0cb7a
047aca5824a892c
884b395132bb229
1fdb8cecb9abb5b
969494992633498
7b851f36adc28f3
8ceaf33b7a890f8
62ec84bc68e65ca
7c77ad2b935a776
2135ba47c00978c
07e9d96bae0a9ae
1049969d0c127be
7d75f81c212fb45
762c16c7ad5aa7f
148a9947d6bafad
5e9ddea6a52bd94
4962701e485d446
3b4d801de59e082
4e3cd36064c0953
265863b4f1bce8c
080a92ef5c7f401
2cc1f263c254339
07575d2d5b8e27d
86ba01a0716ce63
0e8155aea870443
7ec043ce30cbadf
4b9f5573a08e182
976b2c29f6ab626
02b9d90b9181a49
5d62c219cebf3fb
5931c4477e46d3b
9654bd432ae6e3a
85fceac74fa2360
6847743d1254fbf
8a7a4123c004eec
85a7a502def0a1e
446b787788173c9
8688eb4965c6c93
3cce000d763532d
2d5d5b08668bcbf
45349ddd4bed69f
63cbd196fe5dc88
02f7ec8a15e0383
3e4c3f0320550ac
673bcd3a1453576
4919e067bb26ecb
2ead8fb4170d16f
5d77a503f19f719
7b8c236cf118d71
2d97aa62b656275
201d7b2dc09bbcb
59bbe744249907a
82522606d314b03
6cb1cca5ddcde73
86dfd4c51b16d67
08250dd8d9af9f7
1f05794dbd148c1
36513d4c9de1070
56794cf916868d5
2a71c833a13bc8b
380b29ce1125b28
32a82c632e83bbd
6d44ece15d46c1a
2046f44d11fff25
1b91a76e12f4aab
96fd2329428bbdc
7cb6babe94b8405
8c47666586b6486
162fa5a8ad037d6
573d6d1f3392238
81218423d34ca06
5a954755148a471
82e22f52e8ac892
3e652ff4994c836
073d2112a130b84
5402e06b3fe05b2
3db8fd8cbaff438
3bc46ca37c7578e
1785c084bc158d6
8629bb8075084d9
7a5ff3e1fd8f8af
01aa4b48cff0070
059016e675af7e2
92fab7e3e270bc6
14d5753d1f22f64
8e2d5a8031ad2c5
4341c7327d6443f
181f6e6ab0dd413
4cbc210175a4943
66a30648db948d6
70f941fcfb9c95d
560ae7b8cc950dd
80d9e4e07926a98
877279690b9a338
913d527c868de07
163c5de3cb55da3
38b8a01a12654dd
54c11bf73401323
1a70e3a8b0be871
484ab1675a6d8bf
80a1572131f6e5a
38ccbfa7bb486e4
2e557dd7308e7d0
853c05f362e200c
49b3340382c757f
7a59e4b9a8b8520
29e3a06713fd066
7011c1c94499656
6b8f63c070d672e
8d268bc7a09acb5
7361d5c8f1fd22b
2d63771016e9efe
8abbfa03a4ef46a
6dad0981b23b6fb
990de8de81947d2
5db728fdce20317
7e102052a24029e
8697a8ad0ff489e
68893482ee913b1
96e67903a193546
9823e2367527c5a
09fe2b4f54f9ad6
2d148c137f7cd2d
308d08d016bfc58
4051c5b6b4d722a
20e6e9c038ec934
887a7b8935c5e10
7834f8975465b4b
8d21678e3720f4e
81f3d2e8461fd84
74aa97298b36f39
7488b770536674c
8d0acb4f9556a23
6fc68a3a5011d0c
1d6bb20ef3c3e8f
4f84d7f451cd676
7d015fb34d72c14
342c27afbfb5ab8
200397d1f9fdb04
7cdd5c5fcf34802
511f28fdb1714b6
21958688cc9f7a4
29b0a3fa435f57c
561eb9af12e1f38
6e95ff4e2cad48f
15431b0d2894ef8
6e4f7934437fb35
723d0e9c019e16d
053dc9cf0969b3e
7398a3f40c43c40
6eab73660f41ed7
0b0896edf7b2776
1ad2fed1b83a1a4
0beda44b535af73
67e44b4ca9fab65
79260928a4e5124
432ae5ef90b32be
38c14bb3338e710
4152e9a33a4c74b
717a3521551f17b
2058bfae22c383a
6438d35deed929b
18129542fc6528b
5d55233310bc7f0
164f026c46efa36
62390e076511db4
1fcba5b827e1d00
7bd96fc8d7e0329
7294fb02a9eae76
8d35dd19cd52f3d
7bea87427da1f91
690b0587eaf4bf6
5a024d08581a854
6645d56ef8b9119
7b4d90c42b33a9e
08ed770b2708afb
2154a0b9e7ea478
166f8a600b5bd02
648027352805eb4
0594fee53122f6a
3e00c353487b7a7
2e19d3809e429da
02db01a8390d4ec
5996693a4dee28e
09a9fdba3bc3c93
7f7cf394194d52c
2ab2f07db50517d
058640c860de545
96181cf45c8a1ab
5aeb742a678cd14
69b31e682fec937
6fd3fc4827ca18b
88c1ac32e76b3b7
38745ec7540f6a2
4ce694bb97e5cd2
15e5fce8fcd6894
9c0415c2f646582
272ad87a996a234
675927b6de93b3f
3bf857cc830058e
86c3bd12060f2f9
6c94f4733b67343
416114275ea85df
4775dda26a8b91b
3ff48bb16889e77
7845e5de55e0b5b
35517859b7d6e3b
20fe9d729ab3e2c
5700f8fc71708ef
8c402fe7337092a
4ed2d0498e91d8e
93b7e36c4deabd7
3e4b8a57f31a7d3
50a3a66db094d8f
1167a55dcf0d10f
29a4a0eb0a005c6
98b354b6f3d3474
91dbf2462f106e2
53c979215287437
87bff5ce88f31e9
3064e77e010d059
73fe3cca02d68a5
1ca142f2f7a37ee
1e207dc5e34038e
4ef8ecabcf3bd40
0866838b7849dfb
12d074bae8f84c8
9a19602fb8c1230
7188419c089719c
134e866a0763d78
28c75b8e55e2c15
6b7fd20929542ee
43127b654b8eeba
4170a28ab779bd2
0a003d809e8dcba
88041b255163c3f
8e21654edfffc66
3c7178a5e3dfedd
1d6c04253ad9e2a
6365e521bfefc9b
175711d94a124e2
3edbe89b1db85ea
48fdc1b01abcd24
059f2ec9e7d126d
21162939cdf347f
5c03056096e81da
9621abd43d5edf7
299254d355bd938
76cbdeabd862f39
1f6a3721e22fc05
5ab936daf2726bb
080ac11d0b26115
5f26a2c914359be
62e43e1a8865704
0dea5bda52f0c2f
4427e1965eab4dd
980b2639e681048
1581204103aee9d
2a3b912bedddd92
58a90eef39c5704
85963c16c88c613
63b8b3c95bf5678
82d623be758fbed
84f6264a4537b5d
5b02fbd59231e6a
925045f6fc7dc9a
943c8b11ea6a572
6535839f979a1cc
8bfb4f8d0f91531
39ffea7686b45ca
2a9a3fa7c91c367
4f483f10ca82bf7
18eb93d57ebd9d0
5163ff92cad9129
95e1419ac3d7b80
82a8b786e622808
124e976767232f9
141b457367b9cad
2000c1269f5af13
19dac08e1391751
6e1e52a9f15874c
16b4b577a169fa7
763cc6d47e07454
0f1f8841cb9ef58
3a41130f61efb85
15a5733f1ce2c40
1b2a57111282093
2973f3e7a1d24e1
0741db569b6c4ef
67f2102483aea76
3c466b15173c32a
4a99144444f955e
9a82b9997712678
3f36e3592be6c8b
76b5b61f7d23c15
3791031dcca8368
97a50b35232ed6e
8ec730dc8ae09d9
8417cd1d5ec7f9d
6a2492893197275
14ebe6ba71881ba
1659e71d626d348
1d8ea8f4129b90d
2b4929ac4cd6d68
7f3135b3c8da253
0ae78beb0e078e5
5c5489bb7e29894
6472d316376d48e
726c5f4cb80b45e
016ee61085bfdf2
0d5a9080d135587
4551957595cbcb6
9931d9653c7a59c
4480f4a56062021
8ad37251f615aba
6f785f37fea321a
88fae7a104ceeb5
26789259bd115f1
7e63d2e219d5778
2104c97884c7b82
3bbaf6bb09d368c
956bdd847996e25
70f253179b17f50
901a8e2499ed4d6
3f1f816c10163c0
425ff301b5d1ea6
66f4ab9a87050ce
5ab60aa57daf8a5
41eec71167d63e4
16380dfdf11ff9d
3bdbac117cf5737
0306d4c68947548
669078735b5bba9
3085f2be6ab4727
026a74f1be92fde
73b28d68d253183
2ca858f702ab739
69d9cb0e4491a1e
072b269ebd49d86
165026eb87e9171
22376e9ba6ae51a
6dd8a58a3c293fa
30c1524e629c753
05223de53c84580
6310984540292db
99c1cc9cb01c9b0
0ac7741aa6403f9
0ce0fe2ea1e13e7
6dd9e73eeeccfa1
264d76a9b385296
40d44271f592c96
1d0ce8f35524729
05586e9e9cbddc3
34ae6870bce8f85
6baa9b16511aec8
54a76d1f3f2af2b
63a59a0837c4bea
3e17e0a64d04d7b
85cfba120597802
86683f5ae53d4fd
4137b25d57ba0c7
8a64ff8fe2d9499
65d25ca5c99a81c
12867cc5f2e881c
6d7a080d1e9832f
0dc1499f66c42ee
9c6ef80dec23982
7a389b8d2e25a9f
97cf924b57fb81a
65c114b79d9393c
865ae0dccc0d5f9
1ad17d5241790fa
8645d42b4aa1c53
78ea1c45483b673
53985ae0e679249
805619fba48a5ae
2eadbafad05d040
8c91fc0ef2076a0
4492f3c52fef958
3475bf3e7ff00d2
6a4916ee8ef9fe4
5c207e1f564fbe9
5f7b0cfe9a4c981
187d4aa39b4dcac
80f7d505de64d14
90b79dc8552d2cb
45261d28a2ebafd
52adef4e52621ad
544d9231e78008e
020044ba63b574c
460c85761c7d6e9
24d9b82ddac8573
3475d10d5cc6dcc
5201c218137efff
20701817af86764
41e90a3e7a8e57d
15a87d3f3cc9862
75bbe2b0a93c373
1b1c444b6f5479f
5f9ffe258ef9a83
4534f0ca5807deb
4bacb264d0f8f37
709a583f7466221
485d742eb7e1236
573fce899528f85
2072481a2eed906
5484ade2e5fc280
49ff391eb7ffebf
982a0d59e6515ec
0e0f3ae8b3b7202
695ff8d885d2fb4
3c7189c3b7c85b5
3b1e2a7f99f2d00
16fb664252e147b
1acae6377886502
5045a633af68d64
040679e2df0f66e
06cb3d081f77bea
862952914cae673
041b06981f0375a
79877ba399e5bf2
897a211ce202137
1dbf6783fde0747
219af06d436bb63
5164d3fda2b8c00
4552f2ff34e96f6
554961e62eb4e75
0aa4b52e79a9ade
634dd879cab4835
7a2a3bdcf05d5a0
4d570e57f40216d
0baf7bc87dd1038
80ae5dd24a9522a
45a202b51c36b28
8906f9fa68bc1a9
5b7de0333a8ecb5
055b101d2eac244
2d5787bd95a1b8b
0ce5652635481bd
0e713434baabdb4
579c9be3a94ab9c
5a5afed43141faa
27c3c874c09aae8
7078edcb14ac248
9a908e5d2c4c71f
078a98d5ee2b8b1
6ffab818c95f87b
2a26eeca28b9ea7
6daf5f8b14ba647
6439b360657cb98
9a539efc35e5272
55b808220bd5e39
17ea92d267c76a3
81b7fcffd8be7d0
50b9ac9c736aca3
42377e5298a860a
29c40cadf4789ef
5b586c0b8839237
3042ad130357fe4
1c8a915f22ab46a
90907987ba25407
9060896f7c38d98
8d20fe908c9c2a6
1076aaeec055a2d
276368a7137e0d0
2db5ee4b6c99950
057321fd8737322
09eee1dda01c3e6
00a2f793be12187
749cd8b27778786
06cd453816cf1a3
34a28ffc9b69825
1aed48bc4cc6548
3262b7fedcf7fce
206277cd62ddcfa
6c99559d552c25c
2950e6b5631a4be
49ec6f56fd8e14c
6c345151e31f6f8
0e0364930f08fa1
313d2bcbaa76814
9a7efe1aa2def93
59367bc908e3d19
0d46c988567c431
18af505628cc486
247c3e79d3046c7
34456b4bab6360a
6bf54c1ff9a0855
8b5a0c6344bd39a
505573e5f007a05
074ea49925bf44e
17fd410cfa252aa
33516925eadf789
0c2549805fde90f
4acd94ce106c472
7652f28b0787b1d
52eb6cbbddb44fc
1f13d96e33139f3
829fb375adf58e6
21757f43b4f929c
1de5a5eb88f8df3
995f09df27cd629
2f80ba542d0fa80
7180e7e58ed50c0
347946e054ea60f
7de575bb2334a7c
811e0bd52ff1d87
1d6b477adc86989
32ce1954712cae6
31e1c42dbc874df
5a36c80f4d7a9ba
8756e3c83e24a91
08e05e13eeb8ffb
9757af537d2780c
39c02920119338f
040487dd530e960
74913e6f61a29a2
2cd74761190fcf6
92d76f4d01b49e6
808e7f5935961d7
922d3ec2eff4bb5
3cadeb68c505d70
7ccef94ce5ce32b
4c00bd853045778
27f7f8ff7074aea
9416448c5b14e32
4eddd963e78e08c
0d2a2181bde6bff
78385b007aa7a2a
09d11ff85137c9f
84eb99f2f0fd5e1
9c4364bb22f58d4
58576310c9b15de
9af4dc0a9a1e382
46c852e4ba17acc
1f935bd16c77c7d
68d13453836b395
916f30803c41f6d
51b6ac330e5c40e
6c377f2ad08baec
216aa8b58f6fac0
777bee1a6dea131
5bdb7fd213044e8
466615ed405afdd
6815ee3dc12c405
36cf9d5431d6781
1eb400f2e5d914d
4ab216238b1c8e9
898727d7df8e4cc
4e6a0669691d51d
8fccb1e5576c49d
659281fbb42a56e
96fd10482050cdb
2143aa5d1fa6672
2e265c5a52a1334
503db94336af064
0b4b2cd9eb8ae08
4d1b6823bd43a99
81b89f662aa4fa9
3b2f12b82406407
2756523904166ab
5d7010b89ff1821
84750bfa213e1a2
01b9ae056208404
0c12c03c64d1134
372003698742416
42d3c20df15505b
42edefe8e6af899
793e4542fa941ca
370e995a777594c
1b3f52c6e449eca
5e7724bd18de977
2a021ac8f46735b
1085a6cc636f0f1
65f9c48ea399e41
33423f8f05bd32b
26d73100076355c
522eb5c910906cc
4bce8a75a39a6ab
6aaa63dd0f71c1d
6d966d3d4bca1ae
4bc8b8fc5907e17
106369d466b6156
8bf067759b038be
524a2a92990ef82
25ac4e407f7bf05
62f5c33c535c4b0
8c7c90a9be645bc
4a8ccba315e458b
7ac62cd1a16f324
28be36a8d0500df
075830e6755f15b
15bf95646e0cfde
5b97b26c0a9a189
2d5f2df3209bf9f
4d7492432861f7e
89d41d518ad2c45
688695e556fbb46
22b4a4b0f87f4ee
25abd3cbe5e64f6
0d4dedc230c4dca
7aa4356ca326eb3
714b654d767a3c6
34abe678167d7c6
3ef3844e65bd3ca
263ed39d4112861
3adf09ae2d4a2b0
75e53125378387e
1137a7a33ad44de
23bf0b13aeaaaf1
22555a3cebe5b14
55d7068af2f344b
690ae3276c7e41b
007426e8f9ecf7c
0e3faa2a98c3a8e
05534a7218ab918
30fa5dab6f80118
7f89b26ed9aa4cf
3c1c4953731c35e
482fdcab679ebdd
12d937406d70552
869fff80e95f7bc
69b955e09fe2ba4
7c1b6ffd5c30ecb
3bf7189e6600833
833759531d6d069
7a670684f2248ec
162cdfd634b9899
9b501cf610d1f68
3f59e911a50bfde
7fe923215b726af
3758141eb346987
7d1280a03564c6a
0ae17cf93608e8e
39eaabcd1ef762d
5b9216e4fd20c22
877e9d9be655908
159bccb6950faee
2ff7b90703018ae
1b10bf1570c6bf7
502b3fc7ab1cdcd
63ffd7cc4b57c31
1511c7305ac125c
8518997373057c9
8ea352197467a44
92aeb7f70917040
6f47392e50f0c4f
40f94948de7cbb9
0ebedb08648ef0b
084815b1bce7ee2
01428b3d506c68a
57858d1e07313dc
471a0672746e90d
8fb722f9366a5be
5891e28684dfa0c
0b48d71e1a20e1e
56242d330e63c87
110ca8a3b36f999
671b86b94d676fa
7858f8af4ac0905
3f34bb6ad2d4d8b
7b12aba74cbb198
2757ebd349e9a1c
808b28a713bff7d
567ede46d9f3358
8c39383db52f16c
664c7b830b42032
25a09030abedf14
622639d62b98ddc
2b6e34f9deca132
8910bf7860e8207
7a2eca2c48b9a13
49e75666ae5ab42
77fbf7ad40ff42c
4af79e4220c17fb
19539a1177524df
1d8d0b75f4d563b
95e34b7e1a52115
10cde3674d3377d
7e357783588f22a
18e26a3939eb221
8cd198d639e0fbb
0194bd210a953ef
3dca635b2f945f5
578918a7b7839ee
9c0df9715e0e035
2b86817dfff0083
0e75ed1e45b343d
4ea6402565179ef
01de7cc2a46c98e
887cb1eb1d98c6b
37cdc7fdf5645f6
95942f546074b9f
146f6b5c3cb1467
2a6b5a62836060b
4f61989603eb04a
3a1e723f7576c02
2a9c1d7a91a6fd1
8eea980d9028b8a
4a215d1b8162573
88e626286ea991f
3114ac1dceb35c8
3186dac9abb9eea
512a4eabe2e14a7
7d58c7e7414b3fd
810e264b8707a91
4ce9377ab962000
636821e4f09752f
6d5450513b8ca24
69a7ef3b3236a62
0abc17df6facdfe
199f2d1809c24e2
75b006bc2b213ca
54871a0c1f72527
7db3cc048c2da8e
60f46b14896ce82
18c0c985378bd66
3c0cff00937366e
2f719732fa262f0
504802c7308a51b
2d58b0e14483db2
84c3979a636da70
8fc087c26123b4e
53e2e55f6534cdd
1ede279a61fbb39
159ba7a5693c938
24ffe9d1cc3f951
95360d880c962b6
9b321d3852dce22
9309fccdb1b7e0a
345553360003049
99a07bdd394b981
1bf1133bde474bc
1712b3db7cfd581
357cd13387f1eaa
0e4210fb9364251
94823d6aa4860f8
971c5ce9169dbb1
865062647a378db
243c346068d5bcc
7e600955759fc4d
3dda7b10e84337b
3212c71d7027f4d
361a8bcb6ec4dba
15f440d34f0f732
0392ae0ea40b37e
385723f9c69a84a
5ca8b184528893c
4e1d5788c8620ad
70551927d3ca17f
0cd8aaf7e5873b5
50f802ef944677d
4cc3ec5b0515d61
752ecc87cacf212
923a7f9d325b2d6
918d12ea927af7d
2a330bf8fe1ef84
47c3eaf68b0f36f
06ba378016cc452
7164ba0edad0afe
6559d716c564dba
5864e7fa8fd5578
4e85f2fa50cdea9
3c2a8247cc18f7c
6b9ebd4d7f5b52e
9242562d86940cf
073bc5f0d759b3b
3f2889b14242826
828aef119011401
3bd208b7e32505f
041d9e8ff213e0b
15941fff2e71b3d
53e95c06f51e187
9516c76e83bb1ee
568c214b3416f64
79ec7bedbb210a0
492cfdd7e9dcacb
6060f503d2d15f8
1cf5ec75261f7fb
5f402546887a364
6c87f1d7465f220
868e6a8a50e6c81
3a1127f9fbc15d6
68916d1a0e569bf
6f681c63cacd1b4
8d25d5eb5198f23
32df3b2e95a602e
7ecea5ca82f19b4
82d6cf561c575cb
8f3a788f172f679
143ab8a5641e933
51467733f54c439
0fba02260cca172
3f26721550fbe02
5c18fca5c1cbef8
42a84da8dcbd1fe
0404f9f65dbc15c
236c242717845c0
7c8932f28bf9d31
6573be10f6ab7b0
357af56877f2a21
777cadfa2ed72da
8ea2005fec6d379
1e1fb76061816e9
8e5685d0522cc00
9c1f9bb0a073679
29bc0a84a1e55fd
5433ac0c4202783
26536692c11c02c
02e80b091b89bfe
636fb9a8b4919a1
2654acd2d53b702
876e569e43a0786
7cf91689d47c9ee
5ecb5ad24777a19
957a458ffd33559
335231f314cf3ea
0ca3340edd058da
5c84429d4e2690b
9851e126b84d069
2790ecd8cf4a847
65afb3e213991f8
9229eb997da8142
5bb2ba0c5bc28f3
3128e799aefef85
1552512fe157bff
31b7f002a33f5ae
49e69c31225e143
0adad7cb9ee24d1
7ebcd263153cb13
1e4397353701ade
443d48df89e3f89
4933235b42648c1
15ca3e76c2471e1
7463a146ecf3ba5
63f9dfeb28f021a
2d46a2fc39655b0
708a968f38cef5a
999c6f7cf3944ee
7ee8b80d9563d54
47ee96ea21ae7c6
8b82acaab14a601
0f29408f57008b5
20b693aeff5421d
592b5b5d6b1a2a2
2f5dff5fff9a10f
9a858b223d953f3
3e748da5a333b8d
0b04c673bb2a12e
5a7ac718bb29cf8
4abad42b9759b3c
645ad3db2af2200
68900304bbf5255
1d593e6bab531d5
9b2adc0ad6da5cf
107d588b123e220
63f236e4910ad6e
10129c18792a0a2
34f40d2a5b3bafb
375ea2350e6548b
59fd3494b018c8c
0122f0e01aef53c
7cd109392a9fcab
951de36a754131d
6786a4058bc36e1
52be36abef5c083
81317df5baa04cc
2c17ea6c58fa874
55d968794f29a62
0dc3769225b6c4d
408da8c5269232c
926cc1e081490d5
7e31fb33dc2c2fb
0e73e4d17f16bcb
1a14f623c4370e9
8a15fc959b45406
7a56037220099c9
52c102f67d74a2b
5bab75bf032fab6
3ca62ed1db19661
14f450be45ef834
279d4f1f21f5722
671ee7b6c6b79fa
7f5b536c20269a4
70b41c703ab51a5
9bb2bfa21ad0a3e
8f6120a4f8b966a
4399ef1a5468c29
5986fd4a8cb2eeb
0507d573477147c
2d80e1002bfa664
7eb5d0747a4dd30
5e784e601d22a33
4609cfe9f2999e7
93bdd6900ff8052
587b9851b2bb439
077b7e8e2536cb0
47c497f6e9f06a9
4b65cfe3807ab73
576e0025ca42416
6affec125f44474
8dbb3a9f681c9be
4a3a0a2e75dd307
0b7f6943d78721a
8f57d32328b2fbd
3bf4ad87a935925
820d27cd04edebc
25d7dbbe24f41fc
3cc44899365cc9a
98b609c0d5790c2
814c0a1400c9940
29fd70b3da35186
42a61d9b0160ddd
1f1ce94422b1d0e
6bb57e0c35b3656
4128bbe2034d38b
523571721d83168
5fd4d1cc3fd58b7
39a84904983ce6a
52567845c422091
1b026b5c6a5069a
73517ba189f081e
9072652b1d882e5
6b4a416e648d059
3ab6654d6f14dd7
89f0a8ca6d55aed
590564a26a3ff29
08765784d9dbe5d
8c493744ab710c8
69bb067287b838d
008df04bc48158b
8ea5f150a1f000b
6a4de4a35d1956c
655b59341ef0c40
0569bae8acc9d41
1d43d7518a30c63
13ef7083b63e0e6
4ef2a7d3c4f8e14
36821fe8f8bd278
56468127c05a2aa
5627fe5248fb7f5
7273eb51b9067b9
588460ac3eb5ee5
6e87ff95247e5cc
5b52cc004a7b66f
4f2c5a23414ef69
9856d2c3bf61d26
97679cfa8e4cc9c
8912b9d4de90847
3045fc832e4dddb
5b276c241b6a330
3206e9c9c45739d
6fdd2a26c35b463
7b93f124766952a
6a96d61aa94e376
6ead04439e07219
2233d364007c20b
85f59f2dca3975f
5304c2717fe18be
2da6058cd95a7bc
2afb5bd6696f74b
80e77ddd53b27b4
5a8a2a62284588d
1a4a1ed36db9b16
89edb41c85a62ba
968c700660ed2bf
3d771794101e504
3cbd3bb67e27e51
7a9e29f34577aaf
319d9bc1d9772da
81be0ea289f1cf0
9871f08fbc11f5a
30aa0ee570c85ca
482a8cce20905ed
5d3c5f68651c818
8f6bd4e7adc9d4a
5be10fc8c7c8120
397875e3b19f748
76dec5978e600fa
27a99648e473657
6d3e22577d8ef8d
0a14eb4e667bef5
8fc4967e6fbd646
1ba6fee03b7dcb3
4e02d0bb094fcd3
0745e6e4db37af2
8017d019a0ff9dd
74ec6d783d20cfe
3d45a48eddf8f3f
3ba38bac5daac11
43054c3e9f079a0
31d5aa8f5480951
35ce1dbb7d08543
0d1caca1dffb1ad
5c33877bf95b425
13b24a75632fa83
323908e8855f320
5c732064896ea8d
4e75bf8f0b6b70d
94e6b71c71736a1
36ef30dc541b5a8
4f01edf0910db50
55922491dea80cd
1861ff9eb2c7ab1
4017fcecd7e5be1
876a6fb1edb15a7
695af85fc1a4e5f
9ba3f9b6285eb5f
3b18784357512f9
3ade7136492130a
1bf21d3609698f2
978c16c8452e03c
42e9af9593998b1
4cabf8665e4cd82
08abcabc9b55d91
1cc7317b660a26c
498538f82905656
3a5c36b0e44857a
5039f7ea0b10961
79e00d54b37b9ad
60cf302ab27c08a
4c6c14fe21d0e92
745bee1ad38cc3f
06856442c880d7f
8cae25a0992928c
42813eaaf76daad
9c3a1ba4241dadc
22107f46a721cb9
6b101ab7b1d0e82
69dc8f4e58dde4f
6a5a2a38f0cf161
7f72196729e6919
643a5783d78ca49
2f263505f37f6cb
8eefb080a8b816a
1457ef1230333ad
209ae2277e65917
7b6375f865a2356
73ac7d450ab2243
0ee4d679e14f68f
77832c55fa43007
33c6cba81df469f
516cd040bff02d0
68c98518705292a
3838a21311b5803
1c538454dbff6e1
1a6e228b302bbb2
6ce826fcff1b587
1d5736a2d580d1e
8aa35d0eaec3951
3beab41fa2d06d6
41bf1beff2d0cff
0e54c290ade121a
30f3d8f8bf942c3
4430575ff7b5cfa
98077d0ba96a1b9
95969b50710de13
62437cf780524f5
6c037bf8cb33a31
813eb6864b5456a
2de9db925e76f58
69af94e28f56137
7c5714ba83ef0cf
159828b46e33d6e
983aa132e5977e0
5c3e6f451f43934
7bb758e647408f6
4f9e7f9ca3ff726
1da360e52b923f1
8c585a45facc1dd
3fb5d03f6762801
0eae7cf51c27384
7fce693b6590f66
156bdf41c06d203
4d9f61723853f1f
4560a8e642a9eed
46414615c08045f
3867b0495c33c55
940c4138d93f550
5c112bcfcbf61dc
6d3a6249a251825
692ec940088bc1a
76ffbadfba2c74b
639c9fcbf1d9908
817080fbf0a3343
3bc05f6c778c87d
6087b36b3d376f4
22078f2d29bcdc2
885d92157efd38e
17e983daa17ff93
8b7cb9cee6f377f
8d99d017cde20bb
499331ed12e6325
142745df331beac
6b830fbd2aa394a
375c634c604a209
10fd62c2ea951df
43150d02d16ef96
48b184f9c6af96c
14ec4ff12195ece
647419207ce2c81
75c2c7c3a6d592a
6f6bb9d2128a910
5cd6771ba76b4d2
372f848249f72ba
598636920cae036
57c23977b82915a
9911da258f55ab4
40867ed0a637932
6de4354bff3c64d
11afead843df755
09838b8e5dd2a8f
5d4a95d4cf5e468
2f8fdbf9cf99955
2b43427e342f360
48ddd5d8ed3e5c9
23ab0017be2774a
3a7b97382c00a5e
6213661bca83495
74e4b16cabccd57
2a23e16742dcfad
0a6228e3c7b4846
1a4aa1cf889f709
7d02241b6850404
5f7fceda9886954
3c9f61237e2cbf4
584e8e88aa7fcc4
9af788ca13e0dbf
3a1cc004ee48bb2
5dc00944b78966d
9ac72cf10265b22
0186187087c5f0a
6cc87fc6c98c6ab
04edc772001ba48
85ebbc9210b56a4
9b5db319ef487e6
84ee20c53d83cd0
43305cd654914d8
664542dbdd2e9f8
3b60dcdd3a4adec
0313b418fdb705e
5e2c0e9f43a8ef3
1619c38c599a4eb
21c85f04fab6dd4
892c5312a2dd7a5
201042df4aee60b
03b3237a507e048
189b79c25d074d3
212ffc41ef6d978
929db3baf29f0f5
21ef72db207ddba
4571279313bef1a
753e419b1d744ea
230c5f65304e5a0
2ef0cccfa6141f0
1a3dfaaa4193011
716acdd2fdcd398
375d87281afdd65
7ed8dd06850b3bd
113ea0e33f845e2
4ab03c9ea28bd2a
8e5b1dad4997f81
8d54b341363a4e9
8495c883dfaca2b
5a1eedc2a4fbaf2
107ce04b033b033
84684e4b7fa3cea
340defb99509939
98b14837ef28461
6d8b8f1c239b859
7dc9a780eabce2a
287a4e88e355f18
40115377ec55b3a
93b31a64a5ac212
3361c6c1a6bd9f4
2362e2f7c1f186b
3d85b20244ac5f1
4cae5c57035ebdf
2fd40b2efaff78c
395bb106c611548
1e579e472a3e797
6779944079438f2
192b05752abe44d
526214b0b9bf1f2
7efb019f2936c59
6cbeb44b7dc6d11
333f87fecc6a6da
0f9805bc5f7d2b3
52e73c876b35d74
905d1149dfc6221
968a7a2873686ac
111c8f9f9388f77
5ec57fd4c9a2364
89b9ac695b4292e
07a511c6af61f6b
12da79fe7a86d70
333076f8782bd23
2b304f4e2874f60
728d2876c27a4fb
5ead546bc476b0f
64430918baee182
932207807297bb7
6ef7cdf086186ed
265a16adff58876
1456a74bb09a2a0
21b298b07f74b19
69c4a7abfba2dbb
16340cdf2defb73
8897ce9cb92b731
0a5d751212607c0
8a2af23d1ddb836
6ac1acd90a5aaa9
43d50153cd19026
9353dd19f2049ee
590c2e63019284a
0a694c283d47219
6a4af9c9bbad3f1
10a8d71d7bc4128
1df4e54359fdb25
9a7a047f8911000
76ea72ac3d01a22
52a6eac7506cecb
35e632d531ecea0
0af968fec365a6d
8538f94b14bce8c
0c51b1cddf5362b
38c3165e98640b3
5cec8770543a7c7
33c04b511a378bf
0546eba071472ad
01053fe84d68982
96b8f590ddd505a
8cbaebacb1d19d3
391fe625fa1683a
44fece182058f33
077de1d7eadcaa5
38fc92d90ed90fb
3dd03e61d358acb
236ab61d4626547
236b2cbcf533c39
91cc5c3727ab730
33ef1687671a0c6
70faee81d9aa561
2581ccce5925c22
52b98b9ec63ed09
909e4b40cc1a74d
9bbe94004c4a6a6
03c830f63bc0d02
0adec7f42eba248
165a9653e00a6c6
23cb3168ea6730e
5518dc3d80f3539
4e5d45937bf1fc2
862e10045551b18
691d717596013dc
4497822151e515f
80873328c201233
3f7427a2e241f58
231dc7a366f404e
5c79a8baf5097fe
93826621d775e65
08072444e2aa7e4
7af35f81489463b
72a1241b046a575
7d38bfbbb555a92
596231b9d7db6f4
2ba2ad3bdc643c4
332ec1c78968668
2942c48e8304909
9436657db194904
57c83e33a7b71f0
7cf6594a8e98568
4d17927a2393f4c
1471edd7b596965
07243ed10a3ed08
12b27c7213e657b
92d7afd82d3aa2c
09c2c455b97a9a3
5b4272c5f8ae2f5
4dd07a983da7866
2cdb27116750cb7
2191a9acb78bdbf
2f423fecc391e61
760087d9d6b5dac
1638a4488b036eb
2e196dbeb77372d
230d20593866cf6
720a094e0762906
7b83e4b820c23bc
72050d24ea6f972
7af1fb2c10177ba
7020cbfc1f6bf60
9b57019b94106de
86c7f0de6599e19
8a1fd96585f7160
7601cb2cea46691
54d055d203e4a46
1d1b98ca66cebc2
476ac72b7536826
6e0d06dc8932597
318840f630f68cb
2432dfe18540b5a
6546668c8c462aa
15f9f0aa2353156
0ec563bb0fc75aa
99e6cfedc4d7eda
342d3d7cf708e35
8f2bded77db928a
1a9d9023379ad9d
56f515985215a59
689f3b6d85e62ad
5c172612c003b76
5713d0708d1c521
547bb4af2cae14f
01d391b670fc70d
385978fd224d5b4
43d7780916029ec
662a79184ca107d
5890756973f0189
4249f6ecf05ec94
84bb3b645a907e0
4e8f40a9beae938
99ed0ef2f7866f6
630e289a3c7ab36
98aa0ff2688df11
05d104a824718a1
0ea2207cd0c2b51
3005339329d3493
3d1af212e48b25f
175b3c5b1ca3934
055d769d9d60faf
5d91a7d97365756
37ec9e06e743df5
37ea5d5f5efc527
987ab9c62511ccc
0af004773c5d164
636f579fed4da18
8ee550ae4e38451
24513a338fdd9da
05474f96f6bbba4
8bded9a0c2f3b90
88aa2b1d291444f
1291f7cf3fcc858
41884d677d92651
817b153c8f41ea4
5c3ac35a52776d8
2b5f66bf9cda2b3
69ec97bb2f977e7
9c70fc5357c32d3
0ef81e8ad4ab2f2
3e799869915dceb
09aa432f7bb8007
68560fcc8e51d26
7903416f86ca1ce
142649eaf75ff97
04fb197dc75d9ff
301544096a2da8c
13d5504272074d1
03882404ba0edb8
4334243a00009a9
7b7175719a15237
38e3edab5938e68
6ef1a86b9c636cf
1c570d9409fe54c
059c29151b99178
3fcfa6aad073990
52c425e3bef3020
79f36eeee0f96b0
92ad740444c739d
52e6f4f2ffcf11e
6d552ab77bab4de
02769b8f69b2153
0f032d1e7362009
2305bd630e2434a
345f31572c5fd33
75c59fc7381088b
775c597c150a6d5
2de51c82fd1d808
9003cdd6802734e
533cb11d221afeb
8d2edb9fecc195d
9a0a0dceaa0aba9
446221baf381c39
8f3f1d59cf55d39
29ea88ffa8149c2
02997ff27b3fabc
1069e82c07ef538
731f8d60bff2815
0acb3e30d5b1bd8
7ba5e485757701d
48aceba8acbb1f5
8c7239593d6a323
427f487c5df129e
03c1e5c36fac1c2
20b8c602b7559b8
8a5345744f3f14d
10b4b7183e2f7d1
02023c02a812696
0124a0606047560
49cf10f770e4b1c
72a68ebc43df3f4
096ba19f4f30694
3116a798a713c25
78e7f862ac257a2
0800df2d4a28d45
3d73f8b53e4bc1d
1f88129e6bd4dbd
59028c175e62cd9
54b3a75705b2319
0cc14f4353978b2
003c9277d1c0ac6
24e13d799789138
4ebee5de5246c2f
18c1151dad3f66a
14d86e90715a6cb
44cf2ca72aac6d6
3c69d5402e1d4fc
46d393dc9d8d9eb
81d5a9a7e661396
32773136681238a
2791448942ca916
475455c55b5c770
5195169e336f0a4
90703b46d7f0266
1774793f141a8d4
19edc7a83a5a7a9
6935682d3d93e90
5a727766c5915e3
723b2d5c9f46701
13380debf3c8f8d
4daa26c23b869c7
619fe3b05733472
6fea76db8142219
2ca163edd1ccbce
985fe8e50250a32
2858b799fb33df7
2d2f91244909005
5be3e078278ba2b
619b9ac47e41542
8160727c5bff273
8deb46ea69d79e2
17179a6b21648a6
9927c9c1c74f625
5436ddeb2868642
1c0efe743d2735c
36846ba5eb149f7
8dedc479021220f
49c331f4c1f060f
59ebc1a05bf1321
3f01e5e2ae75549
021b6097a3c71ad
44e400c60456d73
575260d408c6605
7ceee2ffdc2e3c9
424080b16475bae
0e98e1f415e01df
5a2781ea7239a50
508352172cd0b0b
092961bd0b5fceb
2892dbee892e61f
299ecb3ad714cef
3207387b1952eaa
67a976e0d5bfd40
9985b08035aa4c0
3d4ae5b57baef61
851ac6af165e17e
0a896a966f69875
2aa9f74fab9fb91
3b85f31ee315df0
56ea569168c9afa
5b6ee72d97585d2
727edf22cd865f1
026fae0c889cf7e
640f0f8fc26df13
4ddf6ed2fe04aaa
6c61a4bc9867ecd
33dbd26bd480600
2934cf1a6db31f5
50abd34faed05e9
08df4eb22d126b1
6ea21f7bcadf0b9
72836a916d90da4
4411ed8509ae3be
45323727c456371
71668e69a83bb43
05694689efb6d90
16366d39670eebf
9c93096f6eda274
19279bd39ad56f6
87d3e9f3ed933a1
803e0f83f01e760
579c324b598910d
2bc93a483d4ad57
6e7303ff62daa08
9b9eb6fc2037f30
916bad02f0fc787
0fa0fa96030306d
7cb58f4a992e134
4273454f0a5db8d
95210f6a92132d7
87bdc7f659bb20b
05de60768561725
6c22f96d017c74e
65e7acb6d63527e
5ac5b9bc3a15357
1a1b96156529ebe
169c82c69c7a2fd
92475d9c37031db
2447c76ec4041a1
31512b1f9278eff
1b41193aa8af188
9c537380d491f96
949df58da2d6996
8b2102c8cc36541
39f1b8847c89d56
58a1253f0bea75a
8cd18e4826256f9
4ccfd1e33fb3ece
0894a16bee03f1e
8c3585d3bd1a208
8385707aad4c105
4e8873c1e0a0a96
73d43a67256d67a
96f17d2c938cc54
7ae9b20643e523f
2e115fe93aa6e57
21537f4ca97578f
0764c6d431c23b3
46b22b5beb69cc8
86eebfe74ff7fe6
3419d3f3dff1f25
0931e791f0ec0c6
65a087ba2cfd0fb
6e67e5311b710ba
8e49cdc072be243
95247523ae6321d
8c84bfa822ea3b6
2475e87166befaa
5e77a83c3350f44
55ec83203587541
26ad37650d9fd20
694e418fdaa42e7
52f0dd14fa34423
4cd0f5efde585c6
83a9a7263b49eeb
552a1320d47f7ce
1b07630b6ae7fbd
23ebaa7b38db83d
8c85dcac027e5dd
501ed1128420370
416958bef0bf071
5b2b431015965de
8f1b3bd8caf5ff2
29eb36d77956fe6
2d04df643435695
84750c725343251
04eeec7a172f8fc
3333489ba7418ce
56ecd3cef9c6743
1eaa6c01b65e6c5
47f7f9b4c31fcbc
15885845828559b
7a6314e8e23873e
441c09de4599df3
1eafe28413a689a
35edfd5b25cac2f
20c1c7228da2d13
7976d4cdfa5d3dd
6f0bb79c294e08e
04f977e97addc5d
17b54c81ac80245
26fda68c21e85db
19f1dda59088f90
6fbcfe52cac89ee
1035248684b6f5b
29a030e35b1c5f7
22d3d039dcb896b
9394be374f7e408
4ca850bbea238f5
11ae4896ff8b34d
22b69eebbda32f1
226155c44b1ca75
2bf0077e21cbc2f
6d63bfb634a353c
6249a1a3544aea1
11a150bb3f5a353
704875957282ebe
81f7cbcbfe43737
07da104313abd92
642a1c270a51064
0d560e0e66ca8ca
84c1e9060312e2f
4c5fb97b186e9f8
262bed3147702da
0efbedbe58eaf74
4440936b850388c
213a78d590880c2
8ba89c17865fa96
8fc88f8d8b381a2
924359979ee857d
943d9c7cce41efc
2fa2eb16326380b
395a2a49cc9c1f6
336915c96672625
857f9e9b6fc78a3
9c6ed12d81681a5
1f4e32ce589f62e
396c3e9b6df8e2e
62724859c585724
815982d4f7472c0
21d9bf457adf4e0
34105618f9134bb
80d5f803b79a159
45ef8569c423a80
983842e4866d055
0306ce9fac32317
5a72b38870bfc3f
67a9ed2103bb05a
5cfc932faa914be
67cad227f273db9
728c2958af7427d
3e4d69f866804b8
8e74b9fbb1c18c6
1f5a03789459cb8
9ac33c122b8f79a
28a9cbe204e4592
507f0e6a3329503
87e64999cdcdbd1
3720a31d71a64cb
42d70a76543c1a3
3538a8d51b70348
67acea8762aa017
338008d6f44f85a
2d38efe43ae6d25
013d792b7bfda6a
5d1614a2fb1a01d
814c9d642c84e2b
71ae04eddbaf003
10d407670a1241f
149a0d60db7be0b
7c345ed621853bb
31160cf257ca02b
950ffa04b716480
8e0e4f251246e8c
26aa9fb3181d583
16bb36c03d06825
552527016a02341
6ac951d9bd905b7
7bf9247f4e3b45f
6987b5580d6eb0a
2f013da6eb1da7d
7260eb8919a5def
552cd34ce7607a5
4bff9a676f5057f
7e2477626ac2adf
30c6c8c782e22ae
7bc1f1ccb75be3d
99ab372833f1bc0
8394a5c4878f381
1587f20416ac9b4
2b541577d993c9a
65245e35fe2f34a
9784808114ebeee
75b4b3d632af77a
8578c8633d59fdf
1e8aee8121e7865
31581073f9b5a86
347635f9ac77e4e
1f9cca65666cfcb
307edffdc01b0ff
8be02a109f4a127
38666eb3fd5fa3b
4d8ab7a09633095
1ad49b0bd82acbc
1e2ff64565ebb11
09e931f97270c68
723234827406cc5
3d0d6a80692bef9
1a24e33670c9f93
4bd9838dccdb34d
1610b8aae5ea4f2
5b0a71326633bef
2c97bcd6e6750da
083752fe838cfdc
6d88e5c461c17d5
16c1abd3eba955c
7373537572a828c
126e9f1f162a49d
0f1456b14a441eb
0c231cc7131348e
1c119663a8b94d6
43a893aea8c20e0
2b9b1958752ebd7
709cdc2d953828a
86ff8ab1ccbbcd9
0329f600b9ed391
2f9359ce26ab5ec
7ba259ef19ac7e9
564ff6446dde4a3
39317454d21a95f
8a014b98ccee29c
1c60bcc26ab21dd
14a87a7eeae4065
1ab82b1698c5565
5d9976bb38bf0d7
33de69e80f615d8
96d061ac0f44bb9
2d033e4b3898765
89d89e8edec42d8
891dd850896c05c
872cb9bf103f60b
7708561d38720f7
67a8b0c58869107
5d9f7c82d20215a
41cadfc309252b8
9109c4d59a5d655
88edbd7c74ea371
3006fc526147459
588fd389a199493
30d78949a565a1f
8ad7de047d02baf
60a8bc2bdeaf421
49166f14ef8eab8
69f9b178523dd36
1a1cb19f57b47ce
6a196703de88ae1
4bd99dc105fde30
3be25a522ec1018
2375615253a97dc
303f811b72dc210
51c3945480149b4
0bf254c48812042
182752366f4408e
6800d5715cc7bd2
908bcc80b26a65a
546688b6e366658
5588f4ecbb8c035
1673554f9382ba1
56c15077a373f87
5a4807d99d652bc
2d3630b801ea70b
0fcac47a4d28626
13c46d4f83b6c9b
468f8c75f123a26
00d32369f566a78
7a18f1e3be7b799
2541825fcdcab24
58229b61fc11884
1305b982d9f1ae9
5b52d05a5316afa
5ad484842f1095b
87db8f680af7956
771c50142a4373b
2ef945bc5c43083
4bbd5a36217e730
3f6238b494abfd9
8928269ab947d84
8d9827075d700d7
60aabbdd3a7c3e6
462b5fb3a8767ef
18fcf6ef7ac13f4
4ecc3cedf008a48
03d979631bc61c5
99645c9b36209d2
88b81d26a273477
7faac62970f1cb7
8f2ffbfdf569fdd
41c9643cf01bb40
3d2e67272150a2a
2790666c9f9621a
0e3aa5a369cf337
03d58a6631a21ba
3544e3f7385f313
5b77ac042d909ae
1ff8fb720bc47ea
66da11517255d56
4b2699859749876
66a01eff54b8286
5a550125e0477a6
988b17160ecdec4
5c118346cb87251
63a7cfea8ea5c2a
2e2120a63a7bd6a
13732b0237058d7
916862906141235
327383dd88ef394
90abb27b2fbf0f0
31042771527467b
3f522dfabec989f
33f75ad7f107a13
3deff47768ac256
62f03515974c075
3164f45d94f3c3a
2e728aa6d132bfe
604f2d72d657002
9b796de88b9d5b6
6d3b220e1ff081b
2c3ca18db9f0dac
62e3237cdd3d40f
60c1ca0867d83c1
9c0cd8d2a8f486c
95d2ed042fe47b9
1e31c64f83f6780
1d6af46e73fe7e4
9368e249342da9b
6807f495ed12e90
59f08b51b3cebef
68ca0670e103e2b
7699fd5253b1789
526e46431109570
2aa2c575ef8c503
56d46c377214397
0005962a9a53fb4
18b8a78020b712c
9639bf260891324
8c7f95d67c79770
01e944ce21bca2d
2f38ae0a214cb12
001c003831edca8
0e3d73becc529af
3e354b4510306f4
976a95bd4e46c89
5857d694f621e86
0747b51de034808
0ab2bac60818fae
9b88e1ecdce46d9
1300c92db0161d5
49db5bf933ce51d
057ea6b1b7a8542
8dcd88235e78c24
49aa312c1a6e620
50c3dea70fc81f3
35ce96cef724ac4
6f0cc484ad4fb2c
3fac8e71a6f4e68
540df7f868be30a
23d949c9c80e96d
40f5dce8945cdc0
57e409fad54fa77
8dbc947010a8da1
5e566718c30c406
2154f0df9c9e4fd
4b6a167d8c287df
271c1ab8221b0bc
9bcd0031f3eb9f3
322d292196e851f
9844d63e28ca15f
61ae62c086abe18
5729e3188528855
0528e6cf6feb1e5
4caf3d9522f8a61
6493a7a52d8939c
0b4afef543e800a
533d3a9cc24cfea
9a82e16e149561c
14ac8715596836a
99d0fdbe2e96d82
8c5efb813457cc2
59549df3839da6a
98cf1d129e95af5
66e61fdac73fd9b
5f3ad9d94555fa7
11532a25ca9016b
52c63a47e41015a
27367801a5bef76
342b94b07cc1156
90339c10a678a6d
51fe0275f0f244d
018fe1036a27a7e
793300ec5d7a6ee
1e7570c63b5924b
5f6343efe9c79f0
3fa67ff911e2a13
6e22760edb2d746
7c7d420c5d6c9cb
552aaf15c5afd7b
86ed917f0371ded
6f0084b37171845
67076edb1af610f
8b7959923089465
90f07dbd3a976a0
25af665703eeafa
82d5dede73984a5
7d119f9db80d814
85bc7dd4412fa89
82b16660bbade60
50e6f14732f222d
1b6f645f1e24b4d
791f4479ea65196
2495a12cf99355f
4909d03d3659390
5dd489dbc6376e2
85b96b4a2bf7b31
2bdf4a8e0ab4695
4364c432c73ba07
0efdaf603837f79
823ec7e0834951c
9373876bc45ac24
5bb4344a579af3d
448202d9e430706
2a484d7c1d3df8d
416cd406a7ed717
0342b6247db0579
179f9bd75dce5a6
0ae0a9a48dc4b04
9bd4196289f80eb
4c38e39bb3f426d
3487519c9d90dcc
30ebe491d868c1b
07c499f6cc4eee3
231540d13e28f6f
914fa43ce62c1f7
59e594d053c1857
1e52386e3d370be
288945bec85ea9e
65826e4ee8673c6
3fe90d01cd9daa0
8aa344c480dbd83
0e4b3ea682e1cea
7e79c06f30fc2f9
045274544e1b1b7
8c9d4febbc82d85
7274a6603caadb3
7a1501d5c30c54a
85375aacddb2825
2eadf4d192ccb4b
12dcd39ce36c7ba
1705dbcff64e12c
94472028223cd4a
32da65a28d8e13b
43e4add6a2e1ceb
2fdff2054327646
52baffd68a4eb8e
600e48a273f6807
84dedb0b9ad3d9f
8acf68f328c36cc
94037a5024c9152
26edcb254f6eafb
05d753a9a72180b
04d4501774b9ae9
595bbd47c11a770
6db0fb6deb7b2c6
48a7a9a89cf9fec
529d700a31debcc
4d05dd913113b66
1f436c8d0331872
252fe1529155f6d
281f032fc9551e4
6eb3aa48e8b8b48
51d2c2514088cd0
66b9569ce92c5eb
18c6388c95bdb77
7bc4468fb113a17
83411dc14e23f6f
3cb79991a2d5598
3e5db533c104ce6
11ffdddfc2c012c
176e3a195e7bf6d
4d9d29aa39c7403
12d7937236b788b
128f708507ca840
47b4a39f916dca1
52686faddc96fb5
359b06578ee25a6
2f6e074aa278a2a
20092f8b22d9480
9a5cb5362417a24
016dfa6dff1991b
6feed2624873ece
8cea3bbea813535
49aa1e6b3886afd
04735ebcb3d2d70
26984abc109922a
9104fe709852d28
6ada6f214af3939
54601cc1cc97ee4
51aff8966078059
2a977169a9a525b
0ecfc91c18102a0
5b514aa1e04687b
78bd7b125d8d061
2daf5fa167fcc45
5bee7055d8842d8
31853d7995d1804
7cff507ba73ef91
97422b5dbfa19b0
1294fa41d2cc24a
705e97faaa86472
07a8e1b8f130196
0fc20e8932d718c
1e0daef90fec59b
06c2c9078fab446
1bed98aadeb21ba
4daf61d37dde103
37c1e3675f97b93
3e0b0b42b5c2557
8a5063456918625
2aebb4a07d85eaf
4ae65ebbf8d7dcd
5e14ef342c28738
2c20ab80a5d750d
2f281afa78bf068
5953cec81bdf4fe
665fae9076dd1ee
2932ec4de6e3e12
120c9823e5178e5
5deec730d4e1dd2
77fe6bb5a147660
520eff1a855881b
57f8b6bcd319839
9a2012af3d5f711
31e9dc36184644e
36e386112c87974
64ec9763c5ed177
76067d9ac640d3d
950f6a1b434d282
4cce4ae9af9f704
40bcb518640161f
61515264144e10f
851b80780d7f9af
96f1e0c23fead80
7d34c13e4d2ead1
259b3eed2ffc677
1c2300539c9ed88
9a02b366cc83e0a
0a154e5a25bef0f
13e4fbbb100023d
468299382156993
03b609ebd825b2b
7313a28b1628d83
2e14612b1c66055
8237fdd79592136
7e3cd9f3f11caf9
79806f796f1bd35
40abfe8801f276d
009fd7eed168d08
36c70c2e625b7f2
4489ec635daaebe
6a64ac561625f6e
5f7306e110b3693
8015089e6a3b3ad
7b20086c2cbffbc
120590feec66522
47ef7937e633ad7
2a9c91b0ab35be3
522341624fff3be
98eb5ea78fa80b3
38df338cc1dcddf
1591108358a5a9b
7095880a8da76f7
3d7e1727e828915
78790417c5ce01f
75d3446ce98c3d0
9bfd4bd78c01045
24e22607b2fefd5
55e5d6f13549491
3a1515686d354b0
2dbf38884407dd6
142dd67b9280292
302a5191743bfd0
311fefdf8bbf8ed
53cbe60311ae3b1
5bd58c066cf4177
7f52a77beeffce9
16689731beb19a5
6f218c630e5ab9a
6d0b328782d6cf8
8b50bdd18ce3e02
6220e9c8c88d107
0b818e1c55f8dc2
125d7afa2be9924
68ceba63be57d92
919fc8cc656f33a
4cdcf429e4beae1
0e57681294b5039
398df523ce3a8db
42f96bbe466c8b3
4b673881adb0635
56ebd9fa958d85d
274f1253a5b9521
84b5309843527ff
0c24a7dc5a57701
6df64e8d387712d
6ddedf79e31c804
104fe8729d84e1a
351da4850ead8fc
40cf298acc0ebd6
086cabf4238b8bf
3a5e56ae8b0787e
2f1a1676ceac86f
15082789bc60570
47c936bdef91b05
8236938f74f8cb3
17900bba04ef278
1dd18884bb592de
3ef290b5e68ba0a
25ccb1ebb5cba3a
6c804ac06c0234f
698ffa9f5f27dc1
427c08096d827a1
043be377ff3bc79
66e9f7838e3ab8e
49d1b7985f7bb17
9673d868f0ff2fc
00895c74edee85e
8527c92046595ed
1966636f5ac58cb
3ac2ad745d8e263
642af2f762381a5
0c8dd45f552c393
65e7e48ddb9c8c1
058492aa11e7627
311c4b018ac89f2
5af6f777e6e05af
6b0f0f28ae83a0a
645b817bbcb63c4
8e8b6bb436d9047
69780f952e8608f
988a78c90df6907
1981a04b6e47e39
6b08203b351d719
6e6b66eea5fe71f
2ce308fe61e4818
2e98b67391eca56
296205fb54b894c
0898c06388a5326
9969cbca0d2f677
43e8d12042c3cd3
90315a8a7bf85db
7c777bab40976ca
1ab398580a65933
43dc3142d43a8f1
10caa0d83f3967d
6182f06bf8057aa
129089244dcafc0
09465f6909542fd
90ed862e16dbdba
6e7735bf6102baa
668897ecc90dc5d
5d12f1bf8737bf7
2ebe96aa1bb2f81
75df49a4119e983
3832fc29c2772a4
6bb69ea5f7f64fc
5fbfdc38b495d06
90d5d076db51d10
05843527129c61b
8075c28777af0ee
25d4170c6192385
7dcd16b3c597085
09975396361600e
0bf4537f47fd4ba
18a2a1725ee3207
57ba22d604a6ea2
1874ccf912e7ae4
74f26d9b79e0318
2676a5619a11380
64bb0014c373fa5
3ba315c0a087d2a
474c7aa28ca232d
6e01740f5e45e6d
8c5c2f41ad24603
7cf466b08bc43fe
5932e26e89534a6
45cf5433b12e0d5
0e91cd22f8bd314
03b94416192f2f3
0b03f2b11fb7a0f
81bb9e33004c3ab
2b08e6f288584d5
5adeaab7de35a81
3516d321d965b9a
19afb3a8f0c7322
6060ba2039d98f1
550dc791d0a0404
15d2fde0204f2d5
8f73e438db70eb1
41700629ad3c6dd
0a8c953d4389537
63bf3926db70e2c
1aaac08a5915030
938cd0554c9db6e
97ca1c3e158f5ea
8817181722ef9a1
6fd0dfee374ad16
11b28a4cb433347
5a6342f3842b0eb
72196c1c4dfcc80
005810ece80695d
1c107876b882855
13ca27f707fb319
7dfb3c2ae72e365
7d5e803ab38daa0
520953b7d13ad2e
39f1463e208be36
1712e429e667999
64f5dde02b21412
1c695b397f4e352
8b3e9167fc2fef5
399c97531b542b1
673b2a1cff2794a
80421d26721a5c0
9577d3374562bc1
3545f7aad196206
652215cebad000a
4197394477b0911
8d495554d75c2e7
4f3d89ca7b15ca7
799293ca58d0ca0
0d8e66ffba61c24
33280b9e7a77407
945f9e454a7c2c3
3310deba90ac42f
0c5fd598c402619
303e72f898df06d
4c59b8d0429ba87
28a861d660ac3d8
63259c27bcbb4d7
85e7cf4d17b5729
9ab73ab300d2f45
01853031c3fd107
85dddaabffb7c68
95d4f831c2ebabd
4bd8373a46ca377
94bb9ffd0c62aea
0ba99ea39f9691e
28e27bca4a0ed38
3ae634f2527f709
8bac6730f5bc1b5
1a681606841e6f0
71cb1a3b765ff9c
6712b775d6a7c13
3e30d70aa05afb1
37494132d00ce2d
7634abebc6b251d
0e0e27ef7dfb2e3
57aff0ae6c1424d
98ea52fb5660431
868a24dbe3f77ed
5a3383377a3ba21
917700fca08cd9e
4288b28ffa96945
184302077e88bad
060c5b927a77a17
6c35b1c75f7e7f4
87734b8c70123be
7d498dc416c35d4
65debe0b1101d0f
05eaffa6dcf95f4
783899a81d9b043
9485210e43c6b3e
27d64f173931ea4
85388bdde641d8e
6706ddbc045b0ad
6a1f1d0092f6e1b
630371c757be78c
59f8ead07c8d7b4
97c6d94edab3d03
6ac4e7aad9ab469
583d442d978c48b
1748a53b13ef5f9
00b0ba487fc2040
408f947da885300
75b6b6f78405922
1aaccddbae1311a
496722eb2e7f751
6808ce37939b593
0c9640068c775bf
5195903eca78082
1d345a8bcc879f2
8b3aaa0f6848307
7d478cf80ba7dca
1ceabafa3f69f5f
82d03f3762adae7
5239d11ea6e57e3
78360dcef60f714
1ccf4004dafeb0c
836d4e11c592db5
142642078a426c8
552472e753ecc60
36851f2280f52d6
967556e0c1304eb
6e4f07ab26c933a
8e161ebb65cfe4f
24126263c18c618
16f10927599ce99
353786a3848d2ab
8352b7b2e3d9b15
0a53e07e6e1f033
8bcd9361da41e1d
4257690e6f5e651
7a2fe8695c1785a
8eca30bf73ea7d0
54c891f2f88b87c
896bb8d08a36304
528f96593aaebe5
1276c53cc2f2935
4e9c7da6d9c950b
33b73dbd082ed8d
85dd4528a00ce3e
64546998ac9cb7b
5a250391e59d9bd
07301467eaf2777
05f9e406269688e
06b115d77007d6b
75579c919d5f1c1
5ac84d601969c78
595de943b3f4754
1c14ee9bc4f5997
19f45282a40d9c0
0accc866199fd7a
07daced11ccfa8e
36b546fc8738e51
63d6faefe4f9c74
98f0c510a227e68
8e505d526211927
473e7137706a877
0ae4567ab6db423
44470ca32ba035e
44f1f32eba52135
8fa3df65773ea50
3c5957f48773704
26fa578c8c8bcca
8b721ee4febf5b0
1e850fc57c93b2a
6c4e2fe078439b4
27ac75b928e84d0
319b16ba3d3ef3a
9b82074fdea5e00
6afb7700f75ac94
74517931ab6dc5d
7e40759456c7374
13fbb64c7443699
1cbe79d20b7b6d9
9290e7d206a663d
9b48a982c339c65
06c1293112eeac5
711eba2c928f46a
82c93d8cbdf6f69
7d2aafb5fff2d64
220b3ae19ec4477
950d539cfb8202d
4f25187701127e0
4efc8cc6cf533f1
4f484894bd16256
48157fcce90ee7d
01c331edd39d547
3a079843542ea40
1417c3ca298bc0e
69d987ab0b9937d
356ead88d6d1085
0d8c96a3297bd67
51d0645200b5fd6
34068c5a81e0ff4
95692b83138cea8
2e5f40fc14148b2
02eac9f250009dd
0303340b7c12d49
58ed4271dc060f8
7159c6aa7bd0365
9042368e8aaa5c5
5dc579cebfeba8e
6757e4fd0ce7e5b
6c56b804e53cb56
6a0ccd324e67852
3a11afda79f84f8
8c6c846a5f8b9d0
7ad77aea471fa34
6592481dfd32a1b
189a399293bd601
1ea988f6eddcabb
52b1de0eb13417b
32aa8c2042fb35c
95ccc167bfcc1f6
2f6775e3bbb0a76
6aeb8d8730c44af
2f52da4274ad742
5c6687c369d8c9a
6424d4be60317ed
8567dde93a9a32d
38f4546100081af
030a10dffea251a
843807b69a7fb69
9b41e5ffac9be82
7ae61f98ea6a2a1
76c3fe9d7161142
2f2ff2b1b1e3012
0f1f81541af9dd1
2e7e15b9c5a020e
9c45ac55c2caaa7
45f29be4b75a0b7
852dc5f927c7490
1cc6229b2d0fa1f
19e45961257e846
96d008386db636e
4b58a27548b58c0
613160107caa2f8
132707b6ddecaf6
2da3beeff8cc02b
4cd9d10b399ceb7
5e2bc7b129c1f37
21ab3b764ee2ef8
953cc24e5422f04
01f4db9cbb45c34
75fd53de838e169
3cb3a14882e98ef
6ef2b191ff0af4d
6714e5098a5fcbe
37705c69edff26a
4d2fdf5734483ec
88550b48d93310c
66e0473f90be84c
86589e0c42083b3
1de8d25a8f40c2e
6648634bfcae4c6
3e9bd0306dbc1f5
0ab598ae906377e
015833fb086c669
1aab0c8b9d8d736
0f8c8f6ce2b6e1e
20c915c54d97171
56d7f81297edff3
7bfb7d3ae554fb8
0ddb7764c8557ea
7b8663e30daabe2
76624bd9311df6c
6b8779eee0ddbce
50623a0be95b30a
755ffa234d9a3ea
0a6748faff8573c
43d8730ae35298f
98c2a3f9a8a0274
728d9d0eb03f0ca
92fe05f5a9a2f97
5d12588aa384c17
5d610a43d307f96
2b0c184fb4300df
19253e89af70676
72ba0101e6a4cac
306fdc25d57f6d1
9ba7fcab8761e8a
9af51f652202583
4b77ce8e23595b0
847193b72f54ec6
2bba4ed4c304329
29d98a92baa631b
96430e92140bb4d
2444af253fc5bd0
8275e8264ed7296
950af0c524d4f86
8663c93454b6a28
1556705fccc0e76
1b82a7b863380df
35122667ad29ea8
1649ca0a178b9b9
44536ccd6051cb2
6bb5ce1bd14685b
1aa36d9ad7ce006
2da2a75f8fe91f5
502ef1848d790cb
8768fa54930165f
64ad0b3663ed133
0d6f42afa5da63d
7bda7f730f885f4
5f2d09b3987fe85
661177effc3bb20
55fcf7309cc1c26
9036a18e8d67a35
86232e035b867ed
9c94817159b012b
1dc2b27198d1111
20c15b3281f8653
2a7db48a2f4c388
50e721b4b1f5aa2
89e919eaf52d07a
3117a6310bc785e
69bb0e4cbfe56ae
56a8980fcfe75c8
1d371448364235d
8cf0f8207486a1f
5a76139029b4545
0429904b0d5b44d
98a0c2ee8a0adc4
336284d975890ec
331523381cc4d14
903f13f359a50a1
4c8b036981e8c5f
817ff9e1004e253
66f2dab2ceed48d
80203ef75540001
3ea5b4fd851cedd
97d7b1fafeea99f
71f889de1a58628
0fcea26973fe34f
91d885cb486f8da
6d6856d69446b32
5aaab770d87fddb
140cd0fedc47957
633a810300c8cf8
99a7a92b8940d11
7d99752a7d23899
25b70396febbd3f
207ac1657ee1add
265a34563614c2b
430f1c7619ed213
624c308d3a1e12d
0fe660d792e0383
59eb66e84fa947c
65cbb4725bb1296
8f872c4d763c415
0f34e5e95a98814
62a3eeee3be6b29
177db1168ad97b5
0fe41553f6a4b6b
5c524200fb3b15b
44d037b2d32bd59
25aa5fa7dddf472
13784f6729066dc
58d5a667993f4e8
5b98f195cf28d34
9156b333190bda7
8ba203a9520b647
77540139ba37f4b
58e339717e52d10
55c491a772d3f00
509613500c44de2
119b2f48f7e8874
9b8e52f71a91630
3922f526c221594
7c8d809e3e2c009
4ff2fda4afc6efe
6988e5c2c6c7c94
5deaa310b4d03d8
6d9ab7a00d43301
7baceb0ec7e0a58
9c63db1f491d208
711bd5c473f7939
97338099a7df35e
623aee71d5f5199
42b4a0c2b0fb436
683cc40cc796505
5ac8ca3b26afd28
5185d56baf8f067
2a0bba4f82e25a8
0e4723f07623de2
0ceaa7045631a7b
7a09c27711568ab
3050db2ff6e83ce
57225160e65b9cc
46e00975f712686
0472b5efc47cb18
5ecc68225cbe012
714988d00e2c7e6
16ad9d06b8020be
319f00d7b8c0424
84347cdbd76a677
3d55a242838c534
92afe09c283a72c
76ddf06d84dc3a3
8a8c55a3d4c4fb5
9ae35b07d04773c
48f2f9da0cd37b7
85d66f233f9379e
4dc556c4bb574a9
027f247626292ff
8e9e2bec8ae3a4f
4f0b37fb48fa902
6cc07b87410d31d
0998342b767cd5c
79ddd8d35264dc1
2adf82a4a9c8888
75cc614a62c1c3e
7306bf6276cd1bd
15805fbd379b149
4d74233ae77c256
93f5552c778f5bd
6ce0ccd53d205ac
397aa8fa1829315
0343258caa10d08
94169bcb4b0182f
63533a3f6b22862
15138b7159e3732
3d528ff166bd125
8d999e773772a28
78058084028f173
59f69fb0b4bfb10
11297cea6c781ff
29c834f9b2afc15
27760e23576a173
061671c3440fcf0
724c1d8026c3c68
1316f20c4a76be9
72e2519fb5d0278
014af4c8242bf8f
6b6d88bdb827b7d
97a5da4d5252477
18877b6f7fc241e
9a6c23f8ed6e9d9
328931b34fe7ec3
498a9c65bb6cb5b
19b7b33e19f2404
5a7a035d5e18d8a
2848b4e7623d89a
82f54ca2685b8d0
4bf6fd6b5e52a02
7d20bdf1a1f7969
5af984db69cb425
6545b881a20d546
8d3594f06a60d25
487847bcf30b9d3
930b08239f988c7
7087242874b06c2
9a924ad7c3dda9a
499c114ae5f0e72
71b820f7aa104b5
80baf02132f5579
8b0dd37f21b5c73
5cfe2cd5b02c249
27fb3eff96616a5
6a096d87e66e269
7c6bd1856d6d830
208efb8bfa8defe
7e0b418b4229cd5
9c2c38465eef5d0
7d305ae705c86a0
9038158f9eea157
53b96ea2cd00dde
6ca864767aedbca
0e8a48959791080
353d74df1e10021
4d6a5c22dec665c
61601c7790a43f9
696866ee7222349
0716b82e66da60a
551c5fbb1e1919f
088407d37a3db51
97e0edb92067852
5c566c9fa917b50
24707f85fb6d596
36b27cda05c04d0
5f0a202401a4674
1cd576805e8cef2
0e7ce742974a49b
49a1db8151ac8f7
14d3677815c6dca
93dd5463b294d8d
4b267adb37692f5
6a21d3e7f2fe18f
45315df649e56aa
4cbbc912c29409d
70ad30c1402aa5c
5d11a99e1d29732
99a669d7512ca38
2c3130bee197f89
44290b080751593
4cb3f23f831e1fb
7a7e99db445e9c1
97cb569ff5fddfd
8c00e688eb6a11a
360c2521dd39888
6d8f9090cfdc063
26e6e3802874d72
3a624841b52f54b
76b54bb22def047
027a4c381f54c0f
13729b38e68acb1
26c89a461d75cf2
3fb8edbcf67f266
967be5c1fb2b9b1
53545d634e9f4f7
630c63c072d34cb
2242a5dabf3d134
38d8e0846246767
189619b30f495e0
6ebc74365018efd
676e111982ed2ca
63cf2e2eadef566
25a43b43d54978f
6c180d624b62d09
908b82025c6fe20
0ae0b8b3e891f20
87025d3245ebb48
2b460558b235770
1bf6125261282d7
2ad1167463cb888
16533180119e8be
7b8fb1ee458d741
166f53773d959c2
8600f8feeeb5439
67632a5aad9b0c3
6d30e5d2a701629
5cf00c94246ccdc
3ad086c8c764057
6602ce0fb903a00
26a31fad9d835e0
0b884da4dd11ff7
3c33493c76163af
928a1f197047859
8e2f81189d61e0c
2e52ac403adbe71
50e23f6ab7311e7
31b886f0e94b27d
1fae64b020d9332
3a4fc524fd1b1e9
4f37279a4a6590e
692f4e9d90084bc
3170d93a5ee1002
3fb5e22bd7a7e65
431f1d3e1355ba2
3599c15c924ea16
1eed2b9e40663c3
7e3ccef33eff470
4505ed895b9e896
2312f1ac798efad
4bcfd0e01149b0e
30d2d3dc07a8e50
0e36c3eda26580d
17076e49e0d928b
8ce6bc3d4efd677
512bdcbfab933cb
72317ffa1f536ff
5bfeeff41b728ae
7b6b7a6d92810d2
294a84bae490728
6e3fc3df1251978
2fc3ae2a49bce66
03f5dfcb7651a9d
7079c8077f80de9
375cdce4eb81018
6cb14b8213b5105
27361770e5da5af
3786c55556e1b6f
79687f5e57fe7f4
8ed24367621f893
53cf8da073901bf
8f187d2f103fc0e
39bd5dc7f3921f6
0d60bc378f43abf
1608ee9f2ff2c50
3858e25d602948a
685913214f89bdb
85aed60fe19d04f
1c5e2b23bf97db7
39bd2bd4cb975d9
40d5485fcf6f1bc
76a89b64472d78e
13d96b6c1445585
4b50dd7e9d1d369
5bd914e51dea316
1522c30d1d37466
930814f4c5a8e5b
44e0530029ff369
6183a762d7fc626
22e607f7c314b83
9b7045514929744
1d11bc28fa9b62e
77116eb1fb0a4c1
48f1e0372129fb3
946550ba593560d
4ee495aebfe3744
731a33a57ec954d
936c667e564357a
830d288869430e2
492a1bd588382c5
17244b7abb8151f
37330152fa2b3f5
092bc4d0c1dd2d6
87e0f7395ea510b
4f4e2cfc01a748d
1b673fbb4df9cfe
1efc66b4333bece
27b5977c4b2e987
79b9e9c923879c4
1c5dca164f50fe8
128588d23397829
023c0eef3160350
5f990fa7cacc33e
603409b10611d46
2cf5b18856dac1e
914ffb13ca372a6
27ae781e7ffee2b
11549f5dba23d0c
216c0e668b2dd54
0b43643b3bae33e
2bc46501d34e338
4796808fbe609a3
1c06c3a5aedea38
7581a4ab61e9e38
51476424122afbf
8bbc750aecae084
14363197c9c11b1
58f28f993989f97
9794b02192e6c5d
06ed9641c0660e8
11311aae9e26a7f
6a7c38c3a2cb65f
7e5ea88df71bdcb
943ccacefc8a8ce
1b98b22966a9ff3
699f0e7eaf56c31
839f7a2744d1dd9
08b0a846668b824
018e869451394ce
178a08d3d5a2bb2
3b18a0d62ed8ea2
533b6f5e29778dd
141b8435cbe9ac6
3f3af5a2c7b3f6f
40768785a1370a9
13e7ed36998d738
19d9f453c5ee765
2560b9206c957c4
4dc5a072e243e12
7b9aa6b3af80e9a
6ee06533380d908
784f34ba8cb0110
50097c791306b1d
44f2e9e263f003d
25726de45b67588
4074871fb80ee1c
38de7ee8f9c250b
7965467488eec7f
872818b8f2497f7
234b377b7394853
1f604b4293fe21a
3264e7cf7c60d00
74778ea96e43681
5adc22c4200df84
3a5ce2d162f42f5
33814f28a9e2bd5
3c04c012f36892f
2f3cfcee4be8911
6d22cff91fb674d
7e69c07f320167a
880dc9723968c53
5342ae9dd4def4d
71088050cd9cc58
0d49d9c50657f3b
6aa6a1b7290b4c4
47e26353005cc2f
2ee006d2466d509
08ff941897bc938
3d4dd6791ef7ccc
133379d023668de
090e59102cac144
6277592e72ca57d
848e72705fdc0a2
6485ebb3633eb47
51b2e2bb1c4042a
19e7b6ed3ccfe35
060b611b839aea3
4a92f7d36e71127
9986695f58592e2
9789687875bbca1
65b66773cea0ec0
03d7cf096cd7962
16188998c0347e2
069a27051ed124e
26bea22e62a428d
70f8706a46a0e07
02d1c4ca23edf96
734f30ccb8fb2f4
6147c2b456d6c13
25cd49fabc0b154
5431bc4ffd89f83
886a29aa3f885ac
3ad3507e442440a
8b1671f8e09fac8
23b6761cdadf4c9
0f277d5078bc215
78172fad834fdc6
2f458227447711d
2dfea15b23cb379
5f848a1d506f116
048592b36ce81b3
85c8365fb950447
634e8980534c819
6f49658807ba15d
5d8215d719aada2
9966ba484ecc4c0
5d8a33dcd7d3d70
8624dd933abcffb
26615f9c0a7a9c0
13b98f464d6d4ae
1ae2f62c95b76ef
522582a02cfcbdc
6c5e08dbc1a9c47
82c4acd1d609131
1c4a4daeed50a1c
951e9a8ef52ada2
79752d8de611120
214f043be527de3
790eb13ce38deb3
6e85929588ced99
9720adec36a06a4
824e996cdbcb801
1f1b6c3d040a1c8
860e880586bd124
479f4ca73f50cab
64687b08178585d
58cd663c9308dc7
70b55416556e388
2bc48acc34cbccf
16f0eaec3ce7690
917f7a890efe0e5
0cbd1dd75177399
50b35ec0603c037
0a86b22734e3a03
81dfeac4d4cf9b9
2bc72d05770941e
81bf620370225f5
89e62f1b7cbec3b
5ea9da22f31f517
473bad689384154
1f111df533d327f
6da5947a4ffeeda
2c9b16876b4691c
3245a598a160e62
113b97d4a262e52
0a578cfacbba504
629773d63d4ef8b
156212a50906ec3
0baa26a6fae86de
23b9af3c6a85855
9b282533aee385e
3b3d0c2f5824e1b
27017e4b97cb367
648434ed6a3ae9c
9baec098896f7b7
2747708268b814b
437e4b12304870f
2faa27bd5aad701
0d515b31984ee18
5c7cd139cbcf2ac
43087e60328bd38
44aae8135a089f5
6449d9fa5cded25
229ce8257a80fd6
18d74d521829ba3
4a9fcd3e4c87bcb
330327ab86adeeb
802fb67f4387400
8b956fa8a28d091
9607a25d9beec80
4b99c2586c6f921
7c94026f74fc33d
6215054ee14adeb
19e763e67e4eb6a
6864816c943f684
86ff647c9112d7c
28f163de398cc1f
4b2de72eab38178
31b83964767a00f
723fbeae670660d
724b23cc662f422
3edfd8879a604f2
09809ea31d1c6c3
3874f19486e1c8d
2bbaa7ab4c55f68
8a828a93d7c74a1
5cc756a5d258628
7e9c6e84680e364
14abbbef1ea6555
548159217e7da7d
252c420bb81e90d
141139e90356cd3
2367b3999a523b9
9a1c8eaa2904d92
7476ff9c02bac03
68cf164f636c22f
2cddb3c65f1428d
96dccb6e2761767
2d2fa1c9eec9b28
33ced4cb2ad0dbc
4d97d2eccd9509c
2408fc1d324b375
635eafcb18c0ed1
3f49e3ea7cce4d7
1e2f93030259947
40bae59e4b2ec93
4ba81f4d9099219
9381107ba731d44
080a664bf0625a2
5ad47212c2d767d
76190b677f6363f
4dfad6d045bf8d8
63948440991e8c7
7e9f8c0586d2323
2e027ad7f4e34bf
17d1d92a8774e19
94982e7e187baa8
8ce8df8720b79ab
7700017b5c51c72
133584fbed0650d
443cc80eb35801c
1ddb0bf58d9da4b
1762fb51faa654f
597c30d668f787f
5d1cd08367993e5
487b6db3d90736e
827a810a3a7214e
96e73f779dce5ed
9839f128953d4b7
88656b69bcdc718
03891ccff9f1307
0f6a89c08cb130d
891f61b3ffc6516
1e32100ca01fd07
15a243d77cc8544
429b0223f4e6353
29beb4a05a8b6b1
611c81b832693e9
004f20d56a5d5e6
2abb8cfbce7408c
6b178e5e853493e
5db56d1b9205c09
549b4199017392e
579d2fc6097cfe2
1de4ca494579a27
3af85f2636a476b
4cc9cd373ba1338
2192ef922e5842d
4d801689619ad61
52d40cd38f1d237
691bc0a82b1e5a3
72f201ef872efe7
2070580e5b0556c
0d1440ff7ed6e68
78be82518aad458
571ef415d79f67d
147a7c8fac7d615
19bfe495b1614f1
00cf3de8ec9a8de
53295c06eeff5c1
52887960b35a612
5e0dc8334f7c572
58814fe7093bd46
95022a15f92966c
4676459a71e0cd5
8523843bc586079
728930c549f7bac
79830babb83d3d9
7bd37b4151d206a
3c027586d88a8c1
03731934e5d3040
63a7d45023a6679
6d174358cf0d5fd
60d352eef8be162
5d72dffdaf1300c
1563147afc95acc
46e29cf8ee6d519
26f724fbee2dda3
97c0f150de76507
7c7006b379852eb
4501fa8725819bf
6fc586499438121
4c4cde1a368f16e
200f705dd830005
7ea127b0b395cdf
71016b32b9acd42
88573f707f726cd
024b4da0bf35714
4e76a412624a853
02c8143c2a75132
899bf03d07687e3
2be7935985b8fa6
1afebb2aa6f8db5
8e292691ac2c25c
1fdcf569db68dc0
505080d0b8b6db3
8107f93bba6dc6d
6f338a76badf031
0624cfb4bf83021
37a2b02d878a7bd
524f729050252b3
06989d857967fb7
654e3221fddfa90
8e696e1b188ca84
1ef5a807bb33af2
68db50898b58e57
268f2e82fa6f706
2ab6782a58c9a21
0f15b180ef5b1ce
87eeaf4ba58de84
4798314fc2357ce
07b6f36ba063411
45e242e0acaabeb
2b384fe86f38d9d
06aae2f0756e8ee
81db3fa842776a7
2314204a6adc5c6
5fc00b9519ae1a9
3d2cff8f5eded9a
5511fb0daad6628
8b68dad2781f76b
2c288382ca3bca9
9c040a34edc4313
4061f1c517cc333
91ff03ca503eefe
877e792cc4b6ae7
6ecbecbf51afa38
35895be7bb34942
1af31a7ee88bcc0
263e8757680a458
77cec53ae1ee158
560bed9d3ebbb05
63e5205d0ff1f79
88890d5c98af5aa
998eccf17f26e2e
1b387d142a04f40
26c9bf0835ce2bb
33a819e6a540ec4
198694fbc221ea5
6ce8e558d3bb688
7d521d2efb1dd9b
93ce8c22cf1146d
2a130f68fc6f445
9558ccabf61b096
79a1ca057bb4355
44d4212fa7dbcf3
621b13cd0b391f2
286ba76414e9019
1a53b2f14a52808
4b27bae40183ee0
841ce741896fe49
1ff793678b7553d
93a5a917952f435
11226b3d29d3eb7
5b7e1eb5438c04e
47bb38d4fb8dac1
79de8af8a82d7c3
31e2d911429adbc
19b17299cd9ea67
31db3968968ea0e
46cd4f86833c255
03e114170990cd2
30c57135400a096
91caa10598eae95
0b70e324324c30c
5c9507c9cd3da10
6b243c58c64d108
08518613b504158
163a33e802fa1d4
97ea6504412b441
019e8e00ae30a46
5db9ac1ebd36d02
7759e14df38e707
6755f291f1c8247
903693ceb32220e
599dcf203cba61f
68307b3e948f30a
7140f5d20981257
27f40a075d9b96f
311062bf1c7476c
8c8ef0c1ec0fcd4
63c36e4db787219
1c592fd8446e6fd
07fd1ada6acac67
53893718843b20b
68501411cbeade6
950afa2788d44c5
8b68edceea8e30a
5d591c163c4e753
3cadb5cf7b4fa58
7b0fc4a2081a016
5fd9ec40691115c
0fb33cac77b0141
8ecc584d5adc7db
46e25275a5d09db
785a14552c190c5
25db1095c7a9043
47733938d9f261a
71abe49ccf6d1e8
3644f509ca14524
754a30b201b4980
0171a6a7927c4bf
90780e4fda4d729
8060b4be116a6d0
9310425144a44a6
35a08ca7f793525
6a0365dc243d8c0
5153aac4ec04ff0
4c4194f3c044b59
4855c12e9c9c054
04dba80fcdd308e
0d37a53c1b12026
3c5a61b89e0a17c
1d0363633173a31
5031b26a0cc199e
6edfc2f56953cd1
88b606f253edb1a
7f9d4c4c1b02a37
36b6622bb9948ea
417f3396b366f7f
617160aff378545
950e38c4d14a6d5
20ea49be592d724
12e9a584b854c1a
8e0c9f629bf259d
7528315bf958fdd
6eaa6cbd4ce4303
2c606e36700e4f8
86e1765c157e9ba
93d6f484feb5bc4
1c6f8e19c5c803b
5330f8b2a773b6a
14ab683e3f6bc98
21a3d026723fc7b
88a81a665bd82d2
3c81759921de51f
293df176f16402a
1e0a403579d8ec0
04ab63fc31cc019
095673b7d17e028
5e5ee43c3e2b8a8
027b8819fed0a5b
6068b3a31860295
17bbb8c53e2541f
71e79b371cc29af
021ae20d772ccd9
884b9939453bf9b
439c48b21a325e0
4666ec6a741a09f
52cff9b236327fc
6e3dfa30a8e2b0c
20028a8a2c6e18a
961fd98096bb561
2fa99d99874bb10
93c04ffed00d1e8
56f4e48358bbfa5
585232ccdbeb1da
8bd7f197da675ec
06babca3e703c88
0134cbf39a6eeab
5c17e3d6c1a70dc
7579cde8b3105b9
6c0e35d5d8f4dfe
954cba60dd68820
668a5a1d7001257
4a28abed510892d
3a8a4fe4d2ab828
97c71f909a716eb
4b44d3cca2e268a
2db67eade9cd28e
47945b782fc9d9f
984af06bbfb5dce
7a7b78bb3d47e16
372a441e9be1b6b
23e5db1807d004d
0e71241e7e59277
1b68ea41c7c9735
4bf4c1124d219e8
72b36dc94b2edf7
0372bd8c8b63ae9
05fc3e2e5d23488
8500d9adabe05fd
00b52c7959b7706
37e0ba9b0f84ca9
7cb67d8066b1129
3de4f70f3ddc49e
5f9baf8855eb945
5431fcbff617de7
258484ba21ccc08
64148228c045f4c
154d09c1083a298
1072db0dcc402ec
9b2f704f0a0f47f
0a22f68f2e34327
48672ec893e539e
7c3ac69dd03cb4f
450cdf84336cb0f
67fffb25cab99f5
67727750960333a
84ce854ab31cb9f
2f587b5c9c6ed39
2e11524f1461708
4938f32d6c63806
9a917f98038ff17
0f762951a6cf9cb
024ee70b2e08339
95be99bb71f8dff
6b106e2460477b7
1345d949f5c8283
1df510ac2bf56ce
61533fc27080be5
382a7694ca9b35a
472df17f375616e
6bb4b71adeef0b6
7f45b159823a1ab
5b2defa5efbe919
6f9d5245637ba73
944ba55f5d56694
74612ce731a7ec8
1ccb4b5e25c1b8e
8bfbc5faa2f080c
1d4652d5d940d7c
09a0ad2843f9126
0530837efe5de96
40fbc9beb0e1b2f
5099b32313e3792
5b2ab54c68b8d76
02963ecf0323a88
90f09a2e38610c7
02287826422426a
0dac5c1e475c605
016ac50a2617bb1
069fdc9c4670737
7466be86421d175
263734e40922fa5
84852d2824abdae
774525b7027f7b6
824aaef63ec3a2e
57d560016c42efc
553f4dde09c6ec7
68776810b096fe3
61f4b59f0353e3c
723ee13ad514317
87afc93889bc820
4a9b0a8e63d404b
60af4aa2ddae038
8c82bc6e00cc8b4
4d43be57f2a6c64
9097d84d0fbbd26
293688652e579ca
50ae5a834af095b
9b8b2625410d36b
90e726ae6e45760
88b153b821a41b5
5fe6d845182c03d
4f9db9dc9ec96ae
4d4dfafc1305d69
50136d58ce9984b
913d6a282c6a068
3881d9867fb6b13
7cae9950c6192f1
98472353aef724b
1ab22b4e932d226
0cabf121e4d0878
7c9ad6b32816654
37dcdf36a350e06
8847b01566e349f
0319285917bb10b
4f9d6a816875fe0
55920ee049276c8
1b8621df47b9428
2b8efd44109c4dd
9be08e8a855ffc3
9ad757978f83632
72970707f689e3b
4361d1ba4bb9a72
2473698d6865497
8acb5400139a991
238af4fafbadd19
17e8c20d32a7c1a
2f8ff826f926799
88310e039c40cc3
05125e128ef5b4c
3f27268a6bb6945
935d4873d322f74
434ca1ec669faac
41e39d65906298e
9b797ce039e025e
0834efbcc3283cd
9b71244b28f5c7e
406a091506ad337
78eed32560f3617
70bd31dd008d246
42edbacef4053d4
6cefcbdd477fb30
21d29167d4b5a81
2d03787d35fb8fd
31c40b273fc30e3
36db3425c44f236
2bedf4b4ec780f1
48141686e59cc2c
906df2b9d5894a7
47bb718da0bd004
571bedbf95d67f1
6af5b94c1cb9b3c
7fc2c5a9a85a01d
184a887f9bb0951
677d560672c122d
8e59ff4b86f88bf
1c3bba14bdc7bd2
05f8b2e8ea0b7ac
816c4e1757c73de
111a91669e46845
62142fae121780c
913d13727ed93e6
5b5038d192d2409
4f67ecc97e3634a
03223298bd7024d
0ff408a27382f61
5ed42f39b01d896
8667d04fb1ada11
219f68b00d859f4
51481d7e8922948
8a3fd3deca90874
603e0a84986957a
000cf54e25720ae
2733385b1731607
75a4d3090c96057
582924cb0c9e71d
6e1b08c2fcdadcd
301357c389c7ef4
51c7dd049c1f245
7949990f7fba275
9bd43904169df20
25b952e6bd8c268
18d681367612ba2
3672ae56168666c
5e759ee9944cdf7
22acea6dfb7eb71
962e3b56b89600a
6486a627637c941
731510f0f754f9a
64d013340c383d6
92444da78442449
8889bcadb889a6b
2d1deb78c6d6a38
393318018eeee83
540f3c0e2e136f7
6d5265bc46f99c8
378ea843f8e40b7
000660a0653119b
2f683f7d05f198c
8a55ad54584e077
0e067cef748d1dc
5ae56191412d519
82d64a2e17cd8dc
9012aafe8d8518b
51579ab0799826e
3e90c39119ab1b6
2a7c189d39d6af9
296e8ce0598cd12
1ac1cc28c131068
654f91deef835f6
5e981a53a64bd2e
313e0cd9cb234fb
4e0dd05b6dc39a8
1ac53664f531599
852d5bb6870bae5
56dab3d5f8f6e61
75f285b0dcc55d6
6d5fecb0d68bae5
3b83e7d535e6159
57267c1e8377b13
15b1c5f9f92fcfd
9c9832e7030d3a4
5a47abaaabdb331
5f900c90f163180
02af363676b02ef
515ab10dd69b769
0ea9230f753f045
8f38087e39b9983
0a116846ffcc260
223523d9a3df338
5d50a2d8c6e786f
3fed05f66c65966
82263fa1be53df5
5ac5ce63f85532d
89e0ceb3484ecd4
267036afb4363f4
1517300df050910
1f7f1a6d2134cf5
55b8a93ade80a5f
8b3ed47e37618c0
942e4c8c2664334
68e05847ade356f
9c807751532e620
4a36011b5498eca
63eee199575a33e
6555252e04bc3d6
3077375d08b2892
932d523bcb7d3f2
39810a7f1637211
9a9618a9f30699b
8eea94d624edc4e
3ffecac831401c9
24f674c529a6369
4ce384e35daaced
28bd56f244d7d90
968f201affa8234
66b3c24f0bf0cd9
1a6204a9978f0ef
8984ffc405730d9
1aa87ad56d44ee9
8ef43e7cb53aadb
861ab292b62e236
9274e19f2aec2e0
75e6546473cd2a9
1c919df345ca67b
6a6a87f2a5cf1ab
63440cc957ce08e
10c6de11e30c0ba
1946e8268bcdab1
03747a0f44cfe32
97aa9e5bf528d40
46ff2b119b4419c
570ae87a4313ff9
09808eb31b098a4
7b61d159619e537
08eced227739195
374de44e4af610b
3619b486766e4f6
4f77eab1f05ec3d
39fb6ec5fc3b4fb
4bb89afbc8d8de4
7d8b216d07f593e
3d42ea7c8674a33
0ce5e325cacc4b8
4bb6bd3d61a5048
656b0fe7a0ed658
90043e7c1d2da5d
25d9b4bbd3518ca
085be939255ed98
92e8113e06d2e1c
42d34e4063905ef
2f02b3a173fcd4c
2c37019df6f5192
721163c7b4a0dfb
030b835421c23f9
8327620e40eb665
4d13976bb76d440
0447e993c36bd52
679343b1caf786d
42f0b1bbc70ecb5
84f88a68aed5f15
7adaec6f973c09f
4479011d6fa33d7
8f8de74a354be88
315058c75c4f34d
431f3aae2228809
3abeff009cb54db
5c392a53ec8f072
398929d87f47e2c
26b1dab556bba47
38ea7983f527ebd
3677105d01cf86c
09816bdcb46bfa3
16ac4293f12a279
92b829db7f94054
42bb9e27cf0fdb4
47996aa374103dd
5b154f0502f49e2
91c42e79059a40b
8e987ae410b32d7
249bbad59152cc2
421a580a719f055
065c53484f9eb04
0a83e2a9ef11c93
323656c3a834398
89abc2f3ac2abc7
4bfd8c76e5f5b38
29ad3e915174e74
3cb439117bfb394
6f210a5b38227a9
4d940337f1caceb
37bf9e6e5e987f4
6f73e61267330dc
5399af2b409629c
6d0a09a6b009847
96227e0bbea62ff
3c2e15e3f2c986d
444f477af8bc804
7cdaadaa091c3e7
9b38351f895f943
4b6bfef160ad83b
940c357ac1a95aa
1e9c78cd588174a
0628566c0be4247
8858a484bfe762e
8b487079bc82cd1
86b828cfefc7482
3db47857a023e44
5e445590c715eed
2809f6c47b25f84
5010435fa7b2f28
580e8b81df91247
4b63afb85b2de22
5eda0975f46f15b
9c858ea7a3c3b21
0344ff86e5bba8d
49e3df5773658c3
12807fdb7f8ae7e
02f90abe623265b
5faef1458f10d53
7c2dc78180e1b5d
4f5d0ab4f03ff67
448bfb0195c51e4
95bbde08b14a0c1
59b661322ea3a91
573a9d522765277
93c529965c496ab
3231efcfaef5160
84c2004edc6f0b3
1dda51143c818bd
8d6f1bc9401bbd8
3855c3a236465bd
22555129a60d010
81c80d0bf7a5784
855043bd52a6e9d
6f2b600b375676a
46a2acc42ef7452
3775551a217550c
5069f0a96215e62
41f61d3617378da
647fed2ca8e7ff7
8ffb98fb6238467
159d2eb1205d987
501c6f99a738cba
827dace1ba5cff0
1553a2a5469ee6d
61a20ec024440a5
3471f99a6091ecf
8ef2863c0595b15
4ceba040dd07388
8341c8069517243
2e6da29e73e752b
93c343cbb814740
9c0f7864b776176
2c2ad218fd92585
2ac9adf2f92300b
72c68d1270c5ffd
27eae5e70466881
799a1bf5c47ba4f
70171daa826c0b0
24dbdc5425dde7c
2cda0f43d05159b
15f7c2df2a20f0c
1f86a9e3e4015d4
0835b988dcbc8eb
245675899cb94cb
718c234a3d404ca
5eaf8311f63e021
084c9c7dcb03c02
2e3c60d7344682a
660eeb5cf80acad
5fa4f3fdb1bca82
9472f5ca78454a5
8bd618144c8a0ff
46bf3ba6d339fbd
8e2fd4dc79e9116
11c478cb70a7a22
733c319b9f6c46d
475a193eeac5588
491be940cb48c5b
1f63e721c56e344
2c16a315fe427e0
19ffdbaa63d1a7e
460aed3bd53255e
5a28bbb5b2026a8
47df9c95b700d2a
523edf51ba916b4
5867439908297da
002505d53cc27c9
72a1544d896db6a
8e854816d917268
60954e268c707c4
0e6d6b6ee0c03cb
9221b47bb3a1175
8e03e634d740aa3
36abc5da74e5ce2
3ff49b5cf8568ac
297aecc5e6fb3c2
871a67eaa6d710c
4ac19f686039677
4743b42476c5faa
1bf1b84eafd095e
24eb8f2d1fe4efc
5c8c31f766956ec
3870b1b33b7c7c6
7a0d9459c1464e5
37acf6f8b20fa80
6de5f4560f00ab3
3a936ab583bce20
0d29e64d728e9f2
544b5b979e9b840
434f06b2f8af27d
7cdeeb107755cd8
73b28830dd73248
45f77dd0639d97e
4f49a350287d489
9357524b975d121
761e8bfc7cbf082
09b22944230eec5
089752e85e23619
9951e6b62925d81
9157b0ea32efda8
346e68b3730a682
64eee359d6820d4
0d5709edbb9b9a1
93740eaae8998d8
0e61c5deb415443
42c576ffaf18ded
72f8a39c0395c55
8b0917da7c96fb8
5cb30494fc42cdb
48103fd5cf70746
63a3973c80c1d07
4a736bb5503b26b
97d96e68a67ab09
67b46af6671bb3c
49b3be9a9ac0d78
33b4dca48b10085
0d56f8e7a87550a
6ab2e47680a5a7c
856179e6c423140
453d0034e66acb6
0f84680b63fa153
8b57f6697b4e0bc
41cb9bcc417ea3e
791f2378c94af9c
5fa4cd9efd62699
65bf261ec7f64ad
5a4c0aa008ad45d
16cb0ca87de2ebd
01260739f8dcba4
7e7aeb0d2ef512f
73cc3a1ecc92ac7
21af841118b857a
213b6f6e4232812
2e86b8dd61579c4
0cfcd45fe1f3c7d
18e8f27050e5bbf
2a7bbf2a3035879
3ae1affabd599ad
2317cd0dd56b624
7a095b0198ff2b9
869bda3a6fb3cb1
4ee91d1b303f4be
3fc04dc8f8057cf
80c85400ce1ab4b
31890c23f0a9f5f
2be48b4457235df
2aa0c8d017debcd
1e5c657b8f66ef2
04fb37356483afa
0671d660dd6334d
3f78db72e172e98
2725488600d3830
941218b95de08e0
50e444fa9182041
39fa0e32f4fa383
5cd609192b34ad5
1534d0a7c5faf17
2c0daf475860177
83102091d2b05fd
50a091bd6a71c2c
3284af8a0b3d8df
1968cd70fb14380
074a093a4656a70
41f7b519f791adc
192a5a767fd1674
7b40025bd3a287e
53fb75e6dcefb0d
455fb7146aef226
0d87c8b130fcd9b
7095e8e70361da2
15cadddb49dad90
17dbb0d5645ad0d
256cbd9036e3263
1b2c91aa877428d
58e2186fa24b332
215e1f56e8d49ac
202fba228d272b1
628b3ff8174ef3a
8a04085dcefbe9e
56820e5d6284e88
79d5a2fd8024cdc
4713449ceb3e731
471ac8f9fb76a6a
62e2cd2ed2e4842
11cba615637b4e6
1e8f679bef6310e
465b4ac374f88f6
8cb59471eda97f6
8eae68b5e3c32e5
36adacbc31e8e54
297eaca387aca72
71a6ab0bf4ef278
5c13f26d97a1480
436cb3aa632b702
047b4c77c26dd41
4a8f8502cf2a76c
8606e4c0e01e68d
46757ebe653a90d
361e52e2ea6829d
71b54b1038b8834
72528b37ba73249
43b119ee80c7e29
854f399827fc297
0c8b15a3697229b
8d02944e580371d
806eb58241b0eea
3fc7326208f59a8
88a4b273d746534
0e85cbfac8abef9
945e5745e9be827
98e9f14e743bcce
09544cc3ef0bb37
3c3d72f6cba8f06
66b81847cc98ce2
2d88e5e98a363b8
63d95e856e8674d
935b2b6615ccd1a
328857e3778d8ea
455ca491dc94ce7
13c51c16d1d6c4d
5182bb2a5ff90e0
94321595dada18b
61707862e317db8
2c60e2dae22b4af
6e110f721e5109e
9c1850a56253ab4
33e775ca10d6dda
198842922a88939
54f666f614087ae
7fbb515428968e9
52ad581a67ba1f0
5ca283917f92a89
0a01f58b214f5d7
3b8543f848f74f8
9a720f7c31c028d
6c80af6919c6455
7acdba726c4decf
2ea1cacf582beec
0f5a609f0faf99f
921b11eb320a522
5bff00a95321b2b
9881db097cad45f
70666cff463d2d3
7c44026419eaaf0
0b3363846c028b7
6b391705d33e932
5f3a5670fa8baeb
78aca8a9c9ef2d9
368f9a6d7e38923
9740a71c9828137
140ee9a4397185b
1bb1d76dde9cb1b
7520b6a1acad6a2
7ed24665a7fc20a
4c1c9e546b5afa5
751e1408ec8c92a
5c3b47ed15f8d9a
1b115484447652b
908cbb8fbdbbcd9
930ff6fc4fddc32
828b96f75f63b12
4ef0aa7f7040a86
4c5a93a2ee42604
63a08708bbe8836
7dcbd3cd50d2681
56f7f17fe411035
16a8c58392a0949
2184e47351fb7c5
6886dd6904cd599
4ebc71da3f0de38
23807b19509dd17
70bbee71ad3a9bd
7aab2fd27c74bc4
3d74ee4b001a7e5
19e923587128ca5
2de00ab798c7503
24be334696f0e1a
58cff33477ac83e
00c7aa94d2cfd2e
29686a46fc079b0
9692037baf8cb29
4c45a3792cff705
3ad8bbf326920de
9a65fdd0f025626
9351126b5d95887
5ecd74577b7343e
83e538a6f2c3e10
06a37a7032e615b
3f3443343ec7f93
4a32e83ca209dc1
7b9e2d90a5b8d18
764b16e45d00cb3
6cfe001f995d0b7
1cdb6347d6c0759
3857d056492962b
9aad85481a1382f
02982a7cb019e26
88c28bb0eb714fb
372d295cac9c7c7
6837afb816c8456
11ac6c69adc501a
582a0419d0cbac2
00c6e8f5f621b71
334c45ba31f28e6
4a2059874442eb3
827757af59c015f
8d0aeb92ad51fa7
3c46ac4cb2cbdd2
67478ac54f0e5b0
7519c210a1ac3f5
380ded342909cb1
6129cc18efd5774
806a99aa2536b3b
87b7e729d950ec0
21b53d9517155f7
302fc786c6c81d5
1f09ccff9e9508d
162b142979b991f
8edf1955a8c44bc
367089e535cc866
88effb59fc34140
32d2c7590f24b04
261a499ee216b9f
5501559bf5862e9
06e4bc44b952003
00f57b7d11ad1c7
7b56b64320e46d7
78e8d55c75911d7
52ebf40e5a981da
326111cc714d180
871a8ff9030d5b1
09c0656b515496a
78d79e67a222ec8
60d35772e5a60da
008e266eae79a2f
60079533830fe4e
2cb2bf63a8aba7a
33090ec7a0537cc
7c8ba9f7f3196e3
2b7e1373bac7ab2
6a1b6b8a6f42858
57ebac67991b651
5b4d23415511e66
24a4583c48192a1
43b58442ea84d49
3df66293b12a7fe
28d4d018ba46347
6df97fab249af3d
542f1cebe6571d4
7e106fbfdbf0cf3
3a5a77d7a35fa91
0a8babebab4edd3
91328305f722802
2191d8f5d8c1bdf
018dafe05450153
420a197bae7a0ef
6cfcd38083d8aa6
63b156613204c69
481a1984d3a9db1
3717d8621e64ee4
8da63f5261e214d
6f5327db7203488
2f3b8a6399554b2
56790217c800053
180af5d185bb30d
6ee15f8b949e102
16ce913d33392fc
70c96b50aa27fe8
55f62663859d482
4a2a85376f34fa2
937a42b979a3a53
02f50646fdbd1a5
6fec4902aed02d6
8fc1f0f5199057e
79c9f500e7dbc1d
00bd5103ce5440e
1cbde77080ed4a1
353363896125653
2b2b7fcace5410a
76ff5dc3b0e6ce1
0d43486b165f422
2679c1a6ce4ed1b
815d1f645e2b0e8
9a86e830b304aa3
42598402edebe61
8f22b13f148e2bc
9631ff22e8ab881
71222a314145b70
16cb5aa290d1696
917aa11cf828836
0b7dc2b45e32af3
81be9baa80d197d
0fc2d9d296d5a9f
51638dd161923c3
31184b9b231c153
869e24f56eb5e8a
7d27233825a7626
36be5c46ec847da
7b9d0da1d670cd2
53f5205cdc964dc
2931f25d0ceaf92
40c31fc494930f8
8c32ed941785fd7
7858fa438be19c9
1f0e94aed2a3692
5b5ac1832cfe10c
1f987c505d5340a
723944fdd6f8eb8
6db61fec215de16
4facd8de9c570e4
2fe7e834c073547
58df242baa721de
879adc8e62d1c8d
0a7e014fed75e8f
423466d403cf36b
4213605cbf1921a
624cf47f1a7f077
69e7d5f88cef5cc
02e45ffe898018f
0a1d95571f0caa4
0653ef18fcfe32f
606210630bb1baa
1246615501a963a
3a23fd58e1fabec
4a389283b56cc52
2902092b6df344e
8ed379dce4b696d
07451500028337e
246bf9755842e59
8c519e681f27d83
8a6059358506f57
5527a83f1058a6e
26888ae4ceff160
650248eef40b156
5ed0db577fba694
1a913bad9da1cf7
561bd7315248dd9
4898d8174eb6127
4f69a7522e1a355
13db639f0cdc82a
142a6a93b48c60e
8b8f5b0e88a529e
892c029ab639f65
2546f2764991a68
6ebd6b76eae7468
64d726fdf4cf69d
89bd1b46ce4e8bf
1e08162078e8462
70807d03a74f8e7
23344a85c6affb4
5aa34cd23f1c1e2
486c77054236739
7ee205e3211595b
63630ac1d848849
02a81626e567369
4f683dd31a128db
6a6c193c9ec1adb
194523fc6e1ba54
60c27e42f0076c9
9af70c9ff1b8047
05b7852a6991b73
0c6c0a7123548ef
08385f25bb77d22
1e8f63f9700b30c
85f22a0849a1004
3646a1fe8111a3b
27fb4d986761f37
1bd40cf90a1ae72
06ba9f85e709f1c
34565d957efd9ef
446cf8f0fcd1e6d
51cdf018eb08cec
0a12151e87f2471
7fa97756091d42a
91546abc06429f1
4b05002b2d7626c
85b1e1ecc4b449b
7c8f9ec7e03358f
5c8ae4557b3eada
1fb7cc02d27d869
372d2c09918c26c
68110fa541fb115
7e6b3926975a52a
3c21b5379643104
4a0c93bbbaf3cca
84c2a57905fd3a0
8eb7b1734d89909
623d7b67a73d735
985b87f9d5859df
0bf45f4374d27b7
43bcd61ca3dab60
600a4ad170d18b9
34e278357bfd7b2
2170fb81a958ef6
18d23f502119d5b
382554dea8bfc3a
52d1ff759f982bc
29060086b980ed9
13f4636b9393e62
478ac1cb7416980
3923c8bb861a842
68574d134af85ac
1648754c274ab7d
6f8a19b87b19347
5b40ccf89be1f7d
09020345455aaf0
5f6275d17b33d26
2812523bf277268
34bfdad50e01455
9914dd53dfcc346
89f523efde5515f
2182ff1ed33e269
3c89a0328bc5a9f
0b394682e76620f
26594c03a34facd
96d4419cc6132d5
45d6ba776b91b13
3b97b88d82b7e91
32b50d35fcad62b
1030fa0e4917139
4ffc1da69f51696
58f469e34c7611b
53e96991a59bfb8
63de3081bc18e7a
1ae1e20f5921834
8f94f3ed77fc806
3de1cdc81fb47a6
545c58d27a78928
745acdb7208ee79
7c49be37e186fdb
8be5a5716eb1ad4
709140a94240b28
0e39a0924ca4ff4
805464b9651428f
8424496d4de2364
3c4feb75ca488e6
337ad5f905bcaf7
43be0301ca06c0e
0d89830bd902886
843896b934e8128
11067f6510ef3d0
58ae46388cc72c4
210b5bd7275f539
037bc59ec1a46f4
26915420bf127d7
7f50a4118e29afc
5e86317801e8d8d
20bec8287125445
89d6a56e4f6e3b3
64727a577dad105
5613076366752ac
2ca598f2feaeffd
277ec0dc4fe1b13
62281fb5b8e283b
1565f06247df5ae
8eea8e5d798dfbb
503a56a4d2eff82
9b3daecf49669fc
204980418a125d3
12a24d1272633cc
546eba917cac773
987b693ee507a10
7b056bd6d8ea199
33f4a6c2f504fbb
95e82916faf6283
75921115df387d5
1d3eabf3ae4e1d6
24aa82b97c75526
1f4de293008dbef
7ded237bdba121b
561355ce1d2e9b9
59ec3d70053546b
2699e09e1cd6bae
18854b0650ba866
2416e82c5504c62
3536f52432024cc
90edaf760fb7b41
1d804ac2443b1c5
1a21509bcc22adf
82f819898572720
43405aec3167424
8dbcbd845c9b7d3
1b968d66e87265b
17f404c26c6f3db
637993e1f0ac10d
578091adad44459
67795292d326eeb
32984430b8de66e
83c45987627440d
3275e88c012e0f5
7d741d036402d42
04fe177deb6d1c1
076e0b312bc61de
3a609baf8ea1c5a
3a88ea99b17c25a
6cb34b60a917cd5
52b4ae7ee92a725
64f0e4852dc88b7
7b9d6e4becb5c8d
15fe243f5bb89c4
010f5ce2a4d6ac1
5e48f3697f2317d
23af3aacc1a9136
51112b616761f72
29e0d90afe4c238
67cee2128f4ca36
9311df05f094dcc
3b24d717c4fff51
186de387cdcba4f
775dfbe3d90704e
300982bc359bc1b
7d43b5f8fcc9d29
254a734900d7069
5e3ad4ff2575191
137ef2fa6010619
76ca043e33fff1e
103b29fb573b9c5
40a12cde7aa890a
6047902940796eb
49ab62c36f9c4d7
1112984cbd7b3fe
7ccf3df6ebe37d1
120ba6b73950a5c
4e666364565e20e
337715c23df0cd6
6cf09a0bac0c8b4
8da027c539fb946
3894ee0932de876
631ee2918e914ae
9346813ef61b00e
5fe6ed81b1b0863
6049fd7783802e1
3c37f48b1aba966
7accb2fe54a2a28
0a72e81ae62bc69
59b66a1ad9071d2
546d9645453c099
5376ed187c18f30
49a8c869eae33b8
95780f7c2b5e9e9
78d7767cc7b6e41
01286899b78a98b
1133bdc1ede7951
315050a1544c700
37cebcc57489925
9b4619a0ef96da2
7c88e76a1eb1e7a
30dcbe97ea81b54
864fcaae3059dc8
7cff240d80cb08a
3695a48fd6a5d7c
006e0053de87b85
18af2848ecac175
22cef577602fd8d
6a37deff72713c3
5c74eec6117f110
51d9c47ee017462
8c4fc2503d9c35a
1a557d9dc2c86f6
7727bbc74625fff
8b585a4fb374a33
3a1632ec931fc2a
411c7381bb60789
250ca28e01b6354
96f568f26cb7a2e
72ecf8cac6b0164
861298b8d4fd751
750cd2cae9c7066
94428cc9e0e8c34
5f192b85d79b1ba
03289e9b22f8caa
54f90c9897a3fe8
73def16fb8373f9
29d3c7109f63420
351542953b65412
5c89e551e36d6a1
1bb7652c7902350
185b16ccccb8a3b
08ba0904226465b
27dfaa09ba8e75f
31386ec78d96aef
8b7d4be0388224c
267ebdc9b61c797
72240f94d76f14d
9082ac3376dbe33
06ddd10d9dec845
70d2eb3a19d0f94
6e176515566ad84
56a810358ce7bdd
59f9801327ec68c
85630f06394a03a
675398564a3288c
79b2166cde52508
768095067d220dd
1524a8de95eb75e
5a115a5a6a743de
5ec49274ea1e780
839d926e0a12a55
5d31eccde607697
2b1304cefb2b28f
7278a2eb71a22f6
8841f1b08750bf0
2f5a9e8b75a39db
8f12d7c72a17bcf
39a0ff506dbeb58
87ef5e4aa4e13c2
5a00733825ab1b9
176d1e297ef9c90
08996ce3263118a
3f32ed48341f67f
418f946e47a5f75
3920b083995a761
00b674a9c7da219
1bde581971af598
6f69f7d98ee880e
1cf06e2f0b85928
421bb01efb9436b
0d38a031ef97e21
50c3f6433246467
66c3c1b5fc007c4
089ff514a64bf3a
252172f8431ca4b
2735ac5062ef63a
01244e862dff0b6
8afe521f86a9ae9
24fe1e0c3b75c06
2f8f254808b1fae
349fb582029c8e4
546241af5f03944
950b10640d1ff6d
5d1f4e4c58a8873
2dc6904502fc27c
0bb7dac5e9568fb
9263612614b6373
637d3fe28d2af99
533a7fec800386d
7ea63475c873b59
20837126c5eca23
951ce30a18f35bd
18bb39f0a5d9254
74cd34e838416ba
9c6c05bc1566d77
6c2ccda33bc31df
7b8a4840de1789e
01ed941d6f1c87f
3e143f604389239
669c489db2c7118
2a0b695c30405bf
1b1604a17b41436
447f49a22e0ee2a
5fb54f48ca99562
2d481d50150372b
19ad9592f0bc678
1b5c67604c1497e
27cd80e74a645d7
7b126b9bce0bcb1
275ef997ae34e06
8f51f2d7657dbf3
1df2b49534fce8b
28b9534eabf6e7d
502799a22f534b1
5cf665aea5d8c42
99de618fec434ab
3f2bee47f958d01
4cc38617df8112c
0735d636432bd15
5164c4a4962e9c2
15435f3c721ba8f
93017d632f8a673
355b60d1a1403d2
929ed4504f69b42
6eeca351e9c8e20
97b36dcb029618d
068f7ded778848e
1bf255f05567e71
1d730c478a63357
622a996357854fc
92a953c36420938
853c4db0b41767e
84e03a980025a27
72116f90d712220
2fe33ebc61a0e12
3e56ec4d7bb5a74
850accccffb74a5
583098f993874f9
3300f1cebb0e5e3
80429fb1932d557
141815e9fcaa609
110ee469076a477
8f6f332de50f2a3
7dc48dd55e8384b
80df1402acaa9d5
37bda6352492190
632b708516a74ee
3aa80852669a603
6f12cedc12965b6
5107a85f4447610
9675253f28eb56e
86a6d344f82df96
3c75db31d57edfa
1363ed3922c3cb2
7a9d9f7195e52af
407cf38c924411d
62b9d45648dcae2
0164b9a5ee69fa9
2a02c79322aa1fd
776812da4dd0533
1e26e90373ffbd9
9c3fe39f062875e
573baa7de8ef425
75d0ec733b513d9
1911945242d9b8a
5a29d121b898359
3ba510f932bef56
1177e10e3521666
61753fdc37b2a4b
3527062fcd8d030
6e973efbabc3a1a
0d73c98eacea712
722ed80eadc4671
8ec115d5902632c
614a102702e079b
32b6fe61adda1bf
4ab0f39520e829e
225228fb3831ae4
90101abd6034830
2188a1f19a06245
0f90cfe119c89c2
7d3db83294d7e39
57ee45b4cad2a40
41a498dcd77f5cd
6f44db598aef636
8d4533c1bbde196
7dc2d0e06894bd0
2b309f3d88cffe7
09b3f3b8a631d9d
444182fcbd332b6
87b6c602194f14d
4e475b5bcd88c3c
6aa6021021fee08
1dec3768c892d0e
303b8827f38ec1c
84c4a77d0680e68
4e2d6982d6ed91b
9bdd711bb11011f
40f9f5f336a8da8
319784d42a3706e
5b39a990e175a08
77f3409f4e502d2
6d6e728d9aeb134
9bb115256f41169
6f677ba4af248c1
5488ed6ff8ad959
4cb4aa0d6c89fba
64cf3a2e25825d4
8a08fa36cbea177
676ac838a6cdf97
2b1b3f26d651277
57627a70e242e29
0083ca33a166db9
9179b397da459d7
460f4eb65aa4275
5d69dcdabb17677
2fb643ba6eb6339
811d96eb0fd2f7a
3c2ca64a5b5d970
8048b351d3125de
6fb8bf19c1669f2
7e128065b6623fc
555c3d883df7ff9
87d955cc1cadd79
341ea96bec2b241
4d8367ecec0c867
5b87b5821bdfc1e
2ca72c2528170d4
2c4c7aacb39b2ef
2c9d5d15f6c7231
641dc3d3bf03ef1
26e4c567ef122fa
71df75867de2a7b
512d9cff3b19b07
2358e3abe0d1d97
901a1ee218da513
81662771b7a4419
01889fca8c139a7
6dd24454a211637
611bdd3587118e0
5d38681b6531d3c
78f35889e27dc88
8d4e1c6121d0f35
845ac1ab127aff4
718aceb48571d7a
352dedb44eb9305
4a154e3c31a6b70
65e14d9bab632bc
86a5a9afef903fd
88f3f659e631b23
22425c61d7429c8
6c920dce34a110b
45e8566b0006d37
1174347f6ad003c
6b2f61a604a164b
3ac4ea3bc13422b
633664f3e24a970
2595e4343a56629
0f5f67aa9eb194d
009c4d4fd2234f8
7ccdbd1ad7263f4
9ac612d8cc20afa
1b4c4391a9063ca
9309a53f238ccba
53c69ef360ca00e
369b9f7ee47969f
1fe3da02fdf1843
3994d3ac5145100
98270c4905936db
946150aa51b07c8
6e2d221d4e467a7
05798caacea63b3
53bb2e61566fd7f
139f2ae26cd498c
2868c0c613ae6b5
62e02e52090201b
4b77cbdfa4c044e
5753a5184a1f719
028f1f0c0bcf357
831ee86c7022958
8dae9911d4a4a85
09af18d929a9320
50eef83a48e6c1a
39199360e7ef74a
392e962619229e5
66194d58b8e940d
3f9afb1b65c9489
36b1adea0fc463c
8b0f98b2f55b236
68a740fc854736d
890f92fa25879c7
5c417cd6e3cc9b0
0b13c5b9ce94996
661d306ed62502d
332751fbc8a1d4d
626fc9ef7d9a108
16eeeb9389bd81d
17357dc454984e5
40f52b3f19d6191
1dee483c6e736e7
8630c8ea1f46f53
370b364bdbd0cbb
8ebf8cfae1f49c9
28e4a1e227d2656
950a9989ffe55a0
3b0ab3d97551080
5157a4c8766aa55
6d05ca82a42ccf7
254fa99dfab531d
0c3ad81e91adf52
94b5dd721af2ed6
95a5ee7255bfbc2
3fa47dd6939dd76
28f77dee0a99668
71c2d7081903b0d
6e88d74ab242345
1051bdd26a4ee24
6ed25c96bb99b4b
86782229458b8de
6f8b7f1baeccd57
4fcdfc89475af91
7ea3dc72289c2af
52c1ebbd99ad55b
6a8c53fac0734f4
296d35f64a717e9
44d0cb4aaf969f0
3a16fab48b62db9
0a4a691a86e0550
3329536b3fbfdba
12ce46ef439f3ce
74844e9eeae03d0
0b233c99d02ced2
4080731ef0a4ad2
77ea6274773f340
1139c06cdae6648
1f6be1a46a99553
0207ac466251b1c
1c6146d95e0b974
258da42a28a1c94
85fa2118f037e1f
604acd0081b60bb
8cc2222c7169249
5a2cbde3f9de2bc
3b4721a54afe611
0676ea1d183223b
390db040c69c886
122a4d8496cd8fc
1116a8869b803d0
6a04218a68e67b2
4c3238d0b5ae3cb
2d652339b8b62eb
25441c3c1cf1512
6b73ddcfdd2614d
503e4cefa179651
3092802bbe06437
083236ba92b4ac1
90cf079c8873e50
3ec9fbbce9fcbd4
2954ff0a3841a31
467b8c84c57ebf1
7e8ebb66ac32b6e
4a1463cc60e7670
34a89f7251a541f
703dad3648ecb3b
26ada16fb09cf52
2d2e371b1499b01
9a318c5e797d349
0c42ecb9f7c580c
4e6bd9b772f89c4
31d1c3b2a6c604b
77fb46274dc2286
0a2219aaeb3ae62
6a4ecd074733123
56d2ad36e1acdb5
82e2b5684b8fb11
76d491491e5c032
70ce1c97c3e6aa8
634b3dacb6af3e7
5a5848627acda51
13d504743176ed1
61ee48f5a652fa3
993398cd0ef9b3e
76a6f27df706bc5
291c304336a85e2
7b143b23d51d2af
917559cd9bf5a37
0a53914d366fa96
14d500eb3c0389e
378f6b0d573003c
5593edd929db33e
83360f7dafd7328
7506579f8747b6a
8fd41e950ad6fca
7db8d3be16094cc
2968330009529c6
68dbe46e8099331
4b32e2a5350ddc3
3ee2a6b6e96f100
30fed02f30d2e87
39c55c6b18541d4
45548a0f7f425f9
4f36f6fb8551dfb
4eca4fc1063a53d
6b092761954fffe
50dfdcff62397e9
709580b233ddbfa
23126570ca1b6c2
2466366ef04c0e2
3d92fe6d4fb71d6
87b4f0f85ec592c
2730c7e54b6f064
395e4e8fb41108a
0b1508c7207376f
3411b82a2adebf8
2ee09e07ba9819a
50e940c1ec8f33a
627eef4d13fc341
993ea1660788d2c
08db643864805b6
95f972fc8100288
705552d863ef09a
26b3ef0b97f06d7
85bb16a56eddd1e
0a24ac9fee4a438
8d06a7765cfe9e3
342ffd1a7072281
91bb15dac1d79c5
032a556accfc9c9
88a9122ee768fdb
59d6885c7765f70
864647e173197a3
852fc4b53ab37da
546a9a48dd74587
16f4834b90a37b7
2a6a70069c0b070
04f21422c7b51f7
5ac7d8cea337ca8
5e2a337cdc98cb5
24a459fe929b367
1e66b1f330ba1a9
679377cfdc2c631
57760d4fc6206ee
06c6386f043b849
4943faef6d8219f
34aa12441a39d82
2bd33569c94fc11
1d26c05853a4af0
8c598a4d3c5a0d7
14a98df248dae05
62146badce1378b
1e5b5098b21b670
26120075368195e
5102383bfbad7c9
05f4dfb91eb9316
6cfa29cb9fc18c4
37712369171522f
4d52aab1a550aa5
4b88fe1ecacd517
22f150352d59baa
4c934676df413a3
5e3828d1a61239c
3dabf8eacd29c92
44b509a67559518
1b3e3e5097f7090
25e469037844093
228dd06154a953c
5ddc0d983237d39
23a46d23fbc6ef2
77ad1370ee2d49a
8ac5a038890e0d4
815f8eed4fa9f70
429d8657cf45491
175766c8b0aca0b
74dec9ae958f1c3
72be1746f5108d9
944fc2994a0aae7
4074fdfa0551e53
1b33777bfc3470a
2f61562a23df3ff
368930d657aa1bd
61de4c58315feb6
732c26952acc64a
3593d52dee29af4
2de151495005a8f
6c0bfc34fc21f50
0ac0c7bd74b1a67
7ae0a7ded6d39ca
1d78792f15bdbb8
74a4002ede8394f
2103b82c02a6376
218308a45c5f5e2
5f697a7b5a0e11e
438591753017a0a
453f53d13176061
20fee81ba946220
85e3736eb73cb3a
311f153c9bdfca3
2536b837c98de45
67af209b45f6a0d
1a8081c898dd4da
31e3f9851e919b6
747479bd3a2f88e
8c241e8f5725b18
5fd78e594011843
287cbf22da3b670
4acfad81240257c
50c0ac98807c60a
4d6609d29589e0a
2042097744ca9c3
2e75ac72fe3c060
903bd5437573a83
87ec3cb7a2dbe9f
39f924b2499653e
7a7d8eb222f79df
1379e1ec42ab8a0
6e74a5db488c26c
56560d7414e3098
7931957b2e10768
06b7e0297389c0f
658c5da9615d5c5
93ae6a86fb19303
669b1d889784571
46a50122884cf9f
97d263f2ef17c97
5fc9a083d15b65a
25abbff67a0514b
323e7b7a4459549
90123c816edf715
04d24ee5f3ad1ee
4e0cf3f3de07cc2
6d81ce3005495f7
078e8a5b37a3993
5b56e20940cb592
42623af3adfb8ef
4507f0f9351aa4a
04b741fb0a48c21
41ce921772941d1
2e9171aee8449d3
961dd985256c367
3c1c374f74fbc59
53bbfe2f01c606e
1121992bde414d9
2cf9c67dff50f28
58e02f94c1e6c5c
724610269c9fffe
964861a5a90d60c
3ce3d32d92cf36e
553b7f66da83022
4c961df274ecc9c
70affb376853e61
20e2fff0452a4ed
22dc6932d5ea497
97c596ef41b662a
66b36289036f1bb
386b5d7d7923502
13dee420c0546a6
2a571e393554c31
6663867e5b77fda
6ba0e8186ae784f
3cd6f57a294cbc7
841222e83dbbadc
712f44b2fdd238e
13e0245490d2076
250e234012e8032
94bdfac6d36c947
26e126094c4f709
8d757ecaa8d3911
7f3f9c1f1852970
656a121d2ddd527
28230d2b65a2e70
2fef8b18f13b6cf
8a12f3273bfcf71
4ebba465970519d
07a2fd130454062
2a64095926e0149
5e1ccc681f2c848
74fe9e54be334f9
5bb347f8de3b1a8
07d70f2c1bdddc8
4354479f593c227
22d9f851ed488ba
1b0528218d84c04
5234d0c49dc0cc1
5e8125baeec1397
633d8dcc0e1ef5b
63fdec55f50898c
2685e295e263477
420ef85fec7e13f
59dd1ee625a80d2
23be1e619408f30
8ec691791b990bb
0f167b9c5bbb512
755db12490b9fec
929a9093e693abe
6e31146f550ecce
82a9cc330151f57
5cf8cdb16491d44
2015cc72af1214e
0a9d4448f51cca3
5553113e447997f
2981ff9c6013641
7093b246f63292c
2e72ed482a48798
402539b8e86ae85
1360aeb67295eea
2393b2e14c05626
657088924d6dc4e
224425ec06156f9
0245274d610f13d
5c20d3e270ba65c
11204cf173b2457
16fe4a60bb20c4f
808717f9ccac1cb
34d3718cbe6b386
811ce717f583f6e
39864da07b61cbe
3991ebf8a1860fc
84824fac214bed1
7fc8dbc5aad0f90
341bfbcf0d68361
33ed2623a674f31
5cb6032c24e4ddb
5f7676675c9ce05
911c795d7ecd11f
6263b89b2218dd0
78d88c19e4a23bb
18baf698c3a1c52
59069095a9947d5
5cdbb61f10740d4
8e19b1f06214dd0
65cc8935deded2c
0fda8e2bd03de7a
2a486a480ea3cd2
764b498a0c8cbd2
5ebaa0b98fce0cc
0f33187e403d062
6f50d95beaca261
81a2771ee5ead2d
654d4950c0109ac
09169297667f432
5c593acd2ecc39e
1ee6f0ff8f87b3a
3ce0a4ec5064c01
66f8c16999307fc
53b254790e83242
35cbfecebd15553
65b36ca1e07aa1a
2c083eaa094965d
1cba21914becd4e
40e77bbe612fa52
904fecd254e8b8f
63a5207cdedf191
7449e2960f7984f
47f841d43c4947d
0b1ba12de344e37
348b0e36d4776fb
590e3bf05a299c9
52e712ac1a215aa
5086011acb864ec
49980a64ec35282
51c5629be1b1ac1
74b4c5e975bf4fb
90517612f8db8e7
3d42ca664c8bb85
579677e5df67134
2cbdb3ac75e90c0
0415309535c23d0
3ccf1f374777570
411a74ce258382a
03cb3b78a610520
0bf3a54cba8948c
081c2ea0c6543d0
70f52cc70b47c7e
136189e5975bb67
3d8786df34fb9c1
00353de2b008f6a
004e1b684c1562c
2dc6912e8beaa7f
40a10fc21f59a22
80e28d886639524
15fc9f43b1edf28
14ed2b2fc886daf
35d5cdffa4f53d0
6753bd6221a3674
00e4df38c1bfde1
5fd460ec16fe115
77d34d868633265
30350cd263a2500
4a05b9d3dffb85a
0afb04d45c06777
6f77131656e4549
468e1f8f371c8cb
6fbba8a586c2828
1c8dd83d90769d5
3d3abc87872b9e6
1fd46b271ec25d6
83dfeee0b0267a1
6a8e6d400984dd3
2b5e0323cefc09b
7bca418be80636a
2894ba4ad83eaa9
1b4fbce5457f005
043d32d5572f13c
071bfe582dff12c
92637828f4ac44a
0da1c1014b1a5d8
4f21d09e37c72bd
66d7a5dd8044a8b
2b5a8c6c09a3e70
8ecde3f1b77cdcc
68835c7962c1991
220f6363cbdb03f
6a6023c052943b3
005d019e1ab473d
30f5abdb7e377a5
532c0f9f2197a39
5e2fe0793ffa475
92bfe51b2130ac4
8a6ad593fcdd869
894910081d88124
72c5a260065f2f5
8711955825a2b63
506216f7a2274f6
8959bf788bef5fb
50d51e9fa258c5d
73989d17cbdf0b7
7a019867377a529
86b76ae990395d6
71c34b1eabe1955
9440ab7f746f4b3
09a973c5abb491a
737e3ce3ad16a67
3ee1714e82bcae0
1fd4e64ffbf4113
5659fefc403a8bd
31a96261b1a9d66
648a18acab9e421
85a632a86dc006a
1ae64b499423419
0332a53a7685215
34599afb86c8a0b
5aa7f607c1a8676
6a7269f42048372
46649810fbf06d7
254d0e9dbf37215
42b7c64bfccc6a0
3b18cd8e1be8610
61732285034e522
7889f8a2c7ce917
2798076a7c995e0
10cbab8cfa5f67b
47baf3d2176ba88
74722b7bada1581
2102b13896f8a92
6a5e2ee6862f074
7c0d53645c9c4f8
16e9827b9157756
48ff969cdb46083
2720870a7d53276
55c8ba8bfe0de24
936db2de3a3fc8f
6c852d12222529a
002a77512d59fe0
4084bd3656ef78e
80bc96cefdbd5ff
8f44d6c93f4d87e
420ef245b663379
50f5e5a69df0ba1
250b68b0e8ac448
0723c58ca8aa9e2
91e9eed5be814cc
4f9db452c9ac05d
7fd9f14ab41735e
072fabfa861069c
020240ee9304c3b
898e37aa23325ea
269483c88b1f713
8dac6309e966f4e
7eafb7efd6855fa
62ffb1fd1b8e3b4
2fcd2a8fa5a7c63
957ce2d1c47b637
3af5100ef4f2a61
460ef18a26ab640
11e60d15d9c535e
1d07f2d4c51f816
5f7e830ee8894cd
54f596d1a543174
97d2078a9c2d887
8c7f602a6da1827
0879a4499d9aaf2
636eead94c018b9
8956523288c10dc
6aa9208e71773e9
6c28cf70116a2af
1d1cd3b402a6609
13376cf05b3e4fb
4133ebf5d680b60
60f779d64a8d9c4
703c552133b7ddd
21454e7378a4efd
09540f224603160
2d53d9114fb38d9
8071e2a9a9dc936
27266c5a80c264a
26ac794b9ffbf9c
755625535211861
142e35dc8420681
96cfc6fe269ea15
870d1bc31f3a34c
5e19b980b6818c6
432fcddbc2da31d
156d57a64ad9908
33ac45a4ed2c1c2
4cc9e7db89ea54a
93d75a767748ef7
7c719b17dc1eaaf
82b93fd970244bf
6ead24766a3efcd
87af89be09a7006
54c7133953c7625
10e4d7f12654fc5
31b349ea1099f3b
5c442c662ca5de8
9185731bf26e3a2
6551f5122bac8aa
07cfc54e546d78e
88c40a0e03b42a4
409641432d7ba6b
20864eafcb54cb3
22e4d75d90fb335
6438b1262a564e7
1b23040cbd8a5be
4382d25a6dd9d05
47243ad1f932513
548cfc9c590598b
4ac88b81cb7acdb
6de8e4297c9d1c0
9b785cfa2aff636
6bac81da419dc70
65e490ce83d72e8
83c5a537340fd7c
62a236291184466
015df5173e62b69
02482303810032c
24a231ff803c6cb
03060c104aab6e0
5b4ba6980ac4842
4ed8ce8cb5ca285
60246f0b6b99c9b
1dd97df0a319e6e
4ac9b8ba7b198c3
3eff3a704e80c3e
769c8a0befd3086
3d828916ebe9dda
6d52d0af853b30a
893872dae5185b1
2af9c197a080f2e
437bbd0546064f6
6921e7ade21db00
7061770d6e988aa
4d1f0e0ccbd054b
49dafde7aa4ff3d
2335005e0739148
6adfef71f9d49a2
3c8d4ace26595f9
269106875daac06
6d2f96d0faea17b
5a75c4ede9cf52f
9bef40e2654feb5
3302d3945600cee
61c35954cd58ab3
14cf64085347e7d
1b37e519d415b60
3414fae25333cad
481012ea12ce8b6
88e47d181a2a501
479785ec0d62e48
9b4e50b0ea2d7b9
6d3f9354cb4c045
893b7909a0b27dd
4c4c83d7b7ec788
1ba1464ccc5d093
9900e9097c3ed01
9283efb551c4209
493bb6c3e86c6ea
96800869e9e1028
46509ff44569823
8dda0ee0850d01e
4f69bb4d3f36906
16830f500deb906
935cbfdee7231da
862026eb6b01c35
26c08aa55ee6d7d
8d558333656c366
59be634737a2b0f
8b7dcbf5d99290a
0091726a3f6ffde
4d3c3562ed20e50
09afd4025614478
53033f7e5fe7812
23d7d2c0c949f41
8d595dd9051469d
45cbb7a6694020d
056788becbe33e9
9aa6c0ebc5b60a1
60c151b8a82d5cd
848f3b96580646d
8e15bcf6478c908
0b45046d628a8af
7b38ac78952a42f
9a029d1f0054842
5ba346192305d5d
0ccfcc7eca78acb
03e953a844f718c
5de0fafdb96b0fc
6f7d50d01688674
99aa60e504ee999
408b9cb84cd75ed
065cd798ab4e8df
5c9409993ec4a59
0f0d2aad335f30e
4636fb5ee12a2ba
79c1a56f0f00be5
741b4b08d9fa3fe
4ffd0a439013532
586a94d9592d1aa
8a8f49aecc8c594
39b25a0c552fe06
23fafa7ab42139c
313bcd875dc8c97
380c655638d22c6
786fa69421fcd7b
72870030a01345d
0c06ca5f1ba115d
2052bdc110fb164
69ace2ac9dd3a90
3e70a1478b48454
7bf78bc4d4926ba
1372ef93563fa01
9b8fd22addcd3f2
2d659dc218ba065
6239e03e3f113e8
2531cc72725d663
4f8e92b6cfc6f50
41744611ec6ac97
1fa46b7a2ac4bf5
58c5f7e9322c582
3bff74278a6d1c5
05e4464276cfd04
1e5334bdb34f81a
8fb8f50aa7ea9c7
4c279f8ac648a15
48abb1fcc33ec6f
34f50a1a183491a
835446c9b82c50b
4a46133df4bfaab
5ca44cc6c98f346
05df4caf4ba1ecd
1f8a81762b52f47
0dd5616fa0d5683
7cd860783f66342
8b78e84355c4f3b
0233215a2052c34
12eeb0febe5f6ab
850da948b16b78e
7d446a9a7384700
706a87f5e6aa0b4
3ec615411d88b1e
178a12dba0075fb
22d7ae875239f2a
938db412bb53792
2449ad866112eab
17376df8fcb20a3
5c624cd490ecf79
725bcb85b1b4121
0ab357beba79641
53627ccc3d7656b
945449ea83849b5
7f54f431c040c01
79aef38a698aab7
9aaabd4275e1b30
76e03feca14c694
7ce878249997ec7
5439cab8922fc03
5894bae0e6241ef
04a084828e04f64
6970e4207471c4d
41e0976b1f18a82
94ea9d12dc63d6b
8c0f5a024ddc93d
6e77b5d27ce6021
31b106f69cba589
162169a6084610c
2f57f69d3ac25a3
2fcded7ee0005a9
98180e76d47b3e3
09b68c0e4e5a3e1
1faece182b09db0
0839c2a8dfb71c9
42b868084989334
3b45eb0bf21c501
41b9e54afd3c068
79b5b39a915e202
11f8a9a0fbd3282
856d807451efd43
0526b9e20b52c34
0e0fafc97cc9681
194de867ab8887e
13641ca67f59d1b
2672d27d043c2e5
375ca3a58b40f71
2126afc3c130df8
7e1db5e4ce0c332
0ed8952f3049c8d
37c64898ce0726b
0f8923981bb63ec
60c0e6f3c42a8bb
0b0600be81e44e3
0fe54027d6a2b1f
48197a466e871fc
3e8c087f7588484
64d7181532f56bb
01601d194c7d8f0
7154d79606465f6
13e7496996da9a8
34acb7e4ff4ed9e
620228bc7d19658
2fdfde726f82130
495fb004d04540c
70a9c9288c3b682
8669e6a852ac057
47d290373b91c3a
9326c719b430237
11fd82c80c0d181
85fb9d62d64de14
0f44fc1ba2ae83b
078e5b22f510542
31d2cd8d73a1589
510418d6e30abd4
2717463c1b79f39
013de273f89166f
3f7f4618109e744
158359ada5df238
0758067ee64a7e2
0c15c96011cb15b
988e1d10fe62e72
17ce9755a8c525e
8d8b327c83052e4
1d2744ecbfe55b7
925b4f7ea4a0c6c
3a009fc94c23c87
3d4a786941bbd7b
48fe843bcf08dfc
45d6f1951d6fbc0
195609b1693b259
061491858020b57
6dc68034208e010
88f5159fd2bb7df
7eea066fb12350b
5ee91144f2bb721
2d776ced98bf768
0c6b9f3b0c50713
1a42f5a955c0e86
7fd1ed0ea4cfa4f
624b6968afdba69
45a699c2983ab94
3d744990cabce55
7ece6cf41a6e1b9
05c4dfd7aebc637
93e065f9fcabba3
228dbe1aa960660
32bd48a5090b75c
1f06c8b87f07609
21c06c9089dc628
90e80685f3cbe01
3085ba0adab6fa5
3705d8c36ea9f5e
6bc12ebefe2ca31
8cb8569d734992d
093b6ee0dd55b1d
23dc173650849c4
72581e0a1412e4c
43e3cb95521a69f
6bee8f95aff4664
7699ed18c248e63
821b830519f20f7
476cbd7d564526e
2e8612d0466f1bc
0bbbca092ef95b6
1672cbe5542797b
7689dce0fad231e
1a870d8d0e0f665
5a327eec8aefaef
35c84e74e5f9431
9a78f3e77535123
877c016591d8393
04d2a5e17c887c8
1d886974315d942
65bbc882a8bc29c
78c9e0d755e728a
1c4a2844a85f9be
2257029fefff1e4
11778da0333f973
3a8e3e54e389a31
1da43aeed3ea59f
8735b2a8018fdc0
3360fd4a61b1df5
76f2f2c0269435f
2f5ea9d5af9f733
2f24cbb924a24b5
1059055ce84c19d
99619e77851ff79
90c02760151fa3d
518fe3b4c60ce27
8648a4ca0d303bc
85c3e28be719ca9
563edbce690a57c
0ce1193f3477814
82401697a4fc33b
8ae31abf301427e
9c51477153c6fbf
5031caf892a53b4
40b2e27dfcdfb7b
97e4e7a5246efd4
7cda64ccba23231
1bfc178de87d614
2922ec6c29b448b
1576f48ba3dba4e
62aafe0ccbbee0c
83ec7b52c19ca2f
09f01010036ac1b
088b9b0cc3202bf
4f61c8e559a8f90
7c57668ca2e6a5c
844b9f15cd512a4
196d9345b065b1b
5b4c745d079cf9c
89fca2dc6067af5
4de4b5550946111
6a20dfd42a6ca90
114c25256477a74
60baf712c08f6b1
598c2525f0b0e6f
6f7df6ba9ba1ba8
3ad12e15bbf2212
67576ac0390ae0f
5f5e2250fddd09d
117378b8200669f
38044a2fc4980ea
743f8bf38da07fc
27669df888501bc
7d16a9afaf311eb
26c2da1d6625ca2
32f1b4dda39671c
607db75dcd66729
04f9f739d25abcf
06768a0060208d5
88e569a538b13b3
4420c1da62d7c36
5ce809072d89bb5
10b8e3068c9937c
66fa8506b6fd34f
0fdb75ec4ea56d2
6ecae6f7e770ff2
058ebcad9de45d5
501ce0334417566
8861b40f2064102
95486a446eed8fe
408fe2f4243d279
3164c1645c4299a
2157717f74bb62e
739b2330c8b4b13
5b72d2bd9a2a7bd
77fafd5f5c8185d
29bc7632034e52a
7e823fd2a5a77f4
611ae4a6890eced
751c28382960aa9
224986ce97ebbb4
15d1028b9ca90d4
2b39569d491df38
5b86bd8f15f0fd9
9a739ed50b83c09
1c2a4a7ca96273d
5be0f3079d7a5c5
435a1b537a58cd9
995c05b34ab312d
0817a4b7bffacca
2d05c39e94d6241
6c828081fbb8f99
5e91c3fce89a86a
4938ba37d2ca8cd
656b83db637b0b8
43796bc42e11546
7640126a67c7b8b
9347681e3b44869
8ef6bf91f08219e
86156ee64431343
75107b0cf75b8b9
93e3719d078b0da
7bc57815d258798
6cf05d9b6420cd2
110509a028d1087
151f1a591ac7591
240570930714ca5
88628d4c906bf65
91093d60042d719
81dd00f1c776775
9a3a41750c7d793
1287d87c7b1d9a8
9510b9ae77f1768
2674174cf8c86d4
5d12bb17e1d294f
7e1776299f11cb0
8ca39406bfc1cfe
3d8aa9e07c83ab6
818a365ef0088ee
0933cd714adc8a2
68f75afc5748df7
216bcfc629647ef
8217af2b6cce644
8cbe29e9ef1fe3c
07829165fe909b9
70f236505ebd12c
15936ac4919e0e1
626e7b4319be749
9c89ee46c777172
66510d6f2385316
55c18f705c1c48e
400f67c9ee46efe
59da80f6e9b74f0
1613248b5fed24d
7d5981bc526dc2d
360889e755b6952
4d286674344d737
02926d29c6d324a
290c7968edd02f2
77c4125e8d01fdf
11763ee5daa5641
1122c2cb258e707
4dc8c73a7fcf351
9853253a8ea0964
54a24faf76d0f27
8018235b9357b5c
72646aabc634509
961aa2b982121ba
682b75eebc70414
76d08f82fde091b
32634aaa6a3e5a5
5456cd2b18b449c
7aae72580a96af4
37042b643a1f86b
2c3d68385aa925d
6151cf667601e0d
1eeac75235f1a85
130918969d6038c
0a8f8a9169ae437
627283566abbcc2
53c9966551cbfc3
86d25fc91e3dee9
7da56d836f4fd53
55e0d41dbceb5d0
38d763b1be533d6
483a702fb24d900
43b9606fea7a94d
8696c62014e538d
4f0dd5131b51520
3dbf736b4a7a58d
8a8ea6c0120e245
69f3a45cb352545
3488e234068ba77
97727f8cba8b9e9
7304261704930bd
6e52873354df799
918d50d9edb4962
4420d5064f29a5a
677033de70acf83
4dabefc25b4e999
5896835d1f5dddd
216d8bf96058295
949f5b84aa3af66
2b9cc00354784bd
313f60e1484ba32
85abd0789405124
1cfd53b3c051585
1eba274c79ed80c
468ca9507958dfb
529530019b41ad2
98182c94415700d
13ab235f9e9c748
2af2bbaba02309c
57749b7dd5217b0
895a6ab2d8c6fba
1c3250e3be7c42d
051b0f9effc8e46
55cb4e75474e0ca
087187eb4ce470d
8e929f71adbe4fd
49d884957a7eb1e
0653336c12f3afe
22600ff61d97734
37bc066bcf95adb
8dbdbb38f282d35
7dc2027eed292c2
9b8fc34141db49a
54936e82be4689d
54f5898542ecf92
38a6b0401501fdf
0edf468172c0372
3af18cfefda5a34
07d7549f1a9dbff
9a698dc55c4d6a0
687d6cac639c23f
56e6790ef336ae9
7e2d2a738092a93
522e537c13aff81
7a1e67ece6289e6
9c61815eec6d2f1
27604dd3899dd74
270638909f71988
25a7c7b73e7547d
6ff9fc1b4c5c871
78d1a8f810a6afc
3cc0b8db50916d5
9194ff106cb6cbb
4c70fe4bb077756
40c8aace8e78be0
719dac5c0ab2fda
55047ea2581ee13
189db9aafaf12d9
2a822d06d07982e
0587dce27185985
4b0705c83cadbff
6889e1f4fcd4549
9c52062351fab83
8bdcec08251710c
21603f8fcfbc103
5338aba633e3712
5ee7486b6f49086
80b34f18d45da5b
94c2560b265a691
6d6357aad59d446
36d902f0618f40e
6dc04619fffc974
9ad5f0d9e2ae4b8
84d5ea4f17e2ac2
82482262cae655d
791d90a25c73c27
64b7d85ba131ab8
2f1e84c8fe1c2d5
91580e020d55f4b
8f01758933dd7f4
1c9d0a0f0d8b6ed
677e77775fb30f5
5ab0225da080901
88b0c8f3498c215
8ad7ce0623c8eaa
03eab5222c37e78
4780b1ec5da388f
86513b9b45112bc
6bbd6ef8b6f6b02
877d54aa90826f3
2233338bd493dad
6ff1e9c1fead33d
1b8af712fb90ffb
283ebb6d2206c69
90bdcd20e525764
2615c414066bc18
6a67ce26985208f
2d12f53e236986a
6c090efd862e6d4
48c4a67deb376a8
77f79269b7ea207
406d2607566fa4f
7671bcfaab72dea
088328955c80b70
96cce7488714262
5ce68f05ae89cf0
78d06a8ba0f653c
2aada034aab9e00
48b52f5c540a78c
97038d69fae9d0e
81c77369b9bb6de
3441aa1a58f4aa9
5f83e379719fd5a
8890d2c5533f585
0d68605f6959549
1b7fcbe2602ff5d
5f6dd83bf4a2beb
52d26d8dfab2391
82707861faf15c1
01241a69cef60ea
60e38d501635dd9
1f138263c599bf1
636434293fd237b
82c47badfeedfab
9307380f43b5001
4d368399e442a71
5358ea86bac01cd
87c8c433cd60a2a
4862bf916489fb7
6530ef110650c8f
9a3a04787664baa
33ad5217545b42d
5462ac27af1538a
3f5e969e0108402
79a8cf0ecd7a1aa
457e6517611a4f6
787cba1ab28f84d
761e3ceba2eb8cd
8376ee17c06048f
0b23cf94f0a7c70
035fbfa56ce227e
5ab1057644eac29
98878da4766e02f
8dbe2130030374a
35c074a42d43f7d
6096c344aacf27f
2756a16eb4d88e1
049eb367b83c230
0bc95f1bee6e7b2
36776438053dcb0
983473193fd2cc1
0ff807c2596a1b0
694accd8bebfe18
5cff0ed4e8cdc85
725f8b9c7571abd
0b964bab34d06cf
0bd95f541ad43db
5a5f63029e82a9f
052b40858ff5e07
0c6e842a866aa9c
323091489811495
36513d02454f6de
89bb078d71c8fbf
6dbdb5c19d04a6d
45b4f7e83287dfc
15dfb03166249b6
589584f28f9abfb
786073a43a53453
1366f7ca4aa2675
68c80f52c0b4930
5fd48c926c3d90a
7539d6a250b86d1
3c82c8a97b0b49b
1a5e0e2a554646b
949d26eb2344383
3bb764bc929743c
0361d456a482df8
7c9bb6bdf889977
82f2a28ee867a69
643ffa73982849e
1111d9d69ae2c17
1084eba3bf4e498
8f1861fc06615f5
311aa7c5c97455d
3eee426afc49824
60de68a3fec7800
485e324fc845c7c
54029c256463836
1126193ec55efed
164c64a6a6427d0
106666fef65f814
46297f8931eb891
88ad96a4f14bf8e
75f4d08ebbf13ee
547ddaa14585a0b
29a3b798c2bcb0d
10e2964e4221a41
40838691202c998
94e8f6268d4285f
0a5419e9d11ae1e
399cb56f3c762bb
03e6c8aba851566
37a1181c41d2286
4518c0f0652342c
05cccb047af5e64
6d0b716e55cd3c3
39330301dcde74e
4fb88e718a71b53
527b31f906e2e34
97b224d32f23f50
287758ffd30252f
392c3dabac878f5
07b7efccd7668e6
0a40c19c32687e5
80c237ba6817d37
346bcac71d6efbf
863879b55e554e5
258084dcdbf7235
4ce3c1bf04d29f7
780c4265701e0f3
28a73be12ff6af7
8bc9c368c696e0c
2bd5fd27f63b76f
1e8205592c1bfc7
8238d7a5631d71c
31416c000a51b1c
1c81d372e09d94e
38a19f7ca33a497
5faf4c39beaf540
315685ab05d55f7
6e3b8d41f0583e6
0b7c23a3ea4a620
0a292aa00e7346d
62c6dbd9bb832d3
36d42d6e663e5ed
6faf27d6b934493
7f4aeef0cb48bdc
43d46480afd73c2
10dbb15b64612b1
774c2f7c67eb261
1a7bc1faef88039
0589403f0b7c1b9
5742668e85beaf8
7abd17efa39cc32
973e4a00bab0fc1
04d3c2b07eb27f2
70c0937d938a176
536be7d2da9f85b
63ca4b54f17e9bf
9c882f43fe10966
597e1b936e429db
00706124466db37
49cff4b336b040c
709d23da61f30d8
0ff2a41512af00c
82e06dba6267784
787a296bcfdfd39
260f41e95e1fad8
295fc02c54e789b
387bdda3acc065d
5b62eb23b6fbd72
0f2098e45fb203d
7c430bc083113ef
29fe0c8bf4bfe1e
66a858de3cb40fd
3f5008818dae749
9c05ecdadc33bd9
4af721a3b81d649
16f5396043363a5
92b358bcf61b083
2e07d6dc75ce5c3
6416568a17a549e
3e5b578110428c5
32c5f24106a42d0
74d0b080391eab0
62899577623889c
2084e987c2f409f
5969eae4c2ee4e0
5536848cc4d6d5c
5762d5632850d03
8d2d9ba34ada909
621477303bc2870
497e902fbe08573
822aa18f0f429f8
68b76288c5955b9
72b543ce66069ec
4e091af42a8510d
31c0e848e45cde2
388cbfedc7c77b6
056be25e6a710e9
2977f6ab132e8f2
577871cfb4dc462
5fd535cb013943a
16edc8447e64d06
88c0ea4fc231e11
417efc8d2bbba29
5af54aef9f8c47e
655272960660c9a
1ce0388b43c6ff4
2ca9b2ac5b0ac59
47f1eac31f85fcf
5d5f152e783f956
1f3d2b271e6f827
6eb1b97f897aa63
939e94f2373e89e
119b4f07c18a2d3
9180c0b1c208cfb
098156770e981fe
452263d016bfb88
41ce8b72003973a
83d705ee1cd1eb0
6508de7718eeecf
952421ebb566e89
765a76d009c1e66
05565bb8ac762db
73db02ba57c646b
37a8f933b7fae46
2c382d1f49dc99a
46c076dd93d66ff
15e5d3cbbe6fb9c
8b3fc2224b6b91e
7ab6cc1b4295d68
377cac9b13e581b
8688abd53f16f2c
7182e5522650bdb
033aeef84089088
1bae92e77ccf692
3ea45bab3871693
8ed2bcc9407b008
5849fd5e27d033c
9acac16659fb78b
5d0172e2b35fead
8c667824a836760
7c7f1762c346508
8523b8fa3922865
3ab54baf9ee4b13
705227177301ac1
6f057cbaae3d24c
3b909ecafd90ec3
167cac6e8eb7031
27af6dce80d3725
82013ca7d6e188b
19c37be04d28e36
595af8e97dc0c69
76b4974ab152f6b
4a80968a79e986a
49b2e450f757498
7a98fc1e9de96c9
0e5e15a1c5ad3ac
74e8fd3b6d967a8
3928f3131a3bd15
1fd7555bf2fe898
80bb7b5c77abc5f
2f21637a03c2a00
6baf147c86ee0be
91868abc7550962
0edafd2650f0774
5bc7f4a6b0fddd5
79fba044a3ef353
4dd85401ac7e45c
5fa4628038b3c55
2707139db90bda0
3708e9ce4a65ea3
76c7bf9dc6668f7
32805940b1a016f
521d2ccee87738a
7987a0d8b836e97
9a12685a898ac58
36cfeba9200258b
55445f965853e98
86a9459d646f0ad
24dfd4789d08207
1e6a587e8ed8757
3e9a271dcf32334
8139041d0ac0f9d
0bd06af759fd50f
23980b6ab46168a
3b7c1e0f31db6be
6ad8d62cbd252cb
5029de16b2e038b
78b65cc4a1ee5cd
7dbc994c08b4497
193914fcd820553
28eb3e9671a1456
2a12894085bea6c
8f8f7e61590e3dc
29960c610326a7b
5c2c7f9258e6135
9939ef290985e47
8e912fc49a70d91
413092b25261d12
17bac2e14ddb735
05e3fcf89b5877a
7f04a1cae700643
31291653af90616
2a28d324701d0c6
099d5f5881ec441
282fc78346d188e
80e4c01c25f5a07
8e3de6592a4ca7b
4efe8ceffd6a143
353e73278cde657
39ba67aeb090721
4b7f5203d7c0161
4afb997e88134a0
9ca286aeff8af4e
4ac1691686dc010
3a77e0a1ae0113f
70fa37bc14ab113
09a52eec133de00
5447cdf8ce63f47
8c70e56828449b5
6e5009d66b54dc9
7b4c3d19018802f
8676326bd2bdd80
0438eaf1599a37e
8d8a7f6e7addd5b
8dfd657b4da1f9c
95c8faa0b70e51c
9c91c247ba7a4e6
5883adadd901f68
41ab3188a7eb238
6cf467f15bcccdd
346411061adfd0e
4736eaaee0b5895
447baf03bf00841
92ef7579a3006c0
2aa26447ec60521
5e1209a519e6ed8
53d2eb70fa7aca7
8a28595eddf07af
5d8ef19eb817e66
4f1c5a3b98d2aba
890d56692db3f7f
905dfc3144a701f
8457f11deab3e25
153c115abb0ce7b
6fd2c6a1d76e1dd
5085f4a07ba7e89
31aeccc4e8eaf63
55d2fcbad5cbab4
815089a0cdee8e3
2997c3dfa0aca8b
34875654729b2c7
0a3da9ced4b53c8
57daec2db00d168
4eae7dc10e86485
78fea945b824bd6
64793e1df11f8f9
65fc490ba1137f3
89e3e60feea4b70
2cc9e215bb2befc
3ad16300d49504b
39df1151e118020
607629f7d819551
7e5a1a4d5f34014
185f77ceef9b248
7548ecb93943847
73949567852262f
8e2975ed73641af
4bc1f297e793ba8
247a97e4e9f5321
67e055e495ceb07
943ed74c37268f5
056b4a6a28d6cf9
6f42529e1a440ba
19410fa7b7756ee
9117debf12a0bcc
3dc255410fdf1e4
63fd910374d8227
0b007c8df0f8106
5d63e911cb1b9cb
2ac84ca65622e9a
12bebf4924c5114
00a9def5ebd7085
4c30b7a3f262fe2
02cc145150e94fd
5016543e1068f3f
122a39c5b41b40a
75bca6f6f60c163
7013ee8676a1991
2f15228ccfafa58
75751685ab362f6
98d88ef5a11a6f0
17359467b1dacce
87f583d3d8ba8e7
1cf07102a64bb2e
2da26d473cc35b1
75164cf1d40b0c6
6ad45931fc7e796
787b98cce189b3c
4eff1687fbb459c
5784b3392990824
6481f98d17eac91
254521c83d94fc3
14e5050fb6731f5
132f08264e62ec1
5a9f519aeb22cb0
2f3f63f308dd7e8
26c3172f549004c
2150ae823c0bfa1
71a654c3ab14a70
147f6e2c9c84800
82f5c70084b1856
31059ef959883ce
915a7248405548d
8c0a6171e5bee42
3a28ba58928d6b5
0cf995913e8ed7d
17214af7f107c7e
644cb581079f219
3f466a84434e693
8d058fa379ebdce
88b22a36ad15fd9
70317dd17763b37
65e640569b3bbc1
7cf310190c3105f
70fbb78aaf07d6d
50097a10643dff4
6b0addaa69ca8be
29eb012e018428c
08c24913486c188
15adcf5034025d0
1de386ad9b2face
78a8f7ecdf0ff1f
21499f27c339558
4875d77ed9ae5c6
3e4c5251e3cf6b3
98b114ed111bde4
278fd3dcd94e1be
58f2a4842682324
25c52550f82aca7
323ad873ee9802c
69fb06dde098c16
7ffda488ac9592a
466908668c514f8
50c7d6b779e23ce
6048921f6b13da2
696e0e7a5bd2c0a
3f5b485cda381c8
2c5216392cd370f
96f5fffc8a40814
1f3e0cec247d9d7
68523425a6fcc3d
12848e7dca649f3
2f3fb78033a4421
3bee28653a0aed9
1413d81c628ccbe
8dfa935c6352424
95e24bf9be433cf
725947c8d035f70
2bc40dfe5a45a2b
36143e84a626148
283ab52e5368a00
98c6def57c4010a
06832132ca9d2fb
7ed710a9cff88de
6c0a1be230c2dc4
1d51961bea59b7e
94f6afcc09912f7
788f58e3a62ded2
26846d9ed8fccbc
1d4890e2eca98fb
44be69289ad8552
0f1207209abc47a
89de005c350c487
094a180a8c59b7d
83107a69d949e05
5d51d759a05a8ba
7eda6e441ace34b
8bf59985d281e34
0d1ec8082eccb0a
408e913df62865a
1d7b330590a762d
1a2a2bc55a95797
54f1e8d1d1c7114
8feab5d4be6714e
1b40c1a217d4705
0cfcda7f0c41979
6c4e16ff010e63c
35275eef8466fed
85217255da6141f
043c781abbbbc17
509c9a0c5aeb965
51296e62a8f6000
09518a0be60cced
20d20cbb50279d9
77e0c75d3455436
0a67223a100d469
9534d23ffcd7ee1
56954cc30e6e429
06d7e75b6a28904
05ba0cd0f2901f0
0d38ff35762e39e
281ce72905a1750
0bc9a9dddfe546f
6508894fd34b8bd
5d9526efae0444c
9acff8959e1bd6c
8b1c50cbccd60a2
2164376c1894268
508e41246df8d16
32df7ac7a40c8c3
53ab92bff267955
3f066c6760286b3
8ae710458adda85
0962cdb04f691cb
1cab83fbd44ab59
0d121071a9cb7ea
159e74dc85d997f
8c5898b61c35412
39fd93d04216f97
5f21a90bbfc98d9
8d2630004d025b4
5fd8be7fb85f58d
6407486d6f0d7b6
3630d7d855e80df
3ab33617e7a34df
934d71e933cf5a5
8454215e3c1a276
3b545d4b9e6c0e0
6f3958de4cc7952
70fd1695e1b15c9
3397c4f0da160af
8872b5f4c808cbe
6d9647c499b3987
69ae25602d82842
2ad9ec39fbc6c7e
7bd04e96d8009ee
83b89524917e7e8
3221a70f4ae9809
12349fd10325e52
64293cd3d4c1b79
57143b47ae6cc04
68e0efa68fa5c35
70aa5a24a2724a2
6df06c654934c4c
971001da28d0fe6
48d7e1c43e3f512
3f45f5354e0d1e8
179d886391cb10a
2b5fcd784374863
2f652cda367f658
3e0de0f01581fdd
2d2affdd0e902dd
106a1304b2a0daa
577f45976d45368
57acb92d7cb757c
2034e823af92050
3228bbd9820439e
40871c8f3590ff6
196b6b51fc9dc65
1dc535c682070f7
5dd0392ffde4691
6ad51848fdd8faa
72253e583df6717
5da3c200dfa8551
79b0adc5ecacebf
201f835a04d735b
8b0131ef4b69f0a
326fff2bbe08759
5e70fbd5ccb7dc9
3503c54138190b8
0438b86f99599ef
30d7f91e2762b70
80f6db216182929
2c7938dc69dd691
873fd63a0e45e92
04bbb4a932d66f5
2b72ab25e163775
0a3367bfdb7136a
0b8f29854783243
2fc2674acf404cd
8e0f109af5f0777
68257c541bd9f0e
58ff280f5d39888
91a14aa30a5ce59
917cea85bcbf388
32bf543625c38ed
8960c199d332bb4
31508dc9fa6ff74
9139137d232aa4b
2035da5b8dea7e2
3c233248728eef3
7e5f5826a94cc0d
45aa64d9f779448
8c911cf1915d35e
87b53c48d447e22
6ea8c60a23a7c49
72a4112e80f420d
187c63713eb8cfe
5373f0043948ca1
3f6e7eafadc19d1
391a737b0617b94
30585fc13664812
2ae5904f6e5c29e
864e1c82651acc5
57f5c446586caae
76823f3b150d333
49cfcb5947a35d9
758e48e87e5a39f
5d49a43232dab6d
3b487dc38d4ea16
31d809ed09a8cd7
41d20908c701760
08c93a4a2549532
641a567761f6f73
5372604c4bab2f4
3a53de659cf44a0
00ac4a7fca9fb50
88247ad0f8f841b
5bf5d4ee76c1f7f
3bc295b615d0d1d
249fe5ccc07ddc8
350c71821c5f59c
8afb6339e7847ea
0005cb94bc3427b
093799b26741145
9417362a383bb19
1ff5ae68cf63e9c
38a8dc43c490f32
2761df4f47db80f
4a32ef1b8ab3a2a
656faaa25c4967c
49e1400695dd128
598343d65d035d6
5e4b138fdb4ea1d
1850315cae188a3
8309749ccff2f52
2f6dfb7e0ab9947
34dfb73e86402e2
324fef16548018f
2132e65c234646a
0a7b2503364ad23
003a114d53c8ec1
70aeabc74b1db1e
7f33a2b4202f310
1ed09555b064054
3979e4f302b2239
27972073302bbfd
46bdafed638f397
7168f536f87b332
97afa4bfed4098b
1e2efc4606fc85f
549c78f28e94fae
2b1c7d1cb986764
802d5e72e181d1e
4f0cc6478e744d7
096ed1dc0016dda
4cb0f08b128c147
58bb232b27bde40
2bbf6253dda6f46
59bd9bf37e6a6d3
5caba1fa44c9b7a
023928159b66f12
3f14309e61052c0
874530ab65cba14
750f7c0dc7efa46
90c8212acda2a45
63820e35318d7d1
8f2d5aacfe4cfbf
5c19617a1eb7f9a
5d599db7883aa62
6b7b9aea2f28c24
8283514771dba2b
7d692ac10c1cf6d
0d54e5a7035c339
6d27523ab6d6956
6d097af8c54c8a6
3dfad2c8d982582
50c9c9c169559d0
1e654032e46d49a
82dd4e2e3455893
77e6f318d7f23bf
66565892174ce64
0cf92a7ed951858
3f390979f902315
701811da4973b2b
2d9442832c8d244
13c3feca067e6f4
1961f795ffa8c9a
00e4cb8f1bc05c0
4caaa643ebd6194
464345c9b4806cd
75242c2c71a8200
4eee1de138ec50b
9503d9a3a308d02
1875c7d07f29545
93d8936ae6bb1ef
178ef52ee4fecb9
4c10a4b7b61cfb3
0b358d3c4d9d980
1feeea4bb1ba9f3
48387d756db2445
317c39e785489b8
0f710a2925f754e
570b63972d0258f
92135fbd3f2a00c
8ddd4b127b2274f
26562494e557208
55f78c258e79ebb
2d78beb7bf851f5
266be8cb907362f
65917eed1e729e0
7d292e5ba9d5837
36a6957bd09b1da
363eb69e6617aa1
1deb97540d8f8f0
848f1f13a6a6ca9
60fa13930727d8b
15c3fef26f1a299
668823e0404141f
82a056698403d90
0b7d6772b4b9932
498aa04566ddc7f
900e94b7cd3bec9
69a5946d6c88762
781ee0173d2cae6
5578aff4fbb0ae8
3d698613dd39c6e
50de0561da5eaef
669aa238a31cc7b
371994a50397e68
4fd563c8f760771
71457cbbc7a7979
58d325f8e6dac63
0f796edcc7cc278
43970a2c35d2697
9265c000e182cf3
7d38230775ef31a
920f89b16dec4dd
80c8d729c7f69d5
424b87fd8b9acad
7dcbd51e89f0625
3bb2f506b4b2129
7c5f2b45eaa3c6f
3b867253b4943a7
963cfb0bec0d5da
43cc542035cddc0
465bc0c5d475fc5
848dbbf638ffa90
039fc496d0e6477
6a3799d751bcbb6
787c09c399af4c3
6613cd9229ae70d
4e1d979410e7739
1aae3c9d1d7334c
8932ed5f6214ddd
5fdde0cfe71b785
94e1d8784674e4a
1cb282a0adad400
3c2ff7f224166e6
2003e2b1d5e2d2c
62230e8b9f1599a
0cc3925991d7d43
54a7fd31c22999b
2f2618097420646
10c6b10ddb53133
9876d2af3836093
60fa87c9705392d
653b7210b6642e9
64b8e9f84e1140e
6ade0f257b7857f
90d850d7e5bc9a7
7c4cd7e06498979
27488865e0d814d
7635fbba1d7af39
1fa0d038d7a54f7
7e9be24332225ec
74e9891a8d2f240
2e5ef73af3ca08e
528bfc068f017ed
4c4dcdbb5c6ffcd
848d9afe23ba125
005686bc8dfdb0d
5996daede37e681
98abd65c0e1ca5e
760ec02c2e17705
0b2c28b96059688
9c0b7ed6e3f036e
23fa626e6ed348d
32373a23538c801
0d78107da609a8b
3bf8fb9cb1264a5
67d2c550f4c2371
2d091b365b48261
3c588f52280e514
95e4a4e1353e156
4f14ac5b2a3c501
4c2f4d6a4fa5bfd
4da2421c5e88567
4331511d44fe630
9745e85978f34c9
5bbedafb9cbd7af
85bd8d75e1a26f6
0588b3af3bbd10c
446e0023efe0336
494e35761bdd765
7529318a1676361
687915c513f6794
0e6a1d56b804fd2
83b40094ed2df87
5b2e05303066571
466e3c82d456b76
4cddd0f3c3554d5
336cb417c00fae1
6d08b8e60f3f605
4deaa759e6272e6
08d4045e2a4864b
8c13ed11d5e2e53
809b4caae8c8119
197aeb20972173e
6fed9a4d6e73157
897959f99a451d6
89e351d1fd5b936
14d8e4e3ffb5fd8
836f998e23d10b9
81cc35f6c56fa4b
54c54a0cb687be8
18c40bf457675c6
4a716773b91510c
5bfd15b5a6a8a43
549ff5b5c7ac675
0f6b9ed3b06aafc
2077decbe56f4ab
9c094c27ace72fb
784ca899d3463d1
4c3a12f4f09ca2f
09a63c30577b520
0c60da52d4059d4
473519d4f09e313
7d75d948d7f0d33
3099705d4bcf9fc
98a110f9edf06ad
9730e724d191e63
362052e1bb9576d
5d75cbe4e0f0b6c
0bb04885a292ff7
88f54d14b72b59a
63b3cdd695ec5cd
53c07ce066eb70a
2819bea2e8e7808
07cbd4d577a6c14
46cca7141b28aec
88f39755d4f4a38
48291304793ae6d
0b261a597352176
36fbe0bfc8cb3b7
8d53f526fea57c6
88e92694ef6e3da
387b9ada58d7ef6
72c6688071deffe
24ed469ec3890f8
0eda9ee070b9af1
97cf61493b77064
76da8b66095819d
72ba077a0ac7d30
50435ebef8f0c1a
2a0931b8692fe22
851ef55a35dc92d
858edc923417b60
813c93ae100c5bd
94e521131ada026
3a633288b0f4102
2d965eee776403f
1feac0a86586d34
5074278c3c5f4f2
20c460f13957c21
43004d3c06ecfe1
910e593d7d06fcb
8130e4b6d7bb543
6dd45a6c1a1b687
0433c41e8aebc04
4e128d6da8fae68
8fe62ec466aa05d
2e4a640955781f6
6831550fd199d9d
84ce008d0a4aa27
40e89247ce9c12c
7e5ca24d0f965cd
4ee7da258287f25
24f96963861df5d
1b63c0ce8ec10bf
561ceba3a6ea9fc
5c3db91d9db1125
2366ac220a85e03
6b74f644154f391
0197418625d04ff
38914689e22ce03
35c2993f85a29fc
25d51c97b2930fd
52fbc4c74ac163a
679aa7a58c3cdb1
4c7708fa1564386
09ecc8eda076120
699bd268f05e389
026529bda9250e0
7de4c35f303c596
6b50e6c51b0a203
1eb285382d091a2
0a22da4ddf93bd3
18def243fbc31ca
4ea59f153f27281
3d7cc4e0c907101
43f8468b3dd6c63
6176ee3a5148153
8a056457048a22f
7edfc40a2d5734f
5cdba881421a75b
9b46cc8efa2a031
682785a80d66d5b
3c125e0d46f830c
37ea692ba599a38
9552851530a693d
5280bcae31255e3
0bc40234fbb83f5
77e00e150b13c2b
2ce8e36a29d4112
24c4baa90021f93
1c760724be0c34d
601fe69e9d9acec
6aa3b30e0152336
543fdc33e938eef
73caa2183f8942b
5649aa420aaf7ba
14c78258edc73c2
0defda8e3823880
38d527e5a69c32e
76bfa4a3cc2b1ac
3d2863d8b9c1e28
5bc190f02bd6dd0
43db2c0e61154b4
370e999041919e1
31e15d47482b8b6
6abb8ea2bb463e3
38ecadf28dd96f0
3563993a5f09377
97cadd018bbebfb
931d676f82b489e
514be0248c56a6c
70dc3c565d2147f
9024e43cbe01e4f
63c33d2ed3a2dae
676c1e785f2b82f
1711be59c78fb85
166fcf5a7742024
4eb700be7e9a5f9
7b80fabcc425a3d
2d50b6688281f49
775c3319d0b0b5d
03158c520cb08ec
885d492bd709a28
60dd0bd229a7ea6
9633db39fe7b270
583e46fdc7394c8
328db80b4bfa79d
2bd2485192cb02d
19c1ce79757ead5
3c6689af90fa1a6
794867c122d45a4
75a6ec543836982
81d967e54d697d8
9a94275b06e0d2b
249857373d5032d
59e356b13139196
67c5d0810de5714
11ac45799e162f8
3b5dbad03ab9d4e
74d5be17bf6361c
42ded3b57abdff5
512872d94adc437
1504395037dd149
26c2d3cfac08c06
7b5b63ac5ffc8cb
69b01702e141581
1e837cba069861a
7d5a414e93c2c70
8988a8f8c73d090
6bd65bf40a33749
46fb16a7c518310
8c55e7544de4005
5e85cef7d479596
6a9b38eeb425cd1
1d556492f9da6c3
9aa9c2966db9d84
4d4aa0646c9acb1
88c213f650a3e9e
1f0354f93e2e643
0c2ef051a145a3e
3f4305206f33fb6
6af2cebf7250788
12e98664e1d7975
97ae3efabfcf625
078c54954a6c1bb
153dbfa5d78204d
87a31b26ff5d772
2d3522caa7e9083
3a2c8377ae6c25b
23f964d498edadf
4c04c8959ac0560
8277277bb51acc0
622696318c0aae1
0210e70ff114278
39a670134145bc3
7893a6c969adc62
8001a436cb5f04a
697c378b0acd4b9
0a1b14522f8cbe0
3f84c7fec56b48e
52f7aa370e51c7a
81af41e00050d6d
0136bff7bf44515
3b97874fb438422
38f854369c3cad9
47905f6c2cd6d79
47476f330155f66
3e48403eefa5c07
51033be3e0195f5
81853d0c8b5b19a
4328991f06b02c5
2cdbda3b119bc48
2d2f48b49303ad9
2b4e1422b4a8c3e
2e0c6396b113f8c
16d7b95659218f4
216c62fb9c84853
6e7cf58e25ddee6
804b326f38d2335
6e9c47a11cfb803
80949c4926915e6
797a05af4d078d0
18294a595a11bad
1d80ba9a2a0bffb
2280c6810e127bf
236114545d8dae2
47e7896a4a422f4
399b2b49903c21c
84c64ce9d32d172
30218014c7ebe25
4e1efebf2f91669
10616798befe76c
771ce1e3650022e
046a0bf4b4551fe
0736735886bd9e2
7cbffe0d3d9a5d6
2e6d17e519b9e3f
714ebef58202504
925fb6e3652dead
8234b26733930de
23fd6f504dc78dd
76f8938d621a623
790e9b079c43ecb
933a0a26aec3aff
91673b089f29b49
992d6d0c1ea6f49
15e396457d6395b
01cb49bf0b464f3
80d7dd4116a6a91
138c773538f4250
138caf44cfc1b38
76e4cc8e7adcb3a
0b0614faa61afd3
6c4f283327675d1
2060a0a14dee73c
3e0a2ff9359af31
62a88463f4e4afc
7b636a5c7166193
9b7ffa8e9323e91
72254b7e3fdb4c9
427c9c386e7ce83
5a9fdb2ee98a689
71188f3f92dacd4
1bf4adc82844505
3703e861c7484c9
0631987ebdb0d4e
6cdd996eb281872
2a775c1fb494d64
5f393c927e8bea8
722121f2b740e64
1662384278224b8
686b02e49a61ed8
0d95476aa75fc62
8c274bbf5a0a8ae
11ba68f26182ae0
4374f2b96012bde
86b124908a413d4
459a0a32f358f03
208b64333ec2ebc
5744328a4ad71c7
27e6d1ab0e90161
5834277d015753a
216806bddfc57d1
2961376eac295d9
3ee55b7459f3157
616b98e9967d1ba
20355026e862c69
5a14558372c4aa7
05bab27edbbe764
9963ccff6d8ec4b
4041fe874eb25a3
4107cc4caf7df76
3f0671015849d77
34dd646b12b84f1
6e4b7f7b1d50388
0d995486afcbb58
1b8c66d1077ec05
60f1d7ad80f4ff1
6bc251bfe951cd8
8421ffe63def02e
6ee8d41a3421d54
5010748ce5b960b
2af1ef4b517ef25
31edc676c79240c
02388ea2b981249
348caf1577763e6
5e3f4cb54ecdfb8
36defaa809565d3
703b8d1715474af
8526cc8f15adde0
66e89f9baad2687
5186adb861d986c
59cb9760f315ac4
328e67d4f536fcb
94e770575ad99a0
07634f08c1ecfa7
8cf68ccd247dccc
2988f8e16aa8f1d
8e67c0093c5ecbd
8b2f73312de5de0
35be50ef80ad287
91eb75499b1121d
3d56c23a25b01cf
21e2a205da56e53
6e98b044447b24a
68908f96e299771
30488fd0d1eea9b
6eb137e54199f78
2bfe730f9a231b5
8c983546ce05dc9
5418dfc438ada42
79aff0045de7818
6f4f081f15f25cf
71a83fc2a2be867
711e71d5c0b2113
1104e33e83bdee6
722d561f25cbccc
0c61b51d9d4da41
850cf98b9bf65c5
7035f62e1527623
3a02d2457df7da8
0d0e2be9800de9d
00ad5b3e12f4891
04ba452c2acb1ec
24ee1863b579ab0
493eae657a62088
49327be3d49fb22
488498263b56006
3253cea3f4bd901
6ed0f0971ee5327
7f809f1a601cbff
189dafd2bc4b4f6
86dc52cb49282c2
9b70eca41afe69f
3d165fd52f3640f
5cbab6378f823b1
685a4e6ae992573
64750b5a0b1eb0a
534360f7555c8ba
4864314a948fee9
2b73db16eb9b84f
19b21fef75f5223
6121fa3d0a1fd63
627dd397e9eb14e
215769223d29f6a
5a1190511d0d240
1589157206a4e65
31e14b744ab86fc
17fb53ead86f64c
6f6101498c54e97
37797e50b27af91
10036efcd4f4898
5e722e2fd79c9a7
14c7a86c9d19602
1b88755e000f366
5fa72bcc7c60968
9bda5abff704910
6975725de5da036
0aa5b5d86a302b9
1da6fb84974bf10
41c557e7a9ff728
757678ce58e8281
4fa2db0f4d7006c
91b450c064a7a8d
723f952933f382b
508808835f8d31d
6d3b358fb65f2d8
3ed3ca837bba744
07a6e455cfbd741
4692a9fcfaa5f95
57051d95189df4c
71bbbda4e09c681
395db73bc209912
0618a73c6012a46
1e2c19e0242b15d
7676b5b754d71c7
1a822bf3445a52f
8b71e5edc23cfb1
2327aaeedfa43be
717b0b3d465dce1
28f8868dea01bf8
974dfa8f638144e
1827c11d6566f98
8a3313a27b3cc4b
3d165b7889e9269
951eae76c54adcb
8dbd66e33dc998e
2326232e75e0647
1ee41ecb90e7093
2a87d6328419304
592580658ec1113
1a060f25dad1952
9b83b7d5ef4aa78
0eef6ce07a3a0c1
5b4dd043e5b00ff
22077216d929d9b
463b960f9528b75
90c4fa285f25eb8
46b8fa3549a444f
0ba355e596370f7
3580992beae3d97
1aa236cdfc0e098
88b470cd051af78
47f18821eac8df4
915d4c49e418c04
7f17ad8fd13fc25
3d7366a2ddfaac2
2024b191921b1bc
66b377f50dfc7ee
79f5eefacd02ee8
5af1f4b77c854c1
2b9faf7d5a71e53
4555bbc32d29624
91e900c24015ad7
794845beb2f33a8
21e91a051cc933e
36ed6eb895174c8
20fbaf06075872b
64bda01e81d4d3a
4dfc6207234453b
90376e9e5f15573
02fab526a817eb2
040f933332ebe0d
38e18fade698e30
400b7eb57718340
0abee0192df09ed
77d72afccf3ca8f
41bf4daa3944e13
24e024fbd0d97cc
0f90e821f83d339
0c7511b5f836ffc
6ea2b246ee4c6ae
303f04297e928e4
315b34ef94b5c16
6af526fb3a8c742
0560fec1ec6678c
4618e7ed0233b95
18e552de5121625
1bfee9bf30bfef0
013dc50bc2c1ba5
17cf03f30b0b1e8
5838e35ad8deeb5
7e8c1df004cb3ba
1c0112ed1d43e76
5c4c93dc28c248a
05d628de294626e
489bc98d19bb51c
341d9b2e578864a
5c796f7f70ee0bb
7e1b3c49609d298
37fb3ba46b31641
2fd5f52b0918bcb
505c4932eebd456
28f2d57a301e51a
5684fd71fb312ff
1994e015220897e
93d9fb492af28c9
638d9176da39291
8b9a0201a9fe0ce
888ab327d410598
8f5acedda416083
29f31ddea9456e6
327d4082dc31b12
2813d8dbe992581
30816e5705795b0
8b1bf3075a3e135
3405ff3afbcd924
288e56afe208cf1
7cc327eb32ef0d2
231433a8f66a1fb
9be144751e8177d
3d7ca331aed0ab2
61782a2a0ca86d7
0caf72495e18996
48af747b1080146
98e6ce8dea45390
7adf1bfd9b6f0d3
2dcc4b224f2fb77
7323961b09d5a81
39c271a16b89453
50b3564e38c06db
737415360df8307
0ddffe8847b432e
784767056c2efd1
71e86aba1352fc0
9a25975553bea64
610a8fcdf17e00d
6934c5a72c2b0d4
3d1e6a1ae31f8cd
1def4928f330746
4d0116dbab5b77a
262dc2da70f9245
1a435d794f16523
77c1775d1d53313
85759af65e66bdb
8c51e5b0a1c3b7f
1994ef803a01e1d
1ed5ef5a6551397
6bbcf4df034f36d
18b7b276e23d058
3ae5798b6f8385c
24c9870c15e4b91
63d4440d0982a29
3b28904746dd4bd
3e02d196489364a
407b7766f6b195e
67d5c9ea94d8ad3
613cec3120d98c2
7d93dd24c84a593
1240af03aea957b
8cede7b9c1f54df
176c0cbc381e0ed
4d20f5e7e22e1d6
33af23417afb242
377527f09fa403a
80578690f374b99
2df47379d140e98
238bbbdaabec82a
89d5ae5c2017df3
81e34ba3f94924e
2f81978975018fc
84767632729ebf0
31bc7f7fd3b22e8
8f5615952a2e2ca
5f73481014215a5
89a828a5bab0504
78077ed6f7875b7
8c87e9bdeaa14b8
3f054fec0706f10
4f2d52d1f9de402
23a875725327e5e
40acd04a3d08348
90da3b628b7370e
2bd1ce1aa11150b
1499a628e251c4c
99186abc8c2634e
1fedce3e5d86489
2e8a186a8bb4afa
4b2392dc3752dd9
976b8ae2783e0d2
7a2468918c6de6c
4a74512ff595993
0446b8307c9605f
33beb5932428d80
2d5fe13eeff899d
88d3bbe72ae0f24
6d4a8d34a516f4a
9a15787728ef32f
6b562f0d61a4604
06eaaa9e11a4c3f
2cb60d9b9b7c0af
9262900ce70f868
4fc6fc771f48266
2356d0fe30094a1
99abc2734bf8d88
37c4a67cce017af
464e4822d4f58b2
4111f3ed85673d8
370fe512ef4e431
883f1af0fc65816
04f1489477fb1a5
6b669496ebade77
28aa1b66a557c07
7db9670d939523c
42be5abba0aebc0
8c8b5feb1a9050c
432a5cd20ae09bc
804dbad81d0c82d
6b1d39e9202d228
809d7716b571019
00904c714db2dd3
79cc5e3e4c4acc8
185961cc848ad45
71fcc497144c9dd
77a5fd50f5d52f5
0b0ea6180b47d78
13b7c30c798676b
8dc99a9277b24a9
6afde195a43a621
7052a0c2307f850
67aa63d79918850
6360a990a0aeb1b
5821f58e20d20c4
6c79a0657fed474
1717867579df9ea
0499bf7c2097e0e
7567e53ba733131
2d4e9871af4281a
23457c471461739
0dd169333a35e01
606e9c9f00a327f
6bb5794955fc2ad
81e5b7b21e0b173
659f786d5ddc7f9
142991dca3c0e39
70e2d5713a7a26b
793998b37a30f83
56539100844869f
0be9b384547f896
8ef2762c91b4bcb
004c3c83a37e933
6eb8a2fe7d8aff5
9b848e7c8ea6317
7d4c5eec346348f
8e92a5ddfa658d4
4e3b044599ff039
79aa570aa8cca8e
0e0f499ba04f523
435ceba21d95302
856fb51beffecc1
5b8b826442c6ecf
639fd0867365f7f
64c702029c4356a
7ed94b5ca991ef7
095044d7eafc3ae
31fd82316ee9f42
70583aca717c3ea
5d1f0acb1ca3895
91e5f95091b421a
046bc455e67dd3e
63d7ff9589c29f8
68346f8db29275a
7c91370410ceb13
5de3a9e5ac72087
4138e4f306290a0
530c457b317cdea
01a846076886c5c
931a93413a86215
021450d0d49b7da
43129f801bde4b5
32e332e325198e3
244667994f56293
2b7a1f697eb221f
22a150a199f412a
81cd245531e97cb
4d86b5bfeb0eb11
38653e74671a001
2e50fe285ec2775
1deee882b0cc1bc
1146c046cb0bb8d
04d514d9a4c7490
2c15ccb23f84165
11011a07b0114cf
9021d301ad74cef
5d5a48bf4ebe9dd
9a1e44f6335b125
3e26063d1041a4f
7d37cca9aabb79c
989a31a7806719f
6fb1c68767b2344
13d41632004ea0f
0684ef19787f34a
490ba692d85eda3
5855e3214eac0a1
7f89217573882d2
3524949cadadd87
4721e7d9254a8e6
11bba9c43b27706
4d01843b5a96c7f
166dcf11a6d003c
197a98151716e6a
182332f28b39e46
72e01ed595938a0
449b8e5128fd585
0101d1b71aa9970
0ed474d6b3e2800
83dfad81c9ac1dd
678d269b7384315
4d1360e9d684a04
58a793f1de2e557
4461a0385fe95ca
08416e7989c2982
528eb9bf7946135
723f77f891f5d52
3aa1d63cc1e56c4
33267a65f7e3cd3
334483a267268d3
76b262e03c2e54a
29bcb9a21daab95
333c9d15f6e1c43
6518902aae302ef
994bc29d5d52279
020c3afc5512584
47f0bc6a0e726be
0d69fc4a5428d1d
046af93eb717968
430d9f2ea2c1df5
6463cba045b876f
16f70dbf9f5f863
37a822ad029551b
31770226fa072a3
3b36c7115a529d1
90733d82dcd0f4b
1a7b46729384928
18ed7512c139964
25155fc1cf67801
5cc2dd9bcb7d382
765a47c7df64912
893ef1b4a2aa77d
2cff091fc2d3838
29c8fc39fec85ca
663819189d9a48c
40a62f8eb9b59b0
84ebd0beb023ac9
2d1dceb0e05fc6a
1f669efe4e2c39a
91f722b5266e80d
9294ea90ebf89d2
74296f5e3fce446
8c9104ba2da75ab
3531aacac6515e0
76bd13575b89e4f
00cfb06aceb8145
058c8113ad4396e
202eceed55258ac
20fb57e8ecfafd8
0f8a883bd0ede75
44956b9d4988d59
175449b6a852e9d
28982f0bae13e4e
48ab84830db86f7
87a3fe33309e43c
7fc78e541b97e3c
3e25493b65c287c
9733b8706c8fa68
554ee762c8ab02d
0a484ca81d50b7e
3b8cb1b91375f2e
234d38250717723
5336c779454c7bb
082a302fca77fb8
0a237b43688e944
173e87778bcb143
9a2f5c9ad20cd1e
785ff9312cc8e36
30a5ea030e0c3b1
35f0966c15e45ed
90b7d38117bb6d2
5babb19fd85be0d
09f143e8585eb68
834f988bf1f39fe
29df5b83c212b9e
6ec0e3ea89fd476
56624be15fb3d2b
1118f688ca83f7a
834cb314efe154c
632b91f309e921b
1e4bc8bf2af3790
002065fe3fe26e1
463219e92e791a6
7d687fc04eebf7a
9a3d6376d7719cd
44520bfde531705
107896d1f4b9384
9576d16bbed5bcd
0afa28c122bf665
6a7cd3e79ff8a86
1d96ddd39539edd
7be2666a0acbaa9
3d3ecd2a022c4ef
8b1143a640d0202
797de8c0a9c2537
14445721200c717
0e0af8ab0a10ec8
6a156e72dffb660
7ddf2f6165c7df2
40f7eda9c314b25
1b48f0108e1b867
631da33364b8ad9
785f90c0db4e9cd
6116b9fb5b2963a
25ca62f91bf4f17
304fbb5af11ab58
57d52516473e4c6
24d7ca531fe64d6
6d7d339d65d3edb
3373429793c8226
944762ac8b69499
4d189a1f46bb53e
8dcd0a3bc9924f4
49e02776dc5cacb
29a42bc87e8542c
8da0b3357c26cc1
768053e5a5798fd
4d1ce1cb0918edb
56ded94cabb2c25
14fb6de79a613ec
99702d7b796eb16
89fb6d6a945d46a
584de050e3432a8
26f5d1bae04b52a
7b92555650f7339
544034ee6dbaf7c
6640933361bd363
39ab29c2048d951
8f9f10aaaec2b2a
5a239bd6b791dec
3d5f9ee670a539c
5fbe6c8c5d6d304
644b28186b29c4e
704dfe2f034ece9
1698f6a88751a78
2edacc25cb34f9d
87cbe17f97b0d78
4b006eae3af1172
0bf06a0f578a3ba
08717705603b33c
360142a6ceca68b
7c73bba15743fd5
3a29acdea96f2cb
61fd2240a6dc3b5
4bb8d7fe1f8d82e
187da08842c0d3a
0fac23d43d8b4a4
4a37369ff0b513e
7b6fcfd56dc51dd
1cd65753c7fa899
33922c9f62933c7
46745f956267d6e
75ce4e58b327414
2f260f5d88eb44b
088c690cb58f458
63967b7f2ebb575
6afb413879be757
3a2e30f1db876b4
4c010d5ad8b4518
8e1790f5483b300
6d34a0f2d113dc6
7d1767d7024bd79
4b7891131671e26
82199ee8f99b385
213005cd9640b97
8c041fe78c479fd
606a6cfe617ebc9
4e6dded942a1c5c
4a159072f316c61
724b3a8cfd1a162
851e7f047dec90f
0041ddd2bb80856
84d41d3d21ded9e
598ca89a936410c
06b2a0c3c1b011e
1bf0aa953b4a626
0cd3f0ec9d24834
3a9299fb13c4f02
8c6b00a550c6945
95f155f8a96effb
3e7427882162e1c
3e6084cf41e3579
4c800176aec2671
6e9560da393a95f
04c353076e0cab0
80ea2d3a5965a58
8e02acbb9e5a9e6
63da2f47ad5a5aa
464da381af8be9e
2a3eba35bdc19de
088d83d00ebd65e
1f74e92cc8e9aab
859f4a45840e43e
527afeb3a564ca8
8e42ce2e2222afb
9385a83dea9794b
5a8fc63b533e389
970ff3408998058
6ed2133273a110c
244a2464593b915
0a5f0c5eadba590
9c7df50f3843241
6eb68da4d623827
42fc3352f81a831
00af5733f20b361
09c4f1869cbd2f8
826182273b30c1b
582a8d3903928f6
17071e1fd5e7db1
00b4161e3aa61c4
9922872156451c1
2e3166eca547016
1db9d7e7f0e5d12
8069acb9f58aed0
8923236acbb03b9
4d1f1cd64c79510
2d75652205a2ca1
0dddf5775e09140
1645cce529fc7eb
6a66f5c8bf3bb5d
2ed54639a8c751f
77a9e89a91abe73
2fa8be5313ef1ab
985f52e06f86573
1166a95ae708265
76cbb9599dc2bff
335a793d6a2ce4d
1bbfc44d59b6df6
10e1619d64048f0
8ae309335f2c389
4f62bd43d48ada2
2508c064c762a39
96e7eb3a1944ac6
310495de970f0c9
8a0409665fea30e
2ac816ae7bb1b08
896493d6d6d33c9
6461c60ff3122dd
6486c5004dd8bb1
1b6e09e64b1493e
82efb1c2ed649d9
400bf6e3c07e5ea
3296aa38ff28524
79740168c55fb05
8b14c157363bf91
5841bc6c1c0cefa
77e19a287a21b8e
13082b352710d44
82a12e9addd7f7d
3ed3f4720f1f4eb
69e978b9288ddd0
8562284e476a1fa
6eca4b62a270914
123ef9e958ceaff
531c4c9e4adbb64
622f4a689e3b4dd
998c7faefba8435
4b7eab58ffd0e67
62d03d1868ad76d
28cffaa256f9e2a
879ee636b4712ae
9856b5b765e72c6
35581b09447d277
58396b86ef18e66
2c7242aceb451ec
2b95a43c1e50904
94a832b97ef917a
1f63a6d788e1f29
6178a179555f434
6635fc452fc6112
99b32d85eed7dad
0cd183afbcaa89a
4a4f02e5cb4f7b8
092a7d2ba14545c
369fe0e384adbb2
941a2b22381b13c
069a426f8804b31
6aa82700a477703
67587fba2b2d7a1
20512fe9da493cc
1a651d77ca03c69
91f34b6441f5cda
6d2036b800042fc
915f621373b4c25
84c4ab4129a7ea1
662115a5a8a912d
436135e911cc507
7b32423e052fa40
58eb14020b47369
2d598f365922a95
79b4cc72bd1ae32
6dda5fefe86f55a
3610564f4aea774
1da36b32067785f
2da7c79ff8eea07
5a18251c0213338
29f7707890dcc84
1574e087568730c
1624ae6db464cb8
4d117b3035d0341
7d8444da44c3d96
6f169669c088ee5
386a19fb6849915
71b978488230e78
014dc640b5d79bf
63a59844a655cdc
4407b2ec5dc804e
27518b92b359713
2fcf39e136a9945
7da24187e02da3f
3f375b7a2430820
005ec2b4aa91837
20654b28f8bee38
51f2071eee75d9b
3992e1c9d6a074c
72a7f3722a59e59
10fa5feb0d82cdb
7f035e2bb49e007
4f510b4ba26f811
3c3a9e92d91eeab
9769ebc43355a11
1cfa875b36d4c49
291f811c566c1f4
7695651dd612805
2a2f07d608967b3
539fae1cc8d0af6
7701a3c769c7c53
08478bbc77d0912
0048183e256b62c
030216d6faa0d02
8fc25c45c7858e1
7f7e4a5ba024457
59c8ace47214bc3
017ab16d64e1154
0047ae7c36f7f54
58fe08ddd9d449b
68d2449abbf5c5a
87e645f9fcfe76d
289cfdd2cb9658f
58997ca1ee8cec6
91e1e614de6b3db
1baa6d8596f0b76
1a3815db876e4ce
76875e6afbb06b6
402fcab7ba64fc9
8cab889782dae9b
0cab7e5345644ce
42ab0c2e2367297
93b59f9a131bf8b
68887190f2cf9d8
1b7317ddfd8754e
8cd6784f491108e
44e49cefa3fd448
4846364c308943e
3d6b8245d196135
68b5818e4b3103b
74b585dbb200229
60f6b1e231c96c0
9a4822ebb267c63
2ad313e35661a47
0592fb26191082c
21160669613d3d5
50609a7aef62a2a
1c8a2940932b281
66dfdc7a821343c
351c88216f865ef
2441e7f46178e55
25d532e82083461
14d1c8cbc4a4c5c
6496649852fe16b
43d35a7f5d334d4
85879fb877b5c94
6b326c391deaca2
533b3ea5e2dfb47
4e5660439bdb3c7
76bf6142d7c9261
273a4764da80dae
78fd097ac0afdf8
69698df16d8ddf4
2ff46d1cb92a8ad
463a1c7e21068fa
2567be052651b41
7deb0dd81cdecf9
289777c7c5b4f83
64052a1baf0aa83
2691da671cb252a
3b1efc544ab86aa
313dc1580c2a0c0
00eaac6eb18b0d9
76a736c88f63de3
63b24403ac1434f
81f05a62587f66a
13aefb3d8878719
48395c6a8b5d103
1d8b458e53ef165
8f5b6574949c71c
5da4d00b837fb8a
256b3e0207dc5c2
3756da3bd89c286
66b7e331a4b6962
26f351f6ee5910c
526bc077e516587
851f441e473fc02
047404e20e43ffb
04c48c19b49eaf8
8d0b743159ae047
718930e66f8f0c8
410fbf4945b48a6
3c3effafeed041c
2b06a400ecb442d
16248bf697c32a5
703f66ea458be18
47ad90185bf223d
6d838cc5eef8de8
0630ab0c9cc9a2b
01213f0166e138e
1ba09aad6e2f9eb
2aeaab752912f3d
76e44ac8e33b4b0
61ab7d689ae2d6f
6221d0a4e37e63b
0f94b0e109ff5bc
833a678689b50a4
0e9cc76585ea779
8526de9b389624d
256639dae3e4182
825f54100775f71
395877338d27db5
17f707fcd53f28c
587c76af097c160
8f4b103aa65ffb2
7517c7e582069ce
2e1819e61983a34
99aa17a4fb15313
60b0d7bdab1bccc
9c8006867b92a49
39bd6f599bfbee1
2d23b7ff4e5a05f
729a865cefb25f3
336d4d4fa0491f1
79085b10e67eeb3
