000000000000001
0652e982c6cd3f6
69293d525cbb1dc
5aa112344e6a660
37db61cc2ebf5ba
459d93a3b6bb8b9
7fef1d96cffb69d
7d2bca95ddedb33
5dcc2603a6a41c3
5201385be7a553e
49c8d172f2f9f6a
385a5fcfddd91b9
59d4f20f2277500
87a10af209161df
28f77f50c2af24d
13eae6bc76b1bd9
080b35a2dc24a8d
7aaf19c28249794
9db8d2f89e94177
44c87d686f37327
16775dd4a49b09a
1fd8c3c57644f19
523af7528497b54
96c60df406975e6
067f2bba1a3868a
7460ad54851d4b7
4447eed3e79fdb3
1d3e07d22776283
21466a4562e7c0f
35892cece259d44
1ca7c5495654030
7d46224b752d158
47d745b69afda55
5cd97656629252b
02ce6e04941f441
684873582cf2d5d
1e46289ab8b7748
63e8c75145e6a9f
57b03cd478e8259
5d4b9e1a373cd80
7aea23e0e92f8dc
8bbff1c9d97aba9
7213f9f5c1db58d
61be4e408814e56
4e112181130f36e
89ebf3d069cfef7
72a97363cec406d
59349e4a161fe9c
4a37288c1938d0e
6fd41aa4c8e2fc9
41e96fff07f74bc
1a2b4951cc4c58f
4241f9ac52a1627
707310a89df85d2
8b0e8460acd884b
4647db0c80eca74
2d1287d41e2d0b4
3742a2d4fe76751
3c4d9e937c8fe7f
4b9443952c7c309
418de0bbd65ab17
2a40fb55a4df797
104c4d6b64db6f2
6c5bc277b878773
68a148c399390c6
6ede8e6f3ee8076
8623f013d215ec2
1cfe19fcfe7221c
9c94ba1b063d927
44402898640c388
6d25f8b809d8de9
23f100345822603
61e065518090f5b
54fcd03de528667
1793a3e8a8e7e00
107cf7ff2007413
0b69c89788da818
5c252e1970e73a6
0095f4124038d8a
2d8d307b94ceda5
924a0d7d27b2653
68f33cb466ff549
89650df0bfa5fda
83c99900d0ff9bf
6696ab0681960a4
0519c2f4b93f1bc
7824fde8dabcb57
7f2b0b18d36953d
010635771013649
59c5d4d95333000
417fb731c0befb1
35feb2a1e523b5a
150dc894779e44f
36cd99d58907d0e
6d8c8afe1a0ab62
7bd2331572bf984
02b73636018378a
123437fcb4f1816
82aa9c21eee94f6
4384ba693bd7d21
5aef58cb21609de
192dee691557bcb
45de4f0b787a019
09ddf8cfef5708d
42694581583b615
1ae1f4c3a0cffcb
5c51c75d43970f0
68bda38f42cdf0a
8c9dc5ef507dbd4
88c29f83b0c7237
6e4a5a5c69bd9f1
1fc6dc47a87195a
5999b350c0853f1
08f36efce9df621
2f5fd31e62274c7
1efdffb054b8e36
751cd9946625756
809e53f3b0a75e3
5c0ae74956a04de
0dca97b5eea4b76
444918d60497309
60bd8fffa45b219
7506013e83b1a12
2ebf729c1bcb992
7b6a0fbc24ab5da
448b78da456599b
862711e6b7169ee
3bf3364adcbb331
08c709f86029565
01fdaf8f035fabe
5644e765e2b20af
0373021439186eb
94541897febf0f0
578af9f4478317d
54353157c56eeab
5e4e6095a4c3830
68afe92bdd94903
8183a3d8ec136eb
49fa6018caeebb2
252b5642152e48d
85b4d4a7e163827
872c4b14612e64f
2ae5b67f3abc0eb
461f76ba02c863e
7b39884504951be
3e4644fc337f79f
5ecff88499629d3
6f743c43a9ea5a0
01d2c5d23fe9f3e
5a546d12f0c86f2
41f50537391fa65
0932e994aa82e6e
1f1fa49a5cb6aa0
4a13575bb56e56f
852b7dbfc946bb2
5062f2a23fc782c
81f50485d56f28a
58714a86d95bb9d
044f57db07e9b7c
9184d155a82540e
28d48c2f777618f
19feaf706e4151f
736e9824105ffb2
7a0b90d8ac45740
09a7206c40ed5e9
39c61f63785f69a
80414985ed15561
27b87610e8666f2
5eec14aba97b5cf
12651ac92ff93ef
7c5d96df2ea145a
67fe7cbf7c6a711
31be00e3a65529b
5295de76d14d1df
6bca672b6c89009
84818ac255bbe8c
3193dc6681adb95
37e1f28c83f37dc
0bf832552588b8e
36a3ed73860e23d
3df3c3476883ccf
24f0df23dea5c92
216b3f0b7ed8c89
2b3a606f7b2d630
394e6f49c71a6e9
1b2a20cca064913
2ac4d560ff80f47
3879b3c732b804f
216cbbfe1d40776
1446a689f826c2e
45e038387e36a81
7432bc83420293d
4c0f95ac892cfe9
19a3380b8f7d5c4
96953902a9bb75a
529f59df64e482c
038fbcb09a65622
3ecd138f47c4220
688632f23217aae
6dba626c5354b15
3af20e88f1c29e9
3e6ba5e84e41b29
00ff0f9cbfb5364
02172ca0014bc33
70fad6fb118e7ae
349623fcae9b23f
5d0514bb89bc3bb
3aa63c5d93a700c
37c706d0555ed78
5170e15c0176f59
43f789e22c4fd2c
12cbc2afd35a56c
5836bc207710988
461d2a738db5222
9c64caabda9e448
56f290bf885f799
0064bd8d1bb5402
2cc4f4cc8b18bc2
631aa84ffde8086
4ea6502fd9b358e
59d95e5bb3ace64
4d37c2753d4f63e
0a9ce420afcbc37
221e492777355ef
91e0639f797aa37
1d700b3286f01f2
802f746a606c9bd
9302832a42343e8
5d32a4f38a7af9f
5eae7ea1b36dd19
07820b2d5128c1e
7ab6dc3ee08288d
59b4eac7c1086a2
4e31ac143f81668
5ea86062af58314
21232c26dd26c44
4cb85916fc5b0bd
8d640ab37edd06e
205b12a050526ac
88b8bd5beae1a00
5cc5bbec6109234
5e42d3cb649b9b5
227b5c51908ef47
1b1644629873036
9a78bdefaac1be7
7537d884ca0104b
8c8dfb411558468
984b8eaaaf239e2
09fa028b026b465
7ed970ccb9903dc
1e45e26f38eec82
393dea8e44e357e
9d21be1338eb55f
15d46b7302feade
24421e4cbf9811e
95df556ca6b0011
578cbe6ac95b44c
6682a5d8455ea66
5ae0eaa1a7aa65d
795910f2c637db8
259b68f71b9a3c8
029f32114f72a5a
1f54e8e06a32394
2bb339d822a33ec
728e1401b2de38d
542c8018292a7d9
79f368a449bf804
09c3da3590aaa2b
10fafa7959eabf1
35a091c5b23d3d0
8d71b8e3762b928
68fdbeacd4934ca
43f909cf37e9c87
439f6ad50238804
6c9e184f1de3505
7ebfae94c760c6e
2f5356deacb392e
671e4904114987c
3f821039dd08192
78b7e3ca73d4c41
2146b6d0017a9a7
083f73dd852a77e
16fa87fd67db2cf
119097539c8ec02
3f5301dad1804c9
2d9693ec74266e2
7a519414bfee102
374f2bd398a7bc4
31784a3dd4b6d8c
1ecef153decdd7e
2d24332a633cb67
00b68a8b18907e2
3cee4f3bb734db7
07697ac61945023
8e016b92121fa61
034b59480e38847
0dd06f886293f0c
12a24912d1e365c
9836f75b58eadb7
2e9903824518c62
1c2a0abf125129b
67534cee326f602
80fafe48ffe348d
2322e084bce60f7
4baa2aa336df29c
9413c900aed3114
541f92f498bc54f
89128ff117ac7e9
1d1e62a55d18861
027d098eb2c6362
1638a51d9874d7c
80da4eafaf51395
3498f5acef312ff
3a7a4a0ac3dc7e1
6b33ec3b3c78356
3f10e050a335b90
9f9386a17c8d00a
2cf21eba275221e
75b7caac0d30ede
2101cde8205a564
5bec09bce6fd98c
1379949a0f3b562
15388635dc13797
66d560bb27838f2
9ebe9ca35ec19a6
079eb690a559d52
46df299ce4fd853
7109e9b750d8481
2d55fcd5395e6ab
28fb77913fa06de
2a4e4ab77f7bcb3
02796956b82f932
2648b849227a94c
9eaf58daf31a726
363f7bda20d0dbb
446fd8e630ae8c5
2ce77076fed76cd
6de95588be2b94e
3280ff496a57e36
101b22666cefc14
7cd045379d03521
8390e8df655a797
67d26cd4dd68e90
50ac0032388e078
97473b68ed48da5
2b31d12e2348965
268294ab6ff161a
1c300add6a9e10e
7cafa2bbcc84e3b
12e13dd9d484fb5
76499c9708f78ad
5d98b7f1bc356db
1e11d8360cb25fd
8fcb51f7b0ac8a0
388c9c079e26afc
0ba4b1749d0115e
88bd755b04c7de9
7e6c9e20fdaa66a
5d7c58ea3af3efb
7df3b56ac1479f3
309b04a0c8015e1
88f3e5483041311
77ebf3fa8fe5a77
772e5f602afbf9d
9aff73a16f2c721
22e8d94e9fd944b
5045b846230b7a1
0dc9f80b78fb6c9
1cadfb210ab50f0
464f4ce685b7aaf
306e676dbce04d4
9024ac230f7085a
6c17be850d04262
2e9ce32c722cf1d
6924758f17cc743
55453768d5f1f89
4e44fff574aed64
3b547a0052a88d3
276456acf9ce2b2
28bd029207bcbb1
5ee7f717bbb1ebc
77fd81e671005ca
72ef7287f6d7f75
4a4e8cbc755250d
09046ef2b00fcce
68abd4210d868f2
8879ca586d13b15
6c14c9703bbf7cc
7b70db89026f0aa
4d1feb090e21714
490cea24273a981
2a88f264195c31d
3ba1dd01913a1f5
1c223cef048d22b
61b15087a25d9e1
256c833d7d092a1
061e2d6536721b8
2c18a0f073365e5
6dde11889b7806f
1d4557916e86e12
0f78ab714897aad
74622cd2f7941fe
1c9a51223d0a489
2e06e5bbe4ddf91
46817399e984521
40e25c6e0238cf0
50fdbb46ed0be8a
685ce00ff093a6d
7795df77fa6e783
4a3b90e0a712c1a
70612067347d27d
224cc006ea3195f
8d6586ab6084774
93560c7f7e444f9
8e69829f8ac9f03
5f12fae73e07a45
051a1eecd197e66
5d116314a18b198
808c25d7867d7e5
467248d67775a56
9d0827bd5870a9a
975f0b96c8c6fa7
58c20cf1cf294f7
3a63727d070d918
43c14b9f19913b5
6670a7599a8c315
5558bbc828e97e3
5ea1596fa15ca98
27098d3040fc9f8
1f90b076a3ab37e
44c63dfa77c1a2d
46b388f818f1fc1
734d4bcd6cfe36e
135e70f5c686ef3
687967f91e7a16e
630e35834fcb0d8
229bb68deeb3dc6
8b1e1e0f51559e7
64d2b0547d8768f
0aaaed237345af4
2e01bd3dc90bc1a
1993e101aa40d31
6bff9b6ba36fcfc
8b932f4b30ff5e8
9191dcf7e4c8f7d
7ee90bd7d3e12d2
804f22859c4cdb9
252c1c2d8acfadf
72db1050cb56dda
8ffa737fa13a1c7
098653690c879ae
0943fb023fb078e
9bd06c095009778
3de101c39b53a11
07085d9abaca4ec
711c3b67b391478
9b4db28df944478
63da72e8e337e91
0374d99e595c478
280aece7dcdfa21
0b24d465328ecee
8e42420cfec413a
25466253e0d1b8d
5c4635169088463
954db3a78143226
841cbaa0c76d40c
461c5792c9fe251
6c726821ce38440
24cb26df00f4c27
441d69f0bc0e090
06967d61c64789e
868fa3007b8864d
9c173b17ceef13c
3f35be12304b3bd
066890b2bf6a391
52b88edda37ac51
29f7d03968c5454
65cbec08b930147
1068e040cb257d0
5c6be968fe3808c
749cdfc9ac86876
6fdf86a3930820b
464b6c0c9dd2edf
1aa9c7e72006492
80b78e6ced1e06d
9ecb50f0962a310
66d02ff9d2349dc
73d03ac2408d610
4215b8fde9728a2
81f4d9819a54a4a
4cea93b4acb29b3
833c20af9f138ea
2c9363425dee3c1
66fef92101d24c3
7bf2312ce8885ba
294720967b7e9aa
1d2ceb2d02c1587
86cfea0b8b9cddb
47c68ac7afa483d
09211aa6100588a
13227ea61772d1f
868a6491c0b1eee
1b685f356f9d26c
25bf90bf375e634
4ab9f996eca2fca
6d76c5824ff778a
068327ab5c584a0
2afad04cd2ba497
9782f2ba04d53ae
1f6e19ca4c273a4
7f29fe5991fede8
131d70dc2fe892a
1c95ea084f4fcee
34863e0a7bdafa5
2152c83775278a7
5d4c0a03909b2ad
79d28f82e465b10
595521f297b15c3
3a443a3524d53cf
96227555953a44a
2fd3a03af0932d4
7faeaa0feca04d4
8ba8d1f38f68b8f
900c28164fcd266
6155111654f9f95
53db71c5b27af14
1dd167105fe2c69
645ff7cbf4259fc
397449d3b46a99d
937b7e47b92259f
581ec95adcef1df
97c6a7def71a8b6
8444b049f5a6dc2
34ffbc1e8996cd5
4e78106eaad02c1
977faf09eced8b9
8a58979a13f4ae1
03ec2b6384711bd
2ed97d21c6a65f4
483f655d45475f8
72cb3e1c8c7510f
5849fc43e0dad75
8e2ce0c89e0c383
492b427188933b3
563f8291a3848e1
766711b4ae83c54
1baa86645bc7e4a
6de7b5b6b3c5792
3ee19404307454e
2006eec109980e2
29c0d6d10344152
86e348583afac14
357adfaf255617a
032caf45402fa02
44c0beb9dd57d66
5ce889c8f71209d
8d76a7149331d2d
99d143f6fcd1371
783ce0b0616d825
29fa7d72398130a
356ae13ee2199f6
4522d7025d8c898
54193b596508b92
4e6e57fac2caafa
20bc13c57df27d4
37abb56b02d967b
37eb36cc47aab8c
44f1244cf6c5873
86e3bc462f67793
734e6a73b46e73e
0d27ba31424e6c3
4b281eab2bd4757
212097cc986d34a
27e7d8fab37d883
596cb0c5903c7a1
91b467ab68fd3ef
7a51c66699cdc21
55ab2ec655db1ef
97915d236954952
9389371e2bba2bb
2dc444d6bff328d
9b091354862db10
09f46cf18f76e9d
280fb4e89e05896
2ccd8dd4f96c324
1096a4c21c8cd21
7f80ce5b531e00b
379351a8303f25b
2c2a479a5c6e5ef
8438ece5e4fc83e
05ba33d23e9b920
83aabd9753c33c4
360bd0d25908eb9
67d5efb37b58b37
1ee762bf08387f2
84c8a3737c8f4ce
6fbbf193f12b532
723538aa462d87b
29b058640222a4f
14847781b2bf6ed
08db53c945a42f6
632096cf4938686
2cdb1e518c83943
9e0a878f88fede4
57fb842ef122d54
5b00677b6291611
648ec827670ab51
7f88c79f53880f0
739963d0164884a
54d4bd7963625e1
5bef1291219b6da
1a5315e00e60314
9c7e02426079872
7c5e0124fa4edb1
91e6d5c44605957
069f10cbc1251f9
6fd580225efa9e4
4e055b11515a042
81978fe023fe52c
94fe9139690a23f
178f376821e02d3
0f4c57dc8d65e05
0fc0f6fbbcbf866
8bab71a76fab2c8
75d5f65de87ef03
70d43430c281b05
72f1b84073ac7a6
563bd74067966e4
3f5dd50649b7638
9c6d7cd967b73b0
58e6f6b14fcb51b
4941b0a1a2ad21e
41bc60ba1ffe9f8
437d8d6e063140a
1bf328b49d5b468
15bef8229452625
7560d283d9c40e4
7dec7fdb5fc7f7b
81224a40d5c1322
0e1b436fca990eb
08dbb30fa1c999e
1e5f3967e98e664
12e025286bcc8a5
85f863dd3b73ebd
4910ca18b143e8e
1fcb0d134b442d0
83fd1cab19d035d
809ed88c40ae8a4
1d329327110a84b
80abf6784e41750
1bcd3ea64bd1027
45d9dd57365fa9a
967e8cee27f88bc
439bd59fffbbd6d
2a77faf16d42db0
607a2d9b1872d59
33e9b2db85d4bc6
5b9cc5b728619af
7b1a2a792ae0f27
7d904bad8fbe94e
44b45790525e02b
7e95d6431f0beb3
132452d1cad854d
2c2eea860cd9057
87364afc10da3d1
9b2b1996e5efcb3
76dba67c116c608
157e5a12e601621
903f200678e586b
3e5009ab7622fe5
7489b1951282641
495736f0649b434
29930daf0525147
885983e8a938f4a
6f4d28063e42d55
33a241c32e696b4
428c34c8bdbd07d
92dda4393bf5a74
3ab7413d3e350f1
5cfdc6696dcbe52
57809c747247511
244789d139f1556
069082516380a3b
14c257ff0b40667
8de417c8f7237e0
3dd13bded00cbd2
8ac8b56627affa8
01353c7228bbb51
013d1975738a7ca
277a0df7ee9777b
05ded7425703c81
972b4e1eee76219
9fd9403d340728a
4d6f5e37376ac15
4fd1d1b34eca1c3
63c0590e289e63f
4025194832150ea
151d268fa1b1461
4220f735d133293
1cf108c084b827c
061be350f31a0f4
51454286a5bf86a
7ed90042b26edeb
71c4fbf81bc5ed5
438aa99d6d01e24
3e529aca3568045
865d119fcd7bf52
0b31c2a33003158
5bdd39e788b1fa8
1ff1b93939c8a7d
8b61a1a94d57005
83625996f1cabde
7132a6c52100495
54d4fe62c58c318
70d71d0617722ab
78ffb170b9555a9
683bf1705b2cef0
8a93f2d1b5f0402
66f2f9129f45506
700385f0f879a84
24439fae88877d7
1001fa3cb58bfa1
57cb5f20eab0eb8
779d8970e2c2484
5938cd1402b58e2
4dfafb839f1d4b1
89f0c464b7c14da
01bb1e1fbbcdf0a
07dcc91c74ec6a4
10e98b837fde27c
6ecb0abd1f907ba
6a6f260bbda2900
6ad0c4842242a25
9514512ca56538e
99b8790f99198c1
86750082ae7307b
5669c8f93f23a39
36a4c4c339a3ce0
1a2e2843dc592bd
4fa140594fa7dc4
8fea452db462e95
4db7eae1ab06707
2902d732bea7625
50c3eb8d9f8ddf9
02ecd926b14206e
9b88657232cc6ff
008608623f21fb2
771323b9c6453cc
1b92f5eeb974997
2ff390d6a734bbc
3e39e51065d3bf9
13c3294a7a86773
4e037731b0b1a84
a0044fc50253362
5114dc60d8f0163
6993396799db489
1a9a98884df673d
35ddc31fdbf31c8
10775589b0c9bfc
53813bcdbae8e27
46031d353436f4a
9a17fc1d0a428b7
336dfbd9528c0c4
6a200f2d4bfcc32
4eec0e38c78c687
5a1a51eedc71e80
7c54300c1f48ce6
8526a68375cf120
4d47ab31655bbfc
0386486ad70b452
899ec24e575767e
3952015c382a6aa
2f07c5129cb5686
66b2aadbb3e9cd4
18eb5f4c0e3e478
1dfbf78f6c36872
43c031b3bd1c5fe
4ea4513a72801a3
0fdf26bb4fdf8dd
67e046f6d6ad374
11dd9973f7b7c77
570ee25a19d9dc4
100e4041a1c6e80
29831805a67c0dd
5be85bc7a61d21a
726f3b5d5e42eab
0bd2cda40f1b8a2
25797c4020e3c4e
02c9a7779af9335
35078a8f3276557
11b4e2ce7ef64af
151423ad5af18f4
81854bad4144f98
4731128ee30bc4e
6f233ee3c5a3152
823becf039a188f
4ae5f77a7d1c084
810467370bf18fd
1dca8902e168436
2328a51868f7b29
7f1fbb6a10cf112
91a23bf1cc2ea9a
596bf4cfdaad4c6
891eda4ceacaf04
8fa9c3707b24cce
345744c5700cd2e
34b0313f5dd334a
94aec9922808893
3daa9f5bbfb030f
009be360eb00158
6f6e6de30c767b2
87a1275fa680ce3
502950e5c576052
5e7c3fafedd34f9
9d6c478a0bfa3b5
57a1aafd2cde076
51831dda204730f
527e518621fba34
6822b0a337737e3
214904a7d8c029c
1eeb3f62231853c
2566b8813afe23d
91dfeac8dff2a63
01363b37b41ca61
53fcae0b8f763a6
3df229226d25e12
2ed47bb8bee576c
324f2b200a4eb65
63e40d3d688a43b
581eab9b1899445
6cb87f8503804fa
63973e47b5b28db
60475e9b0283a0e
5d8daa7598069da
3fe1f2ec1f790a1
12648dce9abfa0c
93ef879c1527426
399ba51ddeba489
2d7172253e1996a
089dfcf25e76130
278ede2109e041b
308d804d0df3d39
8df4e2724b34267
106312f64332668
89786b832b45c66
1f576fd52799ecb
9533dfe823c2558
018aabe533eda44
48fd0f02c50c899
758e0485e1b02d9
5740ba564e1c417
17ff33f5429875e
70b70c9149fb2d5
4bb92df31700525
158f2ab161cd7b4
1d2a17ce9b7bdaf
6046cddd5042866
64d0aa9860b60d5
236e172020e39ed
70d4758bcd8857a
86f06ea84d78491
2488f1941b50107
29b40b892c71d18
571e1365dcb70f9
8b5ff0025d9134b
98ad7d07251b96b
9133fb2384d4143
8993046b0a04b71
86620bcbe43b0a2
0e03d785840d7f7
13b4682210ed272
2a24115788c651b
7c15a2f84b04678
1b95db793763ade
77fc36fcea2cfde
28f8018d1b8d21c
84543a381e6a0d5
7320e1514a3a9f3
2c560a7fa5b5c9c
0ec52faffba15bb
185d30099bb9a88
961426d9be6d697
9958baaac583080
0db502967b8c67e
870290952bf44a0
96482b25356bac2
609bb839896625d
9ded650f8ac2800
54f5ce47450f7b8
775052aea047ec0
8890b69a22244a7
458d7c1c622d016
00cd010d0808ad1
423a2f82b3cb83d
0a4951dfe3e246a
2186cebadac945b
78940199e8a6dcb
45cad4af8100bb6
0e5fff5cb2977d5
108217933a7c6a2
87fa8cf67f5b2d5
8030423a8a1a35f
64f7a4b992a9e08
96109fa26036c3a
0e2e58ae9982a17
864576487721162
0afcc32437d57ed
75c7af9a0af955f
103a9d47df233a9
7f51cbf4a23fa29
987c1c94414dc03
56907b2f7a1dbac
439eec0e420d79d
777f9de6f94397c
0bbb39dc377a98a
03442583de74d8c
9c1cc29087dc52d
7396541916c31df
378e5c99179aedf
91a7335e5e2a519
2be20a52159f00f
31c474e0ad4bbcd
84b22c162da57a8
3095a43686fe63a
93d299cbcb65844
889a7e7b9f65011
27f40dc54928eef
5b6b041fd51a80e
42f3cff5a01c682
044eaa3b963b3f3
048b565ba7e20be
5729cf77be6df77
6ba8f59d357160e
66db9ca8a7e555f
52af585373ab1e9
222352ceb334420
60a9b53ebef8ed9
8c376f867db1445
5919848fc2b6032
483571737bf2a95
42b8ec95d0b54a5
2a3e727fcbcf549
43566f25f3a6bc2
7f301e50524741c
18f71fa53512718
3f8562a05cfe036
6939a814479934b
4117fd44d0d9351
07b7e96379c1f37
2a84c70fc76d888
504563ad0cc7853
74c0eefaf642c03
280a85d52ccef68
0589c8239bc57c9
9a2b87f1ec2a649
3f1f39c35a6d7f2
39ce2871d9699c2
9a0bff872917443
2bd7e83686b835f
4289d556b7af3ac
38e0818dd7475da
9fa47932929e214
1d0651a2733aca0
8af74d84c654daa
75deba1ea2bf6db
a0110a962021d7e
4c473e051333f5f
950778e2c8b7f48
5973f3ff46cbe96
7b8fd4fef7853cb
455375c3014fea9
74259c41f9b9f0a
5ec95f7e36c717c
164542d768797d6
3a3267b3abc6bfd
6319d2fa097eb99
0dccbee7488af8d
6c55272017df207
24d8943d39913b7
8a3523c383f40c3
33ad479f2d7974a
33e21d5dfdd903a
0937526056c22f4
5793c8720d12816
6f74ccd1dec178f
2c56a7674e731bd
41ea16f6564810a
61dbb21d3973b99
8d778f51c8917e5
9979ff17f98b356
6a4024c4ba6fadf
62a6d62e0668ec2
41ff58c091b43a7
9818774489d4255
716cff674f7cc35
88dd47440f9ac05
0a3e5bf54d9d946
1355034dd16f55b
459c2bc09498d8e
6fbc4984bf9e0ca
5cf5c32996bf8ea
2edff0725588b68
00db306a086d9bf
3853d839752b6b7
7ec474ea7e89d19
961ba32e14a9511
529ea226195150f
6a608a8819a32ea
286834f4ccceb97
7a76814c42f9083
85977d45064444e
22f488379709ece
7b5e50c132e6447
793ebf5ccd597fc
56e087c130ed6b9
0307be8d1cb94d3
6dd2ce0e77ef47f
4b0d992b857a12f
948ac4cf228538c
8d10216090e661c
074d33e59eac494
4ffffa7e80bd7fd
0ac0a4dff7230ab
61364cf6c33ce97
214b738e14fcdf4
4f0817e7062068c
2d95816426a993e
30709b06c4df083
92529fe92e6037a
3d2ccf3d84ddb8d
69192e5984badd5
044e3cb14047737
7b51de90cbb97d3
7f4c520fbffa39e
042c8d5046bf753
9615e17af771f57
786c1aa8828d132
7d76d9c3d7914de
9321fc529d7fe96
70c6e1c297c7328
3bcde62b5fd39b5
6acdc1aada8812f
56215acd071a1dd
33c705c6bf937a1
689eb0497a2a674
1fb1f704b6882cf
2e3c94b7490bb9b
4066e376daa0e0c
4181e9bd9401bf5
67bd2d3ba406239
736fc8a7709a728
7509f243831ecfd
1c5e2c52ac1fcf7
72b69fb082d67af
23d73ed88535a0c
2c59484614e1585
49ea6d97554fe01
177a148e3bfb368
27c8cc0d53e04cf
03b32c62f7e8f4b
609665034334edb
4cda1ae4f549abf
48294916a998c6e
7742438fa14e4c8
809ce9654ef493e
1e0c07f5ac326bb
18387ee1e142c85
608d25ddd5a0238
32f61afe8702af4
0518b59b3b6fbf8
350f587ee42c241
4eb2cc2ecc33d34
312a5764c405149
563b0c538876afc
420693d6d64b08d
7724f1c665e9fe9
5f30b49923876d5
8516ced4e46b28c
7567ae324ed1757
0c69f3722ee7f98
83ec196556e76ca
6542a3ec839c616
5503dd6626ecfa9
54c642f2da341f8
703dbf49cad758e
81d4c9d5fc7fedc
9974b7c969c191d
7739b7ac2462dc2
8d00f4e7e75d0a6
88d1a1f96aee03f
45455aee289bd95
313c7102c9427ef
12018b78d323524
1fffa8b9616dd4f
7fda6e261e1ca07
8a7c6cb7a645787
8afb0689e10e295
4c1acf588e9f301
783290c9eb7a120
39ccf4ca8865072
471c8eaf177a628
1451c964604900b
9beabfaf3f972de
055d3c2f302f673
73e6408ff6f4a21
9198f94edb84b31
616d3c1098b38c3
9da29f78248569d
50e7eb46e3b736c
2b7157e4a497175
832b729557134d1
3990539c99a1de8
28311b387cc097b
7b578377bb25e1d
9d5e14862ab05ba
8f29dfc59b4d451
6c0ac2094a867d2
6dacf08855d0beb
99a95b31fd7bf42
1c0b5d1c72b7728
6ea6530453cf7eb
4e614756a955642
1255e8fab76bf1c
9584a8fba51e4fd
339f6beb95c2a3d
563c247f09787c9
5829f10fb2ba609
8640c044deb3fff
9a572913d7288d5
654743454742fae
9a31bb2dc421411
1f478f7872952b2
581289eb530ede0
6e799d9e7002a56
7c1f06c12015557
6d0aee690a26404
2efd48ae10dd269
1fa642052f5c16f
1b775a0f2487624
702bb580172913a
41e2c87c4371ce4
387b8b47fc943f8
9c01d39bea01a78
952d15767a70168
8d600d1e44cc05c
81ae7dcce38241c
9248ba921c61de5
7cc9fe4fd579056
97a50cd5bc54909
918d89441c4d56b
19af539981e29c3
56f2c67687fb111
3037b9e194153e9
86f7d973353754c
3666a9e5d64e4c4
75c84d9e719cb62
954a66921801da0
37d9907c62b0417
581e48c9247da6c
5ea5d0cc3c8f7a8
86df632025b586d
050da2d0922b380
5166671bd4f424f
7afdd16ec42090b
59203ba8c53bc6c
78bd692f68b1ce8
80219688bf4ab9a
9ea6da7c5fb3a79
914ca41c816d0a0
00c3e41e9506550
9daec38a19b0e29
3d0d1664e6c1694
93e8711427a4dad
6417359f17c6de0
431608c36a94105
73d4a426cabfcc4
2d91379f0d31462
8afce1cd8ad79e7
5b5624834b697ff
48b9fca087896f6
49ff36d6d1eb01f
772ac6bd7b1a526
7200ed90f5db87c
7a488aef0deb44c
8d0e43d550072f6
8247a29bac2c9e9
74a030f6fb67726
154dfa5fa1d508f
316eddb2706942b
8d446398c9af5e6
2f3e6e35470949e
4a552bbaa4e13a6
57fad480ddb2028
07835b19fe92bf3
516f991fb63d45b
2ce676e51365054
90dde17896f4644
3867a5539a37ff2
210c16b2f9d17eb
8f59a5d8a0c42e7
29db1b223d45a4e
094c526492bf130
7e988f8b1dbcd93
4e4037e1097ec36
6aa424380fdb6e1
518a92fce5c9943
0bc6bc03ef30ac8
0e669c8f09987bd
2a7c4512a31b4da
08b474c0bdecb32
640a61205366c0b
9f73cefc983350c
69acd8966bc9871
3466492bad05a83
136eb4e97ce2902
4ad584fd2a87dc6
3960449b6aebaa1
3ce60f7f42e5a6f
00b2cde3b36a23a
70cb83576f180cc
43f0681ee87e704
3635d7b98a2e6e0
1fa1c0fbafd6305
67cef352b5be410
602a9f47b514554
1b3ff8ad969bf50
2710ab606c38849
72f8da6b6ba79f9
8f82da58251d99f
5023942f6bb0042
334db47dfdd6479
703af1509fb0c21
32cd7a89e987cb4
90d83b5c62a0a4a
79796c72c0f4bfa
3b3c10be3a9c45b
2ea09d081d1ba3e
5098aa145207845
142d66e65727032
008d43b1da420a1
912885062250bff
97e8db00af39eb1
1eef7322d5a379a
53b4ab4085305f6
09e9b5b86eb75b1
499d72c7a32320d
32a0c3bb57056ca
90c32728fe97399
445461b3d4b81ee
598fc8ed79bc2b5
21de4d43b04985b
8dcb5ffe864994b
138dfff9b5e21a5
6f5890de4b8706d
25809e50b6cfc06
37a4df2786478e2
61e69a5a12a6b12
98b4bca95d3ea5f
5fe0bbde209bb02
48c617890efc1b1
61d8bab712d0832
13818007067160b
76a65cae8544265
0c4b3c7c5766163
78df46279c375bc
0e54db53ad8ddc9
4f784685bb4fe19
990306fa69b367e
0ed78a77490a099
12c358d9579963d
7e37ce1ec6195ad
94fb4765196d5a8
59ce90a194eae9a
0ec55672e2a13a3
1a2fd9f2857e8a4
3476ddefdc823ee
9a82933e10796a4
6fb0618103c1caa
254804df1aefe2b
1c57721a63cbafc
562c1b7b1c36e21
228de0cfa1716cd
5879a62ee04379b
5c755667a63e265
870f33022069db6
14098ab5fb93a83
63b148aa7c2e943
9869a31e5269377
9c51891df8c96ec
5a05870c2bdfba8
6bf8ef648848079
017012b00661443
8cce6db24a31be9
887b7f0ec37095d
1433d51a7cfc7b0
446dd93500568f6
0601ce6bde0acc4
776df2ef32c4614
7b1340f1e9cb06b
754586535605905
1a8fc3d946d659d
01b9adcdc9c8e85
0edb77d1a960ff7
6b60286211398e3
4e5b673f40f89e9
89e56c0efa3d3ed
22e9e8c62a45aa4
04f0a14334fe14e
541696f9512a934
0a4b0c37e4625be
00943db59bd313b
36b96b8a68b6b35
6c4053746f81547
7dffee8600a947d
2f14b878a16c9e7
89a6c6119be0951
01369fc4431f767
6baa6a555a79107
9781d3b2bbd1714
57568dc914dbec3
67067766575553b
6a5ff26d6587199
0c4af89512b88bb
7e571e45c61ebbd
3150e8c9cc161f6
3cfbcc20fc16da2
2cda9cea50a042a
7be8d35cff04bd3
71f96b8d63d3e97
318af2a93191d1e
655562da1a36eb8
517f5ff6070c9ea
2030d156edb740b
905de35c6948d0d
9244d35a66786c0
77e8822a1fdad45
501ca844d993394
8f319263009e73d
61af0f68cdf0d2e
10b85f704735cdb
693d13f3ea2b09d
03ea9530c264fc2
47ac9e0d72f5ad7
885d0396a9730d9
5d576bb2123fd21
6832cb472bd9a27
6fbd934b3ec595b
5cdf4779066c55b
9bf74542fe53293
61be8edc50685ad
277805048f2ab57
901318c5e9bf7f3
2946e715aff9c51
78b648b90d6de81
8d7773612850d20
79bb0344a363ee2
760f779503f8dd7
30a4eb157d3f3b9
8501e2ffafb66c6
68e8dd5dbf1ae00
5f02a0f965800e5
8ece8687de3a559
98d28b7b19876e6
418ef4750188d96
58ec6e15849d386
1eb5820ce923547
874263c15c1cb99
970f0048de2389c
6d8459b43cf4a2a
7edcfed7139b9c0
4e4801c5822187a
2dc4062623cb04f
3ffc53d7f00f64e
1d69c80902b2bad
7cdf8a1d9510a89
73e902dbf5ceccf
47fdfe58fd16c42
160df37a15d30d4
9d884e91bcea594
411463876c5d88a
3b10374a0dda5b2
55c440edb346ba7
38704ba37d24312
4fcec902656b96d
7a74a0594abbcfb
2bc5e0168be38c3
2c093c8a872ed6a
862af31d9c54a6a
63ed98185addc98
3a828e7cd5ebd4e
1585122806662a1
5901b1b96330ae5
5a07bf8183788f4
0fa84254690f1e8
749ff1b96a0fe7a
60c46b1d29e1c0a
46166346f6ac47e
42dbed4e8ff7f88
4c44c18325d3e48
65598489d0b683e
988b0046fad6fd8
4f9bf3d1bf25c87
9e4299c2c1d2fba
357a7a51546b73a
1cb248972a525f6
3ccf151bb2455b9
5e0dd90ed86d264
1fe080b31c0614a
93244c6e8f1734b
65d7ca6e764b7e3
10f5216a36c4d7c
6df5013fcf0720b
187015348602067
273e393bcb321d6
5c8d86c38f34de6
62dcd1cf02cb653
232205f5948b913
2ea0d7de016a2c7
4dc2f7447bb8a9b
628a8d5cee73c2e
88eee207252ec6d
855aec9763a01e6
7ebbd78fe6ff50c
03e91f1f939e544
3af0217a64bfda4
3f2fb4a556ee498
7d51906db948167
82c96289b2975b0
75edb801f64a33f
9eedfa8ecb52256
19b62fad28ebdca
3cf6cd4fd7b8fab
07b877f486ee640
3e1fa4b0bce3158
2e3e27196fe5b68
3b0a1fc0d3b3c73
291789c2ed3f2e6
38e75ac92e93f09
6e5d72439b021c9
5a44955c02ba9dd
2c4c1e0a4d612ba
2165881b1912563
07a90362105a1e4
045dfb474ca823a
77b0c696cfff956
4e5054e6ec089e7
8c3ba91be9a7be8
95ceaa508bb9f94
74e3e7b13dc5a55
34ed2441e01725e
93fc27bf478e17a
91d989812978926
9e07c1a3047f943
52f4a2eeeaf2c6c
319ccd8b2ac5845
943ad130c646afa
39e109c6a0d4db9
05c4fee68ab290d
9e7882d13992b14
10321ae1e66bb68
5f1bc6fe638c7da
4a31f71a50e4541
5b025ec16d64c1c
4dd82927957ed8c
58300c64af70db2
4f175c563ac7d92
6bd7d67908c0804
6b6580282de7e9e
78326c4e2aeb8af
9ebaf55fefe7a82
19800a3ea06fc4b
381fc8fe54ffaea
2976198e4a1b2cb
4452d8667de8576
200a982855153c1
2bffd082bd5ffd4
47447d76c586575
4648dd57fcd2f0d
5b4ce7c895085fe
53f09230c760164
6b2c46028967247
5ce526a88461b28
4c7ced37a5c0de9
5a9c0b6f19eecbe
245e081c20449db
599b6d70a390ee6
104d51512a65eee
57eb55e087bd683
42384fc4df207c2
5990f4cf555932a
92301f4bd27fc82
04bf69c135c5f24
185529e50d0440c
25c086a8d1e7240
3eec27270cb1191
0077b48560f0209
65211c11ab85e85
290758a682ded1d
3e2d5ca9869f345
9c4bd7694b85ac4
58f3f11864f63c3
0f772e911aa0a06
032570979bd7b6a
21c5abdf28767b4
1e31110566ed9dc
3e74b905e92e85f
4ac3b937d62c5e3
2e5dd59cb7d7eb4
21b2c68d9ea404d
7f5eda453ee7c26
5684f4fdbaf32e9
571a689154ea40e
7a0030a9d6f66c0
03a8a4a1ac4c184
47037f8ed0ef5c9
50e298687f95c57
9b2048a782ddddc
3cece4a8092ecd2
667e4272a73858f
69a8f1d605fb6af
9a97bb0629a019d
5aacf93bec2cef6
1f68e2387dc5fae
17f290c8e33d88b
332fc99e865f051
7cb10cd4dd589f1
270fde4145e037a
88c43d499b99601
77ed59b06b7757a
5b0dadd20178e11
47d223b376160fe
064d8b896c588de
04b897dac39764d
47e51dedd5fb76a
85633ae6091093c
4b5e04a7f1cd2d3
097146debeee163
1504626bd0559bb
1d8680a59eb3446
28699fde8295f4c
8b9d995c9bbf40e
03d5d7d5f4fd742
4b006965594dee1
6e9815db3eb22b4
1294ba670330772
03d215941864a56
3418c8cdb556db7
490e94efc398c3c
951743d14d86935
9570e8e0ef4c095
831e167dcad665f
7429b7749441e52
4e04e7f16cd6758
738090225d92921
8f2877d3070cb71
3582d41a2aed8f8
13a9a026dff1ae0
6075e8c89197f85
53149cbe5a806c4
4227f06707e29b3
465bbcb8dd68a39
586ae2c175d3171
8049588303fb8d8
0d6fb2c2cffcda6
95ca3428b0f3d1f
0ad29073fb07783
9386d4a4e0d714c
6c4fe4edd2faee7
4bc0937300e67d7
29fc5dbab52b5fe
2e676ead183d150
483d83435a6229d
963ebf8a6bf1cf7
82af77add46bb1c
86f9a09463c6fdf
4c94c1e111259fc
62d401e949845a4
05f6d91ac99de2d
47aaaa8b5141079
05cea4501f5dd69
990e468c6cf514e
95181ea08c7fd4d
6da7aeaa6ea00c4
242bdb9d711af49
533de69be0fd6c7
96a54c0db964e6a
9b41b728b41d1d0
8a917e70a9d308a
7bd2ff901673e9d
751ccdce58f37ba
772a87dfba19804
22aa3f01935a969
411cdc0708f85e2
50dd373de0a58c2
16e478e2adf4347
74ed3ad340bb9bf
0e14db832891f2c
3fc80309a80b0b0
9c7720515a7dc21
4c149672d92770b
9acb2daf781a4f1
5f6e227ded1330e
57d86250b3068c0
0045c9af3cd9a03
60efe18b9471585
0126d662ca63693
84d2562bacc30f1
32014350119e9c0
7dcca54a870acb3
1430fd09f11f7f8
0256d2572991e0d
41374a0c5d9a4f1
8504a3f4b00ef8f
21322024a183603
1cf963cc7ca444e
4ec149534131f21
6354b31ca151a92
8d63c8111e2cc7b
31eaaec7ea1c558
69258e9da98b9f0
325bab7d63532c7
0fb1f48d76f7f0d
366427062958339
0231c73e81c23b3
25972adafc4aa77
2cbdd6c7fda9a1a
4d9e326218b07ab
0b3aea6c6f64079
3bb75d0a4547723
009eae349f98f9f
3af0c499b9e0511
263d82947a3d4a5
50b36cb5664e649
10aaf4876355c13
17ab00485c507d3
9473a2049813b27
3ffa98797f31f89
8f91fbf352a1d2c
64ecb16b08c7ee4
887addfcd54ef61
7d1a8b901118d02
95396466d197b8a
3593054421da1fa
31a7c77b6430c24
3f8c1383b3c5aca
5cfcf4a186cf8f5
539285ba7f179be
563021ecdf17357
6252d87b9584da6
6c40acb34d57568
49cc35cf8d1502d
6db288d8d0ee9ef
1eb62ab551825bd
621a17f26472446
15d2601718967df
7cd68580125cda2
96342ba260b80aa
76704a3ef221df4
469910f0c440fc4
8e172dcc14a04d2
8b733142ae1de0d
1aed8b5dd4c638a
56424405dea7a96
35ee10e946fb87c
5fb8ae518116cc8
2189f2f25f0ab6e
6a86164081c6b90
477865df737a4f2
0ecb968e7b835c7
7e83a610d06ce02
19efc1e614ae203
8e7103212613780
06ff199cdbfd391
471a5ca4caca941
509a1bcc924b069
91efdf361672f3b
528eeb36f37cda8
16d27df67cc3a2f
5959cf669ae1e0c
3fcd6a7a0a2feae
0134de32c565849
7585ef0ca816cb8
6e6e3cb42cd5d2c
07819eabbbc5d21
36f0eca47b45079
4de0f079677cb65
4008238d89a8d5f
0537f64765deefa
3501e2f80471753
6c2ceea773e6ec7
0a636c2b710ff06
5d20ca459baf199
4777e83fb88df51
333c146539c48dd
4bf735d8b162659
3a29aa2f7ac5599
71c039159b912bc
958e46543ef8cc8
048f65dc667bdf9
7246fd9c6fa76ca
865f211dac2bf30
73abb962d241b8a
15d90734ef5ce28
7d884b76c247b24
23a680225377243
14ae23358127678
9fa3776c6c57398
0b2f884da901b96
0874af19b577c9b
0a96cb9170a318c
515c900495714e2
985065556c2b7b3
325ff865126a9f4
472915f83174b7e
51a45ba0f717759
9697a1c4c7c775b
33feb98ab27f7b9
58f09141aff6f5b
149eee27908a271
38a0b2b70121d97
38ca9f80aa7e77d
4727485825eb5a3
2eab18b0fc609e0
10cad49e193da7b
8b7616a1ce7c8ce
7c988fc6b760605
6485970eb72aec8
2d31f4a63e18e3a
86d77f38fd474ec
526955b7bd85ce5
1c2bf13827f8960
53e89c73c36a2e7
56415c94c749b6b
7aa4182ca38cfc4
15aad8ef7201cc6
54fabc3a4b884b3
059156064384505
729faaf8e4d5792
523e38c9b083e81
5fb183d651b1105
9986426d53fb4a5
64a5be8aa367ef6
077e03836230602
747f9fd4b9b863a
38cb201f4f9c212
06a5c0eaa36a2cf
4d918ff865bb4ed
5ebd3eab6258d58
0d0a7da6a6ed051
625c4745e58dd7a
597b378c8d8807d
20a1d14ca670acc
471784b5b833ea3
511c56fa7d15330
43fb80121c210fd
2eeb8e22c36f1db
8579df5e622c792
5593c1c23a27ba5
7d63f1d52e118c3
3a59e61da5d8bcd
94c7b071b2f98bd
898d9613e6f7368
3cce0356020f8ca
3a2278c099cf817
61714c700ee6791
544ff72e8715d35
585470d0d08a205
1dcd9a60d11784e
50ea3a4d0822f2f
9bf01a27db343f4
0bb0704e507a6ff
35ee0b681b25761
1760b6f8f018edb
6a74baeb07b9a1e
0c04d01047be69d
8a7678939d3d7b7
883cb0b8118348b
86199cd67e5ddcb
48702c8cd1d9860
11ecefc4758c6d6
4fdd7adadee636f
34312a23c2bd099
0717e819c369385
3e84750d243fe3d
466d6085df18227
5697d799631aaba
1048ee1a3468cae
6d1f8488bc61489
32f79b3189dc4dd
07e9d0b43099644
16f8d1a7fd63385
0fda57164b3a47a
8433d4085d96f73
656316e9b190ee1
2a51d948fb6d368
5e9bf345d980fed
53cf316d7cd56af
1fc83c6f969efeb
4227e4f924cf618
4e81c7bbb721346
52c2bb984bdf24d
52eadecf3af2fe2
2614b337173e6c6
439bc4804fe7f2e
9e397c34c9ca997
488212063677cfa
9f6a2c89ada6546
3f34cf32ef2fc51
7aec9fc0692c626
4391e6a77ac31af
065de02a0040b0b
5f708bf7aa6c653
265bb93e834e7a8
351080906d316eb
0a563279a3dd5fe
44582f230ae7e23
567a210a006fca2
22d39c42de014fe
265298cbbe8e31e
5cb080486b37497
10216581bf26116
00678500194b060
36795ca84309bdf
3f043ddeb55c0c0
842ce8c4ed1f44d
033d9f0ea3ae7f1
546fb4aeed54c06
46b6d3046ab0682
1f8a3cccb33e8a9
58f589f3a3c6ab1
18891028ab8a97b
9b26e0381719532
3dee3b76dea38d3
18519207e9013a9
0362e94855f776c
2489085e6a81494
8fe1bf7c566a6a0
0cd037031cdad4c
3ccef8d57bf9fbf
47eea81ee71c892
00c985b20d26892
486f66d57fd3f43
1926dfc6064c740
7143c21d27ee10d
9355b3c3539b4b4
7c0b0ac3d5744f8
2adf3ead1cebc93
11389f4791acf32
17689a4620f11e3
10571f32f29c08a
38e424114cecef3
7d0ee841be42030
27acb6274dd6014
796f589a05c14a2
0fd28853b38a7bc
30bc86ff0cee2f8
497e096eab9a61b
8e8cee6fc25a5c8
4d9e00efc19f0d7
521fe81b1702d96
592abfd63df6350
65a79a2a1426e53
5d03a1880f0d8cb
055e6e544e40e25
6845aae0c112479
2b920ce03a3c1dd
19e3b3e65df66df
2227a1391be2207
8aedee199d71d00
6bb6624ec330c93
2aad6d826414fbd
918cfff1c97978b
856cd8d9bd40f05
03682a71199265c
53cb7836afacac7
299fb141644dcf1
4910c1bdb2c16fe
3e047b4010ac4b4
3a3ffd947d4998d
6e6322b99ebc768
961425374512c1f
19e5c31b02d7cf1
6e83a8ee12e33e8
431de527d47c4a5
0baa6f69cf6a4b3
2579db3e103a146
45528956ba34392
3061087533456c2
190d4f7e1349981
2c325b635747623
89154c56283454b
453992a1b2e6dda
8c21cbe23e7f7d6
7ebf64f65bd5fa4
826ee0491ec50a9
0022785fed456b5
790ff5cffbf75e7
221fe8a68a3f6a5
0740366c15bd494
59344999c073d47
1a3bd09bf039474
8ec8daca358ed28
5471c05cbf2c631
1eba1839e507ef5
3a4167f9a034deb
3fdbb2289b9082e
587447bba103a69
78694eee9e26a85
68dd2b1eeea5476
869b87ec805aa2b
9eb981cccd38e1b
8e7dae6d2656f85
4e24ad4a737f184
2953d3a09964bf6
72f878a3dca9e53
1578fbe681c8fd0
2bf8ef514b9ede0
2f4e52bc8a3631d
5b1c69bdb7a3eca
8acfeabad267d79
54ab9c24cf076b4
938f02b663d7923
05c5ceae4757ae2
7df60e857e38597
543ed16a47186ea
58c7cbcd2de449f
8029559d5b11ddb
6c6425e25c537a3
5a658e4f842e2cb
7e08beb8f88a458
8cb878e0c96ff25
4de41a3750df93d
953c261dfc9effc
8419f0e1614d4b8
808f4043677bcb5
7f5fa0cac748e7a
786016584759f74
5c819bce6505c6e
30aad5a3665f27e
09cbe49dd2c99ea
39d318361f86a6d
6b0c2f48d1d9b46
91e1b654570bea6
82c44ecbdab5ad6
49af0a8b9e8a3b5
5cc49cd3c0b5cd6
12d372e05fa0ce6
94bd8473a82cd2b
673858a8ce28824
4ea1fde2031e02b
21c6bccbe8f8cf8
7277257e1582fc4
151fbb53c65e0bb
689668721015677
31f77b2be1c9ffa
6e0244d734b78fb
05e752c65b8f578
12618eefc5174e7
5f4c5525de2212d
9fc7bbbca2ea6a1
5ee01e35212f748
5226421443a6995
799407fb8c310e3
5269a4942235981
8df1f7fab6b11b3
8fe06ab0dee2d80
88977b8e8db7b71
3ac0824d3bf0a6d
522d774535e5d89
118379507c755b7
2f96f6184c5af8a
763a27d3f9132e9
589458f3dd9bbf4
64e0cdd92e4f5e8
187db21b1e32337
2775fc410fe8f6e
1252b586fd1a558
7d3d06d14c76f1f
611a7b9b024239d
8090a6501fc796d
82b8d26702c71e6
59dd82bd73137bd
399e0394533587f
377f5ca4ee7af54
202e8c295e00d68
286ad89409b947e
13d4771fdb70e74
9168390b54e5bef
29940560f4b27bc
83c5908255e95a8
982c4fe880542d2
6dc5a8e3a37db19
00b9c1c67854657
866441ad7b411a9
1ebae95657e23af
165419c45b64613
00c41594c7049f9
92c43d7a8c1ceb3
4a231342073dd6a
26d483ec85d5bdf
04c07c3d33e4749
0dd1de3a547b884
925eed72ecbac49
64002ac20e40155
42d5e35682698db
0be44549e7ee642
0d2a7ee18396707
11ec8c5c5de7f0d
8f2bd60ff8d60a6
806fb668ca08c88
60e5e379cdad867
11f146d45e73c69
7740153ff6f94c7
9433a7649cd8140
7295cda1810cca7
19fee1d6f1fd358
4e4fff68a54b29e
1f9de1905216dfe
60e28f609900476
9a71599d415c5f2
5174e92de9691f4
88c8aa17cf7d9c1
97000fa6001f692
26bee80b51b9f1f
20cac62615554f4
39724c857167a72
09d52160d4c5c77
88150ae54c86b69
09b048427d8e79c
0bc8da1c5feb588
9dcabffd01b0788
3f37d21ab92cad3
62105bd6a0ad00f
7f835417373c0b6
6847bee7e498fa7
630be9058d321c0
3702487d7456e95
64febfb783a89d5
776425a3197e713
024b4309f0a65d6
0c85b539d731b28
65375acc61768f6
9278c1b38f926c5
5bc34b467ab9ec6
419c6109ed63a03
3a2aabed8dc1555
2a7b0b24d7b5eb7
272c4954a3fdbdb
41a8a746f383d60
53d223b0359af23
45879a5330e2361
2d1bb897f7657a4
509541822d3ed06
3d8fa5aa5d29280
342362cb4d3afe5
861a7a4a6c4b41a
75d458f7cf25571
4f43fec6aaefead
6c54b04b3faf106
6da5047825fb9d8
522f4927c14e282
6c43a7f210598d4
0436eeb2e1c238d
41256fa76934edd
4c3c4f914fb3433
935adc0289c9c1c
7f2b504ad350b6a
0562ab25deabfef
8451194dc0db7fa
81010f61c0a917b
677e139a6db54f3
846bebf9f11ad44
676027c1691ab1b
1439cd606782164
401615efe3d166c
0bd88e5ad54b92e
95836c5563e3b7c
52de06c8d342d44
0b8157e2be8ae71
490363b3d277bb7
312bc2485812bbc
945331262d6262f
32e892cd785347b
6eff99a254e6feb
6c3d41592423d19
3a60a662c7f3535
76eb92692de4c12
7d56818eabe8061
5a21d5f6a78b09e
7e0536b78f9a0ef
4883149ba343de3
819436a7fb3cec6
271d69a6c7298c9
8dd0eaa43dc7211
14e869702d76587
99021c56075abbc
47cb83d570eaec3
4388cb80e517ea8
79f2cecc92b5646
12e052c0204b5c8
39d3be79e3cf0ee
8acd4900be18f7b
502ade98b7fe84f
0790a18368bf623
473eed4fffb64e9
2970206bf0c821f
9ad680df2d6da54
3546e016c7c08e0
6b71a87cb0d9146
07cae7584eba39d
24cb91bdc65c802
2b6c0191c0acd6d
4b86483899a4997
6e460d7234c8e79
0ddb4e90c4ffd74
7dfa5bc1dd0b8f8
4576014777bcf29
9e5ceb57f3d8c32
4d1e7c4c401dfa8
159e606bc291ec4
0059cb17858fb3f
459db81bc7fddb4
5ec3482da3bb5ec
4a26b649b18090f
40855bde16bd035
643164ed8866ac6
5c065524374f50a
19b806ae8ea28ca
4405db2d21fd4ea
98c1f37c7658d42
8833c643f3a87b7
5a81989c6baf4ea
04a11dfa9050dd5
1e744c3f04455b6
3e907fa9ced8654
1ea1b7a96912e3a
15f4f0d07ed1b2e
489daa2321d50e4
323f6a0945e3b2d
883d18fa7242be1
979ad563861592f
1fa1b0901862aa1
9ab33f790505a8c
32bcfea6d563570
9592b86becb473d
083c3e067293914
45f0c076049bcc1
8f2d877c019fab0
5a39e551c94ee8e
975e4ed4e0b6ce5
8d908231033e38d
64388f526b948b1
9e40ca7054c7616
12727a95d4b1907
6db60986f315ab4
2ec65a7a7a8c32c
3a10b49b728e87a
2ba426914a2ac6a
0882e2cfa1e1d81
01bd0d49ef0ba17
158c6dac5cd8bef
4b068d4d96cb879
8de2fdf0bccdb01
12647cd8b5d9282
65e30adb5d62e5a
285df192d45e8f5
3d239e72ec8f1d7
817c13334310ce0
00b86b19cecb85b
7f6e42367619e74
0a8bd381e90033b
47f6f1f6ebf5124
251e943c06c0836
2792e2c68482be3
9a5416018c352c0
91cab78e209b640
7d6d4a7d7b3d651
79fdf1e273b560d
98ee163dddc0ab8
9362fb392562a33
0aa15cf82084d14
40aea7adfef3b62
8511c887ad7ef3d
7fc5bdffaa5c475
78789d60b8dda3e
63f158ffe5d53a1
808700ffc73abe9
1758d757d3c423a
653f0d8a77d9d2b
838a3ce8c4b105b
96bba042650cea4
9a83869ee015cc5
1f14047878e2612
8ee540f97b96257
0a26e9410a9e8bd
1e1ec102fc1ae65
46d5c26b88be5c1
04cfc5d5a19c974
1cf74a98c2391ce
5eb2705d7d8eece
64bf92a7162eddb
72741c516bed090
4d3b51975ba371b
45cc3419606a58b
2ea3488d9630826
320ee4ca74db0a2
9573ab114bf1981
431cc99317bd7cb
0c466d9039d7817
51c6cf3fa2baef5
a0044a8f82f62b0
0301e2737d75b38
7474ff091d08a6d
24dfa2115187781
7210e8e0746404c
71dd8376798bdcd
6aae33ac540948a
84c068c3b1eb644
73f03b4284c29d3
4a83ae4ca038854
00d001ce542e32d
9bdfec1c964a55c
3daf90278d9bd5f
7602cc6cf8a1a21
892c2e4e5c19a8c
113195eaf219d3a
7131f1f888dc4ec
5232a327fdcc98a
421752b915d69f3
3c971ce44018173
47fb75a8f92879e
9810bb5d93c826b
6b479ca1db7e5d9
925143a3c8dfc96
34cbddc849752c5
51e72b1f16d5205
9e963f0132c628a
9d8705325b2b65e
88a0865ef9ebc63
558ce40b861e195
583a2805aaec58f
3c6b95be75fdf28
346218782490963
9b93769db1f7d09
887341fd19aec7a
170272c25c471f0
42560f2e1177c02
70c61dc5e430907
4bb333cc350642e
02b46b9fd19571a
60487e264369305
72e00c2d5f863a4
91bdd5913cd1f83
8733a4334178a19
5df312fab6e8030
3843c522bde0d29
87e646cd5672991
943e8e83cf5f711
5883cb3783b7f48
99b2c05cb82cca4
1a031d945b770cb
22c662ceb679c42
52aadae33038512
501b0067ce8d835
2d982f464895877
8f7d8ae5a418a89
08187c1173fbbc1
9ae89a85146b0cd
567e75d485e8500
7313127f2a800ef
7b309106692aef9
5949ec2e362a8fe
5a6a7bf9a3d9dc7
4d54a4c421a2f67
517e1a6653190e3
78807caa327a727
86a1155925606f9
8712c87e050b562
084a1b3ece34a89
0b19763ee40c9c8
71fb4245ddd5b3f
95fef08c1a10034
8ab25f02f42179f
2cb2964fa6567f0
086af87d0b3880e
03dce25c789f023
6af3c72a583c79b
36f0fac09190e13
7a7cc615a48f142
696a13719f96a8a
0e18278208db136
3b0efa15bbc595f
97e93618049ea41
32bd8c091a371c6
08c80645cf0785b
7f912056b3c3996
97335cdf3cc4397
8280a6b97405bf6
3acceda83816290
25ffda9aeb948f5
502ce4e1cd20fb9
55a74453907572b
5d438c39f1aa756
35ade21be73b58f
54754763b68ff1d
33dab2ad99fae15
8fa8ad55ff4c2fa
74f61124969f61f
631fa3ca0f73a4c
481dd589ff1e048
13611631f3965da
0635b702abd6906
20f8b0550db67bb
54ace0c0794c6c3
61e2a40a4214b01
05f2146d9bb3a95
9e57e37a853054c
5158fdccf03c9dd
387f819d773f977
8e8c08a768d45bd
32949b8232dc7bf
0962c84bed1e866
5cec6bd58de69ed
10eea7ce466d0d0
75cf5bb7c9bc7b4
9faaebdfc2b9d01
07ba58c7a1b20f0
20874cffc423524
22e949d6eb8589e
9714b217b3ac92b
6d8e99df39ea523
73509e23a8ee6ea
064a7884381d571
8514cac088c4aee
155d971b1187786
7136db997fd2cc7
34b810808b41ea2
39530bafe4ffee2
924299b773128e9
2792a0dfc451f72
410a26000856bf2
65e4cdaaa268c53
0535ef26af41931
5ae3160188a2df0
579fc1030463e29
061b5af84ff34dd
132330a1b10a17e
2f2abb71bc6070b
7654cfa1e55f010
27405b53cdf03b0
697c4c22beaec34
4c2a1fb00c4b30f
2d6a5de509935b5
7f10d94c58161bf
3aeaa525a2dfffc
982275775094435
14160e920f45ac0
5e2b0e75d1afedf
8d0546b7ebfa1d8
1c6e97571e2504d
4331ebc81783dba
8caee259a9fcbf8
2fac7cb6491752d
41b7fc1207c9096
88adfcec85757af
30c9d51e4e6a03c
3a76224e60abf40
719113cfe87752e
79b0d51a73f954e
0bbba2644b2559f
260d4af1f94f65e
78b1de4874846a9
1052147ca68df22
787785c073d320f
9242b68a37f9f97
8ed0fc6288758d1
3ee9457cebd1b9d
20559719dc348f0
1537ba8609da5d5
5085867c22194b0
310155b46526aaa
2ae48ebd3bd99d3
4e43d75cd2f4b03
5367841704cfacc
11822f9d6611735
9d859e5856ae0e8
5e0e15d3e4586f6
0af9b2b7bdd3f17
570b6a38f8cad6e
4d25cc877770e06
16d8319a3b96ffa
782f52e4858e081
62670c9beb6945a
489c447af738f9a
23b3c22d42a3f19
50cd66c3b3918bf
17f8e1da9cd17df
006f7163a75fb8f
9f373074acd731b
697cd36494ebf55
6e99ba32e7b14df
8428f008ab4578f
16b420402f94779
10b6c3f5102058a
622dc737664f500
1579e736d49d1e5
39d5b7d7764021d
79c089236387574
67d5d4062c59245
0ef12cfadb87953
8ccd1ea82ba7493
47f9389251bad7d
47413482121df67
9d607886e3415a0
0e9a8bfa942d23e
4d1d63b0fa8b024
1ec68946fb64eed
9ecd2c69404cffc
59ad4ed238585b8
1862f23d1aa2e72
957e067c1405f36
018e7db32535896
8459d27f390b67b
75c44b7720b013d
5a5dc5c16f20547
3503dc5d2298059
45290969f8aa2b3
74579104b5551e6
29139859bfd5a14
45bdf8adeab028a
31eac9595d0f14f
0f96203f6dfd61d
9c18be4b5a67274
3345524f8e12238
303f5541f8114a4
2eefd9da223ab30
66ed6b6f8a3c207
25cfeb6f5779505
4ed572cd53fcbc8
693f5e9eadc7464
3105f2142ec6e64
14532f956bf6eb7
27d21228ee7ac50
1d081a5c04fc8eb
761c64fc7b8661b
5ecb03699056fc0
2265ef80608d326
8a9f23e5a39bc77
85fbc61faeaa96f
324dd74a974f825
99782807f7e3fca
5bf4fb4c10fb5a6
828d4065b52b9f3
6e64d2ae7ed86a3
49d61ab897f73bd
1c0968607221d50
6323a972665acf0
8132e2e651ff53d
2f5e0ba2e4173a2
94e988716654640
1adf9dd284e8b52
2112adc11de2418
17b64977093a41a
92f7512df10ab91
640469f64f3a01e
425ec60c74f0ac2
04624c68295e5f9
9cbd27dfefc9e18
2be65564f39c6e3
90f4efbffc4ce41
6d873cc4831df1d
1ab71db1f9644b8
9e30889189277cf
75def321d2053ab
6703eaee3ffbe3d
30637d1529e730d
5372f018413aec5
09679950ccbbbc7
38c8440be9c1770
0a1aded0854ff64
3f46a167a3ba2c1
3d3df62c26d687a
620c87931c9c14f
74b2af5c3c31416
65d829d48db4246
5f08194741c5367
1ef73dc2b9217e4
567e1895269a77c
15095c38c6ffee5
03503ef43ed653a
07e58e81905d9e2
93545af8bdfc3fa
72778b353861804
081e1cc65f56702
45791e7e2aa24d1
6992a7f7ce504ee
924bc693c85788d
3e09c31d45d41f2
67026b04f7450cd
88ca0aeebf59d9a
4b0e4bb863977c6
1415f36a76de4b9
5c2cdad43414585
507d137708b917b
63cee0002c83f8a
69227e70dd9489f
9c3b260ea555c24
19ae4b07adad2b7
54d977447f3f3d9
78bf65f9c1e3b08
67aecbd461ac535
0835569b97ceda2
9652282ba35539a
79c11ca503548b2
423e10d796d9461
1889cdab12d3e18
3ade90b1aaa5ef2
579b894cf6fd6c7
88b69e4ab53adf9
97a251cb3ef1a2f
12063405a7e90ae
86aac8c69934020
4d74906ccd49a59
3b3dcd9fc6cebce
8620d09a0bd15d4
2cbcadda7e7c549
11c0f84346ff69f
1dd2668961c2a91
956da9c9eabc10c
4c1873e494f7cd0
38756880fbc2e20
8001e214a58d012
8b11b43198f4f5e
76e660c7b547b20
0f710d154d355ff
24973bb229a9295
6167ee1e3973711
395733f3a37d598
8c4750158dc962a
8dec03b09b1fc97
1ba50d91a432379
42928b78b018a57
9f77da16f6a0979
12bea5e0660fc37
34697f627629d54
813ee4080b2cb1d
915e2de811bbfaa
195d6855eb6a79c
70e31e653ade54f
4bb79d2ac4df701
193d464399f630d
947aa922f799fc2
526adf567d69392
16cf9f9822eaf9f
833f4704cca59a5
02a8461c80cb0b3
2321aceadda1219
174105bff5eec31
6266535d5082ede
9c6ae98a0c08ea8
5cb8b1b070aa5ab
9ceaef30327a6e0
38e03e7add54317
5e7cb1598768318
65bfae5b3d6e1d0
0171387668cf6b8
309d0b48e383541
82e6f4ac66b9dc5
54b1a235a819c03
997e2eb3687bdef
0a623109f3bb022
199b9c35e26af63
08f24e132521b14
3cc35098508fea9
884a63757699ff0
83370b1c9c38e35
0593bbd53448582
1dded8d659992c7
0bc640b147475da
0e9e81acc1c218f
83fbb513b944ff7
0328caeaf5b2e76
35698c58d8d1d97
80df7d01be9259d
0a80767402bfa61
8951fa6bd0f4da3
0a542a5f003905b
71fa801ffd2491f
89485a95f4bb5b2
358652ebf9274c5
553d596c14d6939
8b2049485a8c5ed
5e6b11b90c0e2ed
97fe7fb71628c7d
8a552e475860b24
3540cc2fd23b05c
24bf93a433f60c4
7e77ae1177163e9
9803c46af2b4bee
6779ddde968c19a
476f1e77d9b7c8d
1837c24452d95f5
43d096e11df0e36
195626e1ab1ac26
37171352aee5d3d
498dd8a1149bf7f
1701eabfec5f0df
22a5b16f225b2f6
34eb3d5acf5aed5
8f3f1a2bf2b8611
974501d7a062f17
3516d3c9c8b7969
74653fc7adb1cf0
40ed1084fab19e4
2c16d4358d481a0
7006515cc32e941
801d2b37aae014d
1d6c8046a30f472
849b724c4dda7d9
054794c525c8db9
63caf04244f7043
3a0d54d8100be39
7f195beab7c04b9
9b6d0de7c681a95
25d77f7a1b3b749
2852e05712d9a04
86c1be0b53f7a22
4493c5acd2d7e1f
657e00a034b815b
917cdf2c18a75af
0313c93171a837d
06685e9669251ae
81f86f3be837b2a
900f26e6b15fc3d
6a235ac351c9cb3
4d01b0054813b29
810aa020b79f528
839f57be2744ea4
77c10cc37ad1c93
8e148be1bbff41e
471a8d2d98b1b23
2400cff68f27248
147f67ee4f99250
73bf07059ecf6d4
8ad89fa8516d816
0e50f5aa4e8bcaa
3c05cf9aaa6a459
393c47d4b627e40
34d8b1a1cdc3332
0def0380ee3f2dc
69e7784af737c06
55d04bce205e544
725d01d839f56c1
84b869e2d57ad65
3b2d3ba4028e492
568075d593a5bba
3e1126f81a78ef6
2f425d339d7a82f
2e915076e3fcc4e
91373d50b107464
87c335b57639c99
2f5428b73ace6fd
51137f7e5ed2380
363749026743289
8b67ab04cdc53b9
0c73710d50e4cea
6611cddd893ddf0
57bc5710370837a
32ca07b070e3ebe
54a3b064672e3ef
605cf5802192669
40c610289456c83
80fc89c3025f943
1b2b666b8a01fa0
488d63476919932
49a94c683f3bb1f
606564473695a6d
259e0860dc7be6f
08115443d6d87e5
9efad4c1809ffd6
356e04fd22cb4bf
0781a8599caa677
78ab3133ff52be2
4410e1acbee851d
55f363299407f10
1e197441b66d7d9
205e21d676da19b
817dbfd79e097bc
3510c8a06371f76
8d4bb452ede2972
5a3cd67f54fec22
3668a391236d96a
4aa3862a751b97c
887ae22069ec928
0c5cbb88de62c5b
7602ebe02039230
2c0980e31838650
510595b7afd477f
19f300157f4f870
4fafb563c0d60f0
923c613aba2d6e8
5fef7719fb1a2b4
0e4118fde20d08c
1516c27cdea24e5
1ccc4cfc066f56f
51454e5eb088ac9
86a28cf30476af0
88700ba58dbeb97
8f27e6512f57cc3
591520f5a2f6fbb
9284f1bdc41c2cd
62f5feee1e549fc
8e08f7154c50ca6
985013799ac0a2c
1ff21b98c603799
4fabc2c30b91e0d
05edb1e056f35ea
99b1a1769a99602
310b354433f7c9e
269bde6b18f9959
7273b50fde3939b
7e06f1c923fc0c5
0de2977686e30d5
9c5087393bdac5f
56626d4bad1eb14
7d528ff43c2cebd
221baf676825d1f
3d19ab842321301
98d585f0b13de2c
8a3760b6401cca3
4e767ce88a0cc65
8ab409e9a8a76c3
57a55008d666521
1f85ee475ccdecb
61c3ccda36bd5ec
5dbe492bf90d226
260b87990e25e2e
775b1eb2e0528e2
809dc4d6158a7e3
6b7b0c14faefe1c
001349d028ed510
3e59f059a7be04e
699d590b6beabff
5a165df2fa9135f
50769c9fdc0ff4c
80b44fa25d8de0e
8b12ac892e409d6
60f07560ee5dc5e
3297b632bf9b990
5232df945badea9
71b59d7511cdb76
452668f5e5e138d
7f623ad946dc8f7
97e625aaf8df1e5
6904dc1a79b0647
98032f5d9c06ebf
3a56fcf79ccb6e4
7c36d734a40b87d
4aada812ecc9e08
8a21724c2490081
26a53257a9d68b6
9191cbcefc1955f
05cf512693cb30a
07f76ffc28575a4
060eaef84f189d5
4f21baed28a67ef
9b6deaea6403f43
105fe6fd911575b
976d75f4f1ec2a7
479adf0112c185d
6eaf8753c9296fe
9eb3a7892cd83c1
117fe63db6ad193
61bbe45f2822fd7
9bf8b3448d96352
7eb48e85d7e6094
2700efad0ba1e8e
37f19099d753ba9
898e90f7812c0c6
1aff5db57230846
6b0c5c667c3695e
6eb2c74c2f930e5
09ea6ab9bf70924
137491bd47172ff
61ca126f7d28adf
13fadc2cdc31821
86cd3fdc408e3fc
7d5e044148b8531
9c28eb5172fbb88
6f7fe3fd21effc5
0834d8b4b417567
961b08b481a97dd
7a28b258911c678
79cbb285ebe3afa
8a93a3a87af4c1e
0f3bf0cbbb969fe
43e0167ef1dac6d
67789b7538d8fdd
27e6573135687a1
6a1dd087413cdfe
6aa698a59986a20
2b49e43e7cb99b0
9721643e7e0a7aa
192f787b8360663
9858876af2107d1
101a321aa9380b2
006a766bd8d1568
6fd5278f4fa26db
445b243146e0dc3
245dd4a5ddf0194
0d822dca8b1d7cb
88b2d454514beac
7d1af2c8547f990
3e557a88137e319
31a50e42f1f86e5
635ce1bf4f399de
6e0d119fde1897e
80e76b07f2f2fd2
28c033433d74bff
9ef87ccff0ab7f6
41e4170ecc89ff2
7ca2f387022218c
4e54c167683069b
85e6d7c0a0eb910
3d3f7d4fa27ddfd
36c8995569606de
5831e315ccb0a34
769af8efebc74a9
4439f502d44d769
1631099debcb5f6
25bb673a4716758
9d444a1df987d1b
6919bab2965eb35
5a59b72a0cfd8cf
54d889711fd3083
74151a3651cd917
4e8577a24616fe9
8f350b5311a7520
4de27d80ef78f96
75fbb5da8facfc0
1d95c8775db9d4e
6b7654126806474
4518ce51ad38076
67128a98fbaa700
3947712f3422f34
6bbea74f3028522
6d042c6de920ab0
79dfc3285ffd71e
4a5e234201be572
611245dc7592d0e
0540d3ec8d637a0
898a86741565331
6ead3d7a0be5323
6c3f7ac0a46004b
8e2d9bfe6ecf36b
139a1582067d5a9
13a8a0a911e3611
801ef8bdbd4d144
9edbe10dea33b82
151a4a1a7ccc56d
3b3d24ac3ccba98
60ba942c110e2e1
70061bad6f0080d
053b2eea6619d30
75dadadc5df9353
4f77269ffd21131
6e0f1cc06c78b63
29d2d7810501464
10b302ce6195d06
763c1efa001d479
8f095a59622ed66
887a10a6335b294
5961af8d054c0e4
667ccbe72f483d7
136294f60ef096d
932c8e157a7c81b
068813fe06e4385
146212ba82074bc
78541f977735721
606f344a070e874
1a1a54df59869df
08b9068e6103436
7d8c9525daa71b0
59db2dbccd274a2
8cd82759636c38c
7c2e8f44ceb12ea
61170e6d30eb83c
575eef6a3e61614
796f9666ffddefe
72cf843d5b2a320
5fafa46d32cce59
1fb7b4e5c5f2a8b
11f187b8d6f1e65
4c859567f7e0de1
3f6fda08bd45352
64d06a0bb4fedf1
0e386197fb7bb22
06ec1bff65d574f
19f21092e46f66f
55b200ae436082b
696d922290326d0
3c9f3a4427c0990
370ad332c0b995f
0e09820bff1d4cc
6c3c1b15b15b6bd
59364da8285231c
5498d653815b589
45bf0bdc7cf7592
54c1fe6bff89613
01d4922325d9c25
162647f9c70baa4
669f1ffcaef64ee
4d9624f9772014f
96b70c93f68a12f
6bf320252f9f6cb
5e44745ecca2541
888dbc6d5e8ebb3
8c006f9387a98a3
5eaaa093c2b6411
37c665c9213d8cb
0463a48fc3d7ee2
8be0c929ad9ddea
502de082755c46e
5bf8acd20543d6f
6a7371512ba11c9
53ed2bd346ac48d
0a074cac25842b3
621e2f3711e4e47
7bb58673ffce058
73fe6b7c6812e35
1587b3e1506490c
223786eb5612d08
8765f41b9eb27c4
152d4a9271c2cb2
72531ab9263df84
17d89048a3be0c2
128565f3bf07e89
44c5f060df86256
9473be578a2d86c
6d4e1a35931b326
08eb69baddf5b75
599dfcf0b60b834
1e34ea7e6a35fd9
3d834824e50d198
4bf159df8dcccb4
42e5a6401feb35e
23f85c4ca72a62f
0fc96f851fe8ce4
845f8ceefc803c1
6c52abc0e094831
3f77c9a01ea2d0b
8b4dbef910aecf4
61fab6ca108ece6
425ec6d5fbdc13e
2513ae8c5108138
44cdf5c0d206b39
08c9a33424004e0
6da45acf57a7550
8631b23a93cf1e8
2e35731030796d5
85f0a8aa06a2af6
3c753d1d33a4a86
8a75d5d90aa676d
6c62b73330d6555
646d27bfb8b6814
4fdae17736f55cf
8b5c1344f2f01dd
585a330ff833638
7cb82ebaca7fd84
2b07e98971a3bc6
9910d64515c66a3
8b3dfed869f2d6e
96320624e85d6c0
89b8e69acd8bb47
4954dbbb7a1e719
0985732772a0d13
1ccdb1bd0011529
8083e88fc28e14c
83c27eaa3cb27a1
2167d2bf85ebb04
0eb480df3039906
9c81837a96cb5f4
90a63b5d4a1f099
2bafa6295bcc895
8b6095152fb52d5
98719fe37f1d8db
684930f6b9b1d21
20da94ee9ea4b6b
29e9799446d0f1d
01b69e16ad44c50
4c8bf5e0bf8843a
754e3ba33f7fe24
30894f6690b2f2b
59d1a3ef6638645
614841f2eb154c1
38d6bdb48c3bc17
069996d89bc0e3f
927f884937d59fa
11750a401386464
318770c68238499
00589dc7a339407
4a9ddca31e81641
9bea77f242f5dd7
0470df879de978a
778244107b85699
44b2402e71e21e8
38eb0e62f085e66
45beb9e3ac6ad66
8dd6474815ac6cd
8d8ba7d4bf58fee
02e5fccf3ce0416
79346d0fd6223e9
9c62671bfa4712b
6c96a0debc6bc8c
1029fab25b6832d
09e35a99c426d8b
7112ffbc12fe630
57b2c4a5f501865
807ba67e7d11202
3f1ea6100f81bec
3b58ff78c5e03ca
71524f13921bb17
37ea5d9e1e4805e
47902895c93287f
2ab0064b1e798d3
9181cb1cf70eb84
28cebfeef5c18d5
250f4c8e69738ca
1e7275a2bafbf14
04560c736de5992
489b3004e62a249
96535238e07bb73
687966cfaa1ebba
9cc0415070480c7
1226df6a696e7ec
2cd64cd1d1a8820
6976b2180276342
98ff1d0864adb69
70b0e9db4d31b54
55bdafae5dec250
883c127ee1402eb
0d8da5132dcbadc
0b47da001d26e46
2f54379e67a938e
11e6793ba2fcf8c
307d58a18eb17e2
87dd2d8edc0dfc4
3e1775eb6f50355
55ae0eaf0273f55
00d9fd07b6506aa
5f78180cef84de3
382b9b50084019f
33dbe8ca352f1fe
5e9ffbfd5b65642
93ea065ba292fde
487cf0372e551f8
8fc285cb09c9215
9d9931b42e618ea
295925ac8ced1aa
9b1aa1cf463d73f
71c49177cfb906d
670cd6e52fede02
3487f6b5e005234
3398431e3b45700
8f79093bb6aa83a
449403b19ddc3dd
23ab3b9b8ec4510
2030314d970bef9
23d734f8c7a6ca5
5e883d939d2ddad
7f004c43fa21e3e
94e37ed462e7aa6
562b0b62ed9a9a3
209bc5c6388e9b0
29932990c3a8fd2
61796d58ba4f745
514b2938fda782e
1425aa61132cb0a
3223401bfb93c5e
2f2f16f7145d4f4
83b2f34ab6acca5
9ce962030478384
66e816d8a45c399
488014e710d6b1a
7963fe7b92d867a
58f9030a995dda1
129d05eb4d66619
79ca966ea6be4e7
6f09b52999cb4cf
83fc1953bc21852
42b016f29f5e5a9
1f4daf20c086707
348ea18537383be
7a7e74c17c75c0b
3256b5049caa174
7e257b2ff4a001d
246fb4e6c0b3c09
60ab0ba2bff3a40
5f2c5c4e586e6c9
692333e3a7bbafb
29656991c165a2e
5e6ee5a86dd8f90
79d5726043cd1c1
73ecb107b627353
7b0e58ad5da0d81
73514a81f077ff8
1c8c21b23518327
0b28a381e492dcd
2a6824e73b51438
982cfa882e7f379
43dc41d185a2ba9
83c8584ee83b1f8
3146ab45435bf55
2df9824ff280d2c
566201680015dff
4642272dac63b98
583918420dd5bd0
503db509492660f
82195eb6c2d8038
70727b7a7c668d3
9c97d7efab3e5c6
0ee75afc8fb9dc9
585751999e0e9e5
3f462404c3a1c2a
89e0332c4345aa1
617f11646962959
2c3167ec207c6e7
64961e18950141b
756f2bf9815a120
986181944177230
1efa9f9ec5dca29
926d02d7b5ba018
3de6fea6965d46e
4ff02e44cba0da2
862673f438a8ef2
81f69d97f52f801
1941f07907c785a
559b6f5bcab8bd6
634e71ab0a7b92c
929fc6befc176a2
1e2bce7ac43ebac
8be1e5058380b9e
1aea2b3f3436d95
3174d22e14bbdbd
5ef6bfeb438f001
60d7b73fa9d6d97
4615f0138c30ac7
0f48feff6aca237
49cf1893a862651
524a019148f0d2c
0759d340c69e48b
75ff248bb441fdc
0c47ec183d89f6f
6873e6cf6528817
58a02862bed5fe5
81795015090e040
2b234dfa7c32fd5
041ce322bfbd93a
9c44a9e058ed230
7f52adb1b5de844
31d03c361904b0b
280d772cc709789
8aaa946cfeed411
0ede4e136e6724d
4a862e0c78b165c
790e04c8794db4c
35dd15d444748af
8dbdb48715b428b
3703ccd6305b72f
0b0f41642e5a7d2
6b058d660de1a75
4d3553660a75dbf
8363c3e4c5fd71d
3ea40397643dc4c
7cacbe44819d58f
2c77e31fd51d703
198ba86f578ec13
18fdab27efe18f2
2f8aec4870120e6
827f511fdcc85c7
8500a2fa494d186
198bc6ce437305f
9a7eb64e40edfc5
9d75bed08f6b64f
850e5b521f6f0f2
90092bebecd48d8
6809a472717bc57
048f077d9c3c19e
505442f7d9e98f7
1f81a90d2199b0b
4f4d144768e3f99
79aeb0a2510d2cd
245dbff8943e76a
878f43cb3dc1184
33cef185bd33690
03d15c14861975c
5deae41c3b4d49f
5ca482f97ffb413
1447884156417de
6e1779826511c79
8a8786ce5ffcf44
993adace6e3554a
0104bc4145b1511
6ed7c0c935cb47a
7995af5472dddda
52a850917a4f437
0cb8709f9f23ed2
79142e3678ac261
6a7d2755f793ded
8483b5f9e678b56
41b43ec90f43166
173ba7bdbd356ae
4bc5d685898eb8c
33cb9b8cfc4517b
64b339c98f88ed4
21c905c503fe5d4
95c649a32afbb2e
1108ac5238ecec6
840d5c7ce796533
32cac4203f38193
1212552a60b8473
1a5ce83fe086655
25f41a44f64fbbd
6e2133aab40ef2d
2b4487c8dbf5071
110b14299a770f8
80cab044b12d66c
12118088f332b94
6607d3ed1956093
12c90ea266f01d0
123b5c148e9748a
0019ddefa57ef7a
540aa45c784c9fd
90a24bd8f1ae5cb
2f733d948ff596c
2c5c486ac0bab27
6af97d4ad6ae295
72ea1ed52c0274c
293522c34cf8cc3
11caf903b5f1946
7892179fcaf20af
9e434602dd5558e
85cb0e658425b2e
7d38f30ffb72a54
88f24c7fa864ecf
2809c92dfa57f50
3ab973801804d5a
622cf2720d94fc3
556c6497ba555f5
9e5656ec94f7b0f
0e2a860d80ec501
27297af0b5d8276
7cced86489d51d3
2bb825a6f7ea621
204dbfbbf7cadef
1c5d2eeaf761842
29fb2e7f57859ab
6b827d0f16a1f01
0376494076802c7
1246526e45b63c3
a004840cd4f4073
64bc2ad3520583f
6b43f1b476fbe95
9a99f174428a4a7
9aaf825acd0d881
89e076722a85408
793844c722700e8
4133ca38967fc61
88f1c28ffdfa5bd
2b6aa2926979aee
80def7cc5bde19e
290589418d9bacc
13ba144956e6b25
78729323f6c8017
3800947f4cf1b84
30b5a03d287deb8
8f73a4ef290e207
446890be60db718
21581ce9056dda6
52fef25582932ea
339337680c59fd3
590690d8c33ce9c
92623af12deedb6
4aadc285919bec5
0c8122dea87c38b
80cc8a9a4ab087c
357e2ce02edf93b
4da3f25e5875fc2
4166f92458dee07
50266169f0c405c
32f5639fddd164d
542ba9f85e8fe8b
7ea0d054f0dce13
02d8d924e954f59
4fcc9c5fa33f52f
1bcf3abc247e24a
1e6c83935f9883b
2faab5f9a96ddf9
2c91399467844c9
93864015496839c
815caf7ef2e9048
5568cea319d4de9
9afe798e818fe79
3446498c7bb268e
8310b5e64c2c313
9e923cfc22b21de
27fbd860951e71e
1d5239960fd4253
2fa22684b430fb2
47b2e3f920c89ac
211c1d0182be7a6
57c26b8efcb95ee
65bb8db679b4e09
0322d0e8abb961f
4d4449cf8162614
3adbe9a4efe32e6
4e8b7a2835c97fe
2cc73e76c72ec3c
523bf9c32da8ae9
8a7a280834f20fa
17f040f1fb6892e
58f98ce870ccb52
4a6c441bc87130a
15944fefdbea3d9
0e131d96a086bdf
1c7b532e95344cd
6e7c0d2480ed0ae
4da8203b9a2b96a
50f05c9763d4917
7d175d2c94c1963
7f3ee36e3c5db6c
25c11ed1b89911c
886726995c70e22
465bab99ad712d3
3264dd497912197
604f8ddde569a00
71861ec4e05047c
081a2b627a74d6f
2dc51b0df6b0b93
4a7e1baeeb19c95
7fc390c91907558
3147c8e1cb5ce0b
29d5e29a5af6f50
32ba02ca0107701
8aaa05a621cc047
73dd88ae0f094d2
09521cf93da116e
9219647b4839145
302cc84233e9930
9f2e0356cb9ac65
a000be663af0b73
7fef4eb8f56163e
92da6b9ba888c13
833fb5e5a947efa
37240c022b9642d
249e3028da99c01
46fba32e8386fa7
10420ff6d4abe5b
44247ecf817c05b
665e36e9547aea9
7e745c500f1a180
6eaf6eaccf23683
4f697d5676a5710
4e174c1ae9bc971
9d0b84a6e1db794
651957fa13b8595
2490a10d68faa67
537df11439ac2fe
3290d9e686c981a
832bec3eeda0b75
0fce1f05acfd29e
09d3c7c1c34e173
59c2af21dbcfe73
851d29e99318ae4
28fddb5055a662a
798b0e8868f1401
8fe138bb714e66d
37ca4a403393c7d
1082048aa2c86bb
501eca668466397
6319c1042fe9b3e
10f1c20f59c37f3
8463772a1f5d6a2
7cccdb090eb06ba
5aea57434e87fc4
81d948b02de7f2c
5a1cc4def8513cd
20d7215409bd076
252f7b3a8507d78
488b4834ae7dd2c
2e486dc3e4eb4a8
29df16dfdce40e6
7956e899bbb7215
8c4a3fb98ac3b69
1fab40c4b4ee660
3f2bc56f946ea49
70738585feab38b
1a3356398f98318
7873b2688af1e21
890f91232866473
82c683a2ae3cb14
7e29840381fd025
8be3c64f977a46a
9c78eb5c25fa47f
9a27c9a4d5e1e80
94c3f1e8188a2fe
06c04b000936a8b
31dd152115fbefb
8571024ed2c6a54
2ae00f4da38dd77
3d27503f4498096
3b6cdcaaf8c4f1f
1c5d0128288aadd
349d63424dab042
7297e3084b0be8f
65c493b5eced68e
59c60b58dc665e9
80c2f8efe347e62
2a6a2f5940ff466
7420ea06623c1af
3ae0bf35be8e772
3eecbbf1814f567
9cddf40e5700337
3ebfc560233ab7c
719248fdfa8d221
1b5511baf861112
2e949954a691a4f
359e9c8e4b9fda4
5990f5d5157a220
4eb5585aac28da7
72bf9c3b61eface
945d24f3aa2dd84
75136ebbd52f5c6
4a15373da265373
563fec938657937
7d51555905d2240
8fdd59724b1513a
42b2f3b187fdf07
5d4fc4faf931540
3bbf6cfce753773
23ffe7edb4b92d3
78eeabd0232253a
1181ce16acc74c5
3b259889d619db8
45ed787dd8df643
27ad3fe61090f7d
15e987098769140
0de6c395c8c162f
7716dc7cca7e39b
40ce580d9371e72
66b4d4d1a33835a
3c9ad858e415838
9471385ba209491
7e6b2055d6ee4f8
30966593e1635e4
9d16f0e924bc1ba
13ddf913af699db
23605e854a1233d
13879b28f4fb62b
60d0a6bbe75c2a9
3175063c7f39cf6
4fc3bd8975cdcad
4ecc24efd95eeea
7b6c81c2b557a91
092ee6420c5c852
29b84e59f1a68cb
6103103502dcf78
0b55c8d55c99a2a
850c5c7931cddc7
7174b1fdbb03ec6
84de09bea3adc66
1ef733073f2ef99
2aa1d95061a23f3
4f7da270a7be606
85b565b3eb4808f
6c94558ae914fd3
4ded30d1a6909a0
49a9fbb3e2c67a3
9d02191efceabf8
22407efed58b924
1ffc3bdb49bf439
71cf99cd5de2d43
2db3ef4b0f8cf77
9228f1bf075a043
289599bdac84f5a
5f83360d4b09605
98dd879338c7ad1
92f44e76bbf5c98
381c53ff4f96019
26bb81511d92cc1
98bc9d4e923bf93
18bfed85edc5d7a
11dd274b1ebab5e
40c2af272be63ce
19a9da08ca3d1bd
18313a865609cea
3ca49060a6a33dc
7e3790db32cc853
680674e6bd78e63
1495f10f2057c8e
7a6bd4c5ae2cfdc
4386da2ac84c06a
4d04a749b156ec7
132bca11295b9e1
5a0665dde5af9a7
6317fc99f9bf79e
104f6a880d0e096
5a7863ae0bf3331
4cb465281db6dff
0b7708afd658385
3bdd8a039003545
25d178d1196c00e
407c9109cd9b1ce
620ae7906e1062f
938e9031de45c7a
2f47ea833bfb352
8d5d9debd4dade6
8569feb08d5fc5c
6c6b2cd6b9a01e3
2710674c9fb9368
74bb8a98a830557
16775fee584adfa
891b93a6ddfa9dd
19d3baeff2fce03
13d734291998b80
7de4df694f2dcb5
355b482204ff42e
4ba593176e55b3d
9bd286119e15c7e
05416edb957dee1
512675f9e01fd35
062d84c5d6c1b9a
8b3133a0fbae0d2
331e52e4058c374
534f79be4930c9e
6b5138d4d59edd2
574bd874051357b
7da1a257b23ffcf
4aaaeb6d2ad5f56
6afc1c4b01a0356
7781c1f8151c545
487e1dc09b149c8
3cd4df099d0b409
83c741ca178f359
5cfe607a358b90d
805c0dccc4202f7
68d247343871d78
5d6faac884bad3d
091041c4df2fb7f
76685795b6642fe
78830aabf197a8e
1b278becf0519d6
8c431fa604462bd
46b97ac6d9acf29
092a5eaacfb4965
053e065277de98e
19bc550f8edc22e
4f747e2d5d7d45b
40707e99f2f5cc7
3fc6b76bf650ad7
832396cfbc4677b
0a24b1c9419c31e
4381b25e885ce1d
5b4a866c0d29773
18162b88e150fcc
4dd77613ff95ab4
6bde87a2427d3d0
4cf4efaca2c8f0c
67eb8e19484fabd
757c8f2aaee0124
4d1ea5238dc4186
5836c20a21d6b2b
662319f54e786d1
9be7d95d51ee1a2
423c07c6de0c867
80651e46c3496d6
66b79f8ba636375
31304a071aebca3
94b6c6430806c84
8ddcee0194c9f93
051b59e22296983
20ab2bc210aaaaf
4112c4c4be068af
3abb19b2a02d0a1
28624375d72ae17
349d9030a2341ca
1861ae834a49f95
168dab525487b0e
3451f98d85eccd8
3b83727f070b6e5
65e8964e393e83d
27f3624014753c9
047fbe65a91edc3
53051ea58f84b76
1e0ca008e8eaab0
357baf57b2c4c5d
642f08d92887ba8
0b1268c5dd6cd29
688ba93e7b8f7c6
177ac24115fad9a
0ed2aa4fe31fd54
78279a4a89c3666
61a5402fce6874d
06c25a7b53df3e9
52990c63d6c4cfb
8778441c27a3ff3
1f3b03018942567
302d64a44c35d92
42c4bd4ff31d27d
66d1db66700ba8a
790aafa2be1fcca
5ce7ff7aeab92e5
0de476c8682408d
37103ad7397c0ea
80ab12d9402907b
789271e70af4677
44470ea75192fdf
848f10c99cca07c
006de5126dd135e
8b536443fb966ff
87a0ac9c7b07fda
089bcc1bed934fe
162cfaac8623ca6
6420757bd1be302
8941cd6f9230d38
975067830dbd186
5b14ccaa6a202a5
755f714101cf8ac
1b9c5f687b56df0
3172b608f5e433e
7c6c220aacec07f
3a67d2e382b1f4d
63b0eb12ea3c4a9
28ae2a9af6439e8
88107a301feab3a
4585e2e4c3ec62a
5b3c75573174ba7
6dd8a9d1c34c0f9
0bfc5ef80081d7d
5408eaa86238f26
769ef442497c11f
73a0046977762dc
29b03c688b764ec
14881adb7f2927a
5a87b9013ca48d7
1aee8f096cd2a6a
8cb613ab3f3d3f6
9ee938ac7bbeb26
4e14b1d9fc0d273
7a9fdd7eaa28d58
9b7cd89ddce449d
4ebf6cae807ed3e
1e354884c910105
5cb48c2ec99b868
665a2ed8bb892e9
16a697b8a5d9604
4866e42e3159966
8446ac038ddd2a8
5c5a38f794b1dcf
0e57fa5bfbd0a7f
1892a3f0c1be993
299e46d15f56051
77c761e1995a8fa
66bd8ece51e3e12
152ba0da6e20920
645b168a4428be6
9d193209ab3caa1
3206053c3185851
3e65822a20cef4f
5f338a7fdfef6a0
4c33c0751785ff5
1a41d29a7e5afe1
253cb56dd940e37
24538d8c8691f5c
9f66cb903d72928
3c686dbb691f4f6
7812e16331d818f
06c115a98078182
239734434ecb068
6585f05849ffcfe
9a47e8252a4d5e9
5b5d087a608bbc6
1dec23b8441ae17
57e866f2555937b
88b72d0eeb3a936
6b82f0e66746a96
73ed4307458f578
7cf60be5643e8fd
3df7d143cdd5d61
81a0b7a4380236c
8ec64cce1e28eed
54dcad8321a8fd1
433947cf36b9234
41a2f4038d22e18
7d26b2f513cde95
386979b88e7acd8
69492b43278bff1
92f4e79ef94b9de
888f48e057da4ba
5426b19e048472b
0e0fbced32be6ce
022c15fedec9def
57c9587c130f4e2
16db791487a5638
02ed47d91372a6b
4f189beefd6555d
8ee586f2c3e6451
12a82ebf9e2f822
2bac82b997a0bfa
7a591ac2a9ccf7a
91946df40f9d621
3210b8398e051a7
5458137f83020b3
9ba61fcaed6425d
6c38597951b5a6c
83539a4505f1574
9f8219a3e192dec
759abc73fca8225
2da66a00495441a
5cb4c673ff01b10
611aa80879193e4
99e4edc975b97d1
2b5327075cd51bc
74d83d9c37faef5
800d559b3ec0f13
190ce1d15b75652
7748b462b982df7
0e49e6859e1bd45
7bf16f12b10dd74
8e3bfcf0fade4a0
5628b6a156be7f6
64e5cdcc38578fd
46537b9aca10f6b
9e0035a5ea2860a
3ae1afb2936051a
8903392ece3aea5
63d83361c584f90
4c8648cfa381144
5a5cfd37bfffd8e
293d49b2052cbb1
81020aed2021c11
0363e716e502133
464b26c76a3de4b
82b47fe447b1da3
0bddca6d368ba27
4d314f6cf2e5377
9653a2f4553f222
64cb0f10c8b9de0
141bd21ca2365f8
4d3fcdea2ee7827
46509ed7b59496d
42e8bf07f42b225
8d3728f1319b1e2
43e66fad0dcbe07
9ded0edbe14982c
2a85cc9b101ed96
1feea3866b6e248
2d6c6bf76acf850
7f6f88da086b622
124dd636a88ce81
02cecc602053429
40b9c87068325c7
502e29326859711
2f09c8961f4eea6
3271196697e89dd
91522e5edd8297c
127c1befd5980f8
07329b382e4f5bf
03fe3953aef7c15
4cb9ad465f41d10
3c690cdb957ea2a
1f92a577dc98295
0c47ae997295316
9af78cc53d32f37
1f57b93d81d543d
77e8f6a8b65ce88
04aed222101b226
3f6f2e7b45e8d9b
4ac8fb499dd3e37
1064caad6bf4710
3189efa1c36b92a
1f4c0dcbd939c1b
2f0353ab13ca60a
56693aa933d8043
4485d2fb247da9c
6030a39b6152a04
47bebebaba52b01
2e42157ef143115
1d928a35d9d9a36
6b830da3c5661d6
0cacee0b6165678
64fb2adacdcb266
9b722197965adcc
7990b7c128defaf
021acc400d8b89c
8c19c95428c2774
573078df6436ee3
2e006bd5660e64c
6f139678df78b1c
7080ed07acd7019
3d7bf43426de14a
1b9f94a9a191933
07b3ce3bb252eda
611356cc26fc2f3
0b06cbba7e42a78
5e233832173d840
3ab4f70e76da1c6
90836eab28e4d3f
9ffcef6625b9c06
64c968b8ed4526f
047e77d77e56c03
234a8d3db1a93ba
9750f047baea151
7021d6a7631a2e8
07f4a76bd772995
776df421b593149
1c74479c32fa841
15edc41486359e0
4e1bb0841028135
5627febf9b6a43f
52c344e7caf48bf
546613764d29d14
39c0756d3feddb6
9c1c3ab31912a28
71f5cc1068e0c89
10ec9fee6c9d821
51111ee84d2e9d4
0a7ce3e478e1bd7
3ce09c0b30e80e7
617021098afd4a8
9a088b94d89b82b
1f09fb9a4e4edbe
2bcc3ab91239b3d
1b306a054103375
3b342f3b3de1cfb
3acebcdee40b2d7
7956ac49ae12584
6983278d061959e
199995fad1d47a5
9b2ec4463e1af74
36d821244c16432
46c38d7272b09d3
8c13e1349400a11
46aa7ad43af09d3
0016aa2c6000968
8868550ff2256c8
59e55fbfbd15b99
698ff41010a27b9
13fc18af881e2dc
58fa0cdfad3f2aa
21db8fbbbf53c2f
12047acdb9e3e8a
6b0fe207144bba1
5606bad86c83e88
4bcc94a523fa459
24d775fcb1e0a9c
6b4d2b15315e3a6
9ad679866bb3457
6ec1965a5505349
927152228b491e8
703aadca690fc60
6a37c8cead6e5bc
79a444ec4ac2422
74ae6f669b7b65d
3ccb03acad6b2e4
9649cb7f754edd8
084db1f8e2858ae
75b950d2c7fbfed
8ded7b7fec07cce
562dd8e8254b5ef
53307c219fd3f7a
7e028c775c06087
31dbaaa4d29a44e
7c7cf11915b0710
4dbb29ba89c6fca
7d63bb02c75a36c
46e3d387dbc2b4d
25501dc4cc465d2
70c6d5759b1194b
3a54e2eca278629
412242ea8f21163
7dee5df9df0b7df
11377539aa943f7
43c1449cb24d306
61d1d40242049c5
548763081adb5e0
70f68c31592d8da
5897ff2d956fdf4
530b36a170e34e6
125b2f7359c8418
364ca9cc07be598
6d85a05de6cb670
1d28231b5e73aca
2413332d0fa37a7
31a204f062f4603
20a84471c3de322
15f847b0da7302b
21a0f2284047438
548ccb4f50bb04e
5c0bad8d78fce9d
0e03291578195ba
3f3b8d2f9fb70af
766dd4ba34e94ca
924744aa00e7fcd
91fac8872129167
9070a0ae3c27193
79d975adc64ae4b
922dfd855f50e97
0e13bedccad03c5
5104ad473bf6f5a
14959264935d46c
913b6574ec0e75a
9c426ebf828eac7
0adad93d5657528
4de1ed08676371d
43268c415eaffa8
4e43c22aa374b80
36432a94ac5613a
0301869ea1876cf
41ec131609e4d4c
64803bb5084b7a8
339ca0be32612f9
3554410b704d39d
2fbbbdacd89790c
203b54858a0cc81
9f123a6b11d97e1
965f573fe0664a7
8d25e9d3c279697
76f16467b875a21
3b27e839a8b6b08
589bdc63b9f6f1e
51005878bb00cca
3e5e242c66ebd3e
4a1fe27b45f0135
062259a9dd0abcd
69186852138fcce
6c1d4c7f7d7992d
2a66d224b1ef6aa
488ff7a7ff6beea
121a93e01faca9b
0ee2685c1ae7444
1fca2db5b647fcd
1b5e6007dad0449
596f24098d894f6
6c3c5acbba5a73f
383bfb21f9d2ff0
20e7f61aa294de0
79dd1659fae28cf
1bd64a388797d2f
0df9c70bf5f017e
85a60df38e55b83
96ac9346eedacf8
462f9e5a3baf299
5d5bde58c3ef29e
2cadd707ee28626
14721bce9a974e8
44f7d325d674ca9
2ce4f2eea385c95
2805b3fb47ae578
17d18fec343ba14
5cfb62377b65c22
9ef43c0996281d9
3ef32a0ebf4d146
30554315284dece
66aa99f96b157e0
19c2cd3f31e68fb
1c1c01c9fe5b1c6
8a8abf142dd03a5
212f6fd0a3b9939
5bab65dccd88c3c
396afcdce1b42a4
2d064cc685b0ac9
8d893e8076e47fb
3ec02a986a8c630
78f15f8882c62c8
302fb817495090a
937279ca9e2a0b9
7c6f553ec4932a9
30c83597798b60d
6dd758d807839b2
05da9a843182cda
2620db837044952
20b408fe8efbace
77b027b1713f1b6
9a8341bf6a83634
454cd23f664f70e
4e5d2997cb4d508
72b735e758a260e
037f083f9733b61
713f36f557596cf
70509e018efbf41
19e13360db6bd2d
5ed754923a9fc72
9b9f65960e0b3c3
60c454652841e02
2704fa900a8aacf
6d81e2bb57e0c53
8d8f6279caf9b95
97f85c772a938c7
86bf9b033f10fff
98700a66b6e36da
732d91a5ad9c125
57d49cea710fee1
965ead3d0b45123
184f2854c059c2e
894ad8a88f64d50
016021deb30dee6
528e1566604904d
508f2cdf0820d72
538584c34f28e8d
5e1da85db3b2b08
861a4d13d7206b3
3dffc0d92cafeee
2a26396c99e1907
703840b1e7c0580
3ce1e172bf6b1a3
23fe9d9b19d5602
5db5b059525423d
113ea93c44e3fc3
3584bad0ff48d02
0df788ffa698b56
29e39fbd76e25b4
40a93b2fddf698b
19836457afda024
1f3269eea7a632c
17e48afef4be98d
421b394f4d47e16
08815fe47d9047f
8ed0e28119d70aa
53112500e99c596
9a3a8e17784b7b4
641adfa6c400382
36f41b756f7db3f
45829fa84a90448
3830a0ca06c349a
5266ed72059dd3c
97676e3f79289ca
64832e47393a77d
913b072ff27c31a
751c3913b7dc4c8
59d814a2be113df
15d2eb850b9b2c0
2059ec5f1e760a4
6d714fb02276d89
694bdb37f2c7df0
74860c74453a1a9
4365c6f8a78b9f2
037251169c0c771
3db962ff628675d
81ecc98f05f3d2a
73be682824af4db
048ba7070d71135
34a75c5c8a66d9e
17e3a007e8cf38d
1e89f4b49d24cf2
0741c0f5ae83984
907e9524152c84d
8bf5c73f06ac331
1462c0032dab61d
3d5c2efec09f135
893e4d717a781e2
9024b7ff3cbbff7
5a3089beb9219a2
521007377325f08
2fa82398c6fa1b5
9c81c8cb90e554d
60c24d9e4d866c5
8d2ff755dde2ca0
37746e8b3018d4e
8873e3dac4e1853
0d7161abf416893
01667e2f25cc696
1827ea04e926759
3cf41dc2c3e8c56
8cc8178896a598a
3ec32eb8591a206
7036598ababba22
18b9cd4d85e2132
36cc3f61d114f37
5af318db137d28d
5299bece56d5ac5
73a856002001f77
4f425fa14ace563
43f16bd33027807
9d0221e835d24ca
9baaab426fdd058
0ff75a6659c8419
28b80cd564b7243
8774971103c166e
92e46bc25d02bec
1246ec7cb542dfa
61b3cb3e83143db
37dc1b92c4f4e1d
9e2b30cebc87e56
6fc060ea6bc30e6
57c2ebe7635560b
1358ab2028293dd
66437b446acefef
574da8e6feae02f
711123d831fa800
92400d1d2f57085
6b53b6d7ff284cd
851e444ee75b73f
6ea4ae3f9b3605f
149732f43d00526
7564d6ca991aadb
08d43eea772e5d2
4dd79658b41726c
60b6c0804060fea
0ede523d35530c5
9c55cf234d85d93
820a452ecea0847
51967a98321cb91
637147aced4bafb
207c85831163af5
98aab17311edb40
5c7c14c35ee3416
8376bb8f401b5df
391a6c5b77f5542
138701150610f51
36024bf8ca8e5ab
45ea544597de0ad
494fb233552d904
97e5050b122fcd8
1d428a6bc666d6d
237ba922f9927e3
55c2afc39b6e046
4da910ee48af664
88668dae5e34462
24bfc16ac1753a4
5479731ce56bbcd
2f7c7e7e54ec410
817e3bfe68f95ce
439d16f346cdb32
7b7fc56b051ae41
9dae5a23e56f714
067906662cc3ce7
3f71d29bc039e4c
574dc16ee5cc3ab
791737d43d28969
8b5b8255fb3e544
9e68882df098d01
241b45f7985cd87
5eebbcfd3cf305a
92355af55645440
355a4441381a5af
763f786fcba56d6
472cf5f9c149da0
21bda1ecc99f804
129ab56f5799f59
4a895a5117d980d
92014f978712fdc
36d16575bebbfa0
025fe334796962e
833a5abb761a37c
97d2129ce88d94f
1d8b8c40511bf09
08e1b1d9413bc6f
05d688e1a547984
8b9d3cef822002e
26b8811df35be3e
78be9a14e58f614
0a344654651fa8f
407480ed38f2650
5e8ce7f00fab472
06e6d4793f2d112
0f77795542aef78
35b952de841223b
7a68a0d7d47a451
8bbf52a2b87b421
0b20c4c61dd3bd8
482e0a68ee4c915
764f887f0ade3d6
5763bcf55ad8bf7
7303e269bb6d0b4
51d85b764ffd519
27d911de9bd2e98
12e2e4c0bfec1dc
70b86e04fc4d6a7
433c210c9efa264
46a6be02be9d20e
7e3c1e39dc61246
0550e7d338f0fa8
281ef377a9f5e0b
08d18b1ef37aa8b
66e5abbfc30b53b
5d86ad77b3eedfc
565dbe60b0ef802
215d0156545d0d4
941828a76230938
6b6cb3e0111b17b
9f0bb087c243773
483fb0dbe9f005a
92a74f4328d3a1a
87a5c6106b8cc6a
036d80b2c5f188c
3c005c333837ca8
2ee5e60216e7252
7e3b7f88da9d537
0a730d5361a3de8
711fe3303f3f3d9
191f796ccd5e5f0
092b2a63bb94d96
2d70fe3ff2c82fd
4dcf09620c75dd3
9c5f12affe0e7fb
6b71ba956c52c9e
32e2bd5c5964dee
1ca5240216eeedf
820f3aae47a7b64
84a6d406241df32
603e56e57f0a182
8730ac845403103
089e9e40659ec73
5475d52acc41c80
1049ad895e4306b
5dd8df02ebc8186
9f612fc3ad07dc9
026da07f056a575
1dcaf6e26595d49
3d7edff55144238
667c3f3b5345d51
60f2774791dd76f
87531f4c311bcc3
856e8c9bc9af7cd
690eaa6d801210f
3109eeb969c3a4d
0acd7cc2e6bdae6
0388729865370bd
18eda2b898e5554
9bee91c4682398f
61a239f0e7b3837
228e66d5c8a5ed5
4beacef15b5934d
2227614b3db5a47
070d4324d7fd781
000be3412dd0ae4
1964a55aca88efa
3056fb19f89b300
9bce84cccf3492e
7f6412084f8d57b
1bb3f9048c704d7
7e9f25fe5dc2ec4
094997381e9cf8d
34c13850a6c283c
8f883eb0b112571
45fe7b1e0435401
67ea9181182e6aa
24dc74c6f8bedec
6971aec9ae810df
7230924af4afa65
5d0aa42bc5e8df8
82aa2c48fb2f249
48f40e0ed8ff0fb
410fe8d029471c8
998357456bd9497
383e1dc4d084fe9
78da2d5faec30a0
07f955f586310a8
1bd33875d48a226
8b75c38da3e0018
310dfad3222efd9
2404890d0da52a6
215ca4a417cfe6c
4ddb139e15eabd9
87197a9ff235ab5
625584b8dcf5dfb
2f4d99c5da7e51d
5f4b5309e217453
36614aed884ada9
05b8ba21452fdf3
3f7d3f70d591054
81e7424784522d4
4fc86c19100a0d4
21c9178fc0187ea
441b308e62de203
4c082bd5c0ec71d
6704eeb21a6c2a3
17e209ac8a57b3d
6d74ab8fef420c6
284d395e79e6228
372fcfcb61387d0
6e2b431d08b1098
9a0b7f41c735b6b
85e7feaabacf225
9e4fae6a1e95fa8
7ba5510f8a7cf04
6aa913118145559
10b2074d21eff4c
18ab216c55036b4
70aff091b905ce4
887ad4accb53172
134f874c8daab8f
4308640cc78d7ee
63984d2e3f455d0
986e5288561a3d2
6f34768c27a495a
4955c66a3fa4964
2a54ead2d063f8a
74064c5eb7dd6fe
7e97ed6c6834f49
860cb0a5b11ab3a
8a2fcb042b75175
9754e0bb52fbeb2
1a48992bef186eb
42df76f7cf64504
72933c99712d661
04539b3a81ff3c2
9c8baedb3750739
8b7bed9dedd150f
28da754666c9698
78d28531211d58d
47b603d064796e6
661b056432b1242
5040188ccfce859
08fa210eda9eff0
481e5ea8772bec1
9cd83415970c263
50ec5553512f727
9cd820c1816e8db
46faa53511ce493
7ea14c583cc37b7
446ee3c992d1f84
01ec4188c642d58
26359144cf9353d
1f3f31e4a820330
47baf9b4f33d05f
109d08c8f3a8262
996ae63f36eee4c
0eba6a0e7a688ff
170f4ea365b1ff9
4acbe23131a83cc
86c0957f8e162ea
4437bd6eb87ca90
61b3418beea72c3
5bf00b9ac6d487d
17dd9036f2dc1b4
5f0d63561f5ae8f
414e5531353841d
434396d73006925
9c2c2c9e928ab29
497c83f3061b7dd
564ac9be1b28a84
71d450803c8d43c
54115403af84cd7
3872983a7f03780
34b888da258e52b
4e368fbdb25f6c9
0d26500f7d67bc2
1d15be63d068e6a
24fc63c60000aa9
22d69439bdb196a
2a267a33b03be93
737570c7cc40098
7164dd84fae6c87
620aa7dcc0606fe
558d7e7e5f8eba6
223d44c8389c2da
5b3f6bd28a04c5f
0f1c1513617bf7c
52fea686e5da7dc
54fc18c1f9dca2b
1a4c8e89dba7504
2c923d8031c9661
8e006712786bfd8
624a49bf1d309b1
51af9e30f333255
74f30b013348f45
6103015676e6918
4a96189c50f179c
770ba29c169aef6
246399cdde61415
6bd5aa3c53d4593
469b081b31774f2
03842201136815d
32d6e4a12b79975
8e9407a2d496b1c
032ff636cbf0d9d
66e8748f77a2215
908dd75cfda4c48
04ec09aced5f09c
327040e285eab67
6c559bf007f4b13
772fc770015a65b
3bb1c325831dc07
20f04d03c03aa78
032c872d7383f68
687fb3fe18b158f
2f85716bd277fe5
392bfeb1e3f83e5
01e30b7a07a20c2
8fd3f3c5c735e89
8821863be125495
585071c6b3bc515
18bddcbfb8cd022
367c0ca8dbcad0f
387dc1dad58d096
53654b8cd3d42cd
51ce0d024599cf7
5647e0ef72c2ffe
49a7d2d0ed94b69
12853f7d7cb9998
5b664fd3f07d12e
00c40beae02e9eb
9047c084b5f5f5b
9465129cc2303bf
338975e01701a43
355587f0f90f724
19b9dc9d26b0de5
58e9cdcf457bb33
88d37f03fbb2f67
975bfa3fa3df98b
4f8b4f6890f9d93
3da4f97217cac12
72137a4c320fe17
579dbba2f75083e
477dbd49cd7c376
7abef1ca6e37fb1
683b762841783fc
7bee3b57da5c942
6978343ef7f8282
5822ac6162d4d02
02f0813a3474b5b
378a59b92fd00a4
4e06fd0c32a703a
6e4920d884a6c71
1ab767f265fdeb7
26a80e5a4c8cf5e
6fa832a15d2bd71
8a4935f6391eead
178cff58bb241d1
55002b58a6c32ba
6467b8e8eebbda1
56d19d5862caa55
4119cb734424760
4e06c977b631ba2
9cc6b2114d2bec7
63527e6a33feec6
56837290106193b
3352d5ff3bdf2d7
447cff88d932de0
7cb11778dcea737
7ce37a306bf8c83
26130c0c3577c85
676f255403ae074
67823ada9b14f5f
3e5a87e0f3c2b8e
14f4e19827ba5bc
881d143f242cd23
016b3083b85c1e0
4ffd0b19bfd3d57
7e681397d3007bd
2031bab80ee4d6a
298016ce8da5a44
0fdef1034486f4f
82086d118913c3a
06e8d5762be2687
637169e072a5a4e
41d77240fa85f9e
20f0284f8a425a0
54389dcce708ca1
833db595e36ee38
492678ddea10033
46387f06d363153
6c4b79d8d78faab
9368139bbb76b16
6e319de37eb826e
29e0cc7b37c12b1
96c197a08c80b50
147aa294fceefd1
50d3ca06e04e20b
9c31735c3da70fd
3fce72f08d10c5b
5bb759ce4e55fb3
217433a6451c1bb
2e03831a24e659b
99e7df0aa83e831
6a826ac249fbb5b
6210cce7eb8488c
23baaa5acb5c572
3bb591a2fe00f2d
518dd7cb3e2af76
512c4810f18c934
47ac8a6f6f9b3e1
37a90545e8eb21f
1fdfccf6681fd26
5c4062739795f30
195fe8503187cff
08c157fc3e76ea2
7660b53b83cdf83
55e268717b6d56c
8ef7442d69d8633
2f57777f24f6ec0
0ef489decbfb19a
9256ecf271e2075
5b48a38069745bf
4e54a31a43f2340
1531c0c24487d06
2a2ad5e2298333f
4ca0928c20d2990
34777e9f26b5e44
1f0b420300ca0cc
1071aa5398ed7b5
4b2bea8b06581be
9b42373057b52bf
23d3523d65a3fc9
34473ee645614a6
383eb3b2afe582e
9d9f58e71daf26d
4281fee802ee8d7
653e49d761cc60e
5d8df2773618613
911d50f41322612
085173125abce6a
2104e686a5253ec
31eb478cf71cd8b
58dd78a9789e69b
95a0ab94a38e37b
9e97c6cd72e8f4f
965167cd66fcb57
564e1de98605655
64f5cf6ca384d06
54d866139f29e61
392c13929ed5789
0405df49685af88
176f3e46c5b085f
60879c0224872c6
22fe070bc101860
368db858a33fa87
6cc24dc1719508d
98e8d5e019d2d5f
1878eb331792b65
940ad8f61436e79
944e49db6c4b8b1
39f0e1006b09955
4ea28288997ea67
0374a8053fe2aff
6a19c84a08ffb0c
33ac98156c13829
399a0aa3128fc04
8433a9f715e756c
51d96320b85f6bb
97a783b81d87d08
607f5b3b2ff9c76
5abe761d0f99695
9cc8768fc5919aa
3dea4954b92780b
906ff2e5b104fa9
44e3087ee675932
45a059c777e952c
145d16e24e133e9
091fe2b4fc25c36
72ba3b8293d7173
69a60d1bd8627e0
12964be40a47932
0329796e8ebcf2c
4caed4db0a099ad
82b30e402c8180c
66b261426e4ba64
25b6bb33b38834d
2e5321678a940b4
7c291e48eb0aedc
2e9cf4d81e28cf1
75f1510eac2b43b
60663006a21fb07
536d027d70da452
625212aabab44c1
1d04d51496732d4
0ea8c1612adb746
93969a43dc7ab23
9c88d71b1b52c3f
488c73bf14a5c95
90fa5be00cb868f
5039c302ad658a7
26c8f07ec504ab7
8f48c3c6c448992
44c90c5d22166c7
55d6d81eccc9636
2f8c82da10f0252
20ddf42ca866662
7a38c60d537cdf6
71f3963f4402781
1e34d7acd8c63f3
69b9f738d856638
05ee5f914c7f77d
4580d5986d45af7
1489623b85fcd98
0ed500c1067ca90
2ef54edf955ffa1
0e8b4e615d5bffd
5eeb545b4f45834
90d29d94feabec6
2ccce2145178d79
81397b863d37355
8c1f51d04886138
840bfdb097f088f
50e159c832308dc
72c875c21b18ba4
0e390aaf620f6f1
9ce240890f36b55
624aacd79b11df8
746cf0f3c2f8073
83533004340919e
0f46507ad6c46a2
089c124e6821ba7
248b739cc42becd
100ffcf3b9ef5a9
9e160bbb654c9c3
29055526aa97a02
811b1a90fd47271
702f1c20ef63fd1
854e53052011fcd
83f4b9472f6b622
68f0a2ecc50423a
325910333e5af87
738936a518780a7
0c0ffeee05b267d
0e6b016c6c01f16
91470d525ba86cf
17a0d3c2f0e58cf
6ad2097e80bff3f
619fed6bdb26aa3
51dd87ba7401d9a
3eb2b5bfdd4c8ca
0d1f208aaa948a7
3797ebbc3ac192f
68a24d92b29b531
832eb879e7969b8
1e272b0f47da262
57e595e55210cd9
6641946c838fe1f
6e4942069ebf40a
6af966d3c736474
1201bd505c84a26
9bdfc104eeee2cb
7e2a7e37c00f6e6
4abc7e634c9c0df
8d30a6a603e707d
24436124b9a0017
45a2b1d0c0842e4
9cd1ca4f24029be
58226b6312dc504
8aa812b8c1a48cc
817f79cd14df40b
0336ab244014f2e
001a037ee048766
0e3388162b46641
13182371da23844
093ff40d497fdbf
450ab5f69c9f5ce
42e6833005c9659
663ef8ae5508659
8f9b47243cb9226
5251cfb804cb581
4fde934d031dce4
99e42af4b1db173
2c05ac064abbbe3
78746ab8382d53e
3b99124524d1019
95b5e775faeeed5
820adfad641b9ae
9ef493831f30fe1
2bde31dbbd0228b
99f37d13cfe4245
1db55877212e382
89c03dc6fc2e705
6ddfc179a0f9e59
39e4993bb811fc4
1f650db855c44f4
2cfa4d0a847c2ce
08ecde886ddeb0a
7a29fa54d8542c4
6032c27205f9d5c
160bdcc018e3f58
22d9f99fdf0c127
546927ace89da5b
296fb060863233a
661a0c85cdc9ae8
92a3a479fbcee95
100789389b30cd5
42efc9d4cf41702
9ed8d2c2df0f4c7
49dcc429ef80318
976eee165256fe1
91638d5c63cad0c
05169353d24b99d
78be7f36a13db6b
5f17d9a70e8dfc9
4cb7a4d99f0af96
08d9d4d9cd23427
7c5338a8143043b
060b6a813837a4f
6305a0868507e3d
7eeaea397ff4bc5
823801c88b515e2
245a054a9990662
531ce4104680d06
9650d8916aad797
66b6f7cb547a655
64acfbacc9504a7
6182577a262b9e8
4b4503f7f08bfb4
55453856653f832
024327152d16f3d
1ef661be63af90c
47dd7405c514915
267456225186016
2255709094f49a3
0d291e69cc6002a
5a9f02d33a7a674
6267ad6bdf20cb5
8a8efac86fec99a
36e6392d9bd6377
77777d4d2f58d42
9908797764fbf76
6dc0b33273c7c61
72ccd3fb29a0f01
951f13b57600828
3f4ddef51245042
6a4f7c1721cb366
25e36db0be9fdc0
1fee1a3376e653d
664b9ee01e2e52f
268485eb63a82fa
5290ddb7b0722f5
8fd07aa722c9ab0
16b8389dbd4087c
0a1649b060375d8
305fba1b4c1c75d
7feb94d0a4da7fd
09125fa08dc5f5c
17a4a3f4760da90
31fdb398074e760
9f6e79a75941be0
86f69238d625bd1
61a32b84bb731f2
58fe3610a7da5a0
0a53e1741c7b7a4
4037db42e07f54f
118e88dbb093618
090bf18346fef00
998684f02dbeae5
5e6233ad2d422da
29ec3e65e8f6b5c
2108a89119e9e81
5d5093ee1b28981
440b1eecaa60b98
7f6567ebce09bac
9c131c69085f8df
4dc205a0033c7b3
9e92cd61ae980c6
0ae4abbb687add6
74b364ad31e459a
2c206d64f1739fa
47e002af4ab2e65
0e2661e65676660
4b475f12c8d1836
7d31d8a38ee7809
1c943cb3e677384
5ea4355b3e4da0c
9658a0287f42940
743ce4ca5da47c1
8bdc0ab924615aa
045ce4281ccc29f
0b2c2902138d46b
96ee43812f8ebf3
866b0040ab8d5af
999fedc33327626
680b3e84a949abc
0a533284749d043
32b4f387ccadddb
218b614cd103207
8b66421dd125670
1847d86408a18c0
31bdc5aae2d8c73
56d5711f20d547d
30a9ba923bb0705
27eb249468ab24d
1c1345b2c14af99
46ef3919b1b1697
8e1ac723f793fc9
0f20681583851db
4f5a990eacbca04
45762001dd05749
3535e3a8d49f0da
2f7a6ec417c945d
416c5d942c2d14a
81affd5bd080de8
4488350cd5be3af
0507e22eb3000ec
36ebc8f8c9613db
51d1b0c55e6158b
5e52d2ab2cc8cf1
7af1f83f64bba81
077155aff1a5f41
6ee40fb8da2225e
33982c442d60ba3
2023fb7313139f1
9fb66d8f7c90db3
861684f85a19fb9
057b9698d427044
76f9d33ee7f717a
58e2f1d97ca2692
125bed948c8aca7
207ed97ee12eaad
2c0fc31eb2346ca
9a300d3560b8c35
2f710dcbebd3ce1
1482f09b897ef89
87920569d7d1e56
56da6fc53f34547
000070197556131
2462b55a97cb564
85182a43498ad85
9b4b2998c9e740e
374cd4b42a25162
0eb897c64895d24
92588bc996f0ce2
15d75aa62dcbf10
3a83956ad26b27d
071970df67168b9
355e6ef676f1832
024780d99935862
9ecbbea23d480d9
0dc0e29fb6d7dc8
9ad2bb54f5b15c9
14fd6655ff1c6ed
958213e2334e0ef
6743e3540bbd2b0
5c96f605a7a75e5
003901896a54a12
73c1d006a011854
7665491128eba6d
18fd21850f7fda7
8d9c58717db09f9
7fea3bbd728a789
5665bc32eba5a36
2bc3d04f3b75873
1f76b4c5d1ea3f9
16e1bfd5af9e0b2
15e9551aa90a183
019247cf17b5a1a
8b03c70f4ed4ae3
7e3175588a92d0b
6d28b9db3ece684
5d0d4aca3f70163
69cb394e95b28a2
1708c240e2eb576
3bcac367393cb06
0af2c3d68a1bb3d
7188f66b6ade2ed
91800e55d5094ea
18a9bfe1737cc83
20a4a0d9750e7e1
6004205180aa12d
5b8a1f850977b65
7515f6cc232d9bd
0f8f8534f6d5fa1
62dce9f5d42af3b
626568b9e6d616f
687cc4e22bc8a62
4cc42946526e92a
1381a1224cf67bb
7084184a31fdb11
6ee11aa099c2ae8
40fd03f6db47e3d
883cfe294bd4d6b
2eda3fe8838dc8d
81f0d8d27b84d31
8b812f36ad824cc
4b5c2fc36664900
6081041e59d2f13
135264f0dca9043
823ea304fd53748
2c716dfe9786658
54134bdbd37ba31
2b34784545a5e68
5f3660e856dcee0
2e60f40595a589f
999751a7c926283
516c48733503b8b
389bcd4ac5ae1b2
22c5e4bb51b9718
2fde5df087ba788
352e21cf37c4a9e
912a122a817ec83
75bc217276bab65
4725dac47207cb2
97cd99467aa6cad
31fc3e26711d9f1
59ad8c902df5ee4
298f7cda547d71a
5c3893da38f5016
25b0157a41ae0c7
702e60f60f8cb8a
525b19ce7851fbe
426c8e6aec850f8
5610ad7d4f13e22
8f228d5ec7db55f
6b57388c983350b
777cd3cf1f0c547
671197faeac35ed
2bd798ef943ee9a
11327e91416e8e9
1feb4dad331ac5c
1fad220f18d26be
28a3c26844e33fa
454834080674730
695c0f6f4102934
503ab4236236370
369031cbca4ccba
2f49dd789974e98
7676788117367b9
1942444529da554
3dfad14ad887c71
58048a128db2edf
700060c677e31d2
894b21f7e10b3bf
7d47bac3b34b73e
327aa473700fbc5
25c15fb88e0b1fd
82737a5f67cdb2f
2702d35c0ad4913
3cf4f01302d9b87
381d2a9c8b9133c
0bbb2d643509c29
5f4d5c680701201
09396f8ea8295dd
304be3fdd376ce6
57f55b556a8f2a7
13bdf83468115ec
178baa4623995d5
78887b74d5cdc04
15e1a195fcfb682
449043e0a88e4bd
5e3fbfb60f17e8a
01695299ea83a8e
53a0323f3edcd43
326ba22c1d55ab1
6f1fbf18d39b7d1
3bcf2fdfa60357e
3d67818e034a50e
517c7067598ecd1
1204be7fe4d6c6e
6bd17c1994de486
5db66631869ecea
724fafc8c2b86b9
403d05a49f817f6
4ed60cfda7c5e9c
808754810ebf4f2
8a5715217b23870
71ce99f43584981
61f78d1f82aa010
24e6075d79e1b3f
3aaa2cb37251549
3c639a55ca4ce5f
37be331e2706db7
14b8f4340047f00
8cee4a3ad869560
8b425c049f9a976
6a6e33b2f05db66
869dc354df5f54a
5ae86da8c6df404
7faf1ed00f6bcf3
3192302b960ff1e
0d45da4f1676b41
7dd5a7d9256eab9
7966927ce89b262
7ded63543419600
435d2d5acad34fc
5bb1218ffbfea33
8d1bc762704b581
510b5270031919d
3cb213d8dac7a38
75683e90ea3a894
8bb961fb0d038a3
0585032af0878bd
9eacba1aa042eec
014174e1423252e
5dc577f6641e413
1f8ea1b2e4d045c
2b7606a4c0c4308
80317535e9a45e4
50ff16a1c38bc81
8685d6ab92b3972
6c700720f5af443
0baf1f8584f3f49
17af1aa19121634
5e34b7b3b650b13
526d0213ddc1aeb
51f9bd165065562
1f618cc679b0b3e
22d1d3f7af68fc6
634d9beaf3f2bcd
8c1a8f4c6fd7a35
9f1215953cadcfb
40e1d6266975aee
07726d5860d2f36
33e020d9f2f726d
6143a5f1a503a70
71ad22700019f05
32a106e934db2c0
3b3363bb264574b
80c55a26a7a0623
1f6c506270f462b
7e65fb347b76386
70acb274be97ccf
75f437a48724e42
4e017205de5ef8c
49dbeadf0159cad
06c127677fa699e
1ce11d7b12148dd
5626688df00f4d0
6bc3ec54ea528c1
27b41e923068b1e
5cc4d3bdda6f34f
1fed642ba214c83
1d1342d413f9429
4089fd9f6b52008
21240d6c9ce591b
6461600be2c7ffe
23a26e50f1290ad
54998e96f49a4d6
2d29680a2ec3ee1
514bf37da905516
50e556e90382503
6edae7f4b3acca3
9e16c9778655774
2f03c6ea29487a5
765500e7198a207
1c0e4ed9f059aed
132bf2c22a92b6d
119b0ce3d1b656c
16c4781364d0675
0b4e5eae0b9ce3d
9f7c4b9fcaa8b21
888facea1433202
815f98d166e3633
91fbccea47502c7
913c53c4b82868d
7a385f84763a7eb
7d98b34be995e55
73214270d550ab4
68953ee5e97cb63
62f6c241cb0fd39
91472d66ed817a7
750ebfcad8f62eb
06696561a05414e
991b5fbb8b20580
73f15839618c1ee
769c419d7d55e04
972c6495e35d15c
23ccc291c0ab40c
6698df97b4a22d2
7f934ab76c92f59
4d8fa28e8ff07a9
147c9b5c3771457
99e5139f5ff0dd7
6996ba288b98988
915060baad56b0e
9044a198b48ed1c
5c17b8a45aeb4f2
5fe176c6a64794c
75908abed76ba5d
78fb2d4b0eb2d62
39856897ac98ccb
61d27e10b9bbc65
142347cc3cb1aae
5b4fc52c799ffc0
9ca7b7731732b38
6adaa06600daa20
01051f2dca7cc72
6bedc25affaf8e3
774f4898cc59c40
692f947c36dad06
42a179b65a27e43
1efba884ecc3a64
074e3b03feb6724
5e08bca66b71e16
3f13fe692e95e18
3c789b72536b3cd
0c1edb84e60acc9
28adb4f053748c2
725c5a1633a9a9c
3e1fde445e3636b
87bd821a6d61b5a
14b3080fc789dcb
56573067aed3b91
6e3b0db83992362
3d70a1f5579f5a1
609b95e6b4d934f
3a53a575ce4a683
161f4971219f132
1583a8b78ebf27a
1888b4691dbaa82
9a60f32e513b218
738e103bee6457e
5ad184eb40a2ec3
3ce9b49aea81d10
623dec3f9ef5a39
62b1cf27472599a
359c1eaf6c8703b
669306d4bee8521
0c89b3015db83a2
497c872d68703a9
22a529822cc0982
18262be893c4999
2faa769d05cdabf
5d7c775cbe9a23a
3b5ba3c875f4bf9
7e6a6f4576c6b95
3a02546176202b2
49eee09cb0dbae2
50fac4f792bc747
1d32ed19cd153fd
2ffbb0ace44195f
844e87b5b73eb93
965b9d339944015
0a4e340cf6d1b71
00f173e1d83cbfd
7fdaa7cb5aa321b
25e5df8bba13813
3d0b54a1f3e3e1f
6a01bd9cdfeab6b
89ae9bffdea0fd5
9ce9da4cc785376
0e9bc928d6ee3a1
1ebe1b3d911e4d0
095f2f96f3b7da3
9beacd701b91ced
51215996bb5617a
13dddc2c5d131c6
20933759feaa84d
5eb6edf573ec2e7
9273826fefdbc9a
4cfe1bf6db43add
764f4198ea1fe25
41b63f3080e7774
4c4ae8e70a7d929
0c3f901bc5444d3
0ce71cc8af2a569
0464d4ef1c2a96a
08ea0357856afe1
5d807fa9e7c67f6
1e96df767ea612a
1aa708931fcde6d
9bad2a903b17e67
0d1dc6458de0090
4bdaaa954865695
8277547e15edb8b
451321a57351fb2
9cda6d3feb93ac2
4108f3c497731a0
71c3c76a6d4f12c
5ecec71477c90e1
1ab7ce5bd80ec19
424a2cc5307a7f8
7639537c39497a4
447c55c7a702576
87dbb721c959a1e
71b8b4ad50bd44c
6cfeaecef125ae0
60d229785bf9f87
6defad9c6c04ebc
5b3a5a41c8599f1
7f045f95a1f4aa3
771d4c12f2407af
3277bc959381336
6457a1c293c431c
4274f82487d7de4
57d43863cb8069f
159a19adec13c63
71b0d591fbebc45
94acf0f3948dfca
0f3acdf00822cba
0f5eea03bb93349
4e0496b9a603162
50adcff3f2340a5
8d69626b992585e
2ee3e0c2933bc1b
4d580b62ca813cf
7bca8a947e37fb5
0b39e14c0fbfe09
00e5af1f2284a2b
28df38e158ecc5b
2e7ccd86f002a68
3a2a051f245b879
188c81f44ccd1d4
6015ff10535d257
5f5c1559e42642d
025d5d5a4294caa
62a29e6f4ebf308
910abb8afc5209b
39ab0db713f7105
87563179ee4bdee
74f9a10ba26f13f
6127bb4b1ef5606
4c111d520b5d7eb
3cea11ef292ea89
6a356dbec0e9aaf
7eada44e35e6588
338eea02ac884fb
2bc25bd12e82107
1e7d851cb1ff0e4
5f1fd3b634eccb6
0a81143fd21fe15
4c37ac2d02a1c9a
72bb27aac27ad67
0cbe0f377cb0a11
3ccac146e466366
286dd50017fcf18
749375bf89e854e
5df81ae346cda9c
3fa9a6ce9d940c4
8b0ec6fb97d7199
0ea2801d232a824
9f3fd0c748298cb
37ffbe69e1e62fe
15310c8098c971e
1fe3cd07cc92b19
2ece07a47f9bec6
64ef5e270a5ac2a
214b4b24ccb68cc
3b3a433fb3933ea
8e9a2aa9115a74d
788e16401567bf0
1b78afa185a85c4
72fcebcc79fa13d
0a0317228994122
194f6aea9806308
184e83cefce2e29
904802ce279cf4c
83ab0e51546ef44
8cd6c4cca479abf
53746d38fedcafa
9cdef452415b307
3c113989c55faaf
793a79cd26e09de
8dbfff9a270a3e3
6c4affde2e24840
46bd3e311ba91a3
445ad1fa484af5d
1e2f24b56fdb6de
9af4de90ed1ac72
28477ddd4a8d447
6c8ae93048e6e49
31fb3ec41d387f6
4f017d28eb9ab3d
794f0f9012a718f
4f4e4a368aef061
7ee20cfa039dd83
197b87b4e510538
785a32d66e16952
121e5139493244c
6f3231ad3f19b1c
752ab36cf57fff6
36c4d664e2cfdb9
38f9db453b8e10f
6f848cc5b41790b
855afc40ed3c12e
1ff458208c9de3d
7682cf19e588a54
9e70b34efe0a90c
268e192fcefcc70
5c829c7a86969f4
081d56a3d7ef456
6f7256c3ae74f0f
10d210af5160091
22dbae0734b81f5
9d81994f97a9b9b
41e6004990b2dae
2a86abf21dfe8fb
45dda08bc08dbe9
4518f86b9f73d87
16376e79615d3c7
1f7f0915056a281
9a69fc22ed0c11e
702b1fecb179c47
032d54a9f093341
3bb0534a8d9e294
0aaa8410934d013
07d9c426447f1f8
9866ddccdf9b4a5
39aa22e21a07fdf
0a89914ef992e1a
7f2651f7a96a7bb
3256139273c72c7
2c472429215a1b4
603b85dfeeef683
7ddcbcd77481dc0
98de9b6276d68c0
2f83a15b78681a2
47568b1ce7ac44f
666a1712e59d894
8bb10723e59df38
1b5f2fd74f060df
475b6d2835ecc46
6d203d6efda2935
9dbb6c1247b15b9
3f62fe5eb142eae
7942061d67ab26b
531846cbc0a4b8f
73ee337ff2d162a
7648c9d094e098e
959b6eefbdc6cfb
052139882265719
1318cb663caf85c
19f5697afcde3f5
818eea98c7df63c
0212cf3eab95a7c
89893b00bbcf40e
66afea820c9d097
90cd3b20ecbf4dd
67d6f9de9c3123f
1beee56715b6c18
24767527ef96ba2
35a6e4b05c9d26b
2218200d896072d
6c29d526f381085
0ec744a42b8e7ec
81c294668a89468
42bf779dade7fef
3d0ab667e87965d
3844ae53e6782d9
43b977ed452e2c0
68e14bd2e1d4d02
7c813b94fa77214
611dd348bbf3d8c
8e2170a1e17714d
7d2828719be0cef
9be654f29d2991e
633d0245cf58c74
3718f8f380f0a1e
5265f5573d6f245
9c78a5b50809338
52250a3738ff6bd
55f8812810c1ef2
27e509e9fd9ddca
74ce4d2297888be
80be943f8020cab
2a6b13330c83dc9
2b4b4a610462d2c
841dfa4a9d65c49
9112c2f44ce389d
835a556abe55961
5bf046bf354d7f9
08ec60cdf0720c2
2cd6df034c1d17f
49db721ddecddcf
98a88ca7afbd615
2282fe9287ed45e
042754675e26a05
5935eb6141ab0dc
84ce40329d3dd86
0f4441256825628
722399122cf8a3d
0de6e877c8e2d5b
9d90717f2e79d96
54195ae63d049a3
5b682e173ea7166
8afd7692b51119b
0c51bbeeb50e45a
11e194a25719593
0db15f7fc6293c7
2238f3732ed5ae5
6342aa155a1d1b9
11364f249389000
011cab10f6efbab
20f20dc139e0949
15a93e7abfc15b1
4906e884b86205b
57638a7906087a4
6f841feb8eb0922
91fa26fefdd89bf
67086e5d9d1d0e0
36b1cb6ce6fff80
766b71be87fefe0
96acafa13263b8d
5b0c3029d2fea34
8c6645f9bee4582
52c9893f0d15cd8
931bdf32ef89163
0d6cd6741baeee1
1882f9763660017
191b4dcf612aeee
0909a3a4fbcf533
6b8b8ef41c6c30c
258a9a3aaf296cb
39ea4cde5b5aaa6
2828332b246007a
108c4d2ea456fc5
92fe12d5d98c4c2
7e129e15bb42e29
1ff554ff3f457ca
1cb4b4af6f3b02e
0f7d976a3f0e768
84713989b7e1818
9bb8dd03a75dd27
922acb5efba676e
696325fe27d9ec7
98e1375cd125244
34485c8f189bedb
2402eea121addb9
0a4ded199cf0df3
2c31d90c9dab390
8e2da7ef2680b80
988959c646526cc
9437da7bcd5cbf9
6a6c48dc9e29a5a
1a6883e1418280d
6b2837375a90996
5778d2614d978f4
95e56170ae723ee
6b9ad2ae02c027e
516109b8ad1a932
6613a044b523f7e
6120335f8cf40d3
1715ffae8a5b54e
2596f88cbe3cf68
7a0c96526b978ff
65c5d088cfad042
2e7ea101c7fc0c5
7fd65106559f9b9
6af1f130aebc283
7f455f5a2bc04b8
9e2a87a609cf14b
2e305757c02fe53
6878e3c2a639fc8
8601658e0e55581
4372a2e3f1a3621
91b5e61dffa1c21
43590376b473b69
9837b4d0450b790
495693a559eda8f
3040922f12200d1
5c31e350f21e87d
4da26b4f00c51e6
19572fd44f0b429
4fd7385686bbae3
54c8c04d54f9d7a
8bc017383689393
12c157975886cba
30c11af20b8f655
7e16387e819c2f4
48ff040f16d1a63
01c9d61c3a169dc
3863b9ed849ce4a
1ae6622f97c5b2a
90a27cd442dc8f8
8b5e9fd3325fb3e
4a73c4a569e6f45
41bfb7ab8d59aca
0494d60b06aed76
0a2cf4cb5e660b4
0eeefc360801fed
966bbdd65720449
3f24f3d77f42362
5970d3026325944
6168a3a5c92496e
a014c8c14feb95f
7002d3047b16a39
018a858f738c5e7
64eee23f5588546
63874b6b1ee84ea
3ddb2b107db04b6
9d8c2075cd8ead6
7b8d894c706c21e
14ee5abba4c3a98
5b1b3fe1c8a07b4
0c028b92292f73b
29d55ebe65131d7
07e3d6534f33074
8d8b92c77d7597f
9d5b7137bdf06bb
8586a4167aefe6e
72d23ebfdc25969
604d42a382fc389
34261773489019f
9bc91e7eb8c7cdf
9219fb9bb61b929
0f63439771e5254
792557986cf655c
7b81339aef27dd1
82f105415b91a3d
37baa99b03f31b5
6bece8c3754436b
2fa44b47f0bece9
5379f2a0115ee3d
4de687450625342
93354cc41080767
82c657de1d91583
3e04837461ebf81
148b9b3a414fe74
11a0e5bd80f569a
76daf1b7a05d219
76d2e2cf2e8031d
89fa797e443a703
23d047f1770018c
9f6c08075735d89
5ec93495a9cfa2c
8224ab78e0cb7f7
505214007e99860
6e6847b385c4c9a
8e2b1826d5d16b3
6658faa16c82bc5
59585b833fc5256
6df0324d1f1cf2a
5076f6cdd5adc16
87bc1042bc08822
45376bc034e3f22
1926bc68bd6987e
3e7dce7cfccbcfa
162398424903d21
9d2aae912df84f3
7707fdef12930b4
8ea2000c18da16f
3c58855603b4feb
81a8ea07df1b3ec
26102d060460e10
5cc6ef20cf61134
0e93911bc784c03
15024c575a93fad
92b7bc615179cac
8ff9fdb794b4316
3b480e3d4d0b24d
658334f6cf25d45
9112455026b4a03
62c6dfe396bc5c3
358c63e339a908e
4e43f6e701cdca3
0869e980b1efe35
4ac28c2e8cf5e0a
749a08db1a1209b
409f1fe5e9eba85
3bd8d87d179d677
9fd12a8d1418e3c
1712a32c17bab97
4e1b8a789a00cfb
34708ccf488c456
4591a94bc8b0a06
00a1807d78b0d95
5e34c3060fb74e7
28f525a15a6b321
5c7044c9e57bb1d
0271c27d95d34d7
5eb84139058d723
12fa00616523d64
73c77b5560fe335
984c97983ca32e1
4ec31d1de30b897
1a311841fc5f814
9ff159197b97b1b
2855e0bab3e62eb
23935378fd14ade
2cb03d561587165
11d1d1c40476f67
253ddec06e0f7d4
893fba6efb34ce7
2491234ac4d9d8d
99dc09f7afd6ca0
353af462bd79df0
5703461885a81b2
8d119f8639e7279
590f8ba1a124f36
68f42855796b784
5c4042ed4282a79
65bb72d60b79ff8
0e717768b93f1ea
33558b681ab339d
12a386c9bfff0af
282780117741ef3
7dbb2d8bdce3df7
13240be9cc58af0
153c14ba046d38c
3501c200643a8df
867ce9ddbb0ee15
8ef98084f5369f8
9d462e2771ccb9e
797a78655275b96
20f8236ace85b2c
209971b42f112c7
037bcfa0d522224
545b91bea38a0c2
87ea9c511eaf6cc
9e124827605b9d0
281650aa0192e74
2e3e4d15114ecd2
5a3ee01bdf0c21e
72fb368a7f1d97e
9c461c329bd2867
2c133fef5828f53
81e1490e89781f1
30b9ca95c57ef1d
87d4517098a820e
45048192971d7c1
018d91bf2107bba
913c48804332d42
84d2b36a1a10c9f
1b4b42811a87009
6e96c07fae639b3
5ad2c868cf12ff2
750e427a2745b67
64be4478fd4c12c
5db8e1dcad37016
9812984d691af49
61dde23941ad3a5
0ae3f3f5554584c
175d274c7796106
31bd7adf1b0009b
011816de3677f80
99ee0375441f714
9138859d4264414
44d2bb282754111
5f552ac58fe35b5
7b0f54caa3674e7
071e5c08c6a1ee0
7af4bb881738eb8
21f9aac2fa541de
5a0aff3e7b9fe50
71037a73653c022
263850c880094f6
7f0c800705cdc31
4ad88575f57d483
72001f10b870d00
5d904cc92d40ffa
374f8b8d24130e6
00c73522dba5a34
8b8f5d77fc7719e
1b5aebdba7551d2
141ad7f2e12a54d
3e0eb4593aae452
0bec7219f949c75
98db618397a3726
6c6cf3090eb073c
0e013355527b6d6
7f593c27d99b4a7
10610215698c733
800b82eb77a76b8
3066b869735773a
7eda7c76bd1637f
719b3a0f83a7207
70d3bfdf71232df
7b62c234852ea57
0191d9eced2c06e
0ff6baf2037b6ac
46cfc52aa1776cb
42ba5fef4737c9b
5295d843c6dd384
29f932f328a259a
767a85d5d57a868
796f19847ee396c
86f3ed99c7402f5
4fd16d4e0e1a6a0
006e1a78b4a26ac
1fdaf75828434bc
4f572ae14ac307e
68626c48b531466
27b82b617312cab
239e8f7cd003130
15108c44d5ee927
2629872147e4f63
5251ba4611b7e49
6175d4abb066b87
089fc1d8d90b941
78cff3da543b6fa
2eb4f32bc0ae7a3
3f61bbc9c8959b8
7de79bc6ce255b9
06ce50d59fe3237
76ecb21e0143140
74310aa78ba2664
4a64f18140c0b8e
110068830164aa2
27bca0d92bfecc5
2a2eecbce2a884c
5dfac321469a68c
5f65f1b111941fe
27ffb5a2adebcec
45a89faa7753ac4
3b998659621e81e
57dbaef42bc947e
1f76c2c66d24aa1
95ffc4ae9feef9a
46cc77434272201
1fe4d5e192b85ec
3a43487e1bec2ac
0c567b85073cc07
0485ecc6715b4df
469486b8ddc1afe
3fc2e1e755153e1
24891cbf2acf86c
5a0814bd58bf05a
082a41f193d8702
6cf3d7c33e0dfe9
5bead9a29c4ef71
05219602e298988
2d91ed31b1a3089
957f231ecc7401d
18f0df915580284
44dbd57e0c2f165
7926bc84ffc538e
0dd88136013ba6a
9d14bc35f2ecf6e
3d786d0b1a63108
0e79ae1c778046a
26993461ba5baf6
8d10232cae02d41
6b7c41064990f17
53d89ae4aa14a70
1d14d006d307e43
6061e44a4c36b96
18fb7502c2942b3
555ec86445e17fc
0a372fa6e68097b
370c8951cc0444a
75846e3b9669232
059d6542345d3ca
123842ccf41a534
920ea90542d1359
8743b7c7ffc4f0b
3cb4ae4d35b9fec
5618e31c2971eed
1f28e8fdc8f66f4
410305edd91bd78
561c3946ccfd805
7e9a114a1a73852
3f20a4be8815351
836beaf905b8aff
43b9c7983d25f25
6a279b791ab6fb0
37898a8270b2c53
3daf867113e90d2
0f41e8b2cfc59d1
78f311f29e4f0e5
0e986b035772273
5be4f452693db5e
9689a191867b6f9
842b18b00d7be13
1ee72d26655eded
39517ea7b6f56ba
965d5b0fdbb15c8
78aa620d3169203
606ff3b8111b897
18ba4d7c8ff1cb8
32ae5d40dc10425
87349095d5e17f1
4a2d15e1b0a5f52
34052dbb38b5ac0
90bbb27c56fd059
131a9bdf8d4b378
39855352d9818c7
7ff481d39c8e7ca
908fb8106d066f9
02a0593ff2e5c0f
0e74a1a078ec8e5
0825f8e73c3c07c
5586a27a7e6a899
828bb5534f88b55
84d6e8095fa18e5
86a9488f34314c2
51c06b064e1f5e1
19ef39431ecc3f8
2ab9b69b7302be8
53d97b201d5aacd
6cee5f1ee669f73
9235c476f4d267c
98db34ad333c1aa
76577d5dfcd7ff5
55b39e8a575086c
30f21f86bfb08c7
280991c533f355b
6b7a3d5818ef96c
8beab221b71d689
1b970d0fdf445fa
69365992b8b716b
4c6a30614ecf661
8ded19794fcebc9
02f44fcd2098a12
285731eaea7dfb2
6383f74d425d0d6
5f5af469d12fffd
1a3a842902c2ae3
29ed616f427a7ff
96a7e409d63b39b
4417548681c57ec
723a4d7fdeb620a
0131a8b480544b0
08c939dd99b41a3
0e72471939e57df
8f5805ea6827068
18c2c73e8ee6416
48176239dbd9b8d
766e93a666cf61c
98caa68c0292af5
6f37136c50fc95a
378c167d91b3eb7
3a06c37869d5a66
68297eb332cb0b1
1290e06aab20510
43164c483b5253e
149d2053c369cd7
87392a00342ae8d
0638cc76c54fc48
21c0c44d22391ed
2d3b59df4e36f19
2507196145b4a29
6472ba86450b807
8f1682bf956fb97
399ac1d6cdfa40e
2b11f9aca4b42a0
35093378f4e5946
6da528c5cc16f67
8cc3fe82ff3fbf0
9711aab991b4cd4
5f0164d00bb4a45
139526f742dd452
7f12504999c3bf8
70140ed0478b6b7
22164c6ad93f5af
797c9371a74d840
98dd5687f68f312
8af6ce231559989
5ae40a21221478a
92fe95737e6ab6f
0e0f72ad88f5b54
47956e3a8f75f4d
349acfd297a86b6
0df0d296b4df3e8
7129993b5bdf73c
2e5140775f99782
04977304a024314
9a7b2d0cce1c001
6bef55b85d72f1c
1a1fecebc349f0c
2f2186e3b55c322
5f8fe385e0ba18c
837209e59650855
632cdcdffcc8542
31e566e982a3489
5d673d286516802
49f9b88de627e22
4467cf9d785941e
274ed6fb5c15cc0
4b0d7bc65622973
784f799462d77c7
2d73b8b792edb74
9ee0bfb5c8b936a
0579693a54471f8
1afda92a9f18abb
46b138f23b4ef01
7a59846f913c114
5771716e3597439
48b7e3339dba610
7f40feda4513ebb
135e661fdc47620
9d4b9315d9a2113
8e1bca5b7aede34
843241973a38099
71fa0344bd06374
0ab9a49c119f428
1f15fce83efdfde
3793b1b5bae906d
8956a0bf0aac9ad
978cd68619f6297
76042e948b0781b
66d5c33f6694f78
19e32ebe340651d
61f3f3eac6a82df
379b01219e087e4
001763ad7fad496
0a6ff213b9e0240
351aaa8d390c979
73ad8f796cb6ec3
65065f1f9f29c7f
0a846699eb66ddd
2307055293a806f
39bc850cde7f016
555fac04b242dfa
606513fc86bf539
87d9a6bf3b21b6a
68a40ac014b18ea
68c5e6a1e5fdd3a
018994dad357cd1
309db6877998132
92883c45b96e435
6baee89e3653804
8340bc1de900616
4fce4d05f75db5d
9c070121edbd7c1
692c255a8619ee0
3731ae821b79a12
023d487242be70e
53903f8d3b922b3
68d7e46874da7f1
5ecffb21dfd502e
084a030998cda59
73d03a3f0c8e42f
08c53203a7aa867
5ad22e2e84a0d1b
236f6f3c8922e61
806e8806cc76c40
55a66ee91dfa9c7
36ae016e2fbc0a1
07e51122e9a9540
2212a92794c63bc
767007b466c8312
88708ea79560f10
8c13f5d0a80fd76
8c04b17b34997b0
097c7f77f0f2f57
2cb6c183849ad17
6eaa16472f2ba45
1cfb29950b65d15
5cb3bbf1957f06c
63d9727ff87447e
6d4475dcf754c49
055e33887860e1f
3dff84abd4b8990
32d439ec6b6f881
79c18942f136109
432f4ae14ca30d1
42717d9b87d9df2
36367e1ae9c4cc6
5464aa62a2a589d
78e169dc51b342c
46584e811e06e22
7d24a651dcbb51c
7ebce7627be9d2c
71fa607ca051400
0921042ef5a7a38
8d1f0dd4c240fd2
3b7ca7ba09d428a
41e4b0f634ff390
1f828d247725d48
0ef49e09726cdb4
0b94365e33b74b9
693f35ff10b412a
0bfc22e141bcd6e
8c395e374c2d60c
17cbebab43dfbc2
7f153cd54eec983
7f77409984d2821
5b0a149ccf19f82
750335d8e833020
2035f4204316d5d
20da26384973b51
8b8a1e14b1c9f8a
0afde88701d7f6b
1f310c99656bb6a
0155ba2ff7e4fed
6141ab40e53dd35
552ac40ebad8b3f
257fcc42f38b20e
361c0933ec34c74
61e56f60894f8cd
27929cfe750d9f1
02ef5d9e365c9e5
6ea1207db7b3cd1
919069b81cf2c63
8029d931ae813a3
553e8e8511113f5
4649af87836cd53
930cb1fda2849af
5a56ca8eb4bdaea
7738bbb1ba78097
1044b5f0acb6662
97afdbe3db726e2
9ffdbd4c6fc7a17
12f42d2185ea6a1
512ce3251776708
61f5ce6bf33b0d3
5f26fbf1df7e911
9345b4360391703
98f46d0f517cb58
7da4984d9953513
40ef36fe470fae7
729a9407ced003f
5b9061accee624a
64b1a388ab00f71
6f7d51988d2e4e4
5d86d486f20216a
2144fdfa0e303fb
97ae430a5298d31
0a6e78588c6d9e7
6d877031aac5cdd
0c445b3b950a26d
2fa94a3193a342e
0706fccdc906265
1eab9c7eea5ad8e
3eb7598710dbf05
09190a3dae70862
60f670b6ebace29
1244fa22fcd61d6
1ca24778f861286
6ba50933ed46695
3ae24afefc64110
4f5877fee2d590d
8c04968ec9a42c8
43aaefec4adae68
4802beeae2153ee
4b2766faad6b416
2eb08d2e8bdcf00
1a1a6e066d3f348
81f4c85d98a1152
38c4c1de87eafc1
10c2e719ee3d53f
6e150e741dcb1d0
72dfdda1e28ddb5
456f3bc707d2478
6df4c99014a88d7
053abd6b7851fa3
438fe3dcf2e0d3c
4660e5fa1c72e2e
940c127e9e8d5b9
4927f1b98f17ef5
9eff30ea246b588
288223710b44c68
07be77e6130b57f
94a89ebca25b9b0
24ffe1d8893b0cb
0bd07a8b2fac97b
77a36cb50b4a555
8050839d02c3bf6
31c106aae81a88b
9d8f4c6487ac3c9
128d90f76b214fd
80ac678d564b6e3
88d4c38c75c0aa0
068d608a52ff7ce
3cad0ebce8cb403
6fd48c16cb83e2f
0c2ca78a585bfb6
2b4762deaf655e1
431820a82464ff5
5fac2e6aa9417dd
368c46d1541cf16
0d88d0f9878bbe5
271bd059dff4eea
7853aa463ad8fad
78a4abe5b4750bb
8dbdbc0e5102677
858a74339981705
139bf06edd7be14
8c41899adbc5a3e
1d9d3094084df8a
42e4b2237b03ee5
3cfe59e65fee6bb
736b4c5912a708b
8ae01d23734d800
3d4fbac227666b0
2c0f3cb0e1280ab
93713bcc3a09f00
0f4b489a6f56aa8
3dc7f8e3f866a05
3158716c149289a
4c1e7506b7aa85c
04bcfdf71ea9fba
56e3e300a8e13a9
7c102ef1eafed5d
25a207d71c67404
9060b052ccc27bd
1453a1d17f76397
6fdb8c99061ad87
6aaceae458f6d50
4299c54793b4de6
2a69ec6b05b96ed
548f54ce9eef5bc
77eea6a7bba9bd6
98f53c29b74478a
07fbe1f9ed2eefb
5e439d4f23cf704
2b5ba311e7be250
9d723b13cab9294
60c7781bd63970a
86c15a6e99a5a91
8bd36b18cb15f88
2320053edec9b8d
1ec1d49be40f652
1a7d0defd8a396d
36823f24cf37570
78281cb79286b34
8db13e1d9b2f03a
2c7595a922aa281
0067ec043f81da9
3465e12bd24ae62
7bd93f6c4bc5c95
5e437c9f62309d5
5b52b2bd6e4595f
9c966b78cc515fc
3c338319a51b797
11971afb8f46cab
174f100c5a7a0c4
067f1563d2903a9
6f32077cd83f9a2
76470b517462ed9
168208fb7f45b4e
8781e61627dca27
3c04e5f1784472c
66828ca3f87f4ba
283604bc19bd0b7
3008ca93cf08182
5b29db0e929a492
2fb6d3afc86435e
13b7f1d876d19ae
90df20605953289
5c3cbf2521df137
48b2bdf5706a218
357923ab8e6f6f4
30b01d15ab97991
0ce779afc069eeb
513492c1f35ca6e
3b7a6f96d741ec0
1a6638ad3e6a84e
32fec630951696e
0d932fc46c333b4
04b0dbd1de877e8
6b74fe5dc95e401
2fcf12839b562f5
0fb6bca64346e99
16ae571209b0caf
4e891f32d478033
931342e253ba1ec
3f15c2b5b8b766e
4f1b3df7acc6e05
735bc9c4ab03e54
33d3645a7077a70
65d41c807b09259
161f5e8ab26a8b3
8a91092012f41f4
293f2f9b28a5bfa
9a00eff2a087208
1527e08f3d27039
300de3e21e49418
0ad6141d8479f64
7f5b65252458091
00d530fd6256fb2
0513c613e24a66a
70d3c9a7bec9359
77644c76a3fe1ab
2f3b9bfcec2ac42
3480fe5b0a74fb6
5b9d0c80db8fe09
5fed15a0ee3017f
5744bff619249cb
54afb590223fdd8
386ce87fdc90da9
6523c326cc67d57
5c6264b72df617a
21deedcf6e4dcb7
8e0b45be16fa113
763f32f3916e7c9
3230ef2fe0d015e
4de29d7f291dd3a
9d0c7c1daf1956f
410c1177f6e92e4
93fe60501ffc6ba
505a96333f5fff9
97af11d485a902b
4f853261d0f3f71
464d096b9798ac7
41937cc3713b2bd
5d8a4c3806d49bc
0adc99d920b6824
0109661494553c9
490ae1667c77ac6
5716811ad7c212d
44a555f70f7344d
4cbe33e0c09958e
943d59987ac8dbe
4bf685c1e42d910
013fa2fa308cac5
43bb37cff124cc5
99558c8ebe605fb
928bfc7b2532c22
00c97d8c5c215fe
19ce789a78b4631
4cad5ea73800d5a
835f8bde1ea72e5
7c7bd003563e3e2
21bc067e57d69d6
6cf5456932292b8
40c059824f92c13
477a73a504c59f3
73987b3c696384e
0814d0af30bb177
8a00a003895dcd2
2eefb1b32970823
11c808644413fcc
56990e91802b960
68ef4846c763306
5396381e7cc084f
01fa9db799ccc76
10bf64cd358f42f
83dd062579186d8
701f61af9b69db8
194aa9b1e00d082
2e4330d50280806
555e7e167472f07
4eb93af44a381ef
0cd7d1c9a39bffe
850ede06727d30a
373e4bc53de567d
693fa0816dd10e9
36889f852a9990f
643aebcee80066e
0dde865a296ee0b
5f3e7faaf0e34d8
29552465cd682a4
340b9656d430b51
3422b432d76e713
60f6609d464d5d6
17abe5264b6c6c8
12700aa351d02e1
9212cacc6e80c97
8c0185551cfb63f
9f1e2662874a8cc
84a789cddb7b6a0
7a4fe50ac350ec7
3da83d1432e1240
7b8f6eb641d2c9c
4ac770c0278f6c8
0ddaf336813aeac
19749476c2acb50
5edb4bea09eee33
9c51dfe06c6b890
334ef7223c3967d
15f1ab744639d85
920e5652824c010
4917a4583433b86
0abf447cc6cf93c
788866976f0a695
5e0e06d5fc6f569
05e262d33707baa
004661e6ccbb755
78a78af006cd11b
221e7d559d87a50
9189f1c57bc5b67
51375313e3c74cc
783e46c60fa374b
69ec4719f6c38f1
666d359e59926a2
4358963144b6e40
4769e9c17c329f6
28a033e6ed043ba
35bfd4ebe2981c1
5bf524d932f00e6
1f475e5be25fae9
7d669cbb89c0ca2
1c3b0599a88863f
6046459f09f7e3a
49ddd697614a12d
34be3276c73cf36
8e854f6efe30ca3
42a609312473a18
5a8f99d4fdcb813
1fcd1cd1aa0c1f2
3a88edef96bea90
309415443d04bfc
6d9ab5d4a0c2924
6c2c37ac459453e
64549d4d39d374f
8da8ea8037b840a
4cc49e0ccc1504b
21ce1fe944bc600
00695ac5edb0c8b
4c3469c6043ee88
03cae193660d4af
07518a3f8c53737
87755db5fc6a2b2
169484dc87da128
35f2a6b7ef5cb6c
4bd1f0419ac2fcf
74494aa02eb907f
1b9fe312e11b551
4eaf2d1bbbdda62
6c34ff97dcc57c1
216dc8e7ccffa99
0e709610c880439
7563f27cdb7cf8a
878333c0fe23528
946652eaa97cc06
29a46a5dc0237f1
96027fe8098b535
86481ac06321184
26302f2cd9bb0ee
3392e36f2a013cf
2fbbb48b622fa1f
40b8a8a6da603c1
80b8556e37fc37b
4fd785ce23f9c04
68682cfe0e2aa35
38aaec3e74f581e
2d0c38c9845bc12
95f6c750d23e97c
52c5486c3e6e742
5df8c40be18e55c
3e6e5d325793640
30a254558418187
4c214721ee9b5b8
3df68a7f55d853e
24bca153c15822b
0c97799271625f1
18b801011413c66
0e59094f1762a8d
46869cb3765f7ec
3f7fa1fc5e70042
57cd44064c78043
476fc58d181a7d6
80d66c7a6cc1b6b
077253434209707
10ba706291f61f5
9c3f3d68b922589
17c07763ffff89c
4b09e54d1ccd87d
9a326ee71d36d9e
8de4b4dc7486438
1df4b343971d582
5c00e40d8c1c591
3aafc64e6fca0b3
4b88d2bfd4446e0
573bf72ff3c7fc8
7d1fc8086a10c02
64a6d5b1366edc0
8509c09a0287b98
8102f08a838c1f9
775d053d4134540
6aa765152dd6036
207d60864efb798
424bb7be5b500cc
57ca44c841c3c30
6894aa752fb0bbb
0dd076efd367a8b
3e82fafb9dcf738
64f1bc44ffe281a
67ab3b41c9ea071
79ec852cc177e79
75f029b45bd3c80
7aad8ed639a09e7
4800505478b8af9
4b25a8fe126c75b
16903d0293ad283
7084994da669b5d
4d62f374952ef45
54d6c01d903acb8
816e698c9c1330d
927fd7f1bc10549
12b7fa912ee7d95
096aec20bca5c3d
269cd0a78efffa3
48646f4e2461a44
4c30465073816d7
3e393fb5f7368c9
5dbd4d4bffd422e
3bebb1b97397ed0
378a26fde4272cd
05b91983ec2b368
44c5707fc7b44f0
8519649cadced8c
99bf1d4223361d5
4d74d75b671cb01
90998dd02bf9139
9e8d7ee53033c52
776bdef57d187f3
1f2d5850a81017b
4a97f0db68c8b59
799429b73c03f94
56fca16a52ae5c8
736ac5a8ac40502
9e555b75b75f0fb
259c82803312f7b
50cf6c4e0957631
55cf1aba6bb48aa
8e4fa8ec4fde6c7
386f901cf3cf33f
54427037cdaf260
1718f976cdc84c3
667ae281a9157f0
15c02a04a3ba766
300ba01dfa3b97e
2829385e3969690
3494d693738deae
378d4c5a4e15483
8794f56f9d86249
017c12d2c5429d8
792e76dfd67b237
55de70c80501482
3b41492367783e4
741a7a856c82d06
2ceb51ecbef1f9e
626dce39a032d6c
2f77f77fd6f2867
5935c1701a5bc1d
4990f489c17838b
5d0c879d4a49510
313e280e5e8aab2
089e9b757765530
8ad2afdf8811648
5b46464610abc15
74fcffd049b7e2a
3a0fde7af19164e
72ae45e366e9c2c
3bbbbc9525f38eb
962939b27d995ec
3c9c9e7420b8b77
9e661ae9ac9a509
489c7d79f8c4719
49413d89322144e
4979b70ed57e0d7
4294a3c2bfb3c5e
16aaf1b50d04b86
2e04a9475df8144
7b3d93eb51f856f
81e7749da2a29e9
9e75d211b6c98d9
6a09966880966d0
288278ef267e053
99bac5da337bd05
21a144f85dddda0
69b653df73872be
0d04438995285f4
8a112b367709c1c
7d702fc03828fb5
13814d6b22704e0
97808428194f05d
1eb6db3b17766a8
6b6adbcf11e7849
9c928939d09423e
6ffb139930cf30a
713a4eb0160b8bb
3a31fc7ad0df12e
57dcd69debd01ee
36ec0a5191680b1
90a8ba33671dadd
2a353205599d9d2
629b52ecdcca546
4c858149b920ef7
258a99fa8fdd109
021c4961bdedb41
2a10e2a92b27d97
7333dacd9b7ea5d
2a8bc695d5cb02c
68b7aae11683497
800684e0dfafeb0
78134692c1be824
9eb6815c4c81a0f
6c3516466bc8ce7
4174e9cf777043a
809be75b9c8c068
5b62010a917d72c
6d037301b3e1507
44d57c1a26fc251
02595ad06ac71d1
0bbc159274a7468
642d1c6b3165a3d
4e1027077191b30
55bcf552966280d
4be0646e46feea4
9aea754adb96c14
57ab4f9e04d7ab8
0c767547f8f2098
8d0ed34ec25abde
736b4391d77c4b6
2569df9910c29ff
854d62b069f5fd8
7dd320eca7a6042
5d3f99bb3af2c2a
22723b8afc0a1f3
3efbb505bc7931f
6f267727b8884dc
254aa94bb85fdc3
5072c7b789d4f55
595d2a687cde806
0a601b324f124e8
204914508768e91
0d2b73f024de98d
95296c7d34854d2
38489c59c92cdfb
7a4377d18906f87
5a247c062bf81dd
778192bce4261f1
787b809a63b3251
042ab79a422f3d1
649f78cdcb71ce9
07c4217e64eca17
589155eee6e67f8
22d574e0acd8005
2da48a943bf3e5c
60b9f24e28895f4
2e741f8d165ca7d
32a86168c72578a
5ee5b089d145a7b
644d1fbcfd1eb3d
615b916a1661db1
11cdb52d604a9c7
5d96cfe51d20019
2a11f81f6e5ec3e
12291dd3b4a9bfa
35ad7f29f3e51e8
60262a99d2f041e
011de3ef1f67a6b
9ee85a189b272d3
990ca5a5d61317a
2d32280b7ba8aca
1cbb0fe3b469ac6
6f1985457ddae6a
453b73ddf32a0dc
665ecb863502d4a
0b5d6c840d96624
08f79fb32c53b02
76a84df4e25b6f4
6ead011013b9d1d
353944e696a0a20
126e1c665a7e6b5
7291c5a1cef6163
72610d091eb3ea3
759d79f598785da
3f812ab840d5abc
6bf243f06ba5755
8770a1c972d6d01
6fcdfd978d0e3e2
5960a0706c8c4ce
15a1e553d48e393
91ddc3020b4fb72
6448d74dc055125
31161bc8649b148
8da42265913d5a9
128dea554636c25
69359b876722a06
750dc002ac86f1d
7bc2733b4dc7f62
0b56ce9d1b0ecbf
3ed0dbfb0de24c7
6def86d5158dd79
7ffef021dfb886e
083b85a2544f50e
9a583ae3200058a
0caef888aac6856
6008d173e9a9f95
4cfd1411a8d3822
5e7421597ec9f5a
0cdf99e6783ed50
94a21e79d013a29
2f010217037add9
74cca3877643ad1
10b076ee5aba8c1
4a072e2d660cf9b
52652db94767023
19e0aeb7d6b0237
567d82a40d0ea25
2e89d60f8078995
9023616511abe26
29e8958f016adc2
5faa89d8de63b1d
8893e2a14fab0e0
0545030d2643901
587899de74dc72f
287be5f7d9000ed
738c73a7c21c228
63e507dd0d03aed
0e0b190dc316b36
2c771bb62f997dc
34177b94ee58127
0b21637ab489736
2d72a90a786643a
953bc275fd7e2f8
2371d0c9609241c
22e9179cc78add8
93f925db69d90ca
0351dd1903b041f
5de743385748ec6
02d4d5c3fa29b95
6b2264b11c30639
4a6374e7095c38e
554165ab2544004
1dfee4b96c93ea5
38f7d3b8ddd80b2
44a5caae11b035a
73ce7a477fee2af
93bb6c98c24b2d9
59ce69c17094957
209e4b7c1bb644d
182c7b505806ea4
374428bf25b8e59
5e3a92f8b4991df
58cc92f6689c40e
68d4c8208fd6cc6
099fe9d066ea51a
6cdcada9a49fa8d
2443be32cf92ec6
9268ece073acbe8
92ea9857ae2da8d
716fb171e4b71a6
4180c5b3f51efc6
1baa0183308e19a
24a59e0ad5c2e3b
22e5a54aac90f5c
1b307774e9405d4
161a9be2d19d61d
2a2abfb69ba3a16
176941890dce6fb
5afa418401792c1
28ee6c8b53b889a
50bd75c0bc98829
21cd8aa90393fd5
9498efd6c0bd2fc
533d39f3a863c1c
3df0c00a72035bb
0f6d254a7063014
686e9e58d02bc21
4d933876c35c935
9d30446a1cadeaa
6d11408912f64dd
0c1e90758facbd1
8fd007e0c13912e
377e1d26574be8c
569978e27dbbec0
2bc2a9a179ea91e
1da0d422bb57ebe
261b5709548b853
0b22b896f032c28
6cbcc04e9e503ef
81a4ce1e65b2f32
3f5b85e7c310541
6a7702b221c25a2
9a9f8e2639cedd7
39424cca2ce64db
0efc335bcc0d148
139c8e895d50a5d
92654a502212ef6
475a725af2f40ef
0d9b6ed7e7af65d
5f397dc1e9be65f
435377ec1d9b0b8
57482f7adfad410
2d8144b434ac4d2
1afedf4321ae05f
570919e410a7fed
01f6a828f9a3247
4e19cd4455cfc83
4cae12e301b3884
9747b793ed6136c
91e98c9deb9c765
49b0b02746f47e7
404ee83d007b6ea
6249bea26b3f341
5beea1a0ba802f1
6371fc7fad55dc0
7ff947758106c72
2175d0ccb65132a
63e97bb9e6e9398
36c6ccfb864dbd5
7cd12488dec5c99
731ef188283f2bb
4a40d2655c118c6
962a35a4ffb444c
812f3d91b2412a7
611e80578563f1b
10e2a1244086d6b
69e2219e4af7fb6
07804a917130068
8102cc55a4b4453
7b507df3b001622
6988db812934f09
1255b45b3a6cc61
2a47cad4902999d
8c84041443e0707
952d5a898eaebc0
4c97a472483baeb
8d9a0950351a3f7
91f79f6a4b5026c
1573a60076d3093
6eb499c2cb5fca5
4b8b5a7cce2301a
422f8c6aa1b0183
1e4045bc31b0c58
831b9052fd2d7b0
0640e78ca3457ad
0fceddefd8453a7
42592e331b5698b
11314c5cf603c17
29c0bcdcbcb5299
5ab1f6c9be1770b
3587301283ac3f5
49b0e367d248788
0c4830cf90e2977
1742c031f3d6883
7e432e8cf7399bf
56b685082af3a95
55bdde6e08d0c21
852b0772fe16e5d
334fe35430395fc
3460bce99db754a
9db2af713261a42
5fd596a39c935cc
044426ff5ca58f9
75498ca5de2e042
97ce0fe880423dc
9c71623fcd6f5f9
86eeab769b21437
5ad75562b6316e2
3d2ec91b1ef4e49
3f0750437cc7896
645e457cbcebb65
507caf39b6e7d19
82ea1effdb470a4
49810a365e5fa6e
75d98c89671cf49
615fccc7fe6aa2b
04996945ce8ccc0
060b0a8c0cb89d1
93cebffe1e27502
9b0382fdc18465e
0f27a6bb84b4a22
5250f3b9fa6ec10
003793bc40c30d5
79fe4a246e4a3ec
927ea62f79b7daf
697b5f3fc854c29
34afffbad242214
6a91fe0d385d37d
4b3b08f3300adad
1538b5ef749fb91
04ebd83e779ae38
8e2c29004a03719
15eb83abc372597
8d9e0554633957a
6dfd284b0280970
71243661f9422b1
044c77f3e8b1b57
0067997b6989567
61c1085bde4a60d
76cccf23a964dd6
585ba8272d02377
1bbfeae96d86221
253305a344bbbc1
8b0e25bdf3093e8
7b99850cad7cfda
3e839a05a558b2f
82b85c656a8d270
66eb82bd928d4c0
6bd5cfcca8c4ee3
478b62d38a1a598
8299f3ca85c0c8c
87d2b4e046fbf14
62afcf6a09d79a8
0d7ad91756b61a9
7c3923afe4189f7
576ed4b7723e931
890c142cdb8f7e6
0f5a83f10aff63a
12e2bf5fb19a729
72aa9b945b4ab59
741d549fa146261
030feb8502f6940
0250f0d052f6513
52c4c6a6d52e3da
2197f8c1ee1950c
0e043a88700c4e6
23c25ff32233be2
08ad9bfbc79f384
0263031c2060be0
012e36b13fafce3
0ebc0bdbfee6287
0778acd6ae617ff
1a7ccd9202a5b05
1dec5f03f97e220
4e07854860d8e3b
360e829609f0a65
777ee2fe21f3eb5
6255c4044dfa2a4
559cec0d69f331f
55f23772921a047
63125107d269b0b
45feba0fcc32f26
468e4a04dec44c2
156f7dc62c43641
5d9ab5f16cc9c63
113a30ab1ebba15
6f7462351f78e1b
77dcdf49512d7cb
316d17a55046800
560148cce70fae5
11b58e27d051332
33e0fc77b32a649
2fc30ebf39947e1
51813b57e4a6a33
6b220b456dea7ca
6bd2ad6d0c6f394
348bbe4fedfd3be
3294396e440f9b8
52fdaad90a1dc0f
126de422678fccc
7ac0a1966e55923
97fc0674c1790e3
9d8596098151163
45304b87a0b5f91
2357fa0c1a9b538
525796b80e875ce
833bbd266ca5094
8d1c2b8e94d2926
0c3774a0718dfe7
13a4a433fb417ac
57dc117eb319e0b
25750eaff36d341
5f7a13b53aca3b6
8f7c1cf30283811
64e1b3a28b9805d
31034e43f2887be
848999d3df9943b
696f0c47dc7e8b3
6b47bcf392051d9
2e64b26f25ab0e9
57a347f92832e07
0b9a60b09c75334
3a33b03cad4f254
0b0107171917c29
7b567b408bc2750
904998dc9b4d94e
1369a9b507bba58
15b796d6bfd82c6
69d554217276a7f
4c3b4172e76bd52
5746ab1e8aee092
5d0cdb7f3f30459
37e53013d3f39df
76673806d420a78
953bfa1c4fe2da9
640e012ee28b019
956a9b3691c5050
97986fce7b8ddc3
1a6b0ac6e1b4f35
48c75c124924a11
511231944c6739d
8bd58bebd39cadd
6f41746aec60d0f
5fa04ad6c3f04ad
207198958306efb
65ac7e12ee5dcd6
607de3a7e13bfac
7e6461334d13238
5c14906b703e3c7
6861ec5fe8991e5
02d015b908adf53
5ac12b2d9f0adf8
90d7ee4d9a95451
2da82a181f5743d
9a768ebacab882e
47315ced4228f9e
82e194b52d016a2
671831185fd7a3c
2ff35356f5f82d2
8dce74bfc51b49d
536c2ab09690cda
2ef72e24d5941e7
9071633f56a6707
2a9b405c610981c
52c41013f5efefa
7ad4749e253b3ab
69789fc5987f5cc
045f3588fc4e713
319d8ecb1b7a75c
211d2f85a361046
30355b4257a9ccc
020520ee057dfde
8eaa8859c7be399
004de80522daf96
4bddef7bdaebe34
973694ad5d29b07
649d025e9d99c60
650bfb3a73b3da9
79a1f17d1276769
049f51dc19bf9bf
19a7d49069ed645
4eec5e5d8586365
26ebcfd8b8ddcf3
946f1a664d356ee
541ec8e755875df
96aa3d6fb04f48d
38cbcbcee23e13e
7eb18feb0e9eb2d
62cfa0393170283
9918280daae794d
0688c8a3cf86a6b
1635cfb91d0ced3
705a0f92670f78e
037c7b5b31bcf78
4ed82edbd31308a
09bbff90d1a9bbb
37500a0d1964006
56100a7d83570d1
712703d71ee1531
7e9ca53d9f8fed6
01b5b2017b29785
9989d0805bab474
483141f23f3df62
5a6b79af50759d2
0e7f75f3aefbc86
9aa89391d4783a8
7bbf8c43ac6ab24
9e4599268f515ae
67bb285c856917c
9687a49f022933e
5456d7dcdff71b9
451b88864feb6cf
0a9c1f4b36e2fcb
6dfd126aea7827e
2ac4cbf01287cbd
8798d37659fef74
973201e66c8d1a7
85389784c43f274
9ed375072512383
687e574fd2c9188
04eb07fb163eee5
4e5405b05e2ec5a
3552ea2529819e3
57733225dc2e456
24a1f1263f38e17
22c6c184b0e6ad3
707174a89de7f64
2560edfe14a501c
6dc58eda2dc1f38
947321dc4a83980
57fa443229dd594
9cb7c00430622a1
5793064702f550a
8626ecdf8329f85
377b9b871308654
6a4ad50f77432ed
683b061bf0c6944
6f4c00dbc04d4e2
267a7e4bdaab627
6048b0d8c2c4706
818bb8ae5e7abf0
32d782a9447218b
6ba36297e07ebb0
7a6fa09d4a18f6f
226d48c86399a15
2edfe31b555f79b
29c1f3ecdb979bc
1d6d8c29e4e2b71
373f28604f22dde
0b10d9eb467c2d8
9c5d0c40d9bd10f
0c13215866049a6
2e849ce6e450c9c
7c737d18289564f
63c4ad2986bce5c
3ec810ec84b2524
9c2a24832869ba6
041ffb3dc245a84
2012f00614ba3f0
414415097c9c1da
5ce2cd707f57b7b
67f84f2cbf1252b
634210100fd25bc
8782283b25b6406
676c1ee694f26d2
75bb83eb92c8abd
160570c0c16995b
043f42454485e77
1a1b776158be735
3c92a3bf37e04b8
3f033f0e253d92b
6693f771e34c4d8
3d9cebc92fdd651
9eb6165e9ea76d8
045593aa2a9304c
4cec2cef3ca3e9a
86c1064588af250
08bcb2d5afc4096
2a540473d976b88
1d0bbf4f0a650cc
51babe4189980c6
3c6026488202053
3a0e3aab8cc37e6
4bd681d72b8e65c
21a1fe9a234b4d7
8f00294f8e2b97c
2972c5f1d3c2f7b
2dd58eda029a2c8
4d80cbb6cf54559
91f3fca8adec6f3
8cda4880fc67d22
90806de31e87f38
624570125536d2f
627df50b1152d42
3e2814444342a6b
86a615319637c60
831279418c32f05
591a4c4615e6026
3619d03f0453290
7c791ce98774f3d
6ca6cebea8e612d
464867eb4a02828
78cf42375e10c61
268a84527369c45
490b79d3c32ff5e
9046d8961e48e23
10c0e52d37eb9a7
3a839aed075c2a8
4059e27d49a6b9f
93f134f2c9e30cc
6d8c21a8f4cf993
74629003cc6f8a8
9d28c202d2d0b81
90a923f8c1e4023
87943110eaac698
30c85546bb1295b
482210678ea81a1
0a66cdd41729ff5
3b431d7a75ecf7d
5e7e24d41746217
4e5295e3b478029
086f867b04e1d3f
7b317056b1bcd11
725b8679f1d8471
40c4d4f3d849f11
5c30fcd9412f3a0
411b97fefb1adf0
5fa370835c5c9d2
2e8b02aaaaa73ce
6a91f2d54f89196
8216cb9bcbeb6fe
05036e7197c733a
9635bd9ebe5a5ad
4fb37943af1b0ee
546e71292f5b521
02974f57f990b1c
789c191bc6b9e56
524d4344663ca1f
14906e2ea0b89a6
8bb93e55dd42c31
656ac179b8b7453
49ded356e70b6a8
7a8f7280b00c374
5b8a2e992049bf2
6580e94b0f82689
3af806379ab60b5
8eee1c63a19d9b7
21fd622bf3dbc2d
3afe3d241f80138
216d271d2b267b3
06f299fbb2eba08
45bda7257bc5cea
480cad9093d688e
5e32ee06e743283
3157aa3c450dc01
0d324b11b86c00d
1d7dea2a18f645b
054d44fac4f5c1f
3b83b39fb8d49be
481eb590ed87627
8172bcfe7470ddd
48901bac949ca38
44818177cdaf5d2
9ceedf52df04911
88b3b738f305cd5
53cc186596dd205
37bf71438b2ac2f
9315906b46370cc
7680200d16c2b7a
92531d8dddfbb55
2e5d17ba76b39cd
2dc26d0d5648909
2e6767426de054c
6d14c9eacb8b0d2
6d5b8f2853c3df5
55bc6c9a306e4cf
54f576741db924f
6d63dfa4e6afdf0
0f6b02038d9c012
1fefa60451ce8f7
25f2a09fd1a3c0d
20a039d57b01e72
3518892dd466489
844119057aef2d4
17238c77da4a58e
411162e5353df2e
3fd3946ccc54183
38e9941d173430f
70f6830b362cf3a
2c1da6e8e215834
6af0bd61fefaf85
6e397701cd0269d
71e32af1cb6b09b
10484ed1c949276
4f58fdc622e2040
8a0e53fd2f729ef
31dffb0ad2d52c9
6b9cef20f5cda55
6549da9215b85fa
0fe54c58453ae3c
852f2f35376c372
77f467076aa197d
74489b2b8e4828f
6140546b0a6b7f8
0550fb63365b5db
11cf7e66e27f76f
418847e6d04ef81
5ed063129fa34a5
1a6dc9c3d85191b
8758bb9333f1c83
1c9c952a265c12c
256733bf25fe70d
5f820be6cf2ba2d
200a8544460d446
6c1725971e5bf64
5eb7e68a4bb889d
3d186f3a163acf4
9e0658331367f23
086498e513c7945
7ed29b9da6b3dfa
28c1b792e79cef4
540ead47b417c0a
11cfc10864ef99b
1b4e2e7f63673d7
090475ed05267a1
34813cbe00b905d
93ff94c499916dc
7b292eb520ab19e
78e3c925d5613dd
24047af085c71a8
14c4a8da5057b4f
0b17b3e81e32f63
9d0c73287d92b22
6f8f542016a8b7b
8cc8ce2f533be11
371b4b670559318
8bee4bff67e6086
77e97f031a8dbda
0933ff677750036
7c38bd2ac512ed2
9afb795428b2abd
551afaaf25062c5
313e45cf5bf1ff1
11c9ab3a0827875
6fc24999fa0b764
272ac31bf388a27
0ab621b8eaf244a
3682cf59f1969c1
65c3be4b5d35153
3b9b76dc23cc2a4
8ce8fe2399e6741
02c66d77d5cb9b3
9702ca192aa6465
05dd42c57156389
0990eaf791d812b
1b9a2f20f4c8fe0
845747ef45959ad
7bb0e9e86011439
1156bbb91a6ed37
9a7a76a2bd8c670
17a777134ac69a5
11bfbcf58f2380e
1d8ea285619b8a5
2421357f47cdba0
870aaa943ef1c15
1136b9208400b2f
08c55a88079e6ef
87791e348792289
6dbeba113873e90
0204a1b21a558f5
2554af705c06e66
5cf0dd34798dd21
313675f62653c37
1f4ef8dab8c9484
160ca48caf93878
7176575d8cb47ff
0458a11802438eb
1d8f034cb219fc0
7d27dcd3539a796
6735473d9996df0
0537e002a793d53
4b2dcfceaf9e07a
09b659b5ccc2965
9394adc8a99354e
003f1b279e70afe
7c9dbe2a6bd68a5
178e64f90baf1f8
1c551405e4cd9dd
6c825a1822ab5ef
4599d2e6bac64c5
228e0186b9f9214
8fd3a3022f9d5a5
6bf541e26ec3ce1
82ad32808f48950
3030200cb600d7b
22817f53a7c195d
661d2b1140a33b7
675fcd560a7aae0
6227ce0b70e26c6
5bd3731c11d6936
600648dbc149e79
34b34c460de4555
4467ff70736ffb3
7895e626b35e9b2
82de9e5a2151232
79b4efd2da1c7cf
4d369b8b21e4d67
1736f9d4f527810
8ede6d49e01d1e7
546532f04f22558
867111b1db0b9a8
57e278152fe0934
30e099a9652d0be
3fab8017990abee
9fda69e5985c6b1
7542342ba280bde
621adb522ff630f
51b1f83d1d90749
3f51c9e36b6c783
25381dce7c66c4e
2b9102f569ae54e
67cb1959bbb48ab
8ba5523108c9de7
231deb61d914060
6bda014f3ebd6ad
3ceaf29ed373bbc
5c0888799bef940
188c3f45d16d211
8ecadc38e55e13d
68714d4ca9e1034
8aaf676e4b5c305
223e9ba956b84d9
043f1eb1d0dcef3
5f27b19dac51900
8f3303755d8e375
131ec776ee0c2f3
9020223df4751db
39e531813b4b149
8596280bb762e42
848b1772e22d92a
012d895e183496c
916919ad93e596a
0c9010cd1462fc8
6c6f0c18bae0fea
2c676851ffa1c36
4ea978ed8372c2e
0bf3c6d27cfeb34
4f587473ff6b69f
11a2caf8168fe97
3edf858722049ba
809208f284503f2
9dd85367f18c79a
93f3d47efd4749c
3a3a9863ddf86f0
2bc37f32f904fce
373808ae0e1880f
658d9589802d1e1
7b977c69b0124fc
223fe0705ff3319
65085b00df474d1
6f9bca18e4890c8
7b4d396e7976083
3bb930665a689e8
5e1003bbe9b3b4d
2876524a253f432
9b8fc0b55bf9faf
413984befa10f9a
49cf2a9075bc7b4
7702b5b5b3d270f
044e7548f7ce809
2a4157c04d96f3f
539456ea4871b18
36a8694903c7350
9cb6e99faea41d5
8fb3a9357f61131
5f20b958274b501
5e56c35edb01ef1
4ccacffaaad1eed
40ff9910d75eb3b
7c30453929d1d52
51d5de30ac0c4f1
6697fd4ee7bba1a
6659cec080ed28a
3273e3a57ce7523
03fe65c3f698c7f
6f27813ac3e6006
2ff9dad6aa79360
2f0da0372ff74cd
4631ea9e4adc7af
77214b3cd7fffa2
041e052d0e81092
3162efe75abcda9
1286ff5b484e3cd
0c98ceaad6caa56
59e1ccde24d36de
94663d337668691
3b4fb79fba63086
2b34630dd000672
48a2c6ddaa29771
14b44b0203bc0c3
715232cf9e46790
05e70c18f30ae0c
7a97a6a2e19805f
2173f0bc0b44687
4539fd939a8248e
2244f20a53412a2
38c4abe358a5a68
4741f3638fecdbc
12a3777b4a17234
156b7bc29558599
60052f6c85acd2d
77ac90a8e4b34f4
23c83bae04bcffb
30b46f56260a0d7
453f4e606cf530a
4ef52bae897d3aa
1ed85db6c7389e4
5c13a7ed1af0872
0ef2c7c29dd5c81
4c2637a0de5ce6c
771940ed425c5ff
71bc1a9a918d6f4
237ef396f215f8d
55032b1663172c1
62547881cd1a072
637c1b112aeb390
30d384aa48da8b6
3b22d5da0b8f177
4f079f9572c65d2
7759a5537514f79
0e2855fcfac71b5
6857c562cb2e379
36cb30acad45830
1ddfc079c4431ed
635e3ef441af7cc
77defeb127bb261
8b10ef376567926
92c9b988d18b09c
0268118cf4650ea
2dd1ef1b3db657d
6020fe473e630ae
346126986d7d636
5e02c769b3ec038
46e10d4dd631b86
8eb78169e1dcbf3
049f616c90c5dcf
834b29e1f4029f7
52fcc692847982f
9cb995c20686264
95f52666faed49c
8c07c4110115a58
3b109f1a2e822c9
5ebdc0cc0b6d9fd
98ca01267194994
216a5af4fb7172e
995c11a0c2e84d6
2f79448b0c2c0eb
576f15dbb35c1b7
5d1d8f6118ca966
6e429fedb4a4867
1c735ecf5118f1d
36e7708ed862e38
27ecd0c7c4ba076
9e39a7126c4e31a
4e781f63c1f08d1
3e717989b621cee
8cfd8e0f0efc09f
2b87805b2acbc97
22331c5eef49c56
853659e4f7e8463
4cda01196fdf76b
628ada9f96cbf1e
6d7e52fdc70e2bd
8734f4c7ae5c8af
32d45024dcf33a8
71d35534621d086
33165117de5ba98
9603a6cc6495033
4fa57939f3b1ba0
7ed76bcf292a74c
4a1f484bf610486
7fc805e035b40c1
5d883c2f5e917bc
4efc63d08b9386d
3946b1ff2cd3c54
364474edb9f06d3
4f7eb7456f21606
91cbccc3de09694
501f5c344dd8345
40f2d755e9d42f1
8a1e4d1bf24ab0e
5cbcbff865d3045
8f49f4372237070
1b0c974c3e3c2f1
29a2b2deb7ba662
01ca0a9a8238ee2
52fb25b6d14bb2f
23aefc445595676
75cbf19cf8aedc0
05908b15dac0e54
50f1d7427952240
137a2777582cbeb
82a7d2d66e14f72
1bf129af768ca46
192205a6b250d38
3ffc2fef6a3b197
845bca1c5ae6cc0
658737b69c93438
67bf09b2016dadc
33af19652b918d9
2f338fb198abc9a
16b508cabfbcd67
5ded7b0e3545894
2a43df2c94d3146
94799db1d270813
448a5840272c863
3b505ae0ece5a5f
2b6521f86576f39
5983140c61a1853
3f1669d6b36d24c
14d23e26df8d48f
2ce23d1dadbb4ad
88c72e65156651e
4d02b4659f08b19
124fa20d1742fc3
290ca8c962da765
5c7f0c18c94e3a2
7996abec8f9d20e
0d43531aefaf0d6
0c1f4d35ad0091f
71a425118abd79d
00258fbca58146a
1dcb75c98e78673
312b582cbf73698
457acc690a8afa2
197aba619c382d0
462e021ca438f4b
0bbf9d846cf8249
35fa9d98c0dc9ce
97497ebaa1e4d4b
2e72f6cd7e0e5ca
5aa1aea4a760fef
52b56827806c759
2f62e1b768778b5
2194fbfd84b3dd6
6af4b7325c8e846
90ee5e571d804de
8be8618e16c1da2
86849d685404e4f
8aad8ef768e6493
813d15d28079834
7d5cd997530950b
2b2216251652e76
3dd36efd2d93298
58d7374cc106333
56befa7abccf1db
6a47ab501b680c5
1de513e08b93cc4
81306ba439e6343
906e82c1182cdd7
7977a17981244c2
8af35f02f38c3f8
9a8dca4017ee5c6
2ec8bcb39ae5341
659af4b248146ee
5596a5404965359
56298c2311bd811
1358a1d47d35603
3d40651dfb86180
4a24c01a259a996
975ea967498096f
958b6943d33bf4f
46915105dc0779e
1efaf689bf54902
4a9ff85c26508cd
0821ca202f66a30
1e56a1b92d3ea2a
815681c1cb282c2
79ec56ce5e6b69e
9cfd5863eb59b99
0248d162581e1e2
19e6eef40a97603
1075be5cc85014e
1a2a13fdab5e47f
328f06edb716a81
06d17633776e5bd
5da22516e9d5e0b
3aacfd2f2ba0f69
8449026bf938843
94700ec19eac138
1fcdafb6d1fffda
5ed0f269419831b
6946705e4db88de
9f12b43906d05a4
3dd95010dbf9290
763727169c0d3cb
5378217589d1984
2f3766c8d99a907
0afa2b7a949b869
284b6c5eb63c085
38d8c78c607778e
3599b0609902e07
3dff40eaebff7d6
08875f5b57b9701
6a8aeadefcdbd25
6ec63f73582a5b3
115a0d72bd94d8f
9b663e75e4b0330
9d93027bac614f9
048177c0961d3d8
3581b8cc955397a
917656ad8644db0
29c4d630c461df2
1552d2f17e5a00f
1aca64b5ac56e9c
83f3eaf31e3f805
9446107868c62de
38d7aab162a93cc
4a20c1e59d6248e
67dacf2faa14ec7
8855d4da59fd1df
33a7dcdfb6e6d0c
551fecf423d7555
9ef133e3955a2da
3f4982ca3fbb2c4
36addb5f96df22c
5b9f61952666fc2
91077169c521a7a
33bb57b2d2e8c2e
3cccb29cd44745d
06b5699bfcfdb45
96edb7ff87d9ea1
48c0514452ff477
45483e91c653f66
11cdf075407e0df
65762f403c86df1
832126f1264d454
02aab8de6d537e0
86ae59e51b23b10
77915a19c9f7e4b
1086542b427d22e
6ef966a5ad6d020
43b750e3483dc21
4e7f0972bd9c1f5
41823cdd9821aa4
0ecc757d0ef2f5a
692da7a44390721
4878b1e4d5bb0f1
1f8b108de7cd053
4cbe4d21df0604f
13ea7469dbdc6ae
09e1444555bc40c
4e15d0fda3be3b0
346ff10fa667260
74b1dfbf50ad032
3f9239bcea24c45
0e9569e4afaf65c
4045fd3758678e8
29bb0290a6131f8
480166f37a489e4
00f78ff12f5d7dd
47a86423c26ab4b
54cd40a8b19113d
96f0523a71c3f70
54a713f4c639f2c
258e2afc0710f17
5acb8e2fd0094cd
0f075c2e218e827
23223d98be514b3
23260fd11818b73
2f75673df07ebd4
4c49c28a09d81ce
7966d7bd22b16bd
905d89ed3075140
87c5ae67f2f5e92
9f34b7310107328
8ec5c6a3abe92bb
55e2e04894e5d47
0a20eea252fbb95
8c5adf4bf4beb58
7d85d9bad5f8207
4c255bfe7a65005
87e8cce58da5303
75627b332973b76
84528b499a7e630
7bc9d29ea26a39e
19900b3e2c42a6a
786a1657cddd722
25f351ae10506ec
14ddc2057cccfdc
036b25eff0105e2
9535c9e2d9a7624
16f3336fff554c8
89de741fc5a535e
29a01a13783158f
4d87d1b83494a12
645a99fd058a191
281e45780ced829
8f1b1bd7d90acdc
1451d6287adc983
50dc43837432787
6261047cee92b69
3c893e6d25cf4e3
7d27884513cb18a
2db50cef1a41ede
9c52d9e0544e468
2f017e371c92ce5
29be658d417f8ea
2c655d492383b7d
4ea3f40e2c82593
24de744145918b9
4468f673607f17a
4ee4f5d9f630ec1
6aa645b448bfed7
633c3d6d7518e33
189f66a467fadf5
32b39f022bbb694
20a4112e8b6837d
54ce525482e1eaf
0ae690758f3d345
040b27731f50c26
5f0ceb12bd5e857
0c5e5f8cd33f05a
48d612cd3f424aa
4ef308df25dbb06
58396ece6cc9b70
60530dd061ce3f8
5ef6f295cf4b8eb
4a1ea1c800b95ca
1f61ee8712e490a
7973a2879fe7925
10ec61fe7b2f5c6
2607a9edd042d88
3f9293473d3b873
50cc2dfb85479f2
0a88bb96a5693cd
62f0779c5ce892a
491980750cd7ed0
3c17aa5729e33cc
57d940f5beeab46
39b7f5a5abd16d5
92ecef7c04f1067
1a094613d755184
27757a9271623cc
9a64a3937b5c92a
9f5823c66fd65c9
2d51a47c18ce57f
30e3ddb98655286
622b8b2b0ba1c68
549464f7fd59476
0e638a1cf129448
6b37d3fbbb1089c
926d7dd716a0651
19d611291f9900c
21d6ba18f7f1e0f
2e29c79b6eca705
393e0a2cac368c1
4e10d70619253f0
38d5994b25ef65f
23b2013bbf69831
348715aae035c55
385e199de1a7377
69677daa4ae33e1
29690198256fc36
79945c032956d65
19d500ccbb0a71e
233798cb40ca26f
0ad3489774f9151
63be28681af69ac
73cd9db3647bbf5
26b2b086ef78cbe
165bf802dae5808
1063b2443c75e8a
8ab715fcdd0fcba
2b8ecbb9d65b5e9
1ddbae94f7a25b2
0858a6f0cb13b30
84c0c6894acd821
8977d69f9059b6e
7e2544de5b8723d
946f169c1d90e4e
0b4d2f2f20b2eb7
08914375dc2b949
5d4c7e2b47541b1
7151a09fed17a80
5808484533cb10d
9e92855323098cb
3e8a844909857c7
957c8d78db5733d
0b6986e16f86b8c
2010be4318a47b8
37252ba68a9a379
3788df9fd9ae421
1219cd575badf31
49e360b90343549
87a931e834c1410
62a688be6b41db2
2afeec569a54eb7
6a0463c7246534f
060786192c958e2
6b36bf1ec5c3052
3a76d86c1c87a44
78fce2803080913
8732059941d65d9
2cc49c5af0b0245
5d341dd1d8c8c56
07de50a9a1e8d41
7faea6c60ede4f7
60d5c63207a0a27
9131cfc9a0142a5
5cc136b5d2955b2
974cfc2f34158f8
7a06dd692c9e7ec
80ac1ac9ac999f6
16dd37339d82ac5
9e855a9de2e1541
966f140175aa00a
7cfc5e741571462
5e26c1548c68b19
02851f0493d0b39
55131e17efcde2d
8cde75f68bca2d9
4e790ea63f27734
5fd358881c9e5ac
7563281eda0cc18
81744c04d44b47c
24635d2c8ba7659
1517923bd85699b
19559f4c81223ad
6570d3712115c9d
908f028fa57a406
2114ee4b3e1ca99
285c87af82d7784
965f66a723f866b
252d25ae50cc784
34ca1fdd92a0747
2a3084463f131e2
8584f02eae6288a
17eafa4ff3fd57b
50b52ba19a3b648
2ddd20d5e1f3fbf
080fbe02c9871f0
5cb41b06f471c5c
11d00c3c9642aee
8c7ec45d48ba0c6
245786b4b657374
9fed63e94e610dd
7af4c473d1f94a9
525dd43eb11427b
9045a852cb71e23
6006cb1af6847f0
64e6fa3404fb271
7de2ec2e2d2d8dc
6bbb1514a5d45cb
97a46abf017023b
5adfb8968c10492
03e3a203dca1bd3
5816e35c93b014f
3b81f387cba8db0
4c9ceca0c056410
0f5829574cbd008
880855260025633
3c506a043217783
77813c694ef12f9
6fbb4dab3817351
674a165bb1de2cd
1c5b24c84e9e41e
6dcbd4559227244
40eaae3019b8b5b
51416bb2c63e5e3
3d07c80f38fd8b4
117449a6d6566c6
5fe3da1de6ee62d
0086212561ebeb0
1c4a498297d6061
09fdccfce4ec823
7e6825f9a78bab8
69fd5bca75c9859
a009e4e28dfc5cf
2cc06fe550be51e
5ce757935ba1c21
8cbf3a4ccfd0f8c
1ad633b04c2031f
22f48e573809593
380bf744caea596
99b7b21ab10f369
6d525b561e0d934
9b89be165ec032a
26d4de9b1a98b15
092ffd6c17e148a
010c10cd23fbd50
7d45f3ceae4f525
7ae1a3fccc18671
97168b623e437b1
7ac81f435f47752
12055ba589dac1d
458f60decb051d2
6f76ec025ef08be
0e4d3cdacf235fd
59cd2e4206d47be
59a0b5dc0c16004
5423adcf4e73aef
72135f518219e2a
506330dbcc0ba41
7755ae4d142943a
472afb1485655d3
091f73d25c45170
792f896b3c3a27a
17a8fb8f2b752ad
1cdaeea96ceadc4
557ef4e2b4a123b
553006691b0c27b
008595147f627ef
77a3790a4dedf63
1f48418d2642953
9d13fcca155efbe
2263c1ad0d3a9c9
89b826930abcc59
716e8e8aab00d40
5f6a32b9363c652
73811b5da15660c
0bc19227359c1bf
4265328012fd1f1
43b01acf2ba1139
0f0016d7950c134
9694dcd0b4b771c
0a5944d55798d3e
0e5b8503cf652d5
13b8eaa54a0efe0
4ec1f101e3e4679
16340d1d5ff19ab
9cf5798f8773d62
8b1dbf25d71b9e6
126ed7b439855bf
001b9824bbe3aa3
14282142078487f
758e434e0e97ca4
77bd000d01b2b5c
47147b05d0bb6d5
5b72451598513d0
6278d13b99346fd
02361cc4571cc15
17090bec7d59ed1
1d67bf547292973
9a1721fb08d909f
1cea46beb12f28d
597be087d567e56
49d2a9b3b78e04d
4085e02303f3788
1ca008c79f524ae
26c34f576987975
05f74036eee108a
5f4141978007278
94683fc00f1fafe
4bb9ce2566913b4
520ad77aae777f2
5e3231576e204c2
235ac5c06ee8940
422575ad7956b94
7654780e622dd27
0a0b7c966899f96
3bb1e89f134acf9
920bdc64b561f28
44a65dad31d17f5
86576a9f6d0045c
9f494f57a72cefc
77e20176c99f20d
41ac29cf70c9abf
8511b28479f38a1
2fc39c11ae739a3
4374ced1eaba862
5ed1275d519e648
5efa65f78410651
086aeb4d4eb6556
4d0ce71f7b68364
8275a99fe496e30
60f5f6f5402ddcf
57b5ec32cf49d44
3f42b735c923214
82fd5a03637edba
10d297605cd9e52
5acc27c903cc340
01f371bb5cd1255
5d23daefb28e50d
3aeabeff888d1cc
4f355f13348ea7f
13beb1e74031906
32c09bb59d6bfc3
3b503e3d91f7522
3eaac74893d1bda
21018b6ceb3b21f
656e920c1bbe362
792cedb4a4fdf35
07afd831be8a0f1
43f3585660831d8
5c5f5a8a6d0b84c
665cc1a5bd4d30e
57a3f025104bf84
16b2385fd561f33
0b1b12d87ed282d
0451fc0b653dee8
341666308c30b5a
3540191f72c7de7
1c4625add4e8fd3
7d96a283a8ea0a1
31c6452b6cb7b7f
4f60ca233c93fc0
5362f0cf6f8d75f
812a442ac98a58f
42a892b6ec0d9fc
05c1ecd1bf09c31
144fb265e64b771
9c47a4b192a9b5c
018df1552c9c832
08589b8e370813f
3fa8b2dc6502010
2c3ad3c6aeea3cb
5e40107a297df5d
8d25e835046bbf3
2e3cb53daa5546b
0a3ee801072b613
76592a9a8f85612
389e4be5dcb3352
4c3e051e56f7bea
1ffece8b48e5c7c
0f11b74c3cdb9bc
6d6cb256a67cc1c
943f021f8bbda48
41602830c6cb511
477c6e13d1f04ad
8e0d1f643fdc3f8
56ef77793deed26
01af09ac5ab228e
3fd98c55a73a3e6
9488937583f2d24
8b9ed3153e0642a
66e647569c9822a
4925e491fefce39
9509fe9a1d92551
996766afe6bea43
3d46fae7d5e3c61
98fa90d3c687fc1
59d42d6365161e9
17abd0a6f3a8358
1e4f336be608275
11e6e68478d2842
14396e22e61e048
0fbb2c0c4bd5079
02693a56346cf8d
3271b9101951eb3
85cdecaf8aec8ad
76d37ae1e27adac
86632cb25f3d4ed
9d41e617e5308aa
3ce81b752e1ce77
3b2a2d546f0b89b
75614b1cd36d8b0
3b65ceacfc28ac7
7e8fb60e8c26a32
0165cf94b10d5f7
81e33b725d79b8f
26128f3245b1da4
3e140bd2f94686f
165a72eedd18dc9
3e36fdb07091365
69d4c7eec2525c4
80ae63265bd002b
6ca6bccbd48db30
0b6e0e7d7da8bfa
5d676c1939fed78
65ba430bf2bd814
39cd27414f3b4c2
93d51d5594ada61
575021cc3e031e8
3c4d8daa25286b3
056df5280df4f1b
35f7954ee153ca3
7249851ededa8e6
4eb35dcb2702faa
2e4cf505195fbda
07ce324b4aa18f9
2d89289c89f6fb8
72a89c4cc7b51c8
7a75d66be88753a
328b2574b91fa8c
20fa5a38498efe9
9c695be809f256e
42a7370625c6d20
00b0a1893978cda
1073bb8446dc511
5ac012ea6a59024
99bca4092fe658d
8dc7ff18b4976c4
88c1d03f0fede61
0e1d5d8abfb2a15
0cbd7237be1f296
8687b7ecc7127fc
0e6e6efb07f50ab
14ce95ad52fa7c5
431f69713a7f7ad
5afd9845d640a30
56472ebffbdbb9d
3b156a8bb1a6e6e
6128dbad00f0d3b
9e3be47cddcddb4
1cbf297f2ef6a55
406e5de3a2e8cb0
8c1493c69d42bcc
2559545bb0dc2cb
0219c5d0be42fae
66210106ae814d1
873487383d0a437
893b38c648e0e92
2e1b10559eb9a5a
0f7286dde52ce2e
4dbfebd74992b32
786f7f3dbea09bd
7517fd981181325
5b61a845a7c6748
5de987a3de3ec87
28f626219b16c15
0f7d4566b1aa2a7
87a4d2727e2cec2
907f19268c18a4e
0b17f59f3d6e610
54418ba7ce56fc4
30242b1e668ca03
32dfe5d19218bf7
1c07d7ad8b155b0
9370e57876e3dc0
07df95ca04fb04e
4288d5ddba98a9f
93ff8d01f634d2e
086d5ca7a5b21bb
37636e5ee616022
8959c13f8c5b00d
0ddb669a3ed1669
50c224e5ccab7e5
02f1888ee0fbbff
7daf7e939d26b62
2b879fedc2ab96a
77dedcec661e555
75f85888dd72d6f
24faf1cd562ce68
929c2c8a4758c49
492f90c362d2470
718e6a56250d383
1aef9dbcc2df5de
471cb08208b3803
15546bbf55ea2cf
46d29303a8e90d8
81468c60876ba4a
72ad127510c6f47
68b6b00d1b4c49b
595c2c43f3a6123
9a72e7ac4d33667
6aab7495c9d2450
754ad15504b574e
09a7c5c45488a8e
8064707b3aeae45
13578925b321223
8486593b24df14e
5a9c22368964282
3a93774b28efd57
6acf03295cb73b2
7212a412c789c9f
280c13b5d016afc
8d7571b529883c0
84f57ccfdfd9ceb
589ce3980e5dd92
7bfcde7ab70f26c
898cbd45d392d78
99ef914e1a717d5
4ed55135b1b760d
19b44e6cb5015ae
9a0804f39afe617
5ed4c385f4b9d94
2da2fe9aecf6c32
5b6f2bebc54c52e
4ea8664a3e8060d
763a93750e32bcf
400995d2ffd2889
7f9cfdc59189a3f
3c46e63a922ac5a
1860693850e9d8c
492a9a3dfd4d4b5
639fd0b546f343a
90f586508620d93
3f0162190929219
8c5df027f8723f9
34eeaadc874439a
3e7ec20b6753c22
4a1f88381101a6d
321e94d8cc57604
084f285c50c4818
94eccf3d071d187
89c421a0d9430d0
009a57f1e0af840
07ca69027d1ace9
9343e2e739ae155
3c5edeb302581ec
8b12110aed9fbaf
4cc52300f461133
2ae7679a5087ebc
438fd49c94d27ae
11edb8c05127e3e
3bc789865527558
0d6203e422cce00
67f8389c6400fa9
231d29a512a3e8a
5c55b237ed709e2
3281692a0ad071e
311326cd527c5e4
4f6f445ccbf7153
156c84653410f74
9ab97fd003a1985
8a47844583d51db
53ca4ebd9031073
4ed26024cdd1149
44cc46174561023
175aedcb54462be
2acb899f7d392e8
67c63aebb7fb6cd
690b2079e99935a
7526befc10169be
5839232f095c129
3a2bf5a9fe1cca7
80c734432d8ea5c
03312b0717eea03
46fc8b41090156f
4ecb40a2712108a
2d5d2a490a67124
294b5c7edcfbc47
7a3e13553cddbf9
1c61bae70de7215
051dc43268cdebe
7e306ab4b087373
0bd300fa44ff412
34f56939271048f
6f4819e67da067b
7b0d48c5cf43750
586289b750aab64
3afdbe881805dd4
902f873f3fb8221
009c6aa7e5845c1
61e5fd0ad931096
680729a39f5ff37
3174e4daa71782e
60e9a63fffe0bd7
71035a372ab3e44
15a864f4fcc284b
1e8b6ac9aa7735a
78f82f743117f1a
276bad2610d433b
8610f3305296abc
4971f69497b903a
8dc52456ae16d9b
42e1253937a4561
0f30a884f25239d
6c0ebfcf53fa48b
0f769afd99dfee9
6653d7a9ed15fb1
1dbbcbbf9933db7
48c0187d20d2871
9471db0dc4ce011
99bd26d7e34e72c
9d490d9f64e723b
0b1c2125a97dee4
1fdf2e7550d8b04
5a14135f3c27a49
5d167a7d929b919
361f9ad37ab5c41
6d3587b49be891d
62ee63fd9a5acfa
81d0ac87404dc64
1146bf7cfaba244
3e8046b4598952e
80d021565f2a7cc
51f8fe57eaaa1a3
92ab42c0b33e22d
5efc38170acbdae
519f93512651ddb
6496ffb8ded8756
4f597ff248e1709
26bd5b44c0d961f
3ee19a8427d38a0
2504cd401a51245
9213e8611354d6f
340bf385faaa8f9
9c313e36eea2ae0
791efc8cd932ac4
8c9dcb16516c155
94f52ee34afdb37
37483338c883a1a
14949f828af90af
5c1b6b3d291b4aa
877f3f400a95835
9f956071da8557a
9cfceb6da1bdf5b
44224e722aa31aa
