Copyright 1986-2022 Xilinx, Inc. All Rights Reserved. Copyright 2022-2023 Advanced Micro Devices, Inc. All Rights Reserved.
-----------------------------------------------------------------------------------------------------------------------------------------------
| Tool Version : Vivado v.2023.2 (win64) Build 4029153 Fri Oct 13 20:14:34 MDT 2023
| Date         : Thu Jul 16 15:20:21 2026
| Host         : ASC-ACA3850 running 64-bit major release  (build 9200)
| Command      : report_methodology -file ntt_methodology_drc_routed.rpt -pb ntt_methodology_drc_routed.pb -rpx ntt_methodology_drc_routed.rpx
| Design       : ntt
| Device       : xcku3p-ffvd900-1-i
| Speed File   : -1
| Design State : Fully Routed
-----------------------------------------------------------------------------------------------------------------------------------------------

Report Methodology

Table of Contents
-----------------
1. REPORT SUMMARY
2. REPORT DETAILS

1. REPORT SUMMARY
-----------------
            Netlist: netlist
          Floorplan: checkpoint_ntt
      Design limits: <entire design considered>
             Max violations: <unlimited>
             Violations found: 1198
+-----------+------------------+-----------------------------+------------+
| Rule      | Severity         | Description                 | Violations |
+-----------+------------------+-----------------------------+------------+
| TIMING-17 | Critical Warning | Non-clocked sequential cell | 1000       |
| SYNTH-10  | Warning          | Wide multiplier             | 198        |
+-----------+------------------+-----------------------------+------------+

2. REPORT DETAILS
-----------------
TIMING-17#1 Critical Warning
Non-clocked sequential cell  
The clock pin cdo_reg[0]/C is not reached by a timing clock
Related violations: <none>

TIMING-17#2 Critical Warning
Non-clocked sequential cell  
The clock pin cdo_reg[10]/C is not reached by a timing clock
Related violations: <none>

TIMING-17#3 Critical Warning
Non-clocked sequential cell  
The clock pin cdo_reg[11]/C is not reached by a timing clock
Related violations: <none>

TIMING-17#4 Critical Warning
Non-clocked sequential cell  
The clock pin cdo_reg[12]/C is not reached by a timing clock
Related violations: <none>

TIMING-17#5 Critical Warning
Non-clocked sequential cell  
The clock pin cdo_reg[13]/C is not reached by a timing clock
Related violations: <none>

TIMING-17#6 Critical Warning
Non-clocked sequential cell  
The clock pin cdo_reg[14]/C is not reached by a timing clock
Related violations: <none>

TIMING-17#7 Critical Warning
Non-clocked sequential cell  
The clock pin cdo_reg[15]/C is not reached by a timing clock
Related violations: <none>

TIMING-17#8 Critical Warning
Non-clocked sequential cell  
The clock pin cdo_reg[16]/C is not reached by a timing clock
Related violations: <none>

TIMING-17#9 Critical Warning
Non-clocked sequential cell  
The clock pin cdo_reg[17]/C is not reached by a timing clock
Related violations: <none>

TIMING-17#10 Critical Warning
Non-clocked sequential cell  
The clock pin cdo_reg[18]/C is not reached by a timing clock
Related violations: <none>

TIMING-17#11 Critical Warning
Non-clocked sequential cell  
The clock pin cdo_reg[19]/C is not reached by a timing clock
Related violations: <none>

TIMING-17#12 Critical Warning
Non-clocked sequential cell  
The clock pin cdo_reg[1]/C is not reached by a timing clock
Related violations: <none>

TIMING-17#13 Critical Warning
Non-clocked sequential cell  
The clock pin cdo_reg[20]/C is not reached by a timing clock
Related violations: <none>

TIMING-17#14 Critical Warning
Non-clocked sequential cell  
The clock pin cdo_reg[21]/C is not reached by a timing clock
Related violations: <none>

TIMING-17#15 Critical Warning
Non-clocked sequential cell  
The clock pin cdo_reg[22]/C is not reached by a timing clock
Related violations: <none>

TIMING-17#16 Critical Warning
Non-clocked sequential cell  
The clock pin cdo_reg[23]/C is not reached by a timing clock
Related violations: <none>

TIMING-17#17 Critical Warning
Non-clocked sequential cell  
The clock pin cdo_reg[24]/C is not reached by a timing clock
Related violations: <none>

TIMING-17#18 Critical Warning
Non-clocked sequential cell  
The clock pin cdo_reg[25]/C is not reached by a timing clock
Related violations: <none>

TIMING-17#19 Critical Warning
Non-clocked sequential cell  
The clock pin cdo_reg[26]/C is not reached by a timing clock
Related violations: <none>

TIMING-17#20 Critical Warning
Non-clocked sequential cell  
The clock pin cdo_reg[27]/C is not reached by a timing clock
Related violations: <none>

TIMING-17#21 Critical Warning
Non-clocked sequential cell  
The clock pin cdo_reg[28]/C is not reached by a timing clock
Related violations: <none>

TIMING-17#22 Critical Warning
Non-clocked sequential cell  
The clock pin cdo_reg[29]/C is not reached by a timing clock
Related violations: <none>

TIMING-17#23 Critical Warning
Non-clocked sequential cell  
The clock pin cdo_reg[2]/C is not reached by a timing clock
Related violations: <none>

TIMING-17#24 Critical Warning
Non-clocked sequential cell  
The clock pin cdo_reg[30]/C is not reached by a timing clock
Related violations: <none>

TIMING-17#25 Critical Warning
Non-clocked sequential cell  
The clock pin cdo_reg[31]/C is not reached by a timing clock
Related violations: <none>

TIMING-17#26 Critical Warning
Non-clocked sequential cell  
The clock pin cdo_reg[32]/C is not reached by a timing clock
Related violations: <none>

TIMING-17#27 Critical Warning
Non-clocked sequential cell  
The clock pin cdo_reg[33]/C is not reached by a timing clock
Related violations: <none>

TIMING-17#28 Critical Warning
Non-clocked sequential cell  
The clock pin cdo_reg[34]/C is not reached by a timing clock
Related violations: <none>

TIMING-17#29 Critical Warning
Non-clocked sequential cell  
The clock pin cdo_reg[35]/C is not reached by a timing clock
Related violations: <none>

TIMING-17#30 Critical Warning
Non-clocked sequential cell  
The clock pin cdo_reg[36]/C is not reached by a timing clock
Related violations: <none>

TIMING-17#31 Critical Warning
Non-clocked sequential cell  
The clock pin cdo_reg[37]/C is not reached by a timing clock
Related violations: <none>

TIMING-17#32 Critical Warning
Non-clocked sequential cell  
The clock pin cdo_reg[38]/C is not reached by a timing clock
Related violations: <none>

TIMING-17#33 Critical Warning
Non-clocked sequential cell  
The clock pin cdo_reg[39]/C is not reached by a timing clock
Related violations: <none>

TIMING-17#34 Critical Warning
Non-clocked sequential cell  
The clock pin cdo_reg[3]/C is not reached by a timing clock
Related violations: <none>

TIMING-17#35 Critical Warning
Non-clocked sequential cell  
The clock pin cdo_reg[40]/C is not reached by a timing clock
Related violations: <none>

TIMING-17#36 Critical Warning
Non-clocked sequential cell  
The clock pin cdo_reg[41]/C is not reached by a timing clock
Related violations: <none>

TIMING-17#37 Critical Warning
Non-clocked sequential cell  
The clock pin cdo_reg[42]/C is not reached by a timing clock
Related violations: <none>

TIMING-17#38 Critical Warning
Non-clocked sequential cell  
The clock pin cdo_reg[43]/C is not reached by a timing clock
Related violations: <none>

TIMING-17#39 Critical Warning
Non-clocked sequential cell  
The clock pin cdo_reg[44]/C is not reached by a timing clock
Related violations: <none>

TIMING-17#40 Critical Warning
Non-clocked sequential cell  
The clock pin cdo_reg[45]/C is not reached by a timing clock
Related violations: <none>

TIMING-17#41 Critical Warning
Non-clocked sequential cell  
The clock pin cdo_reg[46]/C is not reached by a timing clock
Related violations: <none>

TIMING-17#42 Critical Warning
Non-clocked sequential cell  
The clock pin cdo_reg[47]/C is not reached by a timing clock
Related violations: <none>

TIMING-17#43 Critical Warning
Non-clocked sequential cell  
The clock pin cdo_reg[48]/C is not reached by a timing clock
Related violations: <none>

TIMING-17#44 Critical Warning
Non-clocked sequential cell  
The clock pin cdo_reg[49]/C is not reached by a timing clock
Related violations: <none>

TIMING-17#45 Critical Warning
Non-clocked sequential cell  
The clock pin cdo_reg[4]/C is not reached by a timing clock
Related violations: <none>

TIMING-17#46 Critical Warning
Non-clocked sequential cell  
The clock pin cdo_reg[50]/C is not reached by a timing clock
Related violations: <none>

TIMING-17#47 Critical Warning
Non-clocked sequential cell  
The clock pin cdo_reg[51]/C is not reached by a timing clock
Related violations: <none>

TIMING-17#48 Critical Warning
Non-clocked sequential cell  
The clock pin cdo_reg[52]/C is not reached by a timing clock
Related violations: <none>

TIMING-17#49 Critical Warning
Non-clocked sequential cell  
The clock pin cdo_reg[53]/C is not reached by a timing clock
Related violations: <none>

TIMING-17#50 Critical Warning
Non-clocked sequential cell  
The clock pin cdo_reg[54]/C is not reached by a timing clock
Related violations: <none>

TIMING-17#51 Critical Warning
Non-clocked sequential cell  
The clock pin cdo_reg[55]/C is not reached by a timing clock
Related violations: <none>

TIMING-17#52 Critical Warning
Non-clocked sequential cell  
The clock pin cdo_reg[56]/C is not reached by a timing clock
Related violations: <none>

TIMING-17#53 Critical Warning
Non-clocked sequential cell  
The clock pin cdo_reg[57]/C is not reached by a timing clock
Related violations: <none>

TIMING-17#54 Critical Warning
Non-clocked sequential cell  
The clock pin cdo_reg[58]/C is not reached by a timing clock
Related violations: <none>

TIMING-17#55 Critical Warning
Non-clocked sequential cell  
The clock pin cdo_reg[59]/C is not reached by a timing clock
Related violations: <none>

TIMING-17#56 Critical Warning
Non-clocked sequential cell  
The clock pin cdo_reg[5]/C is not reached by a timing clock
Related violations: <none>

TIMING-17#57 Critical Warning
Non-clocked sequential cell  
The clock pin cdo_reg[6]/C is not reached by a timing clock
Related violations: <none>

TIMING-17#58 Critical Warning
Non-clocked sequential cell  
The clock pin cdo_reg[7]/C is not reached by a timing clock
Related violations: <none>

TIMING-17#59 Critical Warning
Non-clocked sequential cell  
The clock pin cdo_reg[8]/C is not reached by a timing clock
Related violations: <none>

TIMING-17#60 Critical Warning
Non-clocked sequential cell  
The clock pin cdo_reg[9]/C is not reached by a timing clock
Related violations: <none>

TIMING-17#61 Critical Warning
Non-clocked sequential cell  
The clock pin coeff_reg_0_63_0_6/RAMA/CLK is not reached by a timing clock
Related violations: <none>

TIMING-17#62 Critical Warning
Non-clocked sequential cell  
The clock pin coeff_reg_0_63_0_6/RAMB/CLK is not reached by a timing clock
Related violations: <none>

TIMING-17#63 Critical Warning
Non-clocked sequential cell  
The clock pin coeff_reg_0_63_0_6/RAMC/CLK is not reached by a timing clock
Related violations: <none>

TIMING-17#64 Critical Warning
Non-clocked sequential cell  
The clock pin coeff_reg_0_63_0_6/RAMD/CLK is not reached by a timing clock
Related violations: <none>

TIMING-17#65 Critical Warning
Non-clocked sequential cell  
The clock pin coeff_reg_0_63_0_6/RAME/CLK is not reached by a timing clock
Related violations: <none>

TIMING-17#66 Critical Warning
Non-clocked sequential cell  
The clock pin coeff_reg_0_63_0_6/RAMF/CLK is not reached by a timing clock
Related violations: <none>

TIMING-17#67 Critical Warning
Non-clocked sequential cell  
The clock pin coeff_reg_0_63_0_6/RAMG/CLK is not reached by a timing clock
Related violations: <none>

TIMING-17#68 Critical Warning
Non-clocked sequential cell  
The clock pin coeff_reg_0_63_0_6/RAMH/CLK is not reached by a timing clock
Related violations: <none>

TIMING-17#69 Critical Warning
Non-clocked sequential cell  
The clock pin coeff_reg_0_63_14_20/RAMA/CLK is not reached by a timing clock
Related violations: <none>

TIMING-17#70 Critical Warning
Non-clocked sequential cell  
The clock pin coeff_reg_0_63_14_20/RAMB/CLK is not reached by a timing clock
Related violations: <none>

TIMING-17#71 Critical Warning
Non-clocked sequential cell  
The clock pin coeff_reg_0_63_14_20/RAMC/CLK is not reached by a timing clock
Related violations: <none>

TIMING-17#72 Critical Warning
Non-clocked sequential cell  
The clock pin coeff_reg_0_63_14_20/RAMD/CLK is not reached by a timing clock
Related violations: <none>

TIMING-17#73 Critical Warning
Non-clocked sequential cell  
The clock pin coeff_reg_0_63_14_20/RAME/CLK is not reached by a timing clock
Related violations: <none>

TIMING-17#74 Critical Warning
Non-clocked sequential cell  
The clock pin coeff_reg_0_63_14_20/RAMF/CLK is not reached by a timing clock
Related violations: <none>

TIMING-17#75 Critical Warning
Non-clocked sequential cell  
The clock pin coeff_reg_0_63_14_20/RAMG/CLK is not reached by a timing clock
Related violations: <none>

TIMING-17#76 Critical Warning
Non-clocked sequential cell  
The clock pin coeff_reg_0_63_14_20/RAMH/CLK is not reached by a timing clock
Related violations: <none>

TIMING-17#77 Critical Warning
Non-clocked sequential cell  
The clock pin coeff_reg_0_63_21_27/RAMA/CLK is not reached by a timing clock
Related violations: <none>

TIMING-17#78 Critical Warning
Non-clocked sequential cell  
The clock pin coeff_reg_0_63_21_27/RAMB/CLK is not reached by a timing clock
Related violations: <none>

TIMING-17#79 Critical Warning
Non-clocked sequential cell  
The clock pin coeff_reg_0_63_21_27/RAMC/CLK is not reached by a timing clock
Related violations: <none>

TIMING-17#80 Critical Warning
Non-clocked sequential cell  
The clock pin coeff_reg_0_63_21_27/RAMD/CLK is not reached by a timing clock
Related violations: <none>

TIMING-17#81 Critical Warning
Non-clocked sequential cell  
The clock pin coeff_reg_0_63_21_27/RAME/CLK is not reached by a timing clock
Related violations: <none>

TIMING-17#82 Critical Warning
Non-clocked sequential cell  
The clock pin coeff_reg_0_63_21_27/RAMF/CLK is not reached by a timing clock
Related violations: <none>

TIMING-17#83 Critical Warning
Non-clocked sequential cell  
The clock pin coeff_reg_0_63_21_27/RAMG/CLK is not reached by a timing clock
Related violations: <none>

TIMING-17#84 Critical Warning
Non-clocked sequential cell  
The clock pin coeff_reg_0_63_21_27/RAMH/CLK is not reached by a timing clock
Related violations: <none>

TIMING-17#85 Critical Warning
Non-clocked sequential cell  
The clock pin coeff_reg_0_63_28_34/RAMA/CLK is not reached by a timing clock
Related violations: <none>

TIMING-17#86 Critical Warning
Non-clocked sequential cell  
The clock pin coeff_reg_0_63_28_34/RAMB/CLK is not reached by a timing clock
Related violations: <none>

TIMING-17#87 Critical Warning
Non-clocked sequential cell  
The clock pin coeff_reg_0_63_28_34/RAMC/CLK is not reached by a timing clock
Related violations: <none>

TIMING-17#88 Critical Warning
Non-clocked sequential cell  
The clock pin coeff_reg_0_63_28_34/RAMD/CLK is not reached by a timing clock
Related violations: <none>

TIMING-17#89 Critical Warning
Non-clocked sequential cell  
The clock pin coeff_reg_0_63_28_34/RAME/CLK is not reached by a timing clock
Related violations: <none>

TIMING-17#90 Critical Warning
Non-clocked sequential cell  
The clock pin coeff_reg_0_63_28_34/RAMF/CLK is not reached by a timing clock
Related violations: <none>

TIMING-17#91 Critical Warning
Non-clocked sequential cell  
The clock pin coeff_reg_0_63_28_34/RAMG/CLK is not reached by a timing clock
Related violations: <none>

TIMING-17#92 Critical Warning
Non-clocked sequential cell  
The clock pin coeff_reg_0_63_28_34/RAMH/CLK is not reached by a timing clock
Related violations: <none>

TIMING-17#93 Critical Warning
Non-clocked sequential cell  
The clock pin coeff_reg_0_63_35_41/RAMA/CLK is not reached by a timing clock
Related violations: <none>

TIMING-17#94 Critical Warning
Non-clocked sequential cell  
The clock pin coeff_reg_0_63_35_41/RAMB/CLK is not reached by a timing clock
Related violations: <none>

TIMING-17#95 Critical Warning
Non-clocked sequential cell  
The clock pin coeff_reg_0_63_35_41/RAMC/CLK is not reached by a timing clock
Related violations: <none>

TIMING-17#96 Critical Warning
Non-clocked sequential cell  
The clock pin coeff_reg_0_63_35_41/RAMD/CLK is not reached by a timing clock
Related violations: <none>

TIMING-17#97 Critical Warning
Non-clocked sequential cell  
The clock pin coeff_reg_0_63_35_41/RAME/CLK is not reached by a timing clock
Related violations: <none>

TIMING-17#98 Critical Warning
Non-clocked sequential cell  
The clock pin coeff_reg_0_63_35_41/RAMF/CLK is not reached by a timing clock
Related violations: <none>

TIMING-17#99 Critical Warning
Non-clocked sequential cell  
The clock pin coeff_reg_0_63_35_41/RAMG/CLK is not reached by a timing clock
Related violations: <none>

TIMING-17#100 Critical Warning
Non-clocked sequential cell  
The clock pin coeff_reg_0_63_35_41/RAMH/CLK is not reached by a timing clock
Related violations: <none>

TIMING-17#101 Critical Warning
Non-clocked sequential cell  
The clock pin coeff_reg_0_63_42_48/RAMA/CLK is not reached by a timing clock
Related violations: <none>

TIMING-17#102 Critical Warning
Non-clocked sequential cell  
The clock pin coeff_reg_0_63_42_48/RAMB/CLK is not reached by a timing clock
Related violations: <none>

TIMING-17#103 Critical Warning
Non-clocked sequential cell  
The clock pin coeff_reg_0_63_42_48/RAMC/CLK is not reached by a timing clock
Related violations: <none>

TIMING-17#104 Critical Warning
Non-clocked sequential cell  
The clock pin coeff_reg_0_63_42_48/RAMD/CLK is not reached by a timing clock
Related violations: <none>

TIMING-17#105 Critical Warning
Non-clocked sequential cell  
The clock pin coeff_reg_0_63_42_48/RAME/CLK is not reached by a timing clock
Related violations: <none>

TIMING-17#106 Critical Warning
Non-clocked sequential cell  
The clock pin coeff_reg_0_63_42_48/RAMF/CLK is not reached by a timing clock
Related violations: <none>

TIMING-17#107 Critical Warning
Non-clocked sequential cell  
The clock pin coeff_reg_0_63_42_48/RAMG/CLK is not reached by a timing clock
Related violations: <none>

TIMING-17#108 Critical Warning
Non-clocked sequential cell  
The clock pin coeff_reg_0_63_42_48/RAMH/CLK is not reached by a timing clock
Related violations: <none>

TIMING-17#109 Critical Warning
Non-clocked sequential cell  
The clock pin coeff_reg_0_63_49_55/RAMA/CLK is not reached by a timing clock
Related violations: <none>

TIMING-17#110 Critical Warning
Non-clocked sequential cell  
The clock pin coeff_reg_0_63_49_55/RAMB/CLK is not reached by a timing clock
Related violations: <none>

TIMING-17#111 Critical Warning
Non-clocked sequential cell  
The clock pin coeff_reg_0_63_49_55/RAMC/CLK is not reached by a timing clock
Related violations: <none>

TIMING-17#112 Critical Warning
Non-clocked sequential cell  
The clock pin coeff_reg_0_63_49_55/RAMD/CLK is not reached by a timing clock
Related violations: <none>

TIMING-17#113 Critical Warning
Non-clocked sequential cell  
The clock pin coeff_reg_0_63_49_55/RAME/CLK is not reached by a timing clock
Related violations: <none>

TIMING-17#114 Critical Warning
Non-clocked sequential cell  
The clock pin coeff_reg_0_63_49_55/RAMF/CLK is not reached by a timing clock
Related violations: <none>

TIMING-17#115 Critical Warning
Non-clocked sequential cell  
The clock pin coeff_reg_0_63_49_55/RAMG/CLK is not reached by a timing clock
Related violations: <none>

TIMING-17#116 Critical Warning
Non-clocked sequential cell  
The clock pin coeff_reg_0_63_49_55/RAMH/CLK is not reached by a timing clock
Related violations: <none>

TIMING-17#117 Critical Warning
Non-clocked sequential cell  
The clock pin coeff_reg_0_63_56_59/RAMA/CLK is not reached by a timing clock
Related violations: <none>

TIMING-17#118 Critical Warning
Non-clocked sequential cell  
The clock pin coeff_reg_0_63_56_59/RAMB/CLK is not reached by a timing clock
Related violations: <none>

TIMING-17#119 Critical Warning
Non-clocked sequential cell  
The clock pin coeff_reg_0_63_56_59/RAMC/CLK is not reached by a timing clock
Related violations: <none>

TIMING-17#120 Critical Warning
Non-clocked sequential cell  
The clock pin coeff_reg_0_63_56_59/RAMD/CLK is not reached by a timing clock
Related violations: <none>

TIMING-17#121 Critical Warning
Non-clocked sequential cell  
The clock pin coeff_reg_0_63_56_59/RAME/CLK is not reached by a timing clock
Related violations: <none>

TIMING-17#122 Critical Warning
Non-clocked sequential cell  
The clock pin coeff_reg_0_63_56_59/RAMF/CLK is not reached by a timing clock
Related violations: <none>

TIMING-17#123 Critical Warning
Non-clocked sequential cell  
The clock pin coeff_reg_0_63_56_59/RAMG/CLK is not reached by a timing clock
Related violations: <none>

TIMING-17#124 Critical Warning
Non-clocked sequential cell  
The clock pin coeff_reg_0_63_56_59/RAMH/CLK is not reached by a timing clock
Related violations: <none>

TIMING-17#125 Critical Warning
Non-clocked sequential cell  
The clock pin coeff_reg_0_63_7_13/RAMA/CLK is not reached by a timing clock
Related violations: <none>

TIMING-17#126 Critical Warning
Non-clocked sequential cell  
The clock pin coeff_reg_0_63_7_13/RAMB/CLK is not reached by a timing clock
Related violations: <none>

TIMING-17#127 Critical Warning
Non-clocked sequential cell  
The clock pin coeff_reg_0_63_7_13/RAMC/CLK is not reached by a timing clock
Related violations: <none>

TIMING-17#128 Critical Warning
Non-clocked sequential cell  
The clock pin coeff_reg_0_63_7_13/RAMD/CLK is not reached by a timing clock
Related violations: <none>

TIMING-17#129 Critical Warning
Non-clocked sequential cell  
The clock pin coeff_reg_0_63_7_13/RAME/CLK is not reached by a timing clock
Related violations: <none>

TIMING-17#130 Critical Warning
Non-clocked sequential cell  
The clock pin coeff_reg_0_63_7_13/RAMF/CLK is not reached by a timing clock
Related violations: <none>

TIMING-17#131 Critical Warning
Non-clocked sequential cell  
The clock pin coeff_reg_0_63_7_13/RAMG/CLK is not reached by a timing clock
Related violations: <none>

TIMING-17#132 Critical Warning
Non-clocked sequential cell  
The clock pin coeff_reg_0_63_7_13/RAMH/CLK is not reached by a timing clock
Related violations: <none>

TIMING-17#133 Critical Warning
Non-clocked sequential cell  
The clock pin coeff_reg_1024_1087_0_6/RAMA/CLK is not reached by a timing clock
Related violations: <none>

TIMING-17#134 Critical Warning
Non-clocked sequential cell  
The clock pin coeff_reg_1024_1087_0_6/RAMB/CLK is not reached by a timing clock
Related violations: <none>

TIMING-17#135 Critical Warning
Non-clocked sequential cell  
The clock pin coeff_reg_1024_1087_0_6/RAMC/CLK is not reached by a timing clock
Related violations: <none>

TIMING-17#136 Critical Warning
Non-clocked sequential cell  
The clock pin coeff_reg_1024_1087_0_6/RAMD/CLK is not reached by a timing clock
Related violations: <none>

TIMING-17#137 Critical Warning
Non-clocked sequential cell  
The clock pin coeff_reg_1024_1087_0_6/RAME/CLK is not reached by a timing clock
Related violations: <none>

TIMING-17#138 Critical Warning
Non-clocked sequential cell  
The clock pin coeff_reg_1024_1087_0_6/RAMF/CLK is not reached by a timing clock
Related violations: <none>

TIMING-17#139 Critical Warning
Non-clocked sequential cell  
The clock pin coeff_reg_1024_1087_0_6/RAMG/CLK is not reached by a timing clock
Related violations: <none>

TIMING-17#140 Critical Warning
Non-clocked sequential cell  
The clock pin coeff_reg_1024_1087_0_6/RAMH/CLK is not reached by a timing clock
Related violations: <none>

TIMING-17#141 Critical Warning
Non-clocked sequential cell  
The clock pin coeff_reg_1024_1087_14_20/RAMA/CLK is not reached by a timing clock
Related violations: <none>

TIMING-17#142 Critical Warning
Non-clocked sequential cell  
The clock pin coeff_reg_1024_1087_14_20/RAMB/CLK is not reached by a timing clock
Related violations: <none>

TIMING-17#143 Critical Warning
Non-clocked sequential cell  
The clock pin coeff_reg_1024_1087_14_20/RAMC/CLK is not reached by a timing clock
Related violations: <none>

TIMING-17#144 Critical Warning
Non-clocked sequential cell  
The clock pin coeff_reg_1024_1087_14_20/RAMD/CLK is not reached by a timing clock
Related violations: <none>

TIMING-17#145 Critical Warning
Non-clocked sequential cell  
The clock pin coeff_reg_1024_1087_14_20/RAME/CLK is not reached by a timing clock
Related violations: <none>

TIMING-17#146 Critical Warning
Non-clocked sequential cell  
The clock pin coeff_reg_1024_1087_14_20/RAMF/CLK is not reached by a timing clock
Related violations: <none>

TIMING-17#147 Critical Warning
Non-clocked sequential cell  
The clock pin coeff_reg_1024_1087_14_20/RAMG/CLK is not reached by a timing clock
Related violations: <none>

TIMING-17#148 Critical Warning
Non-clocked sequential cell  
The clock pin coeff_reg_1024_1087_14_20/RAMH/CLK is not reached by a timing clock
Related violations: <none>

TIMING-17#149 Critical Warning
Non-clocked sequential cell  
The clock pin coeff_reg_1024_1087_21_27/RAMA/CLK is not reached by a timing clock
Related violations: <none>

TIMING-17#150 Critical Warning
Non-clocked sequential cell  
The clock pin coeff_reg_1024_1087_21_27/RAMB/CLK is not reached by a timing clock
Related violations: <none>

TIMING-17#151 Critical Warning
Non-clocked sequential cell  
The clock pin coeff_reg_1024_1087_21_27/RAMC/CLK is not reached by a timing clock
Related violations: <none>

TIMING-17#152 Critical Warning
Non-clocked sequential cell  
The clock pin coeff_reg_1024_1087_21_27/RAMD/CLK is not reached by a timing clock
Related violations: <none>

TIMING-17#153 Critical Warning
Non-clocked sequential cell  
The clock pin coeff_reg_1024_1087_21_27/RAME/CLK is not reached by a timing clock
Related violations: <none>

TIMING-17#154 Critical Warning
Non-clocked sequential cell  
The clock pin coeff_reg_1024_1087_21_27/RAMF/CLK is not reached by a timing clock
Related violations: <none>

TIMING-17#155 Critical Warning
Non-clocked sequential cell  
The clock pin coeff_reg_1024_1087_21_27/RAMG/CLK is not reached by a timing clock
Related violations: <none>

TIMING-17#156 Critical Warning
Non-clocked sequential cell  
The clock pin coeff_reg_1024_1087_21_27/RAMH/CLK is not reached by a timing clock
Related violations: <none>

TIMING-17#157 Critical Warning
Non-clocked sequential cell  
The clock pin coeff_reg_1024_1087_28_34/RAMA/CLK is not reached by a timing clock
Related violations: <none>

TIMING-17#158 Critical Warning
Non-clocked sequential cell  
The clock pin coeff_reg_1024_1087_28_34/RAMB/CLK is not reached by a timing clock
Related violations: <none>

TIMING-17#159 Critical Warning
Non-clocked sequential cell  
The clock pin coeff_reg_1024_1087_28_34/RAMC/CLK is not reached by a timing clock
Related violations: <none>

TIMING-17#160 Critical Warning
Non-clocked sequential cell  
The clock pin coeff_reg_1024_1087_28_34/RAMD/CLK is not reached by a timing clock
Related violations: <none>

TIMING-17#161 Critical Warning
Non-clocked sequential cell  
The clock pin coeff_reg_1024_1087_28_34/RAME/CLK is not reached by a timing clock
Related violations: <none>

TIMING-17#162 Critical Warning
Non-clocked sequential cell  
The clock pin coeff_reg_1024_1087_28_34/RAMF/CLK is not reached by a timing clock
Related violations: <none>

TIMING-17#163 Critical Warning
Non-clocked sequential cell  
The clock pin coeff_reg_1024_1087_28_34/RAMG/CLK is not reached by a timing clock
Related violations: <none>

TIMING-17#164 Critical Warning
Non-clocked sequential cell  
The clock pin coeff_reg_1024_1087_28_34/RAMH/CLK is not reached by a timing clock
Related violations: <none>

TIMING-17#165 Critical Warning
Non-clocked sequential cell  
The clock pin coeff_reg_1024_1087_35_41/RAMA/CLK is not reached by a timing clock
Related violations: <none>

TIMING-17#166 Critical Warning
Non-clocked sequential cell  
The clock pin coeff_reg_1024_1087_35_41/RAMB/CLK is not reached by a timing clock
Related violations: <none>

TIMING-17#167 Critical Warning
Non-clocked sequential cell  
The clock pin coeff_reg_1024_1087_35_41/RAMC/CLK is not reached by a timing clock
Related violations: <none>

TIMING-17#168 Critical Warning
Non-clocked sequential cell  
The clock pin coeff_reg_1024_1087_35_41/RAMD/CLK is not reached by a timing clock
Related violations: <none>

TIMING-17#169 Critical Warning
Non-clocked sequential cell  
The clock pin coeff_reg_1024_1087_35_41/RAME/CLK is not reached by a timing clock
Related violations: <none>

TIMING-17#170 Critical Warning
Non-clocked sequential cell  
The clock pin coeff_reg_1024_1087_35_41/RAMF/CLK is not reached by a timing clock
Related violations: <none>

TIMING-17#171 Critical Warning
Non-clocked sequential cell  
The clock pin coeff_reg_1024_1087_35_41/RAMG/CLK is not reached by a timing clock
Related violations: <none>

TIMING-17#172 Critical Warning
Non-clocked sequential cell  
The clock pin coeff_reg_1024_1087_35_41/RAMH/CLK is not reached by a timing clock
Related violations: <none>

TIMING-17#173 Critical Warning
Non-clocked sequential cell  
The clock pin coeff_reg_1024_1087_42_48/RAMA/CLK is not reached by a timing clock
Related violations: <none>

TIMING-17#174 Critical Warning
Non-clocked sequential cell  
The clock pin coeff_reg_1024_1087_42_48/RAMB/CLK is not reached by a timing clock
Related violations: <none>

TIMING-17#175 Critical Warning
Non-clocked sequential cell  
The clock pin coeff_reg_1024_1087_42_48/RAMC/CLK is not reached by a timing clock
Related violations: <none>

TIMING-17#176 Critical Warning
Non-clocked sequential cell  
The clock pin coeff_reg_1024_1087_42_48/RAMD/CLK is not reached by a timing clock
Related violations: <none>

TIMING-17#177 Critical Warning
Non-clocked sequential cell  
The clock pin coeff_reg_1024_1087_42_48/RAME/CLK is not reached by a timing clock
Related violations: <none>

TIMING-17#178 Critical Warning
Non-clocked sequential cell  
The clock pin coeff_reg_1024_1087_42_48/RAMF/CLK is not reached by a timing clock
Related violations: <none>

TIMING-17#179 Critical Warning
Non-clocked sequential cell  
The clock pin coeff_reg_1024_1087_42_48/RAMG/CLK is not reached by a timing clock
Related violations: <none>

TIMING-17#180 Critical Warning
Non-clocked sequential cell  
The clock pin coeff_reg_1024_1087_42_48/RAMH/CLK is not reached by a timing clock
Related violations: <none>

TIMING-17#181 Critical Warning
Non-clocked sequential cell  
The clock pin coeff_reg_1024_1087_49_55/RAMA/CLK is not reached by a timing clock
Related violations: <none>

TIMING-17#182 Critical Warning
Non-clocked sequential cell  
The clock pin coeff_reg_1024_1087_49_55/RAMB/CLK is not reached by a timing clock
Related violations: <none>

TIMING-17#183 Critical Warning
Non-clocked sequential cell  
The clock pin coeff_reg_1024_1087_49_55/RAMC/CLK is not reached by a timing clock
Related violations: <none>

TIMING-17#184 Critical Warning
Non-clocked sequential cell  
The clock pin coeff_reg_1024_1087_49_55/RAMD/CLK is not reached by a timing clock
Related violations: <none>

TIMING-17#185 Critical Warning
Non-clocked sequential cell  
The clock pin coeff_reg_1024_1087_49_55/RAME/CLK is not reached by a timing clock
Related violations: <none>

TIMING-17#186 Critical Warning
Non-clocked sequential cell  
The clock pin coeff_reg_1024_1087_49_55/RAMF/CLK is not reached by a timing clock
Related violations: <none>

TIMING-17#187 Critical Warning
Non-clocked sequential cell  
The clock pin coeff_reg_1024_1087_49_55/RAMG/CLK is not reached by a timing clock
Related violations: <none>

TIMING-17#188 Critical Warning
Non-clocked sequential cell  
The clock pin coeff_reg_1024_1087_49_55/RAMH/CLK is not reached by a timing clock
Related violations: <none>

TIMING-17#189 Critical Warning
Non-clocked sequential cell  
The clock pin coeff_reg_1024_1087_56_59/RAMA/CLK is not reached by a timing clock
Related violations: <none>

TIMING-17#190 Critical Warning
Non-clocked sequential cell  
The clock pin coeff_reg_1024_1087_56_59/RAMB/CLK is not reached by a timing clock
Related violations: <none>

TIMING-17#191 Critical Warning
Non-clocked sequential cell  
The clock pin coeff_reg_1024_1087_56_59/RAMC/CLK is not reached by a timing clock
Related violations: <none>

TIMING-17#192 Critical Warning
Non-clocked sequential cell  
The clock pin coeff_reg_1024_1087_56_59/RAMD/CLK is not reached by a timing clock
Related violations: <none>

TIMING-17#193 Critical Warning
Non-clocked sequential cell  
The clock pin coeff_reg_1024_1087_56_59/RAME/CLK is not reached by a timing clock
Related violations: <none>

TIMING-17#194 Critical Warning
Non-clocked sequential cell  
The clock pin coeff_reg_1024_1087_56_59/RAMF/CLK is not reached by a timing clock
Related violations: <none>

TIMING-17#195 Critical Warning
Non-clocked sequential cell  
The clock pin coeff_reg_1024_1087_56_59/RAMG/CLK is not reached by a timing clock
Related violations: <none>

TIMING-17#196 Critical Warning
Non-clocked sequential cell  
The clock pin coeff_reg_1024_1087_56_59/RAMH/CLK is not reached by a timing clock
Related violations: <none>

TIMING-17#197 Critical Warning
Non-clocked sequential cell  
The clock pin coeff_reg_1024_1087_7_13/RAMA/CLK is not reached by a timing clock
Related violations: <none>

TIMING-17#198 Critical Warning
Non-clocked sequential cell  
The clock pin coeff_reg_1024_1087_7_13/RAMB/CLK is not reached by a timing clock
Related violations: <none>

TIMING-17#199 Critical Warning
Non-clocked sequential cell  
The clock pin coeff_reg_1024_1087_7_13/RAMC/CLK is not reached by a timing clock
Related violations: <none>

TIMING-17#200 Critical Warning
Non-clocked sequential cell  
The clock pin coeff_reg_1024_1087_7_13/RAMD/CLK is not reached by a timing clock
Related violations: <none>

TIMING-17#201 Critical Warning
Non-clocked sequential cell  
The clock pin coeff_reg_1024_1087_7_13/RAME/CLK is not reached by a timing clock
Related violations: <none>

TIMING-17#202 Critical Warning
Non-clocked sequential cell  
The clock pin coeff_reg_1024_1087_7_13/RAMF/CLK is not reached by a timing clock
Related violations: <none>

TIMING-17#203 Critical Warning
Non-clocked sequential cell  
The clock pin coeff_reg_1024_1087_7_13/RAMG/CLK is not reached by a timing clock
Related violations: <none>

TIMING-17#204 Critical Warning
Non-clocked sequential cell  
The clock pin coeff_reg_1024_1087_7_13/RAMH/CLK is not reached by a timing clock
Related violations: <none>

TIMING-17#205 Critical Warning
Non-clocked sequential cell  
The clock pin coeff_reg_1088_1151_0_6/RAMA/CLK is not reached by a timing clock
Related violations: <none>

TIMING-17#206 Critical Warning
Non-clocked sequential cell  
The clock pin coeff_reg_1088_1151_0_6/RAMB/CLK is not reached by a timing clock
Related violations: <none>

TIMING-17#207 Critical Warning
Non-clocked sequential cell  
The clock pin coeff_reg_1088_1151_0_6/RAMC/CLK is not reached by a timing clock
Related violations: <none>

TIMING-17#208 Critical Warning
Non-clocked sequential cell  
The clock pin coeff_reg_1088_1151_0_6/RAMD/CLK is not reached by a timing clock
Related violations: <none>

TIMING-17#209 Critical Warning
Non-clocked sequential cell  
The clock pin coeff_reg_1088_1151_0_6/RAME/CLK is not reached by a timing clock
Related violations: <none>

TIMING-17#210 Critical Warning
Non-clocked sequential cell  
The clock pin coeff_reg_1088_1151_0_6/RAMF/CLK is not reached by a timing clock
Related violations: <none>

TIMING-17#211 Critical Warning
Non-clocked sequential cell  
The clock pin coeff_reg_1088_1151_0_6/RAMG/CLK is not reached by a timing clock
Related violations: <none>

TIMING-17#212 Critical Warning
Non-clocked sequential cell  
The clock pin coeff_reg_1088_1151_0_6/RAMH/CLK is not reached by a timing clock
Related violations: <none>

TIMING-17#213 Critical Warning
Non-clocked sequential cell  
The clock pin coeff_reg_1088_1151_14_20/RAMA/CLK is not reached by a timing clock
Related violations: <none>

TIMING-17#214 Critical Warning
Non-clocked sequential cell  
The clock pin coeff_reg_1088_1151_14_20/RAMB/CLK is not reached by a timing clock
Related violations: <none>

TIMING-17#215 Critical Warning
Non-clocked sequential cell  
The clock pin coeff_reg_1088_1151_14_20/RAMC/CLK is not reached by a timing clock
Related violations: <none>

TIMING-17#216 Critical Warning
Non-clocked sequential cell  
The clock pin coeff_reg_1088_1151_14_20/RAMD/CLK is not reached by a timing clock
Related violations: <none>

TIMING-17#217 Critical Warning
Non-clocked sequential cell  
The clock pin coeff_reg_1088_1151_14_20/RAME/CLK is not reached by a timing clock
Related violations: <none>

TIMING-17#218 Critical Warning
Non-clocked sequential cell  
The clock pin coeff_reg_1088_1151_14_20/RAMF/CLK is not reached by a timing clock
Related violations: <none>

TIMING-17#219 Critical Warning
Non-clocked sequential cell  
The clock pin coeff_reg_1088_1151_14_20/RAMG/CLK is not reached by a timing clock
Related violations: <none>

TIMING-17#220 Critical Warning
Non-clocked sequential cell  
The clock pin coeff_reg_1088_1151_14_20/RAMH/CLK is not reached by a timing clock
Related violations: <none>

TIMING-17#221 Critical Warning
Non-clocked sequential cell  
The clock pin coeff_reg_1088_1151_21_27/RAMA/CLK is not reached by a timing clock
Related violations: <none>

TIMING-17#222 Critical Warning
Non-clocked sequential cell  
The clock pin coeff_reg_1088_1151_21_27/RAMB/CLK is not reached by a timing clock
Related violations: <none>

TIMING-17#223 Critical Warning
Non-clocked sequential cell  
The clock pin coeff_reg_1088_1151_21_27/RAMC/CLK is not reached by a timing clock
Related violations: <none>

TIMING-17#224 Critical Warning
Non-clocked sequential cell  
The clock pin coeff_reg_1088_1151_21_27/RAMD/CLK is not reached by a timing clock
Related violations: <none>

TIMING-17#225 Critical Warning
Non-clocked sequential cell  
The clock pin coeff_reg_1088_1151_21_27/RAME/CLK is not reached by a timing clock
Related violations: <none>

TIMING-17#226 Critical Warning
Non-clocked sequential cell  
The clock pin coeff_reg_1088_1151_21_27/RAMF/CLK is not reached by a timing clock
Related violations: <none>

TIMING-17#227 Critical Warning
Non-clocked sequential cell  
The clock pin coeff_reg_1088_1151_21_27/RAMG/CLK is not reached by a timing clock
Related violations: <none>

TIMING-17#228 Critical Warning
Non-clocked sequential cell  
The clock pin coeff_reg_1088_1151_21_27/RAMH/CLK is not reached by a timing clock
Related violations: <none>

TIMING-17#229 Critical Warning
Non-clocked sequential cell  
The clock pin coeff_reg_1088_1151_28_34/RAMA/CLK is not reached by a timing clock
Related violations: <none>

TIMING-17#230 Critical Warning
Non-clocked sequential cell  
The clock pin coeff_reg_1088_1151_28_34/RAMB/CLK is not reached by a timing clock
Related violations: <none>

TIMING-17#231 Critical Warning
Non-clocked sequential cell  
The clock pin coeff_reg_1088_1151_28_34/RAMC/CLK is not reached by a timing clock
Related violations: <none>

TIMING-17#232 Critical Warning
Non-clocked sequential cell  
The clock pin coeff_reg_1088_1151_28_34/RAMD/CLK is not reached by a timing clock
Related violations: <none>

TIMING-17#233 Critical Warning
Non-clocked sequential cell  
The clock pin coeff_reg_1088_1151_28_34/RAME/CLK is not reached by a timing clock
Related violations: <none>

TIMING-17#234 Critical Warning
Non-clocked sequential cell  
The clock pin coeff_reg_1088_1151_28_34/RAMF/CLK is not reached by a timing clock
Related violations: <none>

TIMING-17#235 Critical Warning
Non-clocked sequential cell  
The clock pin coeff_reg_1088_1151_28_34/RAMG/CLK is not reached by a timing clock
Related violations: <none>

TIMING-17#236 Critical Warning
Non-clocked sequential cell  
The clock pin coeff_reg_1088_1151_28_34/RAMH/CLK is not reached by a timing clock
Related violations: <none>

TIMING-17#237 Critical Warning
Non-clocked sequential cell  
The clock pin coeff_reg_1088_1151_35_41/RAMA/CLK is not reached by a timing clock
Related violations: <none>

TIMING-17#238 Critical Warning
Non-clocked sequential cell  
The clock pin coeff_reg_1088_1151_35_41/RAMB/CLK is not reached by a timing clock
Related violations: <none>

TIMING-17#239 Critical Warning
Non-clocked sequential cell  
The clock pin coeff_reg_1088_1151_35_41/RAMC/CLK is not reached by a timing clock
Related violations: <none>

TIMING-17#240 Critical Warning
Non-clocked sequential cell  
The clock pin coeff_reg_1088_1151_35_41/RAMD/CLK is not reached by a timing clock
Related violations: <none>

TIMING-17#241 Critical Warning
Non-clocked sequential cell  
The clock pin coeff_reg_1088_1151_35_41/RAME/CLK is not reached by a timing clock
Related violations: <none>

TIMING-17#242 Critical Warning
Non-clocked sequential cell  
The clock pin coeff_reg_1088_1151_35_41/RAMF/CLK is not reached by a timing clock
Related violations: <none>

TIMING-17#243 Critical Warning
Non-clocked sequential cell  
The clock pin coeff_reg_1088_1151_35_41/RAMG/CLK is not reached by a timing clock
Related violations: <none>

TIMING-17#244 Critical Warning
Non-clocked sequential cell  
The clock pin coeff_reg_1088_1151_35_41/RAMH/CLK is not reached by a timing clock
Related violations: <none>

TIMING-17#245 Critical Warning
Non-clocked sequential cell  
The clock pin coeff_reg_1088_1151_42_48/RAMA/CLK is not reached by a timing clock
Related violations: <none>

TIMING-17#246 Critical Warning
Non-clocked sequential cell  
The clock pin coeff_reg_1088_1151_42_48/RAMB/CLK is not reached by a timing clock
Related violations: <none>

TIMING-17#247 Critical Warning
Non-clocked sequential cell  
The clock pin coeff_reg_1088_1151_42_48/RAMC/CLK is not reached by a timing clock
Related violations: <none>

TIMING-17#248 Critical Warning
Non-clocked sequential cell  
The clock pin coeff_reg_1088_1151_42_48/RAMD/CLK is not reached by a timing clock
Related violations: <none>

TIMING-17#249 Critical Warning
Non-clocked sequential cell  
The clock pin coeff_reg_1088_1151_42_48/RAME/CLK is not reached by a timing clock
Related violations: <none>

TIMING-17#250 Critical Warning
Non-clocked sequential cell  
The clock pin coeff_reg_1088_1151_42_48/RAMF/CLK is not reached by a timing clock
Related violations: <none>

TIMING-17#251 Critical Warning
Non-clocked sequential cell  
The clock pin coeff_reg_1088_1151_42_48/RAMG/CLK is not reached by a timing clock
Related violations: <none>

TIMING-17#252 Critical Warning
Non-clocked sequential cell  
The clock pin coeff_reg_1088_1151_42_48/RAMH/CLK is not reached by a timing clock
Related violations: <none>

TIMING-17#253 Critical Warning
Non-clocked sequential cell  
The clock pin coeff_reg_1088_1151_49_55/RAMA/CLK is not reached by a timing clock
Related violations: <none>

TIMING-17#254 Critical Warning
Non-clocked sequential cell  
The clock pin coeff_reg_1088_1151_49_55/RAMB/CLK is not reached by a timing clock
Related violations: <none>

TIMING-17#255 Critical Warning
Non-clocked sequential cell  
The clock pin coeff_reg_1088_1151_49_55/RAMC/CLK is not reached by a timing clock
Related violations: <none>

TIMING-17#256 Critical Warning
Non-clocked sequential cell  
The clock pin coeff_reg_1088_1151_49_55/RAMD/CLK is not reached by a timing clock
Related violations: <none>

TIMING-17#257 Critical Warning
Non-clocked sequential cell  
The clock pin coeff_reg_1088_1151_49_55/RAME/CLK is not reached by a timing clock
Related violations: <none>

TIMING-17#258 Critical Warning
Non-clocked sequential cell  
The clock pin coeff_reg_1088_1151_49_55/RAMF/CLK is not reached by a timing clock
Related violations: <none>

TIMING-17#259 Critical Warning
Non-clocked sequential cell  
The clock pin coeff_reg_1088_1151_49_55/RAMG/CLK is not reached by a timing clock
Related violations: <none>

TIMING-17#260 Critical Warning
Non-clocked sequential cell  
The clock pin coeff_reg_1088_1151_49_55/RAMH/CLK is not reached by a timing clock
Related violations: <none>

TIMING-17#261 Critical Warning
Non-clocked sequential cell  
The clock pin coeff_reg_1088_1151_56_59/RAMA/CLK is not reached by a timing clock
Related violations: <none>

TIMING-17#262 Critical Warning
Non-clocked sequential cell  
The clock pin coeff_reg_1088_1151_56_59/RAMB/CLK is not reached by a timing clock
Related violations: <none>

TIMING-17#263 Critical Warning
Non-clocked sequential cell  
The clock pin coeff_reg_1088_1151_56_59/RAMC/CLK is not reached by a timing clock
Related violations: <none>

TIMING-17#264 Critical Warning
Non-clocked sequential cell  
The clock pin coeff_reg_1088_1151_56_59/RAMD/CLK is not reached by a timing clock
Related violations: <none>

TIMING-17#265 Critical Warning
Non-clocked sequential cell  
The clock pin coeff_reg_1088_1151_56_59/RAME/CLK is not reached by a timing clock
Related violations: <none>

TIMING-17#266 Critical Warning
Non-clocked sequential cell  
The clock pin coeff_reg_1088_1151_56_59/RAMF/CLK is not reached by a timing clock
Related violations: <none>

TIMING-17#267 Critical Warning
Non-clocked sequential cell  
The clock pin coeff_reg_1088_1151_56_59/RAMG/CLK is not reached by a timing clock
Related violations: <none>

TIMING-17#268 Critical Warning
Non-clocked sequential cell  
The clock pin coeff_reg_1088_1151_56_59/RAMH/CLK is not reached by a timing clock
Related violations: <none>

TIMING-17#269 Critical Warning
Non-clocked sequential cell  
The clock pin coeff_reg_1088_1151_7_13/RAMA/CLK is not reached by a timing clock
Related violations: <none>

TIMING-17#270 Critical Warning
Non-clocked sequential cell  
The clock pin coeff_reg_1088_1151_7_13/RAMB/CLK is not reached by a timing clock
Related violations: <none>

TIMING-17#271 Critical Warning
Non-clocked sequential cell  
The clock pin coeff_reg_1088_1151_7_13/RAMC/CLK is not reached by a timing clock
Related violations: <none>

TIMING-17#272 Critical Warning
Non-clocked sequential cell  
The clock pin coeff_reg_1088_1151_7_13/RAMD/CLK is not reached by a timing clock
Related violations: <none>

TIMING-17#273 Critical Warning
Non-clocked sequential cell  
The clock pin coeff_reg_1088_1151_7_13/RAME/CLK is not reached by a timing clock
Related violations: <none>

TIMING-17#274 Critical Warning
Non-clocked sequential cell  
The clock pin coeff_reg_1088_1151_7_13/RAMF/CLK is not reached by a timing clock
Related violations: <none>

TIMING-17#275 Critical Warning
Non-clocked sequential cell  
The clock pin coeff_reg_1088_1151_7_13/RAMG/CLK is not reached by a timing clock
Related violations: <none>

TIMING-17#276 Critical Warning
Non-clocked sequential cell  
The clock pin coeff_reg_1088_1151_7_13/RAMH/CLK is not reached by a timing clock
Related violations: <none>

TIMING-17#277 Critical Warning
Non-clocked sequential cell  
The clock pin coeff_reg_1152_1215_0_6/RAMA/CLK is not reached by a timing clock
Related violations: <none>

TIMING-17#278 Critical Warning
Non-clocked sequential cell  
The clock pin coeff_reg_1152_1215_0_6/RAMB/CLK is not reached by a timing clock
Related violations: <none>

TIMING-17#279 Critical Warning
Non-clocked sequential cell  
The clock pin coeff_reg_1152_1215_0_6/RAMC/CLK is not reached by a timing clock
Related violations: <none>

TIMING-17#280 Critical Warning
Non-clocked sequential cell  
The clock pin coeff_reg_1152_1215_0_6/RAMD/CLK is not reached by a timing clock
Related violations: <none>

TIMING-17#281 Critical Warning
Non-clocked sequential cell  
The clock pin coeff_reg_1152_1215_0_6/RAME/CLK is not reached by a timing clock
Related violations: <none>

TIMING-17#282 Critical Warning
Non-clocked sequential cell  
The clock pin coeff_reg_1152_1215_0_6/RAMF/CLK is not reached by a timing clock
Related violations: <none>

TIMING-17#283 Critical Warning
Non-clocked sequential cell  
The clock pin coeff_reg_1152_1215_0_6/RAMG/CLK is not reached by a timing clock
Related violations: <none>

TIMING-17#284 Critical Warning
Non-clocked sequential cell  
The clock pin coeff_reg_1152_1215_0_6/RAMH/CLK is not reached by a timing clock
Related violations: <none>

TIMING-17#285 Critical Warning
Non-clocked sequential cell  
The clock pin coeff_reg_1152_1215_14_20/RAMA/CLK is not reached by a timing clock
Related violations: <none>

TIMING-17#286 Critical Warning
Non-clocked sequential cell  
The clock pin coeff_reg_1152_1215_14_20/RAMB/CLK is not reached by a timing clock
Related violations: <none>

TIMING-17#287 Critical Warning
Non-clocked sequential cell  
The clock pin coeff_reg_1152_1215_14_20/RAMC/CLK is not reached by a timing clock
Related violations: <none>

TIMING-17#288 Critical Warning
Non-clocked sequential cell  
The clock pin coeff_reg_1152_1215_14_20/RAMD/CLK is not reached by a timing clock
Related violations: <none>

TIMING-17#289 Critical Warning
Non-clocked sequential cell  
The clock pin coeff_reg_1152_1215_14_20/RAME/CLK is not reached by a timing clock
Related violations: <none>

TIMING-17#290 Critical Warning
Non-clocked sequential cell  
The clock pin coeff_reg_1152_1215_14_20/RAMF/CLK is not reached by a timing clock
Related violations: <none>

TIMING-17#291 Critical Warning
Non-clocked sequential cell  
The clock pin coeff_reg_1152_1215_14_20/RAMG/CLK is not reached by a timing clock
Related violations: <none>

TIMING-17#292 Critical Warning
Non-clocked sequential cell  
The clock pin coeff_reg_1152_1215_14_20/RAMH/CLK is not reached by a timing clock
Related violations: <none>

TIMING-17#293 Critical Warning
Non-clocked sequential cell  
The clock pin coeff_reg_1152_1215_21_27/RAMA/CLK is not reached by a timing clock
Related violations: <none>

TIMING-17#294 Critical Warning
Non-clocked sequential cell  
The clock pin coeff_reg_1152_1215_21_27/RAMB/CLK is not reached by a timing clock
Related violations: <none>

TIMING-17#295 Critical Warning
Non-clocked sequential cell  
The clock pin coeff_reg_1152_1215_21_27/RAMC/CLK is not reached by a timing clock
Related violations: <none>

TIMING-17#296 Critical Warning
Non-clocked sequential cell  
The clock pin coeff_reg_1152_1215_21_27/RAMD/CLK is not reached by a timing clock
Related violations: <none>

TIMING-17#297 Critical Warning
Non-clocked sequential cell  
The clock pin coeff_reg_1152_1215_21_27/RAME/CLK is not reached by a timing clock
Related violations: <none>

TIMING-17#298 Critical Warning
Non-clocked sequential cell  
The clock pin coeff_reg_1152_1215_21_27/RAMF/CLK is not reached by a timing clock
Related violations: <none>

TIMING-17#299 Critical Warning
Non-clocked sequential cell  
The clock pin coeff_reg_1152_1215_21_27/RAMG/CLK is not reached by a timing clock
Related violations: <none>

TIMING-17#300 Critical Warning
Non-clocked sequential cell  
The clock pin coeff_reg_1152_1215_21_27/RAMH/CLK is not reached by a timing clock
Related violations: <none>

TIMING-17#301 Critical Warning
Non-clocked sequential cell  
The clock pin coeff_reg_1152_1215_28_34/RAMA/CLK is not reached by a timing clock
Related violations: <none>

TIMING-17#302 Critical Warning
Non-clocked sequential cell  
The clock pin coeff_reg_1152_1215_28_34/RAMB/CLK is not reached by a timing clock
Related violations: <none>

TIMING-17#303 Critical Warning
Non-clocked sequential cell  
The clock pin coeff_reg_1152_1215_28_34/RAMC/CLK is not reached by a timing clock
Related violations: <none>

TIMING-17#304 Critical Warning
Non-clocked sequential cell  
The clock pin coeff_reg_1152_1215_28_34/RAMD/CLK is not reached by a timing clock
Related violations: <none>

TIMING-17#305 Critical Warning
Non-clocked sequential cell  
The clock pin coeff_reg_1152_1215_28_34/RAME/CLK is not reached by a timing clock
Related violations: <none>

TIMING-17#306 Critical Warning
Non-clocked sequential cell  
The clock pin coeff_reg_1152_1215_28_34/RAMF/CLK is not reached by a timing clock
Related violations: <none>

TIMING-17#307 Critical Warning
Non-clocked sequential cell  
The clock pin coeff_reg_1152_1215_28_34/RAMG/CLK is not reached by a timing clock
Related violations: <none>

TIMING-17#308 Critical Warning
Non-clocked sequential cell  
The clock pin coeff_reg_1152_1215_28_34/RAMH/CLK is not reached by a timing clock
Related violations: <none>

TIMING-17#309 Critical Warning
Non-clocked sequential cell  
The clock pin coeff_reg_1152_1215_35_41/RAMA/CLK is not reached by a timing clock
Related violations: <none>

TIMING-17#310 Critical Warning
Non-clocked sequential cell  
The clock pin coeff_reg_1152_1215_35_41/RAMB/CLK is not reached by a timing clock
Related violations: <none>

TIMING-17#311 Critical Warning
Non-clocked sequential cell  
The clock pin coeff_reg_1152_1215_35_41/RAMC/CLK is not reached by a timing clock
Related violations: <none>

TIMING-17#312 Critical Warning
Non-clocked sequential cell  
The clock pin coeff_reg_1152_1215_35_41/RAMD/CLK is not reached by a timing clock
Related violations: <none>

TIMING-17#313 Critical Warning
Non-clocked sequential cell  
The clock pin coeff_reg_1152_1215_35_41/RAME/CLK is not reached by a timing clock
Related violations: <none>

TIMING-17#314 Critical Warning
Non-clocked sequential cell  
The clock pin coeff_reg_1152_1215_35_41/RAMF/CLK is not reached by a timing clock
Related violations: <none>

TIMING-17#315 Critical Warning
Non-clocked sequential cell  
The clock pin coeff_reg_1152_1215_35_41/RAMG/CLK is not reached by a timing clock
Related violations: <none>

TIMING-17#316 Critical Warning
Non-clocked sequential cell  
The clock pin coeff_reg_1152_1215_35_41/RAMH/CLK is not reached by a timing clock
Related violations: <none>

TIMING-17#317 Critical Warning
Non-clocked sequential cell  
The clock pin coeff_reg_1152_1215_42_48/RAMA/CLK is not reached by a timing clock
Related violations: <none>

TIMING-17#318 Critical Warning
Non-clocked sequential cell  
The clock pin coeff_reg_1152_1215_42_48/RAMB/CLK is not reached by a timing clock
Related violations: <none>

TIMING-17#319 Critical Warning
Non-clocked sequential cell  
The clock pin coeff_reg_1152_1215_42_48/RAMC/CLK is not reached by a timing clock
Related violations: <none>

TIMING-17#320 Critical Warning
Non-clocked sequential cell  
The clock pin coeff_reg_1152_1215_42_48/RAMD/CLK is not reached by a timing clock
Related violations: <none>

TIMING-17#321 Critical Warning
Non-clocked sequential cell  
The clock pin coeff_reg_1152_1215_42_48/RAME/CLK is not reached by a timing clock
Related violations: <none>

TIMING-17#322 Critical Warning
Non-clocked sequential cell  
The clock pin coeff_reg_1152_1215_42_48/RAMF/CLK is not reached by a timing clock
Related violations: <none>

TIMING-17#323 Critical Warning
Non-clocked sequential cell  
The clock pin coeff_reg_1152_1215_42_48/RAMG/CLK is not reached by a timing clock
Related violations: <none>

TIMING-17#324 Critical Warning
Non-clocked sequential cell  
The clock pin coeff_reg_1152_1215_42_48/RAMH/CLK is not reached by a timing clock
Related violations: <none>

TIMING-17#325 Critical Warning
Non-clocked sequential cell  
The clock pin coeff_reg_1152_1215_49_55/RAMA/CLK is not reached by a timing clock
Related violations: <none>

TIMING-17#326 Critical Warning
Non-clocked sequential cell  
The clock pin coeff_reg_1152_1215_49_55/RAMB/CLK is not reached by a timing clock
Related violations: <none>

TIMING-17#327 Critical Warning
Non-clocked sequential cell  
The clock pin coeff_reg_1152_1215_49_55/RAMC/CLK is not reached by a timing clock
Related violations: <none>

TIMING-17#328 Critical Warning
Non-clocked sequential cell  
The clock pin coeff_reg_1152_1215_49_55/RAMD/CLK is not reached by a timing clock
Related violations: <none>

TIMING-17#329 Critical Warning
Non-clocked sequential cell  
The clock pin coeff_reg_1152_1215_49_55/RAME/CLK is not reached by a timing clock
Related violations: <none>

TIMING-17#330 Critical Warning
Non-clocked sequential cell  
The clock pin coeff_reg_1152_1215_49_55/RAMF/CLK is not reached by a timing clock
Related violations: <none>

TIMING-17#331 Critical Warning
Non-clocked sequential cell  
The clock pin coeff_reg_1152_1215_49_55/RAMG/CLK is not reached by a timing clock
Related violations: <none>

TIMING-17#332 Critical Warning
Non-clocked sequential cell  
The clock pin coeff_reg_1152_1215_49_55/RAMH/CLK is not reached by a timing clock
Related violations: <none>

TIMING-17#333 Critical Warning
Non-clocked sequential cell  
The clock pin coeff_reg_1152_1215_56_59/RAMA/CLK is not reached by a timing clock
Related violations: <none>

TIMING-17#334 Critical Warning
Non-clocked sequential cell  
The clock pin coeff_reg_1152_1215_56_59/RAMB/CLK is not reached by a timing clock
Related violations: <none>

TIMING-17#335 Critical Warning
Non-clocked sequential cell  
The clock pin coeff_reg_1152_1215_56_59/RAMC/CLK is not reached by a timing clock
Related violations: <none>

TIMING-17#336 Critical Warning
Non-clocked sequential cell  
The clock pin coeff_reg_1152_1215_56_59/RAMD/CLK is not reached by a timing clock
Related violations: <none>

TIMING-17#337 Critical Warning
Non-clocked sequential cell  
The clock pin coeff_reg_1152_1215_56_59/RAME/CLK is not reached by a timing clock
Related violations: <none>

TIMING-17#338 Critical Warning
Non-clocked sequential cell  
The clock pin coeff_reg_1152_1215_56_59/RAMF/CLK is not reached by a timing clock
Related violations: <none>

TIMING-17#339 Critical Warning
Non-clocked sequential cell  
The clock pin coeff_reg_1152_1215_56_59/RAMG/CLK is not reached by a timing clock
Related violations: <none>

TIMING-17#340 Critical Warning
Non-clocked sequential cell  
The clock pin coeff_reg_1152_1215_56_59/RAMH/CLK is not reached by a timing clock
Related violations: <none>

TIMING-17#341 Critical Warning
Non-clocked sequential cell  
The clock pin coeff_reg_1152_1215_7_13/RAMA/CLK is not reached by a timing clock
Related violations: <none>

TIMING-17#342 Critical Warning
Non-clocked sequential cell  
The clock pin coeff_reg_1152_1215_7_13/RAMB/CLK is not reached by a timing clock
Related violations: <none>

TIMING-17#343 Critical Warning
Non-clocked sequential cell  
The clock pin coeff_reg_1152_1215_7_13/RAMC/CLK is not reached by a timing clock
Related violations: <none>

TIMING-17#344 Critical Warning
Non-clocked sequential cell  
The clock pin coeff_reg_1152_1215_7_13/RAMD/CLK is not reached by a timing clock
Related violations: <none>

TIMING-17#345 Critical Warning
Non-clocked sequential cell  
The clock pin coeff_reg_1152_1215_7_13/RAME/CLK is not reached by a timing clock
Related violations: <none>

TIMING-17#346 Critical Warning
Non-clocked sequential cell  
The clock pin coeff_reg_1152_1215_7_13/RAMF/CLK is not reached by a timing clock
Related violations: <none>

TIMING-17#347 Critical Warning
Non-clocked sequential cell  
The clock pin coeff_reg_1152_1215_7_13/RAMG/CLK is not reached by a timing clock
Related violations: <none>

TIMING-17#348 Critical Warning
Non-clocked sequential cell  
The clock pin coeff_reg_1152_1215_7_13/RAMH/CLK is not reached by a timing clock
Related violations: <none>

TIMING-17#349 Critical Warning
Non-clocked sequential cell  
The clock pin coeff_reg_1216_1279_0_6/RAMA/CLK is not reached by a timing clock
Related violations: <none>

TIMING-17#350 Critical Warning
Non-clocked sequential cell  
The clock pin coeff_reg_1216_1279_0_6/RAMB/CLK is not reached by a timing clock
Related violations: <none>

TIMING-17#351 Critical Warning
Non-clocked sequential cell  
The clock pin coeff_reg_1216_1279_0_6/RAMC/CLK is not reached by a timing clock
Related violations: <none>

TIMING-17#352 Critical Warning
Non-clocked sequential cell  
The clock pin coeff_reg_1216_1279_0_6/RAMD/CLK is not reached by a timing clock
Related violations: <none>

TIMING-17#353 Critical Warning
Non-clocked sequential cell  
The clock pin coeff_reg_1216_1279_0_6/RAME/CLK is not reached by a timing clock
Related violations: <none>

TIMING-17#354 Critical Warning
Non-clocked sequential cell  
The clock pin coeff_reg_1216_1279_0_6/RAMF/CLK is not reached by a timing clock
Related violations: <none>

TIMING-17#355 Critical Warning
Non-clocked sequential cell  
The clock pin coeff_reg_1216_1279_0_6/RAMG/CLK is not reached by a timing clock
Related violations: <none>

TIMING-17#356 Critical Warning
Non-clocked sequential cell  
The clock pin coeff_reg_1216_1279_0_6/RAMH/CLK is not reached by a timing clock
Related violations: <none>

TIMING-17#357 Critical Warning
Non-clocked sequential cell  
The clock pin coeff_reg_1216_1279_14_20/RAMA/CLK is not reached by a timing clock
Related violations: <none>

TIMING-17#358 Critical Warning
Non-clocked sequential cell  
The clock pin coeff_reg_1216_1279_14_20/RAMB/CLK is not reached by a timing clock
Related violations: <none>

TIMING-17#359 Critical Warning
Non-clocked sequential cell  
The clock pin coeff_reg_1216_1279_14_20/RAMC/CLK is not reached by a timing clock
Related violations: <none>

TIMING-17#360 Critical Warning
Non-clocked sequential cell  
The clock pin coeff_reg_1216_1279_14_20/RAMD/CLK is not reached by a timing clock
Related violations: <none>

TIMING-17#361 Critical Warning
Non-clocked sequential cell  
The clock pin coeff_reg_1216_1279_14_20/RAME/CLK is not reached by a timing clock
Related violations: <none>

TIMING-17#362 Critical Warning
Non-clocked sequential cell  
The clock pin coeff_reg_1216_1279_14_20/RAMF/CLK is not reached by a timing clock
Related violations: <none>

TIMING-17#363 Critical Warning
Non-clocked sequential cell  
The clock pin coeff_reg_1216_1279_14_20/RAMG/CLK is not reached by a timing clock
Related violations: <none>

TIMING-17#364 Critical Warning
Non-clocked sequential cell  
The clock pin coeff_reg_1216_1279_14_20/RAMH/CLK is not reached by a timing clock
Related violations: <none>

TIMING-17#365 Critical Warning
Non-clocked sequential cell  
The clock pin coeff_reg_1216_1279_21_27/RAMA/CLK is not reached by a timing clock
Related violations: <none>

TIMING-17#366 Critical Warning
Non-clocked sequential cell  
The clock pin coeff_reg_1216_1279_21_27/RAMB/CLK is not reached by a timing clock
Related violations: <none>

TIMING-17#367 Critical Warning
Non-clocked sequential cell  
The clock pin coeff_reg_1216_1279_21_27/RAMC/CLK is not reached by a timing clock
Related violations: <none>

TIMING-17#368 Critical Warning
Non-clocked sequential cell  
The clock pin coeff_reg_1216_1279_21_27/RAMD/CLK is not reached by a timing clock
Related violations: <none>

TIMING-17#369 Critical Warning
Non-clocked sequential cell  
The clock pin coeff_reg_1216_1279_21_27/RAME/CLK is not reached by a timing clock
Related violations: <none>

TIMING-17#370 Critical Warning
Non-clocked sequential cell  
The clock pin coeff_reg_1216_1279_21_27/RAMF/CLK is not reached by a timing clock
Related violations: <none>

TIMING-17#371 Critical Warning
Non-clocked sequential cell  
The clock pin coeff_reg_1216_1279_21_27/RAMG/CLK is not reached by a timing clock
Related violations: <none>

TIMING-17#372 Critical Warning
Non-clocked sequential cell  
The clock pin coeff_reg_1216_1279_21_27/RAMH/CLK is not reached by a timing clock
Related violations: <none>

TIMING-17#373 Critical Warning
Non-clocked sequential cell  
The clock pin coeff_reg_1216_1279_28_34/RAMA/CLK is not reached by a timing clock
Related violations: <none>

TIMING-17#374 Critical Warning
Non-clocked sequential cell  
The clock pin coeff_reg_1216_1279_28_34/RAMB/CLK is not reached by a timing clock
Related violations: <none>

TIMING-17#375 Critical Warning
Non-clocked sequential cell  
The clock pin coeff_reg_1216_1279_28_34/RAMC/CLK is not reached by a timing clock
Related violations: <none>

TIMING-17#376 Critical Warning
Non-clocked sequential cell  
The clock pin coeff_reg_1216_1279_28_34/RAMD/CLK is not reached by a timing clock
Related violations: <none>

TIMING-17#377 Critical Warning
Non-clocked sequential cell  
The clock pin coeff_reg_1216_1279_28_34/RAME/CLK is not reached by a timing clock
Related violations: <none>

TIMING-17#378 Critical Warning
Non-clocked sequential cell  
The clock pin coeff_reg_1216_1279_28_34/RAMF/CLK is not reached by a timing clock
Related violations: <none>

TIMING-17#379 Critical Warning
Non-clocked sequential cell  
The clock pin coeff_reg_1216_1279_28_34/RAMG/CLK is not reached by a timing clock
Related violations: <none>

TIMING-17#380 Critical Warning
Non-clocked sequential cell  
The clock pin coeff_reg_1216_1279_28_34/RAMH/CLK is not reached by a timing clock
Related violations: <none>

TIMING-17#381 Critical Warning
Non-clocked sequential cell  
The clock pin coeff_reg_1216_1279_35_41/RAMA/CLK is not reached by a timing clock
Related violations: <none>

TIMING-17#382 Critical Warning
Non-clocked sequential cell  
The clock pin coeff_reg_1216_1279_35_41/RAMB/CLK is not reached by a timing clock
Related violations: <none>

TIMING-17#383 Critical Warning
Non-clocked sequential cell  
The clock pin coeff_reg_1216_1279_35_41/RAMC/CLK is not reached by a timing clock
Related violations: <none>

TIMING-17#384 Critical Warning
Non-clocked sequential cell  
The clock pin coeff_reg_1216_1279_35_41/RAMD/CLK is not reached by a timing clock
Related violations: <none>

TIMING-17#385 Critical Warning
Non-clocked sequential cell  
The clock pin coeff_reg_1216_1279_35_41/RAME/CLK is not reached by a timing clock
Related violations: <none>

TIMING-17#386 Critical Warning
Non-clocked sequential cell  
The clock pin coeff_reg_1216_1279_35_41/RAMF/CLK is not reached by a timing clock
Related violations: <none>

TIMING-17#387 Critical Warning
Non-clocked sequential cell  
The clock pin coeff_reg_1216_1279_35_41/RAMG/CLK is not reached by a timing clock
Related violations: <none>

TIMING-17#388 Critical Warning
Non-clocked sequential cell  
The clock pin coeff_reg_1216_1279_35_41/RAMH/CLK is not reached by a timing clock
Related violations: <none>

TIMING-17#389 Critical Warning
Non-clocked sequential cell  
The clock pin coeff_reg_1216_1279_42_48/RAMA/CLK is not reached by a timing clock
Related violations: <none>

TIMING-17#390 Critical Warning
Non-clocked sequential cell  
The clock pin coeff_reg_1216_1279_42_48/RAMB/CLK is not reached by a timing clock
Related violations: <none>

TIMING-17#391 Critical Warning
Non-clocked sequential cell  
The clock pin coeff_reg_1216_1279_42_48/RAMC/CLK is not reached by a timing clock
Related violations: <none>

TIMING-17#392 Critical Warning
Non-clocked sequential cell  
The clock pin coeff_reg_1216_1279_42_48/RAMD/CLK is not reached by a timing clock
Related violations: <none>

TIMING-17#393 Critical Warning
Non-clocked sequential cell  
The clock pin coeff_reg_1216_1279_42_48/RAME/CLK is not reached by a timing clock
Related violations: <none>

TIMING-17#394 Critical Warning
Non-clocked sequential cell  
The clock pin coeff_reg_1216_1279_42_48/RAMF/CLK is not reached by a timing clock
Related violations: <none>

TIMING-17#395 Critical Warning
Non-clocked sequential cell  
The clock pin coeff_reg_1216_1279_42_48/RAMG/CLK is not reached by a timing clock
Related violations: <none>

TIMING-17#396 Critical Warning
Non-clocked sequential cell  
The clock pin coeff_reg_1216_1279_42_48/RAMH/CLK is not reached by a timing clock
Related violations: <none>

TIMING-17#397 Critical Warning
Non-clocked sequential cell  
The clock pin coeff_reg_1216_1279_49_55/RAMA/CLK is not reached by a timing clock
Related violations: <none>

TIMING-17#398 Critical Warning
Non-clocked sequential cell  
The clock pin coeff_reg_1216_1279_49_55/RAMB/CLK is not reached by a timing clock
Related violations: <none>

TIMING-17#399 Critical Warning
Non-clocked sequential cell  
The clock pin coeff_reg_1216_1279_49_55/RAMC/CLK is not reached by a timing clock
Related violations: <none>

TIMING-17#400 Critical Warning
Non-clocked sequential cell  
The clock pin coeff_reg_1216_1279_49_55/RAMD/CLK is not reached by a timing clock
Related violations: <none>

TIMING-17#401 Critical Warning
Non-clocked sequential cell  
The clock pin coeff_reg_1216_1279_49_55/RAME/CLK is not reached by a timing clock
Related violations: <none>

TIMING-17#402 Critical Warning
Non-clocked sequential cell  
The clock pin coeff_reg_1216_1279_49_55/RAMF/CLK is not reached by a timing clock
Related violations: <none>

TIMING-17#403 Critical Warning
Non-clocked sequential cell  
The clock pin coeff_reg_1216_1279_49_55/RAMG/CLK is not reached by a timing clock
Related violations: <none>

TIMING-17#404 Critical Warning
Non-clocked sequential cell  
The clock pin coeff_reg_1216_1279_49_55/RAMH/CLK is not reached by a timing clock
Related violations: <none>

TIMING-17#405 Critical Warning
Non-clocked sequential cell  
The clock pin coeff_reg_1216_1279_56_59/RAMA/CLK is not reached by a timing clock
Related violations: <none>

TIMING-17#406 Critical Warning
Non-clocked sequential cell  
The clock pin coeff_reg_1216_1279_56_59/RAMB/CLK is not reached by a timing clock
Related violations: <none>

TIMING-17#407 Critical Warning
Non-clocked sequential cell  
The clock pin coeff_reg_1216_1279_56_59/RAMC/CLK is not reached by a timing clock
Related violations: <none>

TIMING-17#408 Critical Warning
Non-clocked sequential cell  
The clock pin coeff_reg_1216_1279_56_59/RAMD/CLK is not reached by a timing clock
Related violations: <none>

TIMING-17#409 Critical Warning
Non-clocked sequential cell  
The clock pin coeff_reg_1216_1279_56_59/RAME/CLK is not reached by a timing clock
Related violations: <none>

TIMING-17#410 Critical Warning
Non-clocked sequential cell  
The clock pin coeff_reg_1216_1279_56_59/RAMF/CLK is not reached by a timing clock
Related violations: <none>

TIMING-17#411 Critical Warning
Non-clocked sequential cell  
The clock pin coeff_reg_1216_1279_56_59/RAMG/CLK is not reached by a timing clock
Related violations: <none>

TIMING-17#412 Critical Warning
Non-clocked sequential cell  
The clock pin coeff_reg_1216_1279_56_59/RAMH/CLK is not reached by a timing clock
Related violations: <none>

TIMING-17#413 Critical Warning
Non-clocked sequential cell  
The clock pin coeff_reg_1216_1279_7_13/RAMA/CLK is not reached by a timing clock
Related violations: <none>

TIMING-17#414 Critical Warning
Non-clocked sequential cell  
The clock pin coeff_reg_1216_1279_7_13/RAMB/CLK is not reached by a timing clock
Related violations: <none>

TIMING-17#415 Critical Warning
Non-clocked sequential cell  
The clock pin coeff_reg_1216_1279_7_13/RAMC/CLK is not reached by a timing clock
Related violations: <none>

TIMING-17#416 Critical Warning
Non-clocked sequential cell  
The clock pin coeff_reg_1216_1279_7_13/RAMD/CLK is not reached by a timing clock
Related violations: <none>

TIMING-17#417 Critical Warning
Non-clocked sequential cell  
The clock pin coeff_reg_1216_1279_7_13/RAME/CLK is not reached by a timing clock
Related violations: <none>

TIMING-17#418 Critical Warning
Non-clocked sequential cell  
The clock pin coeff_reg_1216_1279_7_13/RAMF/CLK is not reached by a timing clock
Related violations: <none>

TIMING-17#419 Critical Warning
Non-clocked sequential cell  
The clock pin coeff_reg_1216_1279_7_13/RAMG/CLK is not reached by a timing clock
Related violations: <none>

TIMING-17#420 Critical Warning
Non-clocked sequential cell  
The clock pin coeff_reg_1216_1279_7_13/RAMH/CLK is not reached by a timing clock
Related violations: <none>

TIMING-17#421 Critical Warning
Non-clocked sequential cell  
The clock pin coeff_reg_1280_1343_0_6/RAMA/CLK is not reached by a timing clock
Related violations: <none>

TIMING-17#422 Critical Warning
Non-clocked sequential cell  
The clock pin coeff_reg_1280_1343_0_6/RAMB/CLK is not reached by a timing clock
Related violations: <none>

TIMING-17#423 Critical Warning
Non-clocked sequential cell  
The clock pin coeff_reg_1280_1343_0_6/RAMC/CLK is not reached by a timing clock
Related violations: <none>

TIMING-17#424 Critical Warning
Non-clocked sequential cell  
The clock pin coeff_reg_1280_1343_0_6/RAMD/CLK is not reached by a timing clock
Related violations: <none>

TIMING-17#425 Critical Warning
Non-clocked sequential cell  
The clock pin coeff_reg_1280_1343_0_6/RAME/CLK is not reached by a timing clock
Related violations: <none>

TIMING-17#426 Critical Warning
Non-clocked sequential cell  
The clock pin coeff_reg_1280_1343_0_6/RAMF/CLK is not reached by a timing clock
Related violations: <none>

TIMING-17#427 Critical Warning
Non-clocked sequential cell  
The clock pin coeff_reg_1280_1343_0_6/RAMG/CLK is not reached by a timing clock
Related violations: <none>

TIMING-17#428 Critical Warning
Non-clocked sequential cell  
The clock pin coeff_reg_1280_1343_0_6/RAMH/CLK is not reached by a timing clock
Related violations: <none>

TIMING-17#429 Critical Warning
Non-clocked sequential cell  
The clock pin coeff_reg_1280_1343_14_20/RAMA/CLK is not reached by a timing clock
Related violations: <none>

TIMING-17#430 Critical Warning
Non-clocked sequential cell  
The clock pin coeff_reg_1280_1343_14_20/RAMB/CLK is not reached by a timing clock
Related violations: <none>

TIMING-17#431 Critical Warning
Non-clocked sequential cell  
The clock pin coeff_reg_1280_1343_14_20/RAMC/CLK is not reached by a timing clock
Related violations: <none>

TIMING-17#432 Critical Warning
Non-clocked sequential cell  
The clock pin coeff_reg_1280_1343_14_20/RAMD/CLK is not reached by a timing clock
Related violations: <none>

TIMING-17#433 Critical Warning
Non-clocked sequential cell  
The clock pin coeff_reg_1280_1343_14_20/RAME/CLK is not reached by a timing clock
Related violations: <none>

TIMING-17#434 Critical Warning
Non-clocked sequential cell  
The clock pin coeff_reg_1280_1343_14_20/RAMF/CLK is not reached by a timing clock
Related violations: <none>

TIMING-17#435 Critical Warning
Non-clocked sequential cell  
The clock pin coeff_reg_1280_1343_14_20/RAMG/CLK is not reached by a timing clock
Related violations: <none>

TIMING-17#436 Critical Warning
Non-clocked sequential cell  
The clock pin coeff_reg_1280_1343_14_20/RAMH/CLK is not reached by a timing clock
Related violations: <none>

TIMING-17#437 Critical Warning
Non-clocked sequential cell  
The clock pin coeff_reg_1280_1343_21_27/RAMA/CLK is not reached by a timing clock
Related violations: <none>

TIMING-17#438 Critical Warning
Non-clocked sequential cell  
The clock pin coeff_reg_1280_1343_21_27/RAMB/CLK is not reached by a timing clock
Related violations: <none>

TIMING-17#439 Critical Warning
Non-clocked sequential cell  
The clock pin coeff_reg_1280_1343_21_27/RAMC/CLK is not reached by a timing clock
Related violations: <none>

TIMING-17#440 Critical Warning
Non-clocked sequential cell  
The clock pin coeff_reg_1280_1343_21_27/RAMD/CLK is not reached by a timing clock
Related violations: <none>

TIMING-17#441 Critical Warning
Non-clocked sequential cell  
The clock pin coeff_reg_1280_1343_21_27/RAME/CLK is not reached by a timing clock
Related violations: <none>

TIMING-17#442 Critical Warning
Non-clocked sequential cell  
The clock pin coeff_reg_1280_1343_21_27/RAMF/CLK is not reached by a timing clock
Related violations: <none>

TIMING-17#443 Critical Warning
Non-clocked sequential cell  
The clock pin coeff_reg_1280_1343_21_27/RAMG/CLK is not reached by a timing clock
Related violations: <none>

TIMING-17#444 Critical Warning
Non-clocked sequential cell  
The clock pin coeff_reg_1280_1343_21_27/RAMH/CLK is not reached by a timing clock
Related violations: <none>

TIMING-17#445 Critical Warning
Non-clocked sequential cell  
The clock pin coeff_reg_1280_1343_28_34/RAMA/CLK is not reached by a timing clock
Related violations: <none>

TIMING-17#446 Critical Warning
Non-clocked sequential cell  
The clock pin coeff_reg_1280_1343_28_34/RAMB/CLK is not reached by a timing clock
Related violations: <none>

TIMING-17#447 Critical Warning
Non-clocked sequential cell  
The clock pin coeff_reg_1280_1343_28_34/RAMC/CLK is not reached by a timing clock
Related violations: <none>

TIMING-17#448 Critical Warning
Non-clocked sequential cell  
The clock pin coeff_reg_1280_1343_28_34/RAMD/CLK is not reached by a timing clock
Related violations: <none>

TIMING-17#449 Critical Warning
Non-clocked sequential cell  
The clock pin coeff_reg_1280_1343_28_34/RAME/CLK is not reached by a timing clock
Related violations: <none>

TIMING-17#450 Critical Warning
Non-clocked sequential cell  
The clock pin coeff_reg_1280_1343_28_34/RAMF/CLK is not reached by a timing clock
Related violations: <none>

TIMING-17#451 Critical Warning
Non-clocked sequential cell  
The clock pin coeff_reg_1280_1343_28_34/RAMG/CLK is not reached by a timing clock
Related violations: <none>

TIMING-17#452 Critical Warning
Non-clocked sequential cell  
The clock pin coeff_reg_1280_1343_28_34/RAMH/CLK is not reached by a timing clock
Related violations: <none>

TIMING-17#453 Critical Warning
Non-clocked sequential cell  
The clock pin coeff_reg_1280_1343_35_41/RAMA/CLK is not reached by a timing clock
Related violations: <none>

TIMING-17#454 Critical Warning
Non-clocked sequential cell  
The clock pin coeff_reg_1280_1343_35_41/RAMB/CLK is not reached by a timing clock
Related violations: <none>

TIMING-17#455 Critical Warning
Non-clocked sequential cell  
The clock pin coeff_reg_1280_1343_35_41/RAMC/CLK is not reached by a timing clock
Related violations: <none>

TIMING-17#456 Critical Warning
Non-clocked sequential cell  
The clock pin coeff_reg_1280_1343_35_41/RAMD/CLK is not reached by a timing clock
Related violations: <none>

TIMING-17#457 Critical Warning
Non-clocked sequential cell  
The clock pin coeff_reg_1280_1343_35_41/RAME/CLK is not reached by a timing clock
Related violations: <none>

TIMING-17#458 Critical Warning
Non-clocked sequential cell  
The clock pin coeff_reg_1280_1343_35_41/RAMF/CLK is not reached by a timing clock
Related violations: <none>

TIMING-17#459 Critical Warning
Non-clocked sequential cell  
The clock pin coeff_reg_1280_1343_35_41/RAMG/CLK is not reached by a timing clock
Related violations: <none>

TIMING-17#460 Critical Warning
Non-clocked sequential cell  
The clock pin coeff_reg_1280_1343_35_41/RAMH/CLK is not reached by a timing clock
Related violations: <none>

TIMING-17#461 Critical Warning
Non-clocked sequential cell  
The clock pin coeff_reg_1280_1343_42_48/RAMA/CLK is not reached by a timing clock
Related violations: <none>

TIMING-17#462 Critical Warning
Non-clocked sequential cell  
The clock pin coeff_reg_1280_1343_42_48/RAMB/CLK is not reached by a timing clock
Related violations: <none>

TIMING-17#463 Critical Warning
Non-clocked sequential cell  
The clock pin coeff_reg_1280_1343_42_48/RAMC/CLK is not reached by a timing clock
Related violations: <none>

TIMING-17#464 Critical Warning
Non-clocked sequential cell  
The clock pin coeff_reg_1280_1343_42_48/RAMD/CLK is not reached by a timing clock
Related violations: <none>

TIMING-17#465 Critical Warning
Non-clocked sequential cell  
The clock pin coeff_reg_1280_1343_42_48/RAME/CLK is not reached by a timing clock
Related violations: <none>

TIMING-17#466 Critical Warning
Non-clocked sequential cell  
The clock pin coeff_reg_1280_1343_42_48/RAMF/CLK is not reached by a timing clock
Related violations: <none>

TIMING-17#467 Critical Warning
Non-clocked sequential cell  
The clock pin coeff_reg_1280_1343_42_48/RAMG/CLK is not reached by a timing clock
Related violations: <none>

TIMING-17#468 Critical Warning
Non-clocked sequential cell  
The clock pin coeff_reg_1280_1343_42_48/RAMH/CLK is not reached by a timing clock
Related violations: <none>

TIMING-17#469 Critical Warning
Non-clocked sequential cell  
The clock pin coeff_reg_1280_1343_49_55/RAMA/CLK is not reached by a timing clock
Related violations: <none>

TIMING-17#470 Critical Warning
Non-clocked sequential cell  
The clock pin coeff_reg_1280_1343_49_55/RAMB/CLK is not reached by a timing clock
Related violations: <none>

TIMING-17#471 Critical Warning
Non-clocked sequential cell  
The clock pin coeff_reg_1280_1343_49_55/RAMC/CLK is not reached by a timing clock
Related violations: <none>

TIMING-17#472 Critical Warning
Non-clocked sequential cell  
The clock pin coeff_reg_1280_1343_49_55/RAMD/CLK is not reached by a timing clock
Related violations: <none>

TIMING-17#473 Critical Warning
Non-clocked sequential cell  
The clock pin coeff_reg_1280_1343_49_55/RAME/CLK is not reached by a timing clock
Related violations: <none>

TIMING-17#474 Critical Warning
Non-clocked sequential cell  
The clock pin coeff_reg_1280_1343_49_55/RAMF/CLK is not reached by a timing clock
Related violations: <none>

TIMING-17#475 Critical Warning
Non-clocked sequential cell  
The clock pin coeff_reg_1280_1343_49_55/RAMG/CLK is not reached by a timing clock
Related violations: <none>

TIMING-17#476 Critical Warning
Non-clocked sequential cell  
The clock pin coeff_reg_1280_1343_49_55/RAMH/CLK is not reached by a timing clock
Related violations: <none>

TIMING-17#477 Critical Warning
Non-clocked sequential cell  
The clock pin coeff_reg_1280_1343_56_59/RAMA/CLK is not reached by a timing clock
Related violations: <none>

TIMING-17#478 Critical Warning
Non-clocked sequential cell  
The clock pin coeff_reg_1280_1343_56_59/RAMB/CLK is not reached by a timing clock
Related violations: <none>

TIMING-17#479 Critical Warning
Non-clocked sequential cell  
The clock pin coeff_reg_1280_1343_56_59/RAMC/CLK is not reached by a timing clock
Related violations: <none>

TIMING-17#480 Critical Warning
Non-clocked sequential cell  
The clock pin coeff_reg_1280_1343_56_59/RAMD/CLK is not reached by a timing clock
Related violations: <none>

TIMING-17#481 Critical Warning
Non-clocked sequential cell  
The clock pin coeff_reg_1280_1343_56_59/RAME/CLK is not reached by a timing clock
Related violations: <none>

TIMING-17#482 Critical Warning
Non-clocked sequential cell  
The clock pin coeff_reg_1280_1343_56_59/RAMF/CLK is not reached by a timing clock
Related violations: <none>

TIMING-17#483 Critical Warning
Non-clocked sequential cell  
The clock pin coeff_reg_1280_1343_56_59/RAMG/CLK is not reached by a timing clock
Related violations: <none>

TIMING-17#484 Critical Warning
Non-clocked sequential cell  
The clock pin coeff_reg_1280_1343_56_59/RAMH/CLK is not reached by a timing clock
Related violations: <none>

TIMING-17#485 Critical Warning
Non-clocked sequential cell  
The clock pin coeff_reg_1280_1343_7_13/RAMA/CLK is not reached by a timing clock
Related violations: <none>

TIMING-17#486 Critical Warning
Non-clocked sequential cell  
The clock pin coeff_reg_1280_1343_7_13/RAMB/CLK is not reached by a timing clock
Related violations: <none>

TIMING-17#487 Critical Warning
Non-clocked sequential cell  
The clock pin coeff_reg_1280_1343_7_13/RAMC/CLK is not reached by a timing clock
Related violations: <none>

TIMING-17#488 Critical Warning
Non-clocked sequential cell  
The clock pin coeff_reg_1280_1343_7_13/RAMD/CLK is not reached by a timing clock
Related violations: <none>

TIMING-17#489 Critical Warning
Non-clocked sequential cell  
The clock pin coeff_reg_1280_1343_7_13/RAME/CLK is not reached by a timing clock
Related violations: <none>

TIMING-17#490 Critical Warning
Non-clocked sequential cell  
The clock pin coeff_reg_1280_1343_7_13/RAMF/CLK is not reached by a timing clock
Related violations: <none>

TIMING-17#491 Critical Warning
Non-clocked sequential cell  
The clock pin coeff_reg_1280_1343_7_13/RAMG/CLK is not reached by a timing clock
Related violations: <none>

TIMING-17#492 Critical Warning
Non-clocked sequential cell  
The clock pin coeff_reg_1280_1343_7_13/RAMH/CLK is not reached by a timing clock
Related violations: <none>

TIMING-17#493 Critical Warning
Non-clocked sequential cell  
The clock pin coeff_reg_128_191_0_6/RAMA/CLK is not reached by a timing clock
Related violations: <none>

TIMING-17#494 Critical Warning
Non-clocked sequential cell  
The clock pin coeff_reg_128_191_0_6/RAMB/CLK is not reached by a timing clock
Related violations: <none>

TIMING-17#495 Critical Warning
Non-clocked sequential cell  
The clock pin coeff_reg_128_191_0_6/RAMC/CLK is not reached by a timing clock
Related violations: <none>

TIMING-17#496 Critical Warning
Non-clocked sequential cell  
The clock pin coeff_reg_128_191_0_6/RAMD/CLK is not reached by a timing clock
Related violations: <none>

TIMING-17#497 Critical Warning
Non-clocked sequential cell  
The clock pin coeff_reg_128_191_0_6/RAME/CLK is not reached by a timing clock
Related violations: <none>

TIMING-17#498 Critical Warning
Non-clocked sequential cell  
The clock pin coeff_reg_128_191_0_6/RAMF/CLK is not reached by a timing clock
Related violations: <none>

TIMING-17#499 Critical Warning
Non-clocked sequential cell  
The clock pin coeff_reg_128_191_0_6/RAMG/CLK is not reached by a timing clock
Related violations: <none>

TIMING-17#500 Critical Warning
Non-clocked sequential cell  
The clock pin coeff_reg_128_191_0_6/RAMH/CLK is not reached by a timing clock
Related violations: <none>

TIMING-17#501 Critical Warning
Non-clocked sequential cell  
The clock pin coeff_reg_128_191_14_20/RAMA/CLK is not reached by a timing clock
Related violations: <none>

TIMING-17#502 Critical Warning
Non-clocked sequential cell  
The clock pin coeff_reg_128_191_14_20/RAMB/CLK is not reached by a timing clock
Related violations: <none>

TIMING-17#503 Critical Warning
Non-clocked sequential cell  
The clock pin coeff_reg_128_191_14_20/RAMC/CLK is not reached by a timing clock
Related violations: <none>

TIMING-17#504 Critical Warning
Non-clocked sequential cell  
The clock pin coeff_reg_128_191_14_20/RAMD/CLK is not reached by a timing clock
Related violations: <none>

TIMING-17#505 Critical Warning
Non-clocked sequential cell  
The clock pin coeff_reg_128_191_14_20/RAME/CLK is not reached by a timing clock
Related violations: <none>

TIMING-17#506 Critical Warning
Non-clocked sequential cell  
The clock pin coeff_reg_128_191_14_20/RAMF/CLK is not reached by a timing clock
Related violations: <none>

TIMING-17#507 Critical Warning
Non-clocked sequential cell  
The clock pin coeff_reg_128_191_14_20/RAMG/CLK is not reached by a timing clock
Related violations: <none>

TIMING-17#508 Critical Warning
Non-clocked sequential cell  
The clock pin coeff_reg_128_191_14_20/RAMH/CLK is not reached by a timing clock
Related violations: <none>

TIMING-17#509 Critical Warning
Non-clocked sequential cell  
The clock pin coeff_reg_128_191_21_27/RAMA/CLK is not reached by a timing clock
Related violations: <none>

TIMING-17#510 Critical Warning
Non-clocked sequential cell  
The clock pin coeff_reg_128_191_21_27/RAMB/CLK is not reached by a timing clock
Related violations: <none>

TIMING-17#511 Critical Warning
Non-clocked sequential cell  
The clock pin coeff_reg_128_191_21_27/RAMC/CLK is not reached by a timing clock
Related violations: <none>

TIMING-17#512 Critical Warning
Non-clocked sequential cell  
The clock pin coeff_reg_128_191_21_27/RAMD/CLK is not reached by a timing clock
Related violations: <none>

TIMING-17#513 Critical Warning
Non-clocked sequential cell  
The clock pin coeff_reg_128_191_21_27/RAME/CLK is not reached by a timing clock
Related violations: <none>

TIMING-17#514 Critical Warning
Non-clocked sequential cell  
The clock pin coeff_reg_128_191_21_27/RAMF/CLK is not reached by a timing clock
Related violations: <none>

TIMING-17#515 Critical Warning
Non-clocked sequential cell  
The clock pin coeff_reg_128_191_21_27/RAMG/CLK is not reached by a timing clock
Related violations: <none>

TIMING-17#516 Critical Warning
Non-clocked sequential cell  
The clock pin coeff_reg_128_191_21_27/RAMH/CLK is not reached by a timing clock
Related violations: <none>

TIMING-17#517 Critical Warning
Non-clocked sequential cell  
The clock pin coeff_reg_128_191_28_34/RAMA/CLK is not reached by a timing clock
Related violations: <none>

TIMING-17#518 Critical Warning
Non-clocked sequential cell  
The clock pin coeff_reg_128_191_28_34/RAMB/CLK is not reached by a timing clock
Related violations: <none>

TIMING-17#519 Critical Warning
Non-clocked sequential cell  
The clock pin coeff_reg_128_191_28_34/RAMC/CLK is not reached by a timing clock
Related violations: <none>

TIMING-17#520 Critical Warning
Non-clocked sequential cell  
The clock pin coeff_reg_128_191_28_34/RAMD/CLK is not reached by a timing clock
Related violations: <none>

TIMING-17#521 Critical Warning
Non-clocked sequential cell  
The clock pin coeff_reg_128_191_28_34/RAME/CLK is not reached by a timing clock
Related violations: <none>

TIMING-17#522 Critical Warning
Non-clocked sequential cell  
The clock pin coeff_reg_128_191_28_34/RAMF/CLK is not reached by a timing clock
Related violations: <none>

TIMING-17#523 Critical Warning
Non-clocked sequential cell  
The clock pin coeff_reg_128_191_28_34/RAMG/CLK is not reached by a timing clock
Related violations: <none>

TIMING-17#524 Critical Warning
Non-clocked sequential cell  
The clock pin coeff_reg_128_191_28_34/RAMH/CLK is not reached by a timing clock
Related violations: <none>

TIMING-17#525 Critical Warning
Non-clocked sequential cell  
The clock pin coeff_reg_128_191_35_41/RAMA/CLK is not reached by a timing clock
Related violations: <none>

TIMING-17#526 Critical Warning
Non-clocked sequential cell  
The clock pin coeff_reg_128_191_35_41/RAMB/CLK is not reached by a timing clock
Related violations: <none>

TIMING-17#527 Critical Warning
Non-clocked sequential cell  
The clock pin coeff_reg_128_191_35_41/RAMC/CLK is not reached by a timing clock
Related violations: <none>

TIMING-17#528 Critical Warning
Non-clocked sequential cell  
The clock pin coeff_reg_128_191_35_41/RAMD/CLK is not reached by a timing clock
Related violations: <none>

TIMING-17#529 Critical Warning
Non-clocked sequential cell  
The clock pin coeff_reg_128_191_35_41/RAME/CLK is not reached by a timing clock
Related violations: <none>

TIMING-17#530 Critical Warning
Non-clocked sequential cell  
The clock pin coeff_reg_128_191_35_41/RAMF/CLK is not reached by a timing clock
Related violations: <none>

TIMING-17#531 Critical Warning
Non-clocked sequential cell  
The clock pin coeff_reg_128_191_35_41/RAMG/CLK is not reached by a timing clock
Related violations: <none>

TIMING-17#532 Critical Warning
Non-clocked sequential cell  
The clock pin coeff_reg_128_191_35_41/RAMH/CLK is not reached by a timing clock
Related violations: <none>

TIMING-17#533 Critical Warning
Non-clocked sequential cell  
The clock pin coeff_reg_128_191_42_48/RAMA/CLK is not reached by a timing clock
Related violations: <none>

TIMING-17#534 Critical Warning
Non-clocked sequential cell  
The clock pin coeff_reg_128_191_42_48/RAMB/CLK is not reached by a timing clock
Related violations: <none>

TIMING-17#535 Critical Warning
Non-clocked sequential cell  
The clock pin coeff_reg_128_191_42_48/RAMC/CLK is not reached by a timing clock
Related violations: <none>

TIMING-17#536 Critical Warning
Non-clocked sequential cell  
The clock pin coeff_reg_128_191_42_48/RAMD/CLK is not reached by a timing clock
Related violations: <none>

TIMING-17#537 Critical Warning
Non-clocked sequential cell  
The clock pin coeff_reg_128_191_42_48/RAME/CLK is not reached by a timing clock
Related violations: <none>

TIMING-17#538 Critical Warning
Non-clocked sequential cell  
The clock pin coeff_reg_128_191_42_48/RAMF/CLK is not reached by a timing clock
Related violations: <none>

TIMING-17#539 Critical Warning
Non-clocked sequential cell  
The clock pin coeff_reg_128_191_42_48/RAMG/CLK is not reached by a timing clock
Related violations: <none>

TIMING-17#540 Critical Warning
Non-clocked sequential cell  
The clock pin coeff_reg_128_191_42_48/RAMH/CLK is not reached by a timing clock
Related violations: <none>

TIMING-17#541 Critical Warning
Non-clocked sequential cell  
The clock pin coeff_reg_128_191_49_55/RAMA/CLK is not reached by a timing clock
Related violations: <none>

TIMING-17#542 Critical Warning
Non-clocked sequential cell  
The clock pin coeff_reg_128_191_49_55/RAMB/CLK is not reached by a timing clock
Related violations: <none>

TIMING-17#543 Critical Warning
Non-clocked sequential cell  
The clock pin coeff_reg_128_191_49_55/RAMC/CLK is not reached by a timing clock
Related violations: <none>

TIMING-17#544 Critical Warning
Non-clocked sequential cell  
The clock pin coeff_reg_128_191_49_55/RAMD/CLK is not reached by a timing clock
Related violations: <none>

TIMING-17#545 Critical Warning
Non-clocked sequential cell  
The clock pin coeff_reg_128_191_49_55/RAME/CLK is not reached by a timing clock
Related violations: <none>

TIMING-17#546 Critical Warning
Non-clocked sequential cell  
The clock pin coeff_reg_128_191_49_55/RAMF/CLK is not reached by a timing clock
Related violations: <none>

TIMING-17#547 Critical Warning
Non-clocked sequential cell  
The clock pin coeff_reg_128_191_49_55/RAMG/CLK is not reached by a timing clock
Related violations: <none>

TIMING-17#548 Critical Warning
Non-clocked sequential cell  
The clock pin coeff_reg_128_191_49_55/RAMH/CLK is not reached by a timing clock
Related violations: <none>

TIMING-17#549 Critical Warning
Non-clocked sequential cell  
The clock pin coeff_reg_128_191_56_59/RAMA/CLK is not reached by a timing clock
Related violations: <none>

TIMING-17#550 Critical Warning
Non-clocked sequential cell  
The clock pin coeff_reg_128_191_56_59/RAMB/CLK is not reached by a timing clock
Related violations: <none>

TIMING-17#551 Critical Warning
Non-clocked sequential cell  
The clock pin coeff_reg_128_191_56_59/RAMC/CLK is not reached by a timing clock
Related violations: <none>

TIMING-17#552 Critical Warning
Non-clocked sequential cell  
The clock pin coeff_reg_128_191_56_59/RAMD/CLK is not reached by a timing clock
Related violations: <none>

TIMING-17#553 Critical Warning
Non-clocked sequential cell  
The clock pin coeff_reg_128_191_56_59/RAME/CLK is not reached by a timing clock
Related violations: <none>

TIMING-17#554 Critical Warning
Non-clocked sequential cell  
The clock pin coeff_reg_128_191_56_59/RAMF/CLK is not reached by a timing clock
Related violations: <none>

TIMING-17#555 Critical Warning
Non-clocked sequential cell  
The clock pin coeff_reg_128_191_56_59/RAMG/CLK is not reached by a timing clock
Related violations: <none>

TIMING-17#556 Critical Warning
Non-clocked sequential cell  
The clock pin coeff_reg_128_191_56_59/RAMH/CLK is not reached by a timing clock
Related violations: <none>

TIMING-17#557 Critical Warning
Non-clocked sequential cell  
The clock pin coeff_reg_128_191_7_13/RAMA/CLK is not reached by a timing clock
Related violations: <none>

TIMING-17#558 Critical Warning
Non-clocked sequential cell  
The clock pin coeff_reg_128_191_7_13/RAMB/CLK is not reached by a timing clock
Related violations: <none>

TIMING-17#559 Critical Warning
Non-clocked sequential cell  
The clock pin coeff_reg_128_191_7_13/RAMC/CLK is not reached by a timing clock
Related violations: <none>

TIMING-17#560 Critical Warning
Non-clocked sequential cell  
The clock pin coeff_reg_128_191_7_13/RAMD/CLK is not reached by a timing clock
Related violations: <none>

TIMING-17#561 Critical Warning
Non-clocked sequential cell  
The clock pin coeff_reg_128_191_7_13/RAME/CLK is not reached by a timing clock
Related violations: <none>

TIMING-17#562 Critical Warning
Non-clocked sequential cell  
The clock pin coeff_reg_128_191_7_13/RAMF/CLK is not reached by a timing clock
Related violations: <none>

TIMING-17#563 Critical Warning
Non-clocked sequential cell  
The clock pin coeff_reg_128_191_7_13/RAMG/CLK is not reached by a timing clock
Related violations: <none>

TIMING-17#564 Critical Warning
Non-clocked sequential cell  
The clock pin coeff_reg_128_191_7_13/RAMH/CLK is not reached by a timing clock
Related violations: <none>

TIMING-17#565 Critical Warning
Non-clocked sequential cell  
The clock pin coeff_reg_1344_1407_0_6/RAMA/CLK is not reached by a timing clock
Related violations: <none>

TIMING-17#566 Critical Warning
Non-clocked sequential cell  
The clock pin coeff_reg_1344_1407_0_6/RAMB/CLK is not reached by a timing clock
Related violations: <none>

TIMING-17#567 Critical Warning
Non-clocked sequential cell  
The clock pin coeff_reg_1344_1407_0_6/RAMC/CLK is not reached by a timing clock
Related violations: <none>

TIMING-17#568 Critical Warning
Non-clocked sequential cell  
The clock pin coeff_reg_1344_1407_0_6/RAMD/CLK is not reached by a timing clock
Related violations: <none>

TIMING-17#569 Critical Warning
Non-clocked sequential cell  
The clock pin coeff_reg_1344_1407_0_6/RAME/CLK is not reached by a timing clock
Related violations: <none>

TIMING-17#570 Critical Warning
Non-clocked sequential cell  
The clock pin coeff_reg_1344_1407_0_6/RAMF/CLK is not reached by a timing clock
Related violations: <none>

TIMING-17#571 Critical Warning
Non-clocked sequential cell  
The clock pin coeff_reg_1344_1407_0_6/RAMG/CLK is not reached by a timing clock
Related violations: <none>

TIMING-17#572 Critical Warning
Non-clocked sequential cell  
The clock pin coeff_reg_1344_1407_0_6/RAMH/CLK is not reached by a timing clock
Related violations: <none>

TIMING-17#573 Critical Warning
Non-clocked sequential cell  
The clock pin coeff_reg_1344_1407_14_20/RAMA/CLK is not reached by a timing clock
Related violations: <none>

TIMING-17#574 Critical Warning
Non-clocked sequential cell  
The clock pin coeff_reg_1344_1407_14_20/RAMB/CLK is not reached by a timing clock
Related violations: <none>

TIMING-17#575 Critical Warning
Non-clocked sequential cell  
The clock pin coeff_reg_1344_1407_14_20/RAMC/CLK is not reached by a timing clock
Related violations: <none>

TIMING-17#576 Critical Warning
Non-clocked sequential cell  
The clock pin coeff_reg_1344_1407_14_20/RAMD/CLK is not reached by a timing clock
Related violations: <none>

TIMING-17#577 Critical Warning
Non-clocked sequential cell  
The clock pin coeff_reg_1344_1407_14_20/RAME/CLK is not reached by a timing clock
Related violations: <none>

TIMING-17#578 Critical Warning
Non-clocked sequential cell  
The clock pin coeff_reg_1344_1407_14_20/RAMF/CLK is not reached by a timing clock
Related violations: <none>

TIMING-17#579 Critical Warning
Non-clocked sequential cell  
The clock pin coeff_reg_1344_1407_14_20/RAMG/CLK is not reached by a timing clock
Related violations: <none>

TIMING-17#580 Critical Warning
Non-clocked sequential cell  
The clock pin coeff_reg_1344_1407_14_20/RAMH/CLK is not reached by a timing clock
Related violations: <none>

TIMING-17#581 Critical Warning
Non-clocked sequential cell  
The clock pin coeff_reg_1344_1407_21_27/RAMA/CLK is not reached by a timing clock
Related violations: <none>

TIMING-17#582 Critical Warning
Non-clocked sequential cell  
The clock pin coeff_reg_1344_1407_21_27/RAMB/CLK is not reached by a timing clock
Related violations: <none>

TIMING-17#583 Critical Warning
Non-clocked sequential cell  
The clock pin coeff_reg_1344_1407_21_27/RAMC/CLK is not reached by a timing clock
Related violations: <none>

TIMING-17#584 Critical Warning
Non-clocked sequential cell  
The clock pin coeff_reg_1344_1407_21_27/RAMD/CLK is not reached by a timing clock
Related violations: <none>

TIMING-17#585 Critical Warning
Non-clocked sequential cell  
The clock pin coeff_reg_1344_1407_21_27/RAME/CLK is not reached by a timing clock
Related violations: <none>

TIMING-17#586 Critical Warning
Non-clocked sequential cell  
The clock pin coeff_reg_1344_1407_21_27/RAMF/CLK is not reached by a timing clock
Related violations: <none>

TIMING-17#587 Critical Warning
Non-clocked sequential cell  
The clock pin coeff_reg_1344_1407_21_27/RAMG/CLK is not reached by a timing clock
Related violations: <none>

TIMING-17#588 Critical Warning
Non-clocked sequential cell  
The clock pin coeff_reg_1344_1407_21_27/RAMH/CLK is not reached by a timing clock
Related violations: <none>

TIMING-17#589 Critical Warning
Non-clocked sequential cell  
The clock pin coeff_reg_1344_1407_28_34/RAMA/CLK is not reached by a timing clock
Related violations: <none>

TIMING-17#590 Critical Warning
Non-clocked sequential cell  
The clock pin coeff_reg_1344_1407_28_34/RAMB/CLK is not reached by a timing clock
Related violations: <none>

TIMING-17#591 Critical Warning
Non-clocked sequential cell  
The clock pin coeff_reg_1344_1407_28_34/RAMC/CLK is not reached by a timing clock
Related violations: <none>

TIMING-17#592 Critical Warning
Non-clocked sequential cell  
The clock pin coeff_reg_1344_1407_28_34/RAMD/CLK is not reached by a timing clock
Related violations: <none>

TIMING-17#593 Critical Warning
Non-clocked sequential cell  
The clock pin coeff_reg_1344_1407_28_34/RAME/CLK is not reached by a timing clock
Related violations: <none>

TIMING-17#594 Critical Warning
Non-clocked sequential cell  
The clock pin coeff_reg_1344_1407_28_34/RAMF/CLK is not reached by a timing clock
Related violations: <none>

TIMING-17#595 Critical Warning
Non-clocked sequential cell  
The clock pin coeff_reg_1344_1407_28_34/RAMG/CLK is not reached by a timing clock
Related violations: <none>

TIMING-17#596 Critical Warning
Non-clocked sequential cell  
The clock pin coeff_reg_1344_1407_28_34/RAMH/CLK is not reached by a timing clock
Related violations: <none>

TIMING-17#597 Critical Warning
Non-clocked sequential cell  
The clock pin coeff_reg_1344_1407_35_41/RAMA/CLK is not reached by a timing clock
Related violations: <none>

TIMING-17#598 Critical Warning
Non-clocked sequential cell  
The clock pin coeff_reg_1344_1407_35_41/RAMB/CLK is not reached by a timing clock
Related violations: <none>

TIMING-17#599 Critical Warning
Non-clocked sequential cell  
The clock pin coeff_reg_1344_1407_35_41/RAMC/CLK is not reached by a timing clock
Related violations: <none>

TIMING-17#600 Critical Warning
Non-clocked sequential cell  
The clock pin coeff_reg_1344_1407_35_41/RAMD/CLK is not reached by a timing clock
Related violations: <none>

TIMING-17#601 Critical Warning
Non-clocked sequential cell  
The clock pin coeff_reg_1344_1407_35_41/RAME/CLK is not reached by a timing clock
Related violations: <none>

TIMING-17#602 Critical Warning
Non-clocked sequential cell  
The clock pin coeff_reg_1344_1407_35_41/RAMF/CLK is not reached by a timing clock
Related violations: <none>

TIMING-17#603 Critical Warning
Non-clocked sequential cell  
The clock pin coeff_reg_1344_1407_35_41/RAMG/CLK is not reached by a timing clock
Related violations: <none>

TIMING-17#604 Critical Warning
Non-clocked sequential cell  
The clock pin coeff_reg_1344_1407_35_41/RAMH/CLK is not reached by a timing clock
Related violations: <none>

TIMING-17#605 Critical Warning
Non-clocked sequential cell  
The clock pin coeff_reg_1344_1407_42_48/RAMA/CLK is not reached by a timing clock
Related violations: <none>

TIMING-17#606 Critical Warning
Non-clocked sequential cell  
The clock pin coeff_reg_1344_1407_42_48/RAMB/CLK is not reached by a timing clock
Related violations: <none>

TIMING-17#607 Critical Warning
Non-clocked sequential cell  
The clock pin coeff_reg_1344_1407_42_48/RAMC/CLK is not reached by a timing clock
Related violations: <none>

TIMING-17#608 Critical Warning
Non-clocked sequential cell  
The clock pin coeff_reg_1344_1407_42_48/RAMD/CLK is not reached by a timing clock
Related violations: <none>

TIMING-17#609 Critical Warning
Non-clocked sequential cell  
The clock pin coeff_reg_1344_1407_42_48/RAME/CLK is not reached by a timing clock
Related violations: <none>

TIMING-17#610 Critical Warning
Non-clocked sequential cell  
The clock pin coeff_reg_1344_1407_42_48/RAMF/CLK is not reached by a timing clock
Related violations: <none>

TIMING-17#611 Critical Warning
Non-clocked sequential cell  
The clock pin coeff_reg_1344_1407_42_48/RAMG/CLK is not reached by a timing clock
Related violations: <none>

TIMING-17#612 Critical Warning
Non-clocked sequential cell  
The clock pin coeff_reg_1344_1407_42_48/RAMH/CLK is not reached by a timing clock
Related violations: <none>

TIMING-17#613 Critical Warning
Non-clocked sequential cell  
The clock pin coeff_reg_1344_1407_49_55/RAMA/CLK is not reached by a timing clock
Related violations: <none>

TIMING-17#614 Critical Warning
Non-clocked sequential cell  
The clock pin coeff_reg_1344_1407_49_55/RAMB/CLK is not reached by a timing clock
Related violations: <none>

TIMING-17#615 Critical Warning
Non-clocked sequential cell  
The clock pin coeff_reg_1344_1407_49_55/RAMC/CLK is not reached by a timing clock
Related violations: <none>

TIMING-17#616 Critical Warning
Non-clocked sequential cell  
The clock pin coeff_reg_1344_1407_49_55/RAMD/CLK is not reached by a timing clock
Related violations: <none>

TIMING-17#617 Critical Warning
Non-clocked sequential cell  
The clock pin coeff_reg_1344_1407_49_55/RAME/CLK is not reached by a timing clock
Related violations: <none>

TIMING-17#618 Critical Warning
Non-clocked sequential cell  
The clock pin coeff_reg_1344_1407_49_55/RAMF/CLK is not reached by a timing clock
Related violations: <none>

TIMING-17#619 Critical Warning
Non-clocked sequential cell  
The clock pin coeff_reg_1344_1407_49_55/RAMG/CLK is not reached by a timing clock
Related violations: <none>

TIMING-17#620 Critical Warning
Non-clocked sequential cell  
The clock pin coeff_reg_1344_1407_49_55/RAMH/CLK is not reached by a timing clock
Related violations: <none>

TIMING-17#621 Critical Warning
Non-clocked sequential cell  
The clock pin coeff_reg_1344_1407_56_59/RAMA/CLK is not reached by a timing clock
Related violations: <none>

TIMING-17#622 Critical Warning
Non-clocked sequential cell  
The clock pin coeff_reg_1344_1407_56_59/RAMB/CLK is not reached by a timing clock
Related violations: <none>

TIMING-17#623 Critical Warning
Non-clocked sequential cell  
The clock pin coeff_reg_1344_1407_56_59/RAMC/CLK is not reached by a timing clock
Related violations: <none>

TIMING-17#624 Critical Warning
Non-clocked sequential cell  
The clock pin coeff_reg_1344_1407_56_59/RAMD/CLK is not reached by a timing clock
Related violations: <none>

TIMING-17#625 Critical Warning
Non-clocked sequential cell  
The clock pin coeff_reg_1344_1407_56_59/RAME/CLK is not reached by a timing clock
Related violations: <none>

TIMING-17#626 Critical Warning
Non-clocked sequential cell  
The clock pin coeff_reg_1344_1407_56_59/RAMF/CLK is not reached by a timing clock
Related violations: <none>

TIMING-17#627 Critical Warning
Non-clocked sequential cell  
The clock pin coeff_reg_1344_1407_56_59/RAMG/CLK is not reached by a timing clock
Related violations: <none>

TIMING-17#628 Critical Warning
Non-clocked sequential cell  
The clock pin coeff_reg_1344_1407_56_59/RAMH/CLK is not reached by a timing clock
Related violations: <none>

TIMING-17#629 Critical Warning
Non-clocked sequential cell  
The clock pin coeff_reg_1344_1407_7_13/RAMA/CLK is not reached by a timing clock
Related violations: <none>

TIMING-17#630 Critical Warning
Non-clocked sequential cell  
The clock pin coeff_reg_1344_1407_7_13/RAMB/CLK is not reached by a timing clock
Related violations: <none>

TIMING-17#631 Critical Warning
Non-clocked sequential cell  
The clock pin coeff_reg_1344_1407_7_13/RAMC/CLK is not reached by a timing clock
Related violations: <none>

TIMING-17#632 Critical Warning
Non-clocked sequential cell  
The clock pin coeff_reg_1344_1407_7_13/RAMD/CLK is not reached by a timing clock
Related violations: <none>

TIMING-17#633 Critical Warning
Non-clocked sequential cell  
The clock pin coeff_reg_1344_1407_7_13/RAME/CLK is not reached by a timing clock
Related violations: <none>

TIMING-17#634 Critical Warning
Non-clocked sequential cell  
The clock pin coeff_reg_1344_1407_7_13/RAMF/CLK is not reached by a timing clock
Related violations: <none>

TIMING-17#635 Critical Warning
Non-clocked sequential cell  
The clock pin coeff_reg_1344_1407_7_13/RAMG/CLK is not reached by a timing clock
Related violations: <none>

TIMING-17#636 Critical Warning
Non-clocked sequential cell  
The clock pin coeff_reg_1344_1407_7_13/RAMH/CLK is not reached by a timing clock
Related violations: <none>

TIMING-17#637 Critical Warning
Non-clocked sequential cell  
The clock pin coeff_reg_1408_1471_0_6/RAMA/CLK is not reached by a timing clock
Related violations: <none>

TIMING-17#638 Critical Warning
Non-clocked sequential cell  
The clock pin coeff_reg_1408_1471_0_6/RAMB/CLK is not reached by a timing clock
Related violations: <none>

TIMING-17#639 Critical Warning
Non-clocked sequential cell  
The clock pin coeff_reg_1408_1471_0_6/RAMC/CLK is not reached by a timing clock
Related violations: <none>

TIMING-17#640 Critical Warning
Non-clocked sequential cell  
The clock pin coeff_reg_1408_1471_0_6/RAMD/CLK is not reached by a timing clock
Related violations: <none>

TIMING-17#641 Critical Warning
Non-clocked sequential cell  
The clock pin coeff_reg_1408_1471_0_6/RAME/CLK is not reached by a timing clock
Related violations: <none>

TIMING-17#642 Critical Warning
Non-clocked sequential cell  
The clock pin coeff_reg_1408_1471_0_6/RAMF/CLK is not reached by a timing clock
Related violations: <none>

TIMING-17#643 Critical Warning
Non-clocked sequential cell  
The clock pin coeff_reg_1408_1471_0_6/RAMG/CLK is not reached by a timing clock
Related violations: <none>

TIMING-17#644 Critical Warning
Non-clocked sequential cell  
The clock pin coeff_reg_1408_1471_0_6/RAMH/CLK is not reached by a timing clock
Related violations: <none>

TIMING-17#645 Critical Warning
Non-clocked sequential cell  
The clock pin coeff_reg_1408_1471_14_20/RAMA/CLK is not reached by a timing clock
Related violations: <none>

TIMING-17#646 Critical Warning
Non-clocked sequential cell  
The clock pin coeff_reg_1408_1471_14_20/RAMB/CLK is not reached by a timing clock
Related violations: <none>

TIMING-17#647 Critical Warning
Non-clocked sequential cell  
The clock pin coeff_reg_1408_1471_14_20/RAMC/CLK is not reached by a timing clock
Related violations: <none>

TIMING-17#648 Critical Warning
Non-clocked sequential cell  
The clock pin coeff_reg_1408_1471_14_20/RAMD/CLK is not reached by a timing clock
Related violations: <none>

TIMING-17#649 Critical Warning
Non-clocked sequential cell  
The clock pin coeff_reg_1408_1471_14_20/RAME/CLK is not reached by a timing clock
Related violations: <none>

TIMING-17#650 Critical Warning
Non-clocked sequential cell  
The clock pin coeff_reg_1408_1471_14_20/RAMF/CLK is not reached by a timing clock
Related violations: <none>

TIMING-17#651 Critical Warning
Non-clocked sequential cell  
The clock pin coeff_reg_1408_1471_14_20/RAMG/CLK is not reached by a timing clock
Related violations: <none>

TIMING-17#652 Critical Warning
Non-clocked sequential cell  
The clock pin coeff_reg_1408_1471_14_20/RAMH/CLK is not reached by a timing clock
Related violations: <none>

TIMING-17#653 Critical Warning
Non-clocked sequential cell  
The clock pin coeff_reg_1408_1471_21_27/RAMA/CLK is not reached by a timing clock
Related violations: <none>

TIMING-17#654 Critical Warning
Non-clocked sequential cell  
The clock pin coeff_reg_1408_1471_21_27/RAMB/CLK is not reached by a timing clock
Related violations: <none>

TIMING-17#655 Critical Warning
Non-clocked sequential cell  
The clock pin coeff_reg_1408_1471_21_27/RAMC/CLK is not reached by a timing clock
Related violations: <none>

TIMING-17#656 Critical Warning
Non-clocked sequential cell  
The clock pin coeff_reg_1408_1471_21_27/RAMD/CLK is not reached by a timing clock
Related violations: <none>

TIMING-17#657 Critical Warning
Non-clocked sequential cell  
The clock pin coeff_reg_1408_1471_21_27/RAME/CLK is not reached by a timing clock
Related violations: <none>

TIMING-17#658 Critical Warning
Non-clocked sequential cell  
The clock pin coeff_reg_1408_1471_21_27/RAMF/CLK is not reached by a timing clock
Related violations: <none>

TIMING-17#659 Critical Warning
Non-clocked sequential cell  
The clock pin coeff_reg_1408_1471_21_27/RAMG/CLK is not reached by a timing clock
Related violations: <none>

TIMING-17#660 Critical Warning
Non-clocked sequential cell  
The clock pin coeff_reg_1408_1471_21_27/RAMH/CLK is not reached by a timing clock
Related violations: <none>

TIMING-17#661 Critical Warning
Non-clocked sequential cell  
The clock pin coeff_reg_1408_1471_28_34/RAMA/CLK is not reached by a timing clock
Related violations: <none>

TIMING-17#662 Critical Warning
Non-clocked sequential cell  
The clock pin coeff_reg_1408_1471_28_34/RAMB/CLK is not reached by a timing clock
Related violations: <none>

TIMING-17#663 Critical Warning
Non-clocked sequential cell  
The clock pin coeff_reg_1408_1471_28_34/RAMC/CLK is not reached by a timing clock
Related violations: <none>

TIMING-17#664 Critical Warning
Non-clocked sequential cell  
The clock pin coeff_reg_1408_1471_28_34/RAMD/CLK is not reached by a timing clock
Related violations: <none>

TIMING-17#665 Critical Warning
Non-clocked sequential cell  
The clock pin coeff_reg_1408_1471_28_34/RAME/CLK is not reached by a timing clock
Related violations: <none>

TIMING-17#666 Critical Warning
Non-clocked sequential cell  
The clock pin coeff_reg_1408_1471_28_34/RAMF/CLK is not reached by a timing clock
Related violations: <none>

TIMING-17#667 Critical Warning
Non-clocked sequential cell  
The clock pin coeff_reg_1408_1471_28_34/RAMG/CLK is not reached by a timing clock
Related violations: <none>

TIMING-17#668 Critical Warning
Non-clocked sequential cell  
The clock pin coeff_reg_1408_1471_28_34/RAMH/CLK is not reached by a timing clock
Related violations: <none>

TIMING-17#669 Critical Warning
Non-clocked sequential cell  
The clock pin coeff_reg_1408_1471_35_41/RAMA/CLK is not reached by a timing clock
Related violations: <none>

TIMING-17#670 Critical Warning
Non-clocked sequential cell  
The clock pin coeff_reg_1408_1471_35_41/RAMB/CLK is not reached by a timing clock
Related violations: <none>

TIMING-17#671 Critical Warning
Non-clocked sequential cell  
The clock pin coeff_reg_1408_1471_35_41/RAMC/CLK is not reached by a timing clock
Related violations: <none>

TIMING-17#672 Critical Warning
Non-clocked sequential cell  
The clock pin coeff_reg_1408_1471_35_41/RAMD/CLK is not reached by a timing clock
Related violations: <none>

TIMING-17#673 Critical Warning
Non-clocked sequential cell  
The clock pin coeff_reg_1408_1471_35_41/RAME/CLK is not reached by a timing clock
Related violations: <none>

TIMING-17#674 Critical Warning
Non-clocked sequential cell  
The clock pin coeff_reg_1408_1471_35_41/RAMF/CLK is not reached by a timing clock
Related violations: <none>

TIMING-17#675 Critical Warning
Non-clocked sequential cell  
The clock pin coeff_reg_1408_1471_35_41/RAMG/CLK is not reached by a timing clock
Related violations: <none>

TIMING-17#676 Critical Warning
Non-clocked sequential cell  
The clock pin coeff_reg_1408_1471_35_41/RAMH/CLK is not reached by a timing clock
Related violations: <none>

TIMING-17#677 Critical Warning
Non-clocked sequential cell  
The clock pin coeff_reg_1408_1471_42_48/RAMA/CLK is not reached by a timing clock
Related violations: <none>

TIMING-17#678 Critical Warning
Non-clocked sequential cell  
The clock pin coeff_reg_1408_1471_42_48/RAMB/CLK is not reached by a timing clock
Related violations: <none>

TIMING-17#679 Critical Warning
Non-clocked sequential cell  
The clock pin coeff_reg_1408_1471_42_48/RAMC/CLK is not reached by a timing clock
Related violations: <none>

TIMING-17#680 Critical Warning
Non-clocked sequential cell  
The clock pin coeff_reg_1408_1471_42_48/RAMD/CLK is not reached by a timing clock
Related violations: <none>

TIMING-17#681 Critical Warning
Non-clocked sequential cell  
The clock pin coeff_reg_1408_1471_42_48/RAME/CLK is not reached by a timing clock
Related violations: <none>

TIMING-17#682 Critical Warning
Non-clocked sequential cell  
The clock pin coeff_reg_1408_1471_42_48/RAMF/CLK is not reached by a timing clock
Related violations: <none>

TIMING-17#683 Critical Warning
Non-clocked sequential cell  
The clock pin coeff_reg_1408_1471_42_48/RAMG/CLK is not reached by a timing clock
Related violations: <none>

TIMING-17#684 Critical Warning
Non-clocked sequential cell  
The clock pin coeff_reg_1408_1471_42_48/RAMH/CLK is not reached by a timing clock
Related violations: <none>

TIMING-17#685 Critical Warning
Non-clocked sequential cell  
The clock pin coeff_reg_1408_1471_49_55/RAMA/CLK is not reached by a timing clock
Related violations: <none>

TIMING-17#686 Critical Warning
Non-clocked sequential cell  
The clock pin coeff_reg_1408_1471_49_55/RAMB/CLK is not reached by a timing clock
Related violations: <none>

TIMING-17#687 Critical Warning
Non-clocked sequential cell  
The clock pin coeff_reg_1408_1471_49_55/RAMC/CLK is not reached by a timing clock
Related violations: <none>

TIMING-17#688 Critical Warning
Non-clocked sequential cell  
The clock pin coeff_reg_1408_1471_49_55/RAMD/CLK is not reached by a timing clock
Related violations: <none>

TIMING-17#689 Critical Warning
Non-clocked sequential cell  
The clock pin coeff_reg_1408_1471_49_55/RAME/CLK is not reached by a timing clock
Related violations: <none>

TIMING-17#690 Critical Warning
Non-clocked sequential cell  
The clock pin coeff_reg_1408_1471_49_55/RAMF/CLK is not reached by a timing clock
Related violations: <none>

TIMING-17#691 Critical Warning
Non-clocked sequential cell  
The clock pin coeff_reg_1408_1471_49_55/RAMG/CLK is not reached by a timing clock
Related violations: <none>

TIMING-17#692 Critical Warning
Non-clocked sequential cell  
The clock pin coeff_reg_1408_1471_49_55/RAMH/CLK is not reached by a timing clock
Related violations: <none>

TIMING-17#693 Critical Warning
Non-clocked sequential cell  
The clock pin coeff_reg_1408_1471_56_59/RAMA/CLK is not reached by a timing clock
Related violations: <none>

TIMING-17#694 Critical Warning
Non-clocked sequential cell  
The clock pin coeff_reg_1408_1471_56_59/RAMB/CLK is not reached by a timing clock
Related violations: <none>

TIMING-17#695 Critical Warning
Non-clocked sequential cell  
The clock pin coeff_reg_1408_1471_56_59/RAMC/CLK is not reached by a timing clock
Related violations: <none>

TIMING-17#696 Critical Warning
Non-clocked sequential cell  
The clock pin coeff_reg_1408_1471_56_59/RAMD/CLK is not reached by a timing clock
Related violations: <none>

TIMING-17#697 Critical Warning
Non-clocked sequential cell  
The clock pin coeff_reg_1408_1471_56_59/RAME/CLK is not reached by a timing clock
Related violations: <none>

TIMING-17#698 Critical Warning
Non-clocked sequential cell  
The clock pin coeff_reg_1408_1471_56_59/RAMF/CLK is not reached by a timing clock
Related violations: <none>

TIMING-17#699 Critical Warning
Non-clocked sequential cell  
The clock pin coeff_reg_1408_1471_56_59/RAMG/CLK is not reached by a timing clock
Related violations: <none>

TIMING-17#700 Critical Warning
Non-clocked sequential cell  
The clock pin coeff_reg_1408_1471_56_59/RAMH/CLK is not reached by a timing clock
Related violations: <none>

TIMING-17#701 Critical Warning
Non-clocked sequential cell  
The clock pin coeff_reg_1408_1471_7_13/RAMA/CLK is not reached by a timing clock
Related violations: <none>

TIMING-17#702 Critical Warning
Non-clocked sequential cell  
The clock pin coeff_reg_1408_1471_7_13/RAMB/CLK is not reached by a timing clock
Related violations: <none>

TIMING-17#703 Critical Warning
Non-clocked sequential cell  
The clock pin coeff_reg_1408_1471_7_13/RAMC/CLK is not reached by a timing clock
Related violations: <none>

TIMING-17#704 Critical Warning
Non-clocked sequential cell  
The clock pin coeff_reg_1408_1471_7_13/RAMD/CLK is not reached by a timing clock
Related violations: <none>

TIMING-17#705 Critical Warning
Non-clocked sequential cell  
The clock pin coeff_reg_1408_1471_7_13/RAME/CLK is not reached by a timing clock
Related violations: <none>

TIMING-17#706 Critical Warning
Non-clocked sequential cell  
The clock pin coeff_reg_1408_1471_7_13/RAMF/CLK is not reached by a timing clock
Related violations: <none>

TIMING-17#707 Critical Warning
Non-clocked sequential cell  
The clock pin coeff_reg_1408_1471_7_13/RAMG/CLK is not reached by a timing clock
Related violations: <none>

TIMING-17#708 Critical Warning
Non-clocked sequential cell  
The clock pin coeff_reg_1408_1471_7_13/RAMH/CLK is not reached by a timing clock
Related violations: <none>

TIMING-17#709 Critical Warning
Non-clocked sequential cell  
The clock pin coeff_reg_1472_1535_0_6/RAMA/CLK is not reached by a timing clock
Related violations: <none>

TIMING-17#710 Critical Warning
Non-clocked sequential cell  
The clock pin coeff_reg_1472_1535_0_6/RAMB/CLK is not reached by a timing clock
Related violations: <none>

TIMING-17#711 Critical Warning
Non-clocked sequential cell  
The clock pin coeff_reg_1472_1535_0_6/RAMC/CLK is not reached by a timing clock
Related violations: <none>

TIMING-17#712 Critical Warning
Non-clocked sequential cell  
The clock pin coeff_reg_1472_1535_0_6/RAMD/CLK is not reached by a timing clock
Related violations: <none>

TIMING-17#713 Critical Warning
Non-clocked sequential cell  
The clock pin coeff_reg_1472_1535_0_6/RAME/CLK is not reached by a timing clock
Related violations: <none>

TIMING-17#714 Critical Warning
Non-clocked sequential cell  
The clock pin coeff_reg_1472_1535_0_6/RAMF/CLK is not reached by a timing clock
Related violations: <none>

TIMING-17#715 Critical Warning
Non-clocked sequential cell  
The clock pin coeff_reg_1472_1535_0_6/RAMG/CLK is not reached by a timing clock
Related violations: <none>

TIMING-17#716 Critical Warning
Non-clocked sequential cell  
The clock pin coeff_reg_1472_1535_0_6/RAMH/CLK is not reached by a timing clock
Related violations: <none>

TIMING-17#717 Critical Warning
Non-clocked sequential cell  
The clock pin coeff_reg_1472_1535_14_20/RAMA/CLK is not reached by a timing clock
Related violations: <none>

TIMING-17#718 Critical Warning
Non-clocked sequential cell  
The clock pin coeff_reg_1472_1535_14_20/RAMB/CLK is not reached by a timing clock
Related violations: <none>

TIMING-17#719 Critical Warning
Non-clocked sequential cell  
The clock pin coeff_reg_1472_1535_14_20/RAMC/CLK is not reached by a timing clock
Related violations: <none>

TIMING-17#720 Critical Warning
Non-clocked sequential cell  
The clock pin coeff_reg_1472_1535_14_20/RAMD/CLK is not reached by a timing clock
Related violations: <none>

TIMING-17#721 Critical Warning
Non-clocked sequential cell  
The clock pin coeff_reg_1472_1535_14_20/RAME/CLK is not reached by a timing clock
Related violations: <none>

TIMING-17#722 Critical Warning
Non-clocked sequential cell  
The clock pin coeff_reg_1472_1535_14_20/RAMF/CLK is not reached by a timing clock
Related violations: <none>

TIMING-17#723 Critical Warning
Non-clocked sequential cell  
The clock pin coeff_reg_1472_1535_14_20/RAMG/CLK is not reached by a timing clock
Related violations: <none>

TIMING-17#724 Critical Warning
Non-clocked sequential cell  
The clock pin coeff_reg_1472_1535_14_20/RAMH/CLK is not reached by a timing clock
Related violations: <none>

TIMING-17#725 Critical Warning
Non-clocked sequential cell  
The clock pin coeff_reg_1472_1535_21_27/RAMA/CLK is not reached by a timing clock
Related violations: <none>

TIMING-17#726 Critical Warning
Non-clocked sequential cell  
The clock pin coeff_reg_1472_1535_21_27/RAMB/CLK is not reached by a timing clock
Related violations: <none>

TIMING-17#727 Critical Warning
Non-clocked sequential cell  
The clock pin coeff_reg_1472_1535_21_27/RAMC/CLK is not reached by a timing clock
Related violations: <none>

TIMING-17#728 Critical Warning
Non-clocked sequential cell  
The clock pin coeff_reg_1472_1535_21_27/RAMD/CLK is not reached by a timing clock
Related violations: <none>

TIMING-17#729 Critical Warning
Non-clocked sequential cell  
The clock pin coeff_reg_1472_1535_21_27/RAME/CLK is not reached by a timing clock
Related violations: <none>

TIMING-17#730 Critical Warning
Non-clocked sequential cell  
The clock pin coeff_reg_1472_1535_21_27/RAMF/CLK is not reached by a timing clock
Related violations: <none>

TIMING-17#731 Critical Warning
Non-clocked sequential cell  
The clock pin coeff_reg_1472_1535_21_27/RAMG/CLK is not reached by a timing clock
Related violations: <none>

TIMING-17#732 Critical Warning
Non-clocked sequential cell  
The clock pin coeff_reg_1472_1535_21_27/RAMH/CLK is not reached by a timing clock
Related violations: <none>

TIMING-17#733 Critical Warning
Non-clocked sequential cell  
The clock pin coeff_reg_1472_1535_28_34/RAMA/CLK is not reached by a timing clock
Related violations: <none>

TIMING-17#734 Critical Warning
Non-clocked sequential cell  
The clock pin coeff_reg_1472_1535_28_34/RAMB/CLK is not reached by a timing clock
Related violations: <none>

TIMING-17#735 Critical Warning
Non-clocked sequential cell  
The clock pin coeff_reg_1472_1535_28_34/RAMC/CLK is not reached by a timing clock
Related violations: <none>

TIMING-17#736 Critical Warning
Non-clocked sequential cell  
The clock pin coeff_reg_1472_1535_28_34/RAMD/CLK is not reached by a timing clock
Related violations: <none>

TIMING-17#737 Critical Warning
Non-clocked sequential cell  
The clock pin coeff_reg_1472_1535_28_34/RAME/CLK is not reached by a timing clock
Related violations: <none>

TIMING-17#738 Critical Warning
Non-clocked sequential cell  
The clock pin coeff_reg_1472_1535_28_34/RAMF/CLK is not reached by a timing clock
Related violations: <none>

TIMING-17#739 Critical Warning
Non-clocked sequential cell  
The clock pin coeff_reg_1472_1535_28_34/RAMG/CLK is not reached by a timing clock
Related violations: <none>

TIMING-17#740 Critical Warning
Non-clocked sequential cell  
The clock pin coeff_reg_1472_1535_28_34/RAMH/CLK is not reached by a timing clock
Related violations: <none>

TIMING-17#741 Critical Warning
Non-clocked sequential cell  
The clock pin coeff_reg_1472_1535_35_41/RAMA/CLK is not reached by a timing clock
Related violations: <none>

TIMING-17#742 Critical Warning
Non-clocked sequential cell  
The clock pin coeff_reg_1472_1535_35_41/RAMB/CLK is not reached by a timing clock
Related violations: <none>

TIMING-17#743 Critical Warning
Non-clocked sequential cell  
The clock pin coeff_reg_1472_1535_35_41/RAMC/CLK is not reached by a timing clock
Related violations: <none>

TIMING-17#744 Critical Warning
Non-clocked sequential cell  
The clock pin coeff_reg_1472_1535_35_41/RAMD/CLK is not reached by a timing clock
Related violations: <none>

TIMING-17#745 Critical Warning
Non-clocked sequential cell  
The clock pin coeff_reg_1472_1535_35_41/RAME/CLK is not reached by a timing clock
Related violations: <none>

TIMING-17#746 Critical Warning
Non-clocked sequential cell  
The clock pin coeff_reg_1472_1535_35_41/RAMF/CLK is not reached by a timing clock
Related violations: <none>

TIMING-17#747 Critical Warning
Non-clocked sequential cell  
The clock pin coeff_reg_1472_1535_35_41/RAMG/CLK is not reached by a timing clock
Related violations: <none>

TIMING-17#748 Critical Warning
Non-clocked sequential cell  
The clock pin coeff_reg_1472_1535_35_41/RAMH/CLK is not reached by a timing clock
Related violations: <none>

TIMING-17#749 Critical Warning
Non-clocked sequential cell  
The clock pin coeff_reg_1472_1535_42_48/RAMA/CLK is not reached by a timing clock
Related violations: <none>

TIMING-17#750 Critical Warning
Non-clocked sequential cell  
The clock pin coeff_reg_1472_1535_42_48/RAMB/CLK is not reached by a timing clock
Related violations: <none>

TIMING-17#751 Critical Warning
Non-clocked sequential cell  
The clock pin coeff_reg_1472_1535_42_48/RAMC/CLK is not reached by a timing clock
Related violations: <none>

TIMING-17#752 Critical Warning
Non-clocked sequential cell  
The clock pin coeff_reg_1472_1535_42_48/RAMD/CLK is not reached by a timing clock
Related violations: <none>

TIMING-17#753 Critical Warning
Non-clocked sequential cell  
The clock pin coeff_reg_1472_1535_42_48/RAME/CLK is not reached by a timing clock
Related violations: <none>

TIMING-17#754 Critical Warning
Non-clocked sequential cell  
The clock pin coeff_reg_1472_1535_42_48/RAMF/CLK is not reached by a timing clock
Related violations: <none>

TIMING-17#755 Critical Warning
Non-clocked sequential cell  
The clock pin coeff_reg_1472_1535_42_48/RAMG/CLK is not reached by a timing clock
Related violations: <none>

TIMING-17#756 Critical Warning
Non-clocked sequential cell  
The clock pin coeff_reg_1472_1535_42_48/RAMH/CLK is not reached by a timing clock
Related violations: <none>

TIMING-17#757 Critical Warning
Non-clocked sequential cell  
The clock pin coeff_reg_1472_1535_49_55/RAMA/CLK is not reached by a timing clock
Related violations: <none>

TIMING-17#758 Critical Warning
Non-clocked sequential cell  
The clock pin coeff_reg_1472_1535_49_55/RAMB/CLK is not reached by a timing clock
Related violations: <none>

TIMING-17#759 Critical Warning
Non-clocked sequential cell  
The clock pin coeff_reg_1472_1535_49_55/RAMC/CLK is not reached by a timing clock
Related violations: <none>

TIMING-17#760 Critical Warning
Non-clocked sequential cell  
The clock pin coeff_reg_1472_1535_49_55/RAMD/CLK is not reached by a timing clock
Related violations: <none>

TIMING-17#761 Critical Warning
Non-clocked sequential cell  
The clock pin coeff_reg_1472_1535_49_55/RAME/CLK is not reached by a timing clock
Related violations: <none>

TIMING-17#762 Critical Warning
Non-clocked sequential cell  
The clock pin coeff_reg_1472_1535_49_55/RAMF/CLK is not reached by a timing clock
Related violations: <none>

TIMING-17#763 Critical Warning
Non-clocked sequential cell  
The clock pin coeff_reg_1472_1535_49_55/RAMG/CLK is not reached by a timing clock
Related violations: <none>

TIMING-17#764 Critical Warning
Non-clocked sequential cell  
The clock pin coeff_reg_1472_1535_49_55/RAMH/CLK is not reached by a timing clock
Related violations: <none>

TIMING-17#765 Critical Warning
Non-clocked sequential cell  
The clock pin coeff_reg_1472_1535_56_59/RAMA/CLK is not reached by a timing clock
Related violations: <none>

TIMING-17#766 Critical Warning
Non-clocked sequential cell  
The clock pin coeff_reg_1472_1535_56_59/RAMB/CLK is not reached by a timing clock
Related violations: <none>

TIMING-17#767 Critical Warning
Non-clocked sequential cell  
The clock pin coeff_reg_1472_1535_56_59/RAMC/CLK is not reached by a timing clock
Related violations: <none>

TIMING-17#768 Critical Warning
Non-clocked sequential cell  
The clock pin coeff_reg_1472_1535_56_59/RAMD/CLK is not reached by a timing clock
Related violations: <none>

TIMING-17#769 Critical Warning
Non-clocked sequential cell  
The clock pin coeff_reg_1472_1535_56_59/RAME/CLK is not reached by a timing clock
Related violations: <none>

TIMING-17#770 Critical Warning
Non-clocked sequential cell  
The clock pin coeff_reg_1472_1535_56_59/RAMF/CLK is not reached by a timing clock
Related violations: <none>

TIMING-17#771 Critical Warning
Non-clocked sequential cell  
The clock pin coeff_reg_1472_1535_56_59/RAMG/CLK is not reached by a timing clock
Related violations: <none>

TIMING-17#772 Critical Warning
Non-clocked sequential cell  
The clock pin coeff_reg_1472_1535_56_59/RAMH/CLK is not reached by a timing clock
Related violations: <none>

TIMING-17#773 Critical Warning
Non-clocked sequential cell  
The clock pin coeff_reg_1472_1535_7_13/RAMA/CLK is not reached by a timing clock
Related violations: <none>

TIMING-17#774 Critical Warning
Non-clocked sequential cell  
The clock pin coeff_reg_1472_1535_7_13/RAMB/CLK is not reached by a timing clock
Related violations: <none>

TIMING-17#775 Critical Warning
Non-clocked sequential cell  
The clock pin coeff_reg_1472_1535_7_13/RAMC/CLK is not reached by a timing clock
Related violations: <none>

TIMING-17#776 Critical Warning
Non-clocked sequential cell  
The clock pin coeff_reg_1472_1535_7_13/RAMD/CLK is not reached by a timing clock
Related violations: <none>

TIMING-17#777 Critical Warning
Non-clocked sequential cell  
The clock pin coeff_reg_1472_1535_7_13/RAME/CLK is not reached by a timing clock
Related violations: <none>

TIMING-17#778 Critical Warning
Non-clocked sequential cell  
The clock pin coeff_reg_1472_1535_7_13/RAMF/CLK is not reached by a timing clock
Related violations: <none>

TIMING-17#779 Critical Warning
Non-clocked sequential cell  
The clock pin coeff_reg_1472_1535_7_13/RAMG/CLK is not reached by a timing clock
Related violations: <none>

TIMING-17#780 Critical Warning
Non-clocked sequential cell  
The clock pin coeff_reg_1472_1535_7_13/RAMH/CLK is not reached by a timing clock
Related violations: <none>

TIMING-17#781 Critical Warning
Non-clocked sequential cell  
The clock pin coeff_reg_1536_1599_0_6/RAMA/CLK is not reached by a timing clock
Related violations: <none>

TIMING-17#782 Critical Warning
Non-clocked sequential cell  
The clock pin coeff_reg_1536_1599_0_6/RAMB/CLK is not reached by a timing clock
Related violations: <none>

TIMING-17#783 Critical Warning
Non-clocked sequential cell  
The clock pin coeff_reg_1536_1599_0_6/RAMC/CLK is not reached by a timing clock
Related violations: <none>

TIMING-17#784 Critical Warning
Non-clocked sequential cell  
The clock pin coeff_reg_1536_1599_0_6/RAMD/CLK is not reached by a timing clock
Related violations: <none>

TIMING-17#785 Critical Warning
Non-clocked sequential cell  
The clock pin coeff_reg_1536_1599_0_6/RAME/CLK is not reached by a timing clock
Related violations: <none>

TIMING-17#786 Critical Warning
Non-clocked sequential cell  
The clock pin coeff_reg_1536_1599_0_6/RAMF/CLK is not reached by a timing clock
Related violations: <none>

TIMING-17#787 Critical Warning
Non-clocked sequential cell  
The clock pin coeff_reg_1536_1599_0_6/RAMG/CLK is not reached by a timing clock
Related violations: <none>

TIMING-17#788 Critical Warning
Non-clocked sequential cell  
The clock pin coeff_reg_1536_1599_0_6/RAMH/CLK is not reached by a timing clock
Related violations: <none>

TIMING-17#789 Critical Warning
Non-clocked sequential cell  
The clock pin coeff_reg_1536_1599_14_20/RAMA/CLK is not reached by a timing clock
Related violations: <none>

TIMING-17#790 Critical Warning
Non-clocked sequential cell  
The clock pin coeff_reg_1536_1599_14_20/RAMB/CLK is not reached by a timing clock
Related violations: <none>

TIMING-17#791 Critical Warning
Non-clocked sequential cell  
The clock pin coeff_reg_1536_1599_14_20/RAMC/CLK is not reached by a timing clock
Related violations: <none>

TIMING-17#792 Critical Warning
Non-clocked sequential cell  
The clock pin coeff_reg_1536_1599_14_20/RAMD/CLK is not reached by a timing clock
Related violations: <none>

TIMING-17#793 Critical Warning
Non-clocked sequential cell  
The clock pin coeff_reg_1536_1599_14_20/RAME/CLK is not reached by a timing clock
Related violations: <none>

TIMING-17#794 Critical Warning
Non-clocked sequential cell  
The clock pin coeff_reg_1536_1599_14_20/RAMF/CLK is not reached by a timing clock
Related violations: <none>

TIMING-17#795 Critical Warning
Non-clocked sequential cell  
The clock pin coeff_reg_1536_1599_14_20/RAMG/CLK is not reached by a timing clock
Related violations: <none>

TIMING-17#796 Critical Warning
Non-clocked sequential cell  
The clock pin coeff_reg_1536_1599_14_20/RAMH/CLK is not reached by a timing clock
Related violations: <none>

TIMING-17#797 Critical Warning
Non-clocked sequential cell  
The clock pin coeff_reg_1536_1599_21_27/RAMA/CLK is not reached by a timing clock
Related violations: <none>

TIMING-17#798 Critical Warning
Non-clocked sequential cell  
The clock pin coeff_reg_1536_1599_21_27/RAMB/CLK is not reached by a timing clock
Related violations: <none>

TIMING-17#799 Critical Warning
Non-clocked sequential cell  
The clock pin coeff_reg_1536_1599_21_27/RAMC/CLK is not reached by a timing clock
Related violations: <none>

TIMING-17#800 Critical Warning
Non-clocked sequential cell  
The clock pin coeff_reg_1536_1599_21_27/RAMD/CLK is not reached by a timing clock
Related violations: <none>

TIMING-17#801 Critical Warning
Non-clocked sequential cell  
The clock pin coeff_reg_1536_1599_21_27/RAME/CLK is not reached by a timing clock
Related violations: <none>

TIMING-17#802 Critical Warning
Non-clocked sequential cell  
The clock pin coeff_reg_1536_1599_21_27/RAMF/CLK is not reached by a timing clock
Related violations: <none>

TIMING-17#803 Critical Warning
Non-clocked sequential cell  
The clock pin coeff_reg_1536_1599_21_27/RAMG/CLK is not reached by a timing clock
Related violations: <none>

TIMING-17#804 Critical Warning
Non-clocked sequential cell  
The clock pin coeff_reg_1536_1599_21_27/RAMH/CLK is not reached by a timing clock
Related violations: <none>

TIMING-17#805 Critical Warning
Non-clocked sequential cell  
The clock pin coeff_reg_1536_1599_28_34/RAMA/CLK is not reached by a timing clock
Related violations: <none>

TIMING-17#806 Critical Warning
Non-clocked sequential cell  
The clock pin coeff_reg_1536_1599_28_34/RAMB/CLK is not reached by a timing clock
Related violations: <none>

TIMING-17#807 Critical Warning
Non-clocked sequential cell  
The clock pin coeff_reg_1536_1599_28_34/RAMC/CLK is not reached by a timing clock
Related violations: <none>

TIMING-17#808 Critical Warning
Non-clocked sequential cell  
The clock pin coeff_reg_1536_1599_28_34/RAMD/CLK is not reached by a timing clock
Related violations: <none>

TIMING-17#809 Critical Warning
Non-clocked sequential cell  
The clock pin coeff_reg_1536_1599_28_34/RAME/CLK is not reached by a timing clock
Related violations: <none>

TIMING-17#810 Critical Warning
Non-clocked sequential cell  
The clock pin coeff_reg_1536_1599_28_34/RAMF/CLK is not reached by a timing clock
Related violations: <none>

TIMING-17#811 Critical Warning
Non-clocked sequential cell  
The clock pin coeff_reg_1536_1599_28_34/RAMG/CLK is not reached by a timing clock
Related violations: <none>

TIMING-17#812 Critical Warning
Non-clocked sequential cell  
The clock pin coeff_reg_1536_1599_28_34/RAMH/CLK is not reached by a timing clock
Related violations: <none>

TIMING-17#813 Critical Warning
Non-clocked sequential cell  
The clock pin coeff_reg_1536_1599_35_41/RAMA/CLK is not reached by a timing clock
Related violations: <none>

TIMING-17#814 Critical Warning
Non-clocked sequential cell  
The clock pin coeff_reg_1536_1599_35_41/RAMB/CLK is not reached by a timing clock
Related violations: <none>

TIMING-17#815 Critical Warning
Non-clocked sequential cell  
The clock pin coeff_reg_1536_1599_35_41/RAMC/CLK is not reached by a timing clock
Related violations: <none>

TIMING-17#816 Critical Warning
Non-clocked sequential cell  
The clock pin coeff_reg_1536_1599_35_41/RAMD/CLK is not reached by a timing clock
Related violations: <none>

TIMING-17#817 Critical Warning
Non-clocked sequential cell  
The clock pin coeff_reg_1536_1599_35_41/RAME/CLK is not reached by a timing clock
Related violations: <none>

TIMING-17#818 Critical Warning
Non-clocked sequential cell  
The clock pin coeff_reg_1536_1599_35_41/RAMF/CLK is not reached by a timing clock
Related violations: <none>

TIMING-17#819 Critical Warning
Non-clocked sequential cell  
The clock pin coeff_reg_1536_1599_35_41/RAMG/CLK is not reached by a timing clock
Related violations: <none>

TIMING-17#820 Critical Warning
Non-clocked sequential cell  
The clock pin coeff_reg_1536_1599_35_41/RAMH/CLK is not reached by a timing clock
Related violations: <none>

TIMING-17#821 Critical Warning
Non-clocked sequential cell  
The clock pin coeff_reg_1536_1599_42_48/RAMA/CLK is not reached by a timing clock
Related violations: <none>

TIMING-17#822 Critical Warning
Non-clocked sequential cell  
The clock pin coeff_reg_1536_1599_42_48/RAMB/CLK is not reached by a timing clock
Related violations: <none>

TIMING-17#823 Critical Warning
Non-clocked sequential cell  
The clock pin coeff_reg_1536_1599_42_48/RAMC/CLK is not reached by a timing clock
Related violations: <none>

TIMING-17#824 Critical Warning
Non-clocked sequential cell  
The clock pin coeff_reg_1536_1599_42_48/RAMD/CLK is not reached by a timing clock
Related violations: <none>

TIMING-17#825 Critical Warning
Non-clocked sequential cell  
The clock pin coeff_reg_1536_1599_42_48/RAME/CLK is not reached by a timing clock
Related violations: <none>

TIMING-17#826 Critical Warning
Non-clocked sequential cell  
The clock pin coeff_reg_1536_1599_42_48/RAMF/CLK is not reached by a timing clock
Related violations: <none>

TIMING-17#827 Critical Warning
Non-clocked sequential cell  
The clock pin coeff_reg_1536_1599_42_48/RAMG/CLK is not reached by a timing clock
Related violations: <none>

TIMING-17#828 Critical Warning
Non-clocked sequential cell  
The clock pin coeff_reg_1536_1599_42_48/RAMH/CLK is not reached by a timing clock
Related violations: <none>

TIMING-17#829 Critical Warning
Non-clocked sequential cell  
The clock pin coeff_reg_1536_1599_49_55/RAMA/CLK is not reached by a timing clock
Related violations: <none>

TIMING-17#830 Critical Warning
Non-clocked sequential cell  
The clock pin coeff_reg_1536_1599_49_55/RAMB/CLK is not reached by a timing clock
Related violations: <none>

TIMING-17#831 Critical Warning
Non-clocked sequential cell  
The clock pin coeff_reg_1536_1599_49_55/RAMC/CLK is not reached by a timing clock
Related violations: <none>

TIMING-17#832 Critical Warning
Non-clocked sequential cell  
The clock pin coeff_reg_1536_1599_49_55/RAMD/CLK is not reached by a timing clock
Related violations: <none>

TIMING-17#833 Critical Warning
Non-clocked sequential cell  
The clock pin coeff_reg_1536_1599_49_55/RAME/CLK is not reached by a timing clock
Related violations: <none>

TIMING-17#834 Critical Warning
Non-clocked sequential cell  
The clock pin coeff_reg_1536_1599_49_55/RAMF/CLK is not reached by a timing clock
Related violations: <none>

TIMING-17#835 Critical Warning
Non-clocked sequential cell  
The clock pin coeff_reg_1536_1599_49_55/RAMG/CLK is not reached by a timing clock
Related violations: <none>

TIMING-17#836 Critical Warning
Non-clocked sequential cell  
The clock pin coeff_reg_1536_1599_49_55/RAMH/CLK is not reached by a timing clock
Related violations: <none>

TIMING-17#837 Critical Warning
Non-clocked sequential cell  
The clock pin coeff_reg_1536_1599_56_59/RAMA/CLK is not reached by a timing clock
Related violations: <none>

TIMING-17#838 Critical Warning
Non-clocked sequential cell  
The clock pin coeff_reg_1536_1599_56_59/RAMB/CLK is not reached by a timing clock
Related violations: <none>

TIMING-17#839 Critical Warning
Non-clocked sequential cell  
The clock pin coeff_reg_1536_1599_56_59/RAMC/CLK is not reached by a timing clock
Related violations: <none>

TIMING-17#840 Critical Warning
Non-clocked sequential cell  
The clock pin coeff_reg_1536_1599_56_59/RAMD/CLK is not reached by a timing clock
Related violations: <none>

TIMING-17#841 Critical Warning
Non-clocked sequential cell  
The clock pin coeff_reg_1536_1599_56_59/RAME/CLK is not reached by a timing clock
Related violations: <none>

TIMING-17#842 Critical Warning
Non-clocked sequential cell  
The clock pin coeff_reg_1536_1599_56_59/RAMF/CLK is not reached by a timing clock
Related violations: <none>

TIMING-17#843 Critical Warning
Non-clocked sequential cell  
The clock pin coeff_reg_1536_1599_56_59/RAMG/CLK is not reached by a timing clock
Related violations: <none>

TIMING-17#844 Critical Warning
Non-clocked sequential cell  
The clock pin coeff_reg_1536_1599_56_59/RAMH/CLK is not reached by a timing clock
Related violations: <none>

TIMING-17#845 Critical Warning
Non-clocked sequential cell  
The clock pin coeff_reg_1536_1599_7_13/RAMA/CLK is not reached by a timing clock
Related violations: <none>

TIMING-17#846 Critical Warning
Non-clocked sequential cell  
The clock pin coeff_reg_1536_1599_7_13/RAMB/CLK is not reached by a timing clock
Related violations: <none>

TIMING-17#847 Critical Warning
Non-clocked sequential cell  
The clock pin coeff_reg_1536_1599_7_13/RAMC/CLK is not reached by a timing clock
Related violations: <none>

TIMING-17#848 Critical Warning
Non-clocked sequential cell  
The clock pin coeff_reg_1536_1599_7_13/RAMD/CLK is not reached by a timing clock
Related violations: <none>

TIMING-17#849 Critical Warning
Non-clocked sequential cell  
The clock pin coeff_reg_1536_1599_7_13/RAME/CLK is not reached by a timing clock
Related violations: <none>

TIMING-17#850 Critical Warning
Non-clocked sequential cell  
The clock pin coeff_reg_1536_1599_7_13/RAMF/CLK is not reached by a timing clock
Related violations: <none>

TIMING-17#851 Critical Warning
Non-clocked sequential cell  
The clock pin coeff_reg_1536_1599_7_13/RAMG/CLK is not reached by a timing clock
Related violations: <none>

TIMING-17#852 Critical Warning
Non-clocked sequential cell  
The clock pin coeff_reg_1536_1599_7_13/RAMH/CLK is not reached by a timing clock
Related violations: <none>

TIMING-17#853 Critical Warning
Non-clocked sequential cell  
The clock pin coeff_reg_1600_1663_0_6/RAMA/CLK is not reached by a timing clock
Related violations: <none>

TIMING-17#854 Critical Warning
Non-clocked sequential cell  
The clock pin coeff_reg_1600_1663_0_6/RAMB/CLK is not reached by a timing clock
Related violations: <none>

TIMING-17#855 Critical Warning
Non-clocked sequential cell  
The clock pin coeff_reg_1600_1663_0_6/RAMC/CLK is not reached by a timing clock
Related violations: <none>

TIMING-17#856 Critical Warning
Non-clocked sequential cell  
The clock pin coeff_reg_1600_1663_0_6/RAMD/CLK is not reached by a timing clock
Related violations: <none>

TIMING-17#857 Critical Warning
Non-clocked sequential cell  
The clock pin coeff_reg_1600_1663_0_6/RAME/CLK is not reached by a timing clock
Related violations: <none>

TIMING-17#858 Critical Warning
Non-clocked sequential cell  
The clock pin coeff_reg_1600_1663_0_6/RAMF/CLK is not reached by a timing clock
Related violations: <none>

TIMING-17#859 Critical Warning
Non-clocked sequential cell  
The clock pin coeff_reg_1600_1663_0_6/RAMG/CLK is not reached by a timing clock
Related violations: <none>

TIMING-17#860 Critical Warning
Non-clocked sequential cell  
The clock pin coeff_reg_1600_1663_0_6/RAMH/CLK is not reached by a timing clock
Related violations: <none>

TIMING-17#861 Critical Warning
Non-clocked sequential cell  
The clock pin coeff_reg_1600_1663_14_20/RAMA/CLK is not reached by a timing clock
Related violations: <none>

TIMING-17#862 Critical Warning
Non-clocked sequential cell  
The clock pin coeff_reg_1600_1663_14_20/RAMB/CLK is not reached by a timing clock
Related violations: <none>

TIMING-17#863 Critical Warning
Non-clocked sequential cell  
The clock pin coeff_reg_1600_1663_14_20/RAMC/CLK is not reached by a timing clock
Related violations: <none>

TIMING-17#864 Critical Warning
Non-clocked sequential cell  
The clock pin coeff_reg_1600_1663_14_20/RAMD/CLK is not reached by a timing clock
Related violations: <none>

TIMING-17#865 Critical Warning
Non-clocked sequential cell  
The clock pin coeff_reg_1600_1663_14_20/RAME/CLK is not reached by a timing clock
Related violations: <none>

TIMING-17#866 Critical Warning
Non-clocked sequential cell  
The clock pin coeff_reg_1600_1663_14_20/RAMF/CLK is not reached by a timing clock
Related violations: <none>

TIMING-17#867 Critical Warning
Non-clocked sequential cell  
The clock pin coeff_reg_1600_1663_14_20/RAMG/CLK is not reached by a timing clock
Related violations: <none>

TIMING-17#868 Critical Warning
Non-clocked sequential cell  
The clock pin coeff_reg_1600_1663_14_20/RAMH/CLK is not reached by a timing clock
Related violations: <none>

TIMING-17#869 Critical Warning
Non-clocked sequential cell  
The clock pin coeff_reg_1600_1663_21_27/RAMA/CLK is not reached by a timing clock
Related violations: <none>

TIMING-17#870 Critical Warning
Non-clocked sequential cell  
The clock pin coeff_reg_1600_1663_21_27/RAMB/CLK is not reached by a timing clock
Related violations: <none>

TIMING-17#871 Critical Warning
Non-clocked sequential cell  
The clock pin coeff_reg_1600_1663_21_27/RAMC/CLK is not reached by a timing clock
Related violations: <none>

TIMING-17#872 Critical Warning
Non-clocked sequential cell  
The clock pin coeff_reg_1600_1663_21_27/RAMD/CLK is not reached by a timing clock
Related violations: <none>

TIMING-17#873 Critical Warning
Non-clocked sequential cell  
The clock pin coeff_reg_1600_1663_21_27/RAME/CLK is not reached by a timing clock
Related violations: <none>

TIMING-17#874 Critical Warning
Non-clocked sequential cell  
The clock pin coeff_reg_1600_1663_21_27/RAMF/CLK is not reached by a timing clock
Related violations: <none>

TIMING-17#875 Critical Warning
Non-clocked sequential cell  
The clock pin coeff_reg_1600_1663_21_27/RAMG/CLK is not reached by a timing clock
Related violations: <none>

TIMING-17#876 Critical Warning
Non-clocked sequential cell  
The clock pin coeff_reg_1600_1663_21_27/RAMH/CLK is not reached by a timing clock
Related violations: <none>

TIMING-17#877 Critical Warning
Non-clocked sequential cell  
The clock pin coeff_reg_1600_1663_28_34/RAMA/CLK is not reached by a timing clock
Related violations: <none>

TIMING-17#878 Critical Warning
Non-clocked sequential cell  
The clock pin coeff_reg_1600_1663_28_34/RAMB/CLK is not reached by a timing clock
Related violations: <none>

TIMING-17#879 Critical Warning
Non-clocked sequential cell  
The clock pin coeff_reg_1600_1663_28_34/RAMC/CLK is not reached by a timing clock
Related violations: <none>

TIMING-17#880 Critical Warning
Non-clocked sequential cell  
The clock pin coeff_reg_1600_1663_28_34/RAMD/CLK is not reached by a timing clock
Related violations: <none>

TIMING-17#881 Critical Warning
Non-clocked sequential cell  
The clock pin coeff_reg_1600_1663_28_34/RAME/CLK is not reached by a timing clock
Related violations: <none>

TIMING-17#882 Critical Warning
Non-clocked sequential cell  
The clock pin coeff_reg_1600_1663_28_34/RAMF/CLK is not reached by a timing clock
Related violations: <none>

TIMING-17#883 Critical Warning
Non-clocked sequential cell  
The clock pin coeff_reg_1600_1663_28_34/RAMG/CLK is not reached by a timing clock
Related violations: <none>

TIMING-17#884 Critical Warning
Non-clocked sequential cell  
The clock pin coeff_reg_1600_1663_28_34/RAMH/CLK is not reached by a timing clock
Related violations: <none>

TIMING-17#885 Critical Warning
Non-clocked sequential cell  
The clock pin coeff_reg_1600_1663_35_41/RAMA/CLK is not reached by a timing clock
Related violations: <none>

TIMING-17#886 Critical Warning
Non-clocked sequential cell  
The clock pin coeff_reg_1600_1663_35_41/RAMB/CLK is not reached by a timing clock
Related violations: <none>

TIMING-17#887 Critical Warning
Non-clocked sequential cell  
The clock pin coeff_reg_1600_1663_35_41/RAMC/CLK is not reached by a timing clock
Related violations: <none>

TIMING-17#888 Critical Warning
Non-clocked sequential cell  
The clock pin coeff_reg_1600_1663_35_41/RAMD/CLK is not reached by a timing clock
Related violations: <none>

TIMING-17#889 Critical Warning
Non-clocked sequential cell  
The clock pin coeff_reg_1600_1663_35_41/RAME/CLK is not reached by a timing clock
Related violations: <none>

TIMING-17#890 Critical Warning
Non-clocked sequential cell  
The clock pin coeff_reg_1600_1663_35_41/RAMF/CLK is not reached by a timing clock
Related violations: <none>

TIMING-17#891 Critical Warning
Non-clocked sequential cell  
The clock pin coeff_reg_1600_1663_35_41/RAMG/CLK is not reached by a timing clock
Related violations: <none>

TIMING-17#892 Critical Warning
Non-clocked sequential cell  
The clock pin coeff_reg_1600_1663_35_41/RAMH/CLK is not reached by a timing clock
Related violations: <none>

TIMING-17#893 Critical Warning
Non-clocked sequential cell  
The clock pin coeff_reg_1600_1663_42_48/RAMA/CLK is not reached by a timing clock
Related violations: <none>

TIMING-17#894 Critical Warning
Non-clocked sequential cell  
The clock pin coeff_reg_1600_1663_42_48/RAMB/CLK is not reached by a timing clock
Related violations: <none>

TIMING-17#895 Critical Warning
Non-clocked sequential cell  
The clock pin coeff_reg_1600_1663_42_48/RAMC/CLK is not reached by a timing clock
Related violations: <none>

TIMING-17#896 Critical Warning
Non-clocked sequential cell  
The clock pin coeff_reg_1600_1663_42_48/RAMD/CLK is not reached by a timing clock
Related violations: <none>

TIMING-17#897 Critical Warning
Non-clocked sequential cell  
The clock pin coeff_reg_1600_1663_42_48/RAME/CLK is not reached by a timing clock
Related violations: <none>

TIMING-17#898 Critical Warning
Non-clocked sequential cell  
The clock pin coeff_reg_1600_1663_42_48/RAMF/CLK is not reached by a timing clock
Related violations: <none>

TIMING-17#899 Critical Warning
Non-clocked sequential cell  
The clock pin coeff_reg_1600_1663_42_48/RAMG/CLK is not reached by a timing clock
Related violations: <none>

TIMING-17#900 Critical Warning
Non-clocked sequential cell  
The clock pin coeff_reg_1600_1663_42_48/RAMH/CLK is not reached by a timing clock
Related violations: <none>

TIMING-17#901 Critical Warning
Non-clocked sequential cell  
The clock pin coeff_reg_1600_1663_49_55/RAMA/CLK is not reached by a timing clock
Related violations: <none>

TIMING-17#902 Critical Warning
Non-clocked sequential cell  
The clock pin coeff_reg_1600_1663_49_55/RAMB/CLK is not reached by a timing clock
Related violations: <none>

TIMING-17#903 Critical Warning
Non-clocked sequential cell  
The clock pin coeff_reg_1600_1663_49_55/RAMC/CLK is not reached by a timing clock
Related violations: <none>

TIMING-17#904 Critical Warning
Non-clocked sequential cell  
The clock pin coeff_reg_1600_1663_49_55/RAMD/CLK is not reached by a timing clock
Related violations: <none>

TIMING-17#905 Critical Warning
Non-clocked sequential cell  
The clock pin coeff_reg_1600_1663_49_55/RAME/CLK is not reached by a timing clock
Related violations: <none>

TIMING-17#906 Critical Warning
Non-clocked sequential cell  
The clock pin coeff_reg_1600_1663_49_55/RAMF/CLK is not reached by a timing clock
Related violations: <none>

TIMING-17#907 Critical Warning
Non-clocked sequential cell  
The clock pin coeff_reg_1600_1663_49_55/RAMG/CLK is not reached by a timing clock
Related violations: <none>

TIMING-17#908 Critical Warning
Non-clocked sequential cell  
The clock pin coeff_reg_1600_1663_49_55/RAMH/CLK is not reached by a timing clock
Related violations: <none>

TIMING-17#909 Critical Warning
Non-clocked sequential cell  
The clock pin coeff_reg_1600_1663_56_59/RAMA/CLK is not reached by a timing clock
Related violations: <none>

TIMING-17#910 Critical Warning
Non-clocked sequential cell  
The clock pin coeff_reg_1600_1663_56_59/RAMB/CLK is not reached by a timing clock
Related violations: <none>

TIMING-17#911 Critical Warning
Non-clocked sequential cell  
The clock pin coeff_reg_1600_1663_56_59/RAMC/CLK is not reached by a timing clock
Related violations: <none>

TIMING-17#912 Critical Warning
Non-clocked sequential cell  
The clock pin coeff_reg_1600_1663_56_59/RAMD/CLK is not reached by a timing clock
Related violations: <none>

TIMING-17#913 Critical Warning
Non-clocked sequential cell  
The clock pin coeff_reg_1600_1663_56_59/RAME/CLK is not reached by a timing clock
Related violations: <none>

TIMING-17#914 Critical Warning
Non-clocked sequential cell  
The clock pin coeff_reg_1600_1663_56_59/RAMF/CLK is not reached by a timing clock
Related violations: <none>

TIMING-17#915 Critical Warning
Non-clocked sequential cell  
The clock pin coeff_reg_1600_1663_56_59/RAMG/CLK is not reached by a timing clock
Related violations: <none>

TIMING-17#916 Critical Warning
Non-clocked sequential cell  
The clock pin coeff_reg_1600_1663_56_59/RAMH/CLK is not reached by a timing clock
Related violations: <none>

TIMING-17#917 Critical Warning
Non-clocked sequential cell  
The clock pin coeff_reg_1600_1663_7_13/RAMA/CLK is not reached by a timing clock
Related violations: <none>

TIMING-17#918 Critical Warning
Non-clocked sequential cell  
The clock pin coeff_reg_1600_1663_7_13/RAMB/CLK is not reached by a timing clock
Related violations: <none>

TIMING-17#919 Critical Warning
Non-clocked sequential cell  
The clock pin coeff_reg_1600_1663_7_13/RAMC/CLK is not reached by a timing clock
Related violations: <none>

TIMING-17#920 Critical Warning
Non-clocked sequential cell  
The clock pin coeff_reg_1600_1663_7_13/RAMD/CLK is not reached by a timing clock
Related violations: <none>

TIMING-17#921 Critical Warning
Non-clocked sequential cell  
The clock pin coeff_reg_1600_1663_7_13/RAME/CLK is not reached by a timing clock
Related violations: <none>

TIMING-17#922 Critical Warning
Non-clocked sequential cell  
The clock pin coeff_reg_1600_1663_7_13/RAMF/CLK is not reached by a timing clock
Related violations: <none>

TIMING-17#923 Critical Warning
Non-clocked sequential cell  
The clock pin coeff_reg_1600_1663_7_13/RAMG/CLK is not reached by a timing clock
Related violations: <none>

TIMING-17#924 Critical Warning
Non-clocked sequential cell  
The clock pin coeff_reg_1600_1663_7_13/RAMH/CLK is not reached by a timing clock
Related violations: <none>

TIMING-17#925 Critical Warning
Non-clocked sequential cell  
The clock pin coeff_reg_1664_1727_0_6/RAMA/CLK is not reached by a timing clock
Related violations: <none>

TIMING-17#926 Critical Warning
Non-clocked sequential cell  
The clock pin coeff_reg_1664_1727_0_6/RAMB/CLK is not reached by a timing clock
Related violations: <none>

TIMING-17#927 Critical Warning
Non-clocked sequential cell  
The clock pin coeff_reg_1664_1727_0_6/RAMC/CLK is not reached by a timing clock
Related violations: <none>

TIMING-17#928 Critical Warning
Non-clocked sequential cell  
The clock pin coeff_reg_1664_1727_0_6/RAMD/CLK is not reached by a timing clock
Related violations: <none>

TIMING-17#929 Critical Warning
Non-clocked sequential cell  
The clock pin coeff_reg_1664_1727_0_6/RAME/CLK is not reached by a timing clock
Related violations: <none>

TIMING-17#930 Critical Warning
Non-clocked sequential cell  
The clock pin coeff_reg_1664_1727_0_6/RAMF/CLK is not reached by a timing clock
Related violations: <none>

TIMING-17#931 Critical Warning
Non-clocked sequential cell  
The clock pin coeff_reg_1664_1727_0_6/RAMG/CLK is not reached by a timing clock
Related violations: <none>

TIMING-17#932 Critical Warning
Non-clocked sequential cell  
The clock pin coeff_reg_1664_1727_0_6/RAMH/CLK is not reached by a timing clock
Related violations: <none>

TIMING-17#933 Critical Warning
Non-clocked sequential cell  
The clock pin coeff_reg_1664_1727_14_20/RAMA/CLK is not reached by a timing clock
Related violations: <none>

TIMING-17#934 Critical Warning
Non-clocked sequential cell  
The clock pin coeff_reg_1664_1727_14_20/RAMB/CLK is not reached by a timing clock
Related violations: <none>

TIMING-17#935 Critical Warning
Non-clocked sequential cell  
The clock pin coeff_reg_1664_1727_14_20/RAMC/CLK is not reached by a timing clock
Related violations: <none>

TIMING-17#936 Critical Warning
Non-clocked sequential cell  
The clock pin coeff_reg_1664_1727_14_20/RAMD/CLK is not reached by a timing clock
Related violations: <none>

TIMING-17#937 Critical Warning
Non-clocked sequential cell  
The clock pin coeff_reg_1664_1727_14_20/RAME/CLK is not reached by a timing clock
Related violations: <none>

TIMING-17#938 Critical Warning
Non-clocked sequential cell  
The clock pin coeff_reg_1664_1727_14_20/RAMF/CLK is not reached by a timing clock
Related violations: <none>

TIMING-17#939 Critical Warning
Non-clocked sequential cell  
The clock pin coeff_reg_1664_1727_14_20/RAMG/CLK is not reached by a timing clock
Related violations: <none>

TIMING-17#940 Critical Warning
Non-clocked sequential cell  
The clock pin coeff_reg_1664_1727_14_20/RAMH/CLK is not reached by a timing clock
Related violations: <none>

TIMING-17#941 Critical Warning
Non-clocked sequential cell  
The clock pin coeff_reg_1664_1727_21_27/RAMA/CLK is not reached by a timing clock
Related violations: <none>

TIMING-17#942 Critical Warning
Non-clocked sequential cell  
The clock pin coeff_reg_1664_1727_21_27/RAMB/CLK is not reached by a timing clock
Related violations: <none>

TIMING-17#943 Critical Warning
Non-clocked sequential cell  
The clock pin coeff_reg_1664_1727_21_27/RAMC/CLK is not reached by a timing clock
Related violations: <none>

TIMING-17#944 Critical Warning
Non-clocked sequential cell  
The clock pin coeff_reg_1664_1727_21_27/RAMD/CLK is not reached by a timing clock
Related violations: <none>

TIMING-17#945 Critical Warning
Non-clocked sequential cell  
The clock pin coeff_reg_1664_1727_21_27/RAME/CLK is not reached by a timing clock
Related violations: <none>

TIMING-17#946 Critical Warning
Non-clocked sequential cell  
The clock pin coeff_reg_1664_1727_21_27/RAMF/CLK is not reached by a timing clock
Related violations: <none>

TIMING-17#947 Critical Warning
Non-clocked sequential cell  
The clock pin coeff_reg_1664_1727_21_27/RAMG/CLK is not reached by a timing clock
Related violations: <none>

TIMING-17#948 Critical Warning
Non-clocked sequential cell  
The clock pin coeff_reg_1664_1727_21_27/RAMH/CLK is not reached by a timing clock
Related violations: <none>

TIMING-17#949 Critical Warning
Non-clocked sequential cell  
The clock pin coeff_reg_1664_1727_28_34/RAMA/CLK is not reached by a timing clock
Related violations: <none>

TIMING-17#950 Critical Warning
Non-clocked sequential cell  
The clock pin coeff_reg_1664_1727_28_34/RAMB/CLK is not reached by a timing clock
Related violations: <none>

TIMING-17#951 Critical Warning
Non-clocked sequential cell  
The clock pin coeff_reg_1664_1727_28_34/RAMC/CLK is not reached by a timing clock
Related violations: <none>

TIMING-17#952 Critical Warning
Non-clocked sequential cell  
The clock pin coeff_reg_1664_1727_28_34/RAMD/CLK is not reached by a timing clock
Related violations: <none>

TIMING-17#953 Critical Warning
Non-clocked sequential cell  
The clock pin coeff_reg_1664_1727_28_34/RAME/CLK is not reached by a timing clock
Related violations: <none>

TIMING-17#954 Critical Warning
Non-clocked sequential cell  
The clock pin coeff_reg_1664_1727_28_34/RAMF/CLK is not reached by a timing clock
Related violations: <none>

TIMING-17#955 Critical Warning
Non-clocked sequential cell  
The clock pin coeff_reg_1664_1727_28_34/RAMG/CLK is not reached by a timing clock
Related violations: <none>

TIMING-17#956 Critical Warning
Non-clocked sequential cell  
The clock pin coeff_reg_1664_1727_28_34/RAMH/CLK is not reached by a timing clock
Related violations: <none>

TIMING-17#957 Critical Warning
Non-clocked sequential cell  
The clock pin coeff_reg_1664_1727_35_41/RAMA/CLK is not reached by a timing clock
Related violations: <none>

TIMING-17#958 Critical Warning
Non-clocked sequential cell  
The clock pin coeff_reg_1664_1727_35_41/RAMB/CLK is not reached by a timing clock
Related violations: <none>

TIMING-17#959 Critical Warning
Non-clocked sequential cell  
The clock pin coeff_reg_1664_1727_35_41/RAMC/CLK is not reached by a timing clock
Related violations: <none>

TIMING-17#960 Critical Warning
Non-clocked sequential cell  
The clock pin coeff_reg_1664_1727_35_41/RAMD/CLK is not reached by a timing clock
Related violations: <none>

TIMING-17#961 Critical Warning
Non-clocked sequential cell  
The clock pin coeff_reg_1664_1727_35_41/RAME/CLK is not reached by a timing clock
Related violations: <none>

TIMING-17#962 Critical Warning
Non-clocked sequential cell  
The clock pin coeff_reg_1664_1727_35_41/RAMF/CLK is not reached by a timing clock
Related violations: <none>

TIMING-17#963 Critical Warning
Non-clocked sequential cell  
The clock pin coeff_reg_1664_1727_35_41/RAMG/CLK is not reached by a timing clock
Related violations: <none>

TIMING-17#964 Critical Warning
Non-clocked sequential cell  
The clock pin coeff_reg_1664_1727_35_41/RAMH/CLK is not reached by a timing clock
Related violations: <none>

TIMING-17#965 Critical Warning
Non-clocked sequential cell  
The clock pin coeff_reg_1664_1727_42_48/RAMA/CLK is not reached by a timing clock
Related violations: <none>

TIMING-17#966 Critical Warning
Non-clocked sequential cell  
The clock pin coeff_reg_1664_1727_42_48/RAMB/CLK is not reached by a timing clock
Related violations: <none>

TIMING-17#967 Critical Warning
Non-clocked sequential cell  
The clock pin coeff_reg_1664_1727_42_48/RAMC/CLK is not reached by a timing clock
Related violations: <none>

TIMING-17#968 Critical Warning
Non-clocked sequential cell  
The clock pin coeff_reg_1664_1727_42_48/RAMD/CLK is not reached by a timing clock
Related violations: <none>

TIMING-17#969 Critical Warning
Non-clocked sequential cell  
The clock pin coeff_reg_1664_1727_42_48/RAME/CLK is not reached by a timing clock
Related violations: <none>

TIMING-17#970 Critical Warning
Non-clocked sequential cell  
The clock pin coeff_reg_1664_1727_42_48/RAMF/CLK is not reached by a timing clock
Related violations: <none>

TIMING-17#971 Critical Warning
Non-clocked sequential cell  
The clock pin coeff_reg_1664_1727_42_48/RAMG/CLK is not reached by a timing clock
Related violations: <none>

TIMING-17#972 Critical Warning
Non-clocked sequential cell  
The clock pin coeff_reg_1664_1727_42_48/RAMH/CLK is not reached by a timing clock
Related violations: <none>

TIMING-17#973 Critical Warning
Non-clocked sequential cell  
The clock pin coeff_reg_1664_1727_49_55/RAMA/CLK is not reached by a timing clock
Related violations: <none>

TIMING-17#974 Critical Warning
Non-clocked sequential cell  
The clock pin coeff_reg_1664_1727_49_55/RAMB/CLK is not reached by a timing clock
Related violations: <none>

TIMING-17#975 Critical Warning
Non-clocked sequential cell  
The clock pin coeff_reg_1664_1727_49_55/RAMC/CLK is not reached by a timing clock
Related violations: <none>

TIMING-17#976 Critical Warning
Non-clocked sequential cell  
The clock pin coeff_reg_1664_1727_49_55/RAMD/CLK is not reached by a timing clock
Related violations: <none>

TIMING-17#977 Critical Warning
Non-clocked sequential cell  
The clock pin coeff_reg_1664_1727_49_55/RAME/CLK is not reached by a timing clock
Related violations: <none>

TIMING-17#978 Critical Warning
Non-clocked sequential cell  
The clock pin coeff_reg_1664_1727_49_55/RAMF/CLK is not reached by a timing clock
Related violations: <none>

TIMING-17#979 Critical Warning
Non-clocked sequential cell  
The clock pin coeff_reg_1664_1727_49_55/RAMG/CLK is not reached by a timing clock
Related violations: <none>

TIMING-17#980 Critical Warning
Non-clocked sequential cell  
The clock pin coeff_reg_1664_1727_49_55/RAMH/CLK is not reached by a timing clock
Related violations: <none>

TIMING-17#981 Critical Warning
Non-clocked sequential cell  
The clock pin coeff_reg_1664_1727_56_59/RAMA/CLK is not reached by a timing clock
Related violations: <none>

TIMING-17#982 Critical Warning
Non-clocked sequential cell  
The clock pin coeff_reg_1664_1727_56_59/RAMB/CLK is not reached by a timing clock
Related violations: <none>

TIMING-17#983 Critical Warning
Non-clocked sequential cell  
The clock pin coeff_reg_1664_1727_56_59/RAMC/CLK is not reached by a timing clock
Related violations: <none>

TIMING-17#984 Critical Warning
Non-clocked sequential cell  
The clock pin coeff_reg_1664_1727_56_59/RAMD/CLK is not reached by a timing clock
Related violations: <none>

TIMING-17#985 Critical Warning
Non-clocked sequential cell  
The clock pin coeff_reg_1664_1727_56_59/RAME/CLK is not reached by a timing clock
Related violations: <none>

TIMING-17#986 Critical Warning
Non-clocked sequential cell  
The clock pin coeff_reg_1664_1727_56_59/RAMF/CLK is not reached by a timing clock
Related violations: <none>

TIMING-17#987 Critical Warning
Non-clocked sequential cell  
The clock pin coeff_reg_1664_1727_56_59/RAMG/CLK is not reached by a timing clock
Related violations: <none>

TIMING-17#988 Critical Warning
Non-clocked sequential cell  
The clock pin coeff_reg_1664_1727_56_59/RAMH/CLK is not reached by a timing clock
Related violations: <none>

TIMING-17#989 Critical Warning
Non-clocked sequential cell  
The clock pin coeff_reg_1664_1727_7_13/RAMA/CLK is not reached by a timing clock
Related violations: <none>

TIMING-17#990 Critical Warning
Non-clocked sequential cell  
The clock pin coeff_reg_1664_1727_7_13/RAMB/CLK is not reached by a timing clock
Related violations: <none>

TIMING-17#991 Critical Warning
Non-clocked sequential cell  
The clock pin coeff_reg_1664_1727_7_13/RAMC/CLK is not reached by a timing clock
Related violations: <none>

TIMING-17#992 Critical Warning
Non-clocked sequential cell  
The clock pin coeff_reg_1664_1727_7_13/RAMD/CLK is not reached by a timing clock
Related violations: <none>

TIMING-17#993 Critical Warning
Non-clocked sequential cell  
The clock pin coeff_reg_1664_1727_7_13/RAME/CLK is not reached by a timing clock
Related violations: <none>

TIMING-17#994 Critical Warning
Non-clocked sequential cell  
The clock pin coeff_reg_1664_1727_7_13/RAMF/CLK is not reached by a timing clock
Related violations: <none>

TIMING-17#995 Critical Warning
Non-clocked sequential cell  
The clock pin coeff_reg_1664_1727_7_13/RAMG/CLK is not reached by a timing clock
Related violations: <none>

TIMING-17#996 Critical Warning
Non-clocked sequential cell  
The clock pin coeff_reg_1664_1727_7_13/RAMH/CLK is not reached by a timing clock
Related violations: <none>

TIMING-17#997 Critical Warning
Non-clocked sequential cell  
The clock pin coeff_reg_1728_1791_0_6/RAMA/CLK is not reached by a timing clock
Related violations: <none>

TIMING-17#998 Critical Warning
Non-clocked sequential cell  
The clock pin coeff_reg_1728_1791_0_6/RAMB/CLK is not reached by a timing clock
Related violations: <none>

TIMING-17#999 Critical Warning
Non-clocked sequential cell  
The clock pin coeff_reg_1728_1791_0_6/RAMC/CLK is not reached by a timing clock
Related violations: <none>

TIMING-17#1000 Critical Warning
Non-clocked sequential cell  
The clock pin coeff_reg_1728_1791_0_6/RAMD/CLK is not reached by a timing clock
Related violations: <none>

SYNTH-10#1 Warning
Wide multiplier  
Detected multiplier at p_0_out of size 18x18, it is decomposed from a wide multipler into 50 DSP blocks.
Related violations: <none>

SYNTH-10#2 Warning
Wide multiplier  
Detected multiplier at p_0_out__0 of size 19x18, it is decomposed from a wide multipler into 50 DSP blocks.
Related violations: <none>

SYNTH-10#3 Warning
Wide multiplier  
Detected multiplier at p_0_out__1 of size 19x18, it is decomposed from a wide multipler into 50 DSP blocks.
Related violations: <none>

SYNTH-10#4 Warning
Wide multiplier  
Detected multiplier at p_0_out__10 of size 18x18, it is decomposed from a wide multipler into 50 DSP blocks.
Related violations: <none>

SYNTH-10#5 Warning
Wide multiplier  
Detected multiplier at p_0_out__100 of size 18x18, it is decomposed from a wide multipler into 50 DSP blocks.
Related violations: <none>

SYNTH-10#6 Warning
Wide multiplier  
Detected multiplier at p_0_out__101 of size 18x18, it is decomposed from a wide multipler into 50 DSP blocks.
Related violations: <none>

SYNTH-10#7 Warning
Wide multiplier  
Detected multiplier at p_0_out__102 of size 18x18, it is decomposed from a wide multipler into 50 DSP blocks.
Related violations: <none>

SYNTH-10#8 Warning
Wide multiplier  
Detected multiplier at p_0_out__103 of size 18x27, it is decomposed from a wide multipler into 12 DSP blocks.
Related violations: <none>

SYNTH-10#9 Warning
Wide multiplier  
Detected multiplier at p_0_out__104 of size 11x18, it is decomposed from a wide multipler into 12 DSP blocks.
Related violations: <none>

SYNTH-10#10 Warning
Wide multiplier  
Detected multiplier at p_0_out__105 of size 11x27, it is decomposed from a wide multipler into 12 DSP blocks.
Related violations: <none>

SYNTH-10#11 Warning
Wide multiplier  
Detected multiplier at p_0_out__106 of size 18x27, it is decomposed from a wide multipler into 12 DSP blocks.
Related violations: <none>

SYNTH-10#12 Warning
Wide multiplier  
Detected multiplier at p_0_out__107 of size 18x18, it is decomposed from a wide multipler into 12 DSP blocks.
Related violations: <none>

SYNTH-10#13 Warning
Wide multiplier  
Detected multiplier at p_0_out__108 of size 11x18, it is decomposed from a wide multipler into 12 DSP blocks.
Related violations: <none>

SYNTH-10#14 Warning
Wide multiplier  
Detected multiplier at p_0_out__109 of size 18x27, it is decomposed from a wide multipler into 12 DSP blocks.
Related violations: <none>

SYNTH-10#15 Warning
Wide multiplier  
Detected multiplier at p_0_out__11 of size 18x18, it is decomposed from a wide multipler into 50 DSP blocks.
Related violations: <none>

SYNTH-10#16 Warning
Wide multiplier  
Detected multiplier at p_0_out__110 of size 18x18, it is decomposed from a wide multipler into 12 DSP blocks.
Related violations: <none>

SYNTH-10#17 Warning
Wide multiplier  
Detected multiplier at p_0_out__111 of size 18x18, it is decomposed from a wide multipler into 12 DSP blocks.
Related violations: <none>

SYNTH-10#18 Warning
Wide multiplier  
Detected multiplier at p_0_out__112 of size 18x18, it is decomposed from a wide multipler into 12 DSP blocks.
Related violations: <none>

SYNTH-10#19 Warning
Wide multiplier  
Detected multiplier at p_0_out__113 of size 18x18, it is decomposed from a wide multipler into 12 DSP blocks.
Related violations: <none>

SYNTH-10#20 Warning
Wide multiplier  
Detected multiplier at p_0_out__114 of size 18x18, it is decomposed from a wide multipler into 12 DSP blocks.
Related violations: <none>

SYNTH-10#21 Warning
Wide multiplier  
Detected multiplier at p_0_out__115 of size 18x18, it is decomposed from a wide multipler into 50 DSP blocks.
Related violations: <none>

SYNTH-10#22 Warning
Wide multiplier  
Detected multiplier at p_0_out__116 of size 19x18, it is decomposed from a wide multipler into 50 DSP blocks.
Related violations: <none>

SYNTH-10#23 Warning
Wide multiplier  
Detected multiplier at p_0_out__117 of size 19x18, it is decomposed from a wide multipler into 50 DSP blocks.
Related violations: <none>

SYNTH-10#24 Warning
Wide multiplier  
Detected multiplier at p_0_out__118 of size 18x19, it is decomposed from a wide multipler into 50 DSP blocks.
Related violations: <none>

SYNTH-10#25 Warning
Wide multiplier  
Detected multiplier at p_0_out__119 of size 18x18, it is decomposed from a wide multipler into 50 DSP blocks.
Related violations: <none>

SYNTH-10#26 Warning
Wide multiplier  
Detected multiplier at p_0_out__12 of size 19x18, it is decomposed from a wide multipler into 50 DSP blocks.
Related violations: <none>

SYNTH-10#27 Warning
Wide multiplier  
Detected multiplier at p_0_out__120 of size 18x18, it is decomposed from a wide multipler into 50 DSP blocks.
Related violations: <none>

SYNTH-10#28 Warning
Wide multiplier  
Detected multiplier at p_0_out__121 of size 19x18, it is decomposed from a wide multipler into 50 DSP blocks.
Related violations: <none>

SYNTH-10#29 Warning
Wide multiplier  
Detected multiplier at p_0_out__122 of size 18x19, it is decomposed from a wide multipler into 50 DSP blocks.
Related violations: <none>

SYNTH-10#30 Warning
Wide multiplier  
Detected multiplier at p_0_out__123 of size 18x18, it is decomposed from a wide multipler into 50 DSP blocks.
Related violations: <none>

SYNTH-10#31 Warning
Wide multiplier  
Detected multiplier at p_0_out__124 of size 18x18, it is decomposed from a wide multipler into 50 DSP blocks.
Related violations: <none>

SYNTH-10#32 Warning
Wide multiplier  
Detected multiplier at p_0_out__125 of size 18x19, it is decomposed from a wide multipler into 50 DSP blocks.
Related violations: <none>

SYNTH-10#33 Warning
Wide multiplier  
Detected multiplier at p_0_out__126 of size 18x18, it is decomposed from a wide multipler into 50 DSP blocks.
Related violations: <none>

SYNTH-10#34 Warning
Wide multiplier  
Detected multiplier at p_0_out__127 of size 18x18, it is decomposed from a wide multipler into 50 DSP blocks.
Related violations: <none>

SYNTH-10#35 Warning
Wide multiplier  
Detected multiplier at p_0_out__128 of size 19x18, it is decomposed from a wide multipler into 50 DSP blocks.
Related violations: <none>

SYNTH-10#36 Warning
Wide multiplier  
Detected multiplier at p_0_out__129 of size 18x18, it is decomposed from a wide multipler into 50 DSP blocks.
Related violations: <none>

SYNTH-10#37 Warning
Wide multiplier  
Detected multiplier at p_0_out__13 of size 18x18, it is decomposed from a wide multipler into 50 DSP blocks.
Related violations: <none>

SYNTH-10#38 Warning
Wide multiplier  
Detected multiplier at p_0_out__130 of size 18x18, it is decomposed from a wide multipler into 50 DSP blocks.
Related violations: <none>

SYNTH-10#39 Warning
Wide multiplier  
Detected multiplier at p_0_out__131 of size 18x19, it is decomposed from a wide multipler into 50 DSP blocks.
Related violations: <none>

SYNTH-10#40 Warning
Wide multiplier  
Detected multiplier at p_0_out__132 of size 18x18, it is decomposed from a wide multipler into 50 DSP blocks.
Related violations: <none>

SYNTH-10#41 Warning
Wide multiplier  
Detected multiplier at p_0_out__133 of size 18x18, it is decomposed from a wide multipler into 50 DSP blocks.
Related violations: <none>

SYNTH-10#42 Warning
Wide multiplier  
Detected multiplier at p_0_out__134 of size 19x18, it is decomposed from a wide multipler into 50 DSP blocks.
Related violations: <none>

SYNTH-10#43 Warning
Wide multiplier  
Detected multiplier at p_0_out__135 of size 18x18, it is decomposed from a wide multipler into 50 DSP blocks.
Related violations: <none>

SYNTH-10#44 Warning
Wide multiplier  
Detected multiplier at p_0_out__136 of size 18x18, it is decomposed from a wide multipler into 50 DSP blocks.
Related violations: <none>

SYNTH-10#45 Warning
Wide multiplier  
Detected multiplier at p_0_out__137 of size 18x18, it is decomposed from a wide multipler into 50 DSP blocks.
Related violations: <none>

SYNTH-10#46 Warning
Wide multiplier  
Detected multiplier at p_0_out__138 of size 18x18, it is decomposed from a wide multipler into 50 DSP blocks.
Related violations: <none>

SYNTH-10#47 Warning
Wide multiplier  
Detected multiplier at p_0_out__139 of size 18x18, it is decomposed from a wide multipler into 50 DSP blocks.
Related violations: <none>

SYNTH-10#48 Warning
Wide multiplier  
Detected multiplier at p_0_out__14 of size 18x18, it is decomposed from a wide multipler into 50 DSP blocks.
Related violations: <none>

SYNTH-10#49 Warning
Wide multiplier  
Detected multiplier at p_0_out__140 of size 18x19, it is decomposed from a wide multipler into 50 DSP blocks.
Related violations: <none>

SYNTH-10#50 Warning
Wide multiplier  
Detected multiplier at p_0_out__141 of size 18x18, it is decomposed from a wide multipler into 50 DSP blocks.
Related violations: <none>

SYNTH-10#51 Warning
Wide multiplier  
Detected multiplier at p_0_out__142 of size 18x18, it is decomposed from a wide multipler into 50 DSP blocks.
Related violations: <none>

SYNTH-10#52 Warning
Wide multiplier  
Detected multiplier at p_0_out__143 of size 18x18, it is decomposed from a wide multipler into 50 DSP blocks.
Related violations: <none>

SYNTH-10#53 Warning
Wide multiplier  
Detected multiplier at p_0_out__144 of size 18x18, it is decomposed from a wide multipler into 50 DSP blocks.
Related violations: <none>

SYNTH-10#54 Warning
Wide multiplier  
Detected multiplier at p_0_out__145 of size 18x18, it is decomposed from a wide multipler into 50 DSP blocks.
Related violations: <none>

SYNTH-10#55 Warning
Wide multiplier  
Detected multiplier at p_0_out__146 of size 18x18, it is decomposed from a wide multipler into 50 DSP blocks.
Related violations: <none>

SYNTH-10#56 Warning
Wide multiplier  
Detected multiplier at p_0_out__147 of size 18x18, it is decomposed from a wide multipler into 50 DSP blocks.
Related violations: <none>

SYNTH-10#57 Warning
Wide multiplier  
Detected multiplier at p_0_out__148 of size 18x18, it is decomposed from a wide multipler into 50 DSP blocks.
Related violations: <none>

SYNTH-10#58 Warning
Wide multiplier  
Detected multiplier at p_0_out__149 of size 18x18, it is decomposed from a wide multipler into 50 DSP blocks.
Related violations: <none>

SYNTH-10#59 Warning
Wide multiplier  
Detected multiplier at p_0_out__15 of size 18x19, it is decomposed from a wide multipler into 50 DSP blocks.
Related violations: <none>

SYNTH-10#60 Warning
Wide multiplier  
Detected multiplier at p_0_out__150 of size 18x18, it is decomposed from a wide multipler into 50 DSP blocks.
Related violations: <none>

SYNTH-10#61 Warning
Wide multiplier  
Detected multiplier at p_0_out__151 of size 18x18, it is decomposed from a wide multipler into 50 DSP blocks.
Related violations: <none>

SYNTH-10#62 Warning
Wide multiplier  
Detected multiplier at p_0_out__152 of size 18x18, it is decomposed from a wide multipler into 50 DSP blocks.
Related violations: <none>

SYNTH-10#63 Warning
Wide multiplier  
Detected multiplier at p_0_out__153 of size 18x18, it is decomposed from a wide multipler into 50 DSP blocks.
Related violations: <none>

SYNTH-10#64 Warning
Wide multiplier  
Detected multiplier at p_0_out__154 of size 18x18, it is decomposed from a wide multipler into 50 DSP blocks.
Related violations: <none>

SYNTH-10#65 Warning
Wide multiplier  
Detected multiplier at p_0_out__155 of size 18x18, it is decomposed from a wide multipler into 50 DSP blocks.
Related violations: <none>

SYNTH-10#66 Warning
Wide multiplier  
Detected multiplier at p_0_out__156 of size 18x18, it is decomposed from a wide multipler into 50 DSP blocks.
Related violations: <none>

SYNTH-10#67 Warning
Wide multiplier  
Detected multiplier at p_0_out__157 of size 18x18, it is decomposed from a wide multipler into 50 DSP blocks.
Related violations: <none>

SYNTH-10#68 Warning
Wide multiplier  
Detected multiplier at p_0_out__158 of size 18x18, it is decomposed from a wide multipler into 50 DSP blocks.
Related violations: <none>

SYNTH-10#69 Warning
Wide multiplier  
Detected multiplier at p_0_out__159 of size 18x18, it is decomposed from a wide multipler into 50 DSP blocks.
Related violations: <none>

SYNTH-10#70 Warning
Wide multiplier  
Detected multiplier at p_0_out__16 of size 18x18, it is decomposed from a wide multipler into 50 DSP blocks.
Related violations: <none>

SYNTH-10#71 Warning
Wide multiplier  
Detected multiplier at p_0_out__160 of size 18x18, it is decomposed from a wide multipler into 50 DSP blocks.
Related violations: <none>

SYNTH-10#72 Warning
Wide multiplier  
Detected multiplier at p_0_out__161 of size 18x27, it is decomposed from a wide multipler into 12 DSP blocks.
Related violations: <none>

SYNTH-10#73 Warning
Wide multiplier  
Detected multiplier at p_0_out__162 of size 11x18, it is decomposed from a wide multipler into 12 DSP blocks.
Related violations: <none>

SYNTH-10#74 Warning
Wide multiplier  
Detected multiplier at p_0_out__163 of size 11x27, it is decomposed from a wide multipler into 12 DSP blocks.
Related violations: <none>

SYNTH-10#75 Warning
Wide multiplier  
Detected multiplier at p_0_out__164 of size 18x27, it is decomposed from a wide multipler into 12 DSP blocks.
Related violations: <none>

SYNTH-10#76 Warning
Wide multiplier  
Detected multiplier at p_0_out__165 of size 18x18, it is decomposed from a wide multipler into 12 DSP blocks.
Related violations: <none>

SYNTH-10#77 Warning
Wide multiplier  
Detected multiplier at p_0_out__166 of size 11x18, it is decomposed from a wide multipler into 12 DSP blocks.
Related violations: <none>

SYNTH-10#78 Warning
Wide multiplier  
Detected multiplier at p_0_out__167 of size 18x27, it is decomposed from a wide multipler into 12 DSP blocks.
Related violations: <none>

SYNTH-10#79 Warning
Wide multiplier  
Detected multiplier at p_0_out__168 of size 18x18, it is decomposed from a wide multipler into 12 DSP blocks.
Related violations: <none>

SYNTH-10#80 Warning
Wide multiplier  
Detected multiplier at p_0_out__169 of size 18x18, it is decomposed from a wide multipler into 12 DSP blocks.
Related violations: <none>

SYNTH-10#81 Warning
Wide multiplier  
Detected multiplier at p_0_out__17 of size 18x18, it is decomposed from a wide multipler into 50 DSP blocks.
Related violations: <none>

SYNTH-10#82 Warning
Wide multiplier  
Detected multiplier at p_0_out__170 of size 18x18, it is decomposed from a wide multipler into 12 DSP blocks.
Related violations: <none>

SYNTH-10#83 Warning
Wide multiplier  
Detected multiplier at p_0_out__171 of size 18x18, it is decomposed from a wide multipler into 12 DSP blocks.
Related violations: <none>

SYNTH-10#84 Warning
Wide multiplier  
Detected multiplier at p_0_out__172 of size 18x18, it is decomposed from a wide multipler into 12 DSP blocks.
Related violations: <none>

SYNTH-10#85 Warning
Wide multiplier  
Detected multiplier at p_0_out__18 of size 19x18, it is decomposed from a wide multipler into 50 DSP blocks.
Related violations: <none>

SYNTH-10#86 Warning
Wide multiplier  
Detected multiplier at p_0_out__19 of size 18x18, it is decomposed from a wide multipler into 50 DSP blocks.
Related violations: <none>

SYNTH-10#87 Warning
Wide multiplier  
Detected multiplier at p_0_out__2 of size 18x19, it is decomposed from a wide multipler into 50 DSP blocks.
Related violations: <none>

SYNTH-10#88 Warning
Wide multiplier  
Detected multiplier at p_0_out__20 of size 18x18, it is decomposed from a wide multipler into 50 DSP blocks.
Related violations: <none>

SYNTH-10#89 Warning
Wide multiplier  
Detected multiplier at p_0_out__21 of size 18x18, it is decomposed from a wide multipler into 50 DSP blocks.
Related violations: <none>

SYNTH-10#90 Warning
Wide multiplier  
Detected multiplier at p_0_out__22 of size 18x18, it is decomposed from a wide multipler into 50 DSP blocks.
Related violations: <none>

SYNTH-10#91 Warning
Wide multiplier  
Detected multiplier at p_0_out__23 of size 18x18, it is decomposed from a wide multipler into 50 DSP blocks.
Related violations: <none>

SYNTH-10#92 Warning
Wide multiplier  
Detected multiplier at p_0_out__24 of size 18x19, it is decomposed from a wide multipler into 50 DSP blocks.
Related violations: <none>

SYNTH-10#93 Warning
Wide multiplier  
Detected multiplier at p_0_out__25 of size 18x18, it is decomposed from a wide multipler into 50 DSP blocks.
Related violations: <none>

SYNTH-10#94 Warning
Wide multiplier  
Detected multiplier at p_0_out__26 of size 18x18, it is decomposed from a wide multipler into 50 DSP blocks.
Related violations: <none>

SYNTH-10#95 Warning
Wide multiplier  
Detected multiplier at p_0_out__27 of size 18x18, it is decomposed from a wide multipler into 50 DSP blocks.
Related violations: <none>

SYNTH-10#96 Warning
Wide multiplier  
Detected multiplier at p_0_out__28 of size 18x18, it is decomposed from a wide multipler into 50 DSP blocks.
Related violations: <none>

SYNTH-10#97 Warning
Wide multiplier  
Detected multiplier at p_0_out__29 of size 18x18, it is decomposed from a wide multipler into 50 DSP blocks.
Related violations: <none>

SYNTH-10#98 Warning
Wide multiplier  
Detected multiplier at p_0_out__3 of size 18x18, it is decomposed from a wide multipler into 50 DSP blocks.
Related violations: <none>

SYNTH-10#99 Warning
Wide multiplier  
Detected multiplier at p_0_out__30 of size 18x18, it is decomposed from a wide multipler into 50 DSP blocks.
Related violations: <none>

SYNTH-10#100 Warning
Wide multiplier  
Detected multiplier at p_0_out__31 of size 18x18, it is decomposed from a wide multipler into 50 DSP blocks.
Related violations: <none>

SYNTH-10#101 Warning
Wide multiplier  
Detected multiplier at p_0_out__32 of size 18x18, it is decomposed from a wide multipler into 50 DSP blocks.
Related violations: <none>

SYNTH-10#102 Warning
Wide multiplier  
Detected multiplier at p_0_out__33 of size 18x18, it is decomposed from a wide multipler into 50 DSP blocks.
Related violations: <none>

SYNTH-10#103 Warning
Wide multiplier  
Detected multiplier at p_0_out__34 of size 18x18, it is decomposed from a wide multipler into 50 DSP blocks.
Related violations: <none>

SYNTH-10#104 Warning
Wide multiplier  
Detected multiplier at p_0_out__35 of size 18x18, it is decomposed from a wide multipler into 50 DSP blocks.
Related violations: <none>

SYNTH-10#105 Warning
Wide multiplier  
Detected multiplier at p_0_out__36 of size 18x18, it is decomposed from a wide multipler into 50 DSP blocks.
Related violations: <none>

SYNTH-10#106 Warning
Wide multiplier  
Detected multiplier at p_0_out__37 of size 18x18, it is decomposed from a wide multipler into 50 DSP blocks.
Related violations: <none>

SYNTH-10#107 Warning
Wide multiplier  
Detected multiplier at p_0_out__38 of size 18x18, it is decomposed from a wide multipler into 50 DSP blocks.
Related violations: <none>

SYNTH-10#108 Warning
Wide multiplier  
Detected multiplier at p_0_out__39 of size 18x18, it is decomposed from a wide multipler into 50 DSP blocks.
Related violations: <none>

SYNTH-10#109 Warning
Wide multiplier  
Detected multiplier at p_0_out__4 of size 18x18, it is decomposed from a wide multipler into 50 DSP blocks.
Related violations: <none>

SYNTH-10#110 Warning
Wide multiplier  
Detected multiplier at p_0_out__40 of size 18x18, it is decomposed from a wide multipler into 50 DSP blocks.
Related violations: <none>

SYNTH-10#111 Warning
Wide multiplier  
Detected multiplier at p_0_out__41 of size 18x18, it is decomposed from a wide multipler into 50 DSP blocks.
Related violations: <none>

SYNTH-10#112 Warning
Wide multiplier  
Detected multiplier at p_0_out__42 of size 18x18, it is decomposed from a wide multipler into 50 DSP blocks.
Related violations: <none>

SYNTH-10#113 Warning
Wide multiplier  
Detected multiplier at p_0_out__43 of size 18x18, it is decomposed from a wide multipler into 50 DSP blocks.
Related violations: <none>

SYNTH-10#114 Warning
Wide multiplier  
Detected multiplier at p_0_out__44 of size 18x18, it is decomposed from a wide multipler into 50 DSP blocks.
Related violations: <none>

SYNTH-10#115 Warning
Wide multiplier  
Detected multiplier at p_0_out__45 of size 18x27, it is decomposed from a wide multipler into 12 DSP blocks.
Related violations: <none>

SYNTH-10#116 Warning
Wide multiplier  
Detected multiplier at p_0_out__46 of size 11x18, it is decomposed from a wide multipler into 12 DSP blocks.
Related violations: <none>

SYNTH-10#117 Warning
Wide multiplier  
Detected multiplier at p_0_out__47 of size 11x27, it is decomposed from a wide multipler into 12 DSP blocks.
Related violations: <none>

SYNTH-10#118 Warning
Wide multiplier  
Detected multiplier at p_0_out__48 of size 18x27, it is decomposed from a wide multipler into 12 DSP blocks.
Related violations: <none>

SYNTH-10#119 Warning
Wide multiplier  
Detected multiplier at p_0_out__49 of size 18x18, it is decomposed from a wide multipler into 12 DSP blocks.
Related violations: <none>

SYNTH-10#120 Warning
Wide multiplier  
Detected multiplier at p_0_out__5 of size 19x18, it is decomposed from a wide multipler into 50 DSP blocks.
Related violations: <none>

SYNTH-10#121 Warning
Wide multiplier  
Detected multiplier at p_0_out__50 of size 11x18, it is decomposed from a wide multipler into 12 DSP blocks.
Related violations: <none>

SYNTH-10#122 Warning
Wide multiplier  
Detected multiplier at p_0_out__51 of size 18x27, it is decomposed from a wide multipler into 12 DSP blocks.
Related violations: <none>

SYNTH-10#123 Warning
Wide multiplier  
Detected multiplier at p_0_out__52 of size 18x18, it is decomposed from a wide multipler into 12 DSP blocks.
Related violations: <none>

SYNTH-10#124 Warning
Wide multiplier  
Detected multiplier at p_0_out__53 of size 18x18, it is decomposed from a wide multipler into 12 DSP blocks.
Related violations: <none>

SYNTH-10#125 Warning
Wide multiplier  
Detected multiplier at p_0_out__54 of size 18x18, it is decomposed from a wide multipler into 12 DSP blocks.
Related violations: <none>

SYNTH-10#126 Warning
Wide multiplier  
Detected multiplier at p_0_out__55 of size 18x18, it is decomposed from a wide multipler into 12 DSP blocks.
Related violations: <none>

SYNTH-10#127 Warning
Wide multiplier  
Detected multiplier at p_0_out__56 of size 18x18, it is decomposed from a wide multipler into 12 DSP blocks.
Related violations: <none>

SYNTH-10#128 Warning
Wide multiplier  
Detected multiplier at p_0_out__57 of size 18x18, it is decomposed from a wide multipler into 50 DSP blocks.
Related violations: <none>

SYNTH-10#129 Warning
Wide multiplier  
Detected multiplier at p_0_out__58 of size 19x18, it is decomposed from a wide multipler into 50 DSP blocks.
Related violations: <none>

SYNTH-10#130 Warning
Wide multiplier  
Detected multiplier at p_0_out__59 of size 19x18, it is decomposed from a wide multipler into 50 DSP blocks.
Related violations: <none>

SYNTH-10#131 Warning
Wide multiplier  
Detected multiplier at p_0_out__6 of size 18x19, it is decomposed from a wide multipler into 50 DSP blocks.
Related violations: <none>

SYNTH-10#132 Warning
Wide multiplier  
Detected multiplier at p_0_out__60 of size 18x19, it is decomposed from a wide multipler into 50 DSP blocks.
Related violations: <none>

SYNTH-10#133 Warning
Wide multiplier  
Detected multiplier at p_0_out__61 of size 18x18, it is decomposed from a wide multipler into 50 DSP blocks.
Related violations: <none>

SYNTH-10#134 Warning
Wide multiplier  
Detected multiplier at p_0_out__62 of size 18x18, it is decomposed from a wide multipler into 50 DSP blocks.
Related violations: <none>

SYNTH-10#135 Warning
Wide multiplier  
Detected multiplier at p_0_out__63 of size 19x18, it is decomposed from a wide multipler into 50 DSP blocks.
Related violations: <none>

SYNTH-10#136 Warning
Wide multiplier  
Detected multiplier at p_0_out__64 of size 18x19, it is decomposed from a wide multipler into 50 DSP blocks.
Related violations: <none>

SYNTH-10#137 Warning
Wide multiplier  
Detected multiplier at p_0_out__65 of size 18x18, it is decomposed from a wide multipler into 50 DSP blocks.
Related violations: <none>

SYNTH-10#138 Warning
Wide multiplier  
Detected multiplier at p_0_out__66 of size 18x18, it is decomposed from a wide multipler into 50 DSP blocks.
Related violations: <none>

SYNTH-10#139 Warning
Wide multiplier  
Detected multiplier at p_0_out__67 of size 18x19, it is decomposed from a wide multipler into 50 DSP blocks.
Related violations: <none>

SYNTH-10#140 Warning
Wide multiplier  
Detected multiplier at p_0_out__68 of size 18x18, it is decomposed from a wide multipler into 50 DSP blocks.
Related violations: <none>

SYNTH-10#141 Warning
Wide multiplier  
Detected multiplier at p_0_out__69 of size 18x18, it is decomposed from a wide multipler into 50 DSP blocks.
Related violations: <none>

SYNTH-10#142 Warning
Wide multiplier  
Detected multiplier at p_0_out__7 of size 18x18, it is decomposed from a wide multipler into 50 DSP blocks.
Related violations: <none>

SYNTH-10#143 Warning
Wide multiplier  
Detected multiplier at p_0_out__70 of size 19x18, it is decomposed from a wide multipler into 50 DSP blocks.
Related violations: <none>

SYNTH-10#144 Warning
Wide multiplier  
Detected multiplier at p_0_out__71 of size 18x18, it is decomposed from a wide multipler into 50 DSP blocks.
Related violations: <none>

SYNTH-10#145 Warning
Wide multiplier  
Detected multiplier at p_0_out__72 of size 18x18, it is decomposed from a wide multipler into 50 DSP blocks.
Related violations: <none>

SYNTH-10#146 Warning
Wide multiplier  
Detected multiplier at p_0_out__73 of size 18x19, it is decomposed from a wide multipler into 50 DSP blocks.
Related violations: <none>

SYNTH-10#147 Warning
Wide multiplier  
Detected multiplier at p_0_out__74 of size 18x18, it is decomposed from a wide multipler into 50 DSP blocks.
Related violations: <none>

SYNTH-10#148 Warning
Wide multiplier  
Detected multiplier at p_0_out__75 of size 18x18, it is decomposed from a wide multipler into 50 DSP blocks.
Related violations: <none>

SYNTH-10#149 Warning
Wide multiplier  
Detected multiplier at p_0_out__76 of size 19x18, it is decomposed from a wide multipler into 50 DSP blocks.
Related violations: <none>

SYNTH-10#150 Warning
Wide multiplier  
Detected multiplier at p_0_out__77 of size 18x18, it is decomposed from a wide multipler into 50 DSP blocks.
Related violations: <none>

SYNTH-10#151 Warning
Wide multiplier  
Detected multiplier at p_0_out__78 of size 18x18, it is decomposed from a wide multipler into 50 DSP blocks.
Related violations: <none>

SYNTH-10#152 Warning
Wide multiplier  
Detected multiplier at p_0_out__79 of size 18x18, it is decomposed from a wide multipler into 50 DSP blocks.
Related violations: <none>

SYNTH-10#153 Warning
Wide multiplier  
Detected multiplier at p_0_out__8 of size 18x18, it is decomposed from a wide multipler into 50 DSP blocks.
Related violations: <none>

SYNTH-10#154 Warning
Wide multiplier  
Detected multiplier at p_0_out__80 of size 18x18, it is decomposed from a wide multipler into 50 DSP blocks.
Related violations: <none>

SYNTH-10#155 Warning
Wide multiplier  
Detected multiplier at p_0_out__81 of size 18x18, it is decomposed from a wide multipler into 50 DSP blocks.
Related violations: <none>

SYNTH-10#156 Warning
Wide multiplier  
Detected multiplier at p_0_out__82 of size 18x19, it is decomposed from a wide multipler into 50 DSP blocks.
Related violations: <none>

SYNTH-10#157 Warning
Wide multiplier  
Detected multiplier at p_0_out__83 of size 18x18, it is decomposed from a wide multipler into 50 DSP blocks.
Related violations: <none>

SYNTH-10#158 Warning
Wide multiplier  
Detected multiplier at p_0_out__84 of size 18x18, it is decomposed from a wide multipler into 50 DSP blocks.
Related violations: <none>

SYNTH-10#159 Warning
Wide multiplier  
Detected multiplier at p_0_out__85 of size 18x18, it is decomposed from a wide multipler into 50 DSP blocks.
Related violations: <none>

SYNTH-10#160 Warning
Wide multiplier  
Detected multiplier at p_0_out__86 of size 18x18, it is decomposed from a wide multipler into 50 DSP blocks.
Related violations: <none>

SYNTH-10#161 Warning
Wide multiplier  
Detected multiplier at p_0_out__87 of size 18x18, it is decomposed from a wide multipler into 50 DSP blocks.
Related violations: <none>

SYNTH-10#162 Warning
Wide multiplier  
Detected multiplier at p_0_out__88 of size 18x18, it is decomposed from a wide multipler into 50 DSP blocks.
Related violations: <none>

SYNTH-10#163 Warning
Wide multiplier  
Detected multiplier at p_0_out__89 of size 18x18, it is decomposed from a wide multipler into 50 DSP blocks.
Related violations: <none>

SYNTH-10#164 Warning
Wide multiplier  
Detected multiplier at p_0_out__9 of size 18x19, it is decomposed from a wide multipler into 50 DSP blocks.
Related violations: <none>

SYNTH-10#165 Warning
Wide multiplier  
Detected multiplier at p_0_out__90 of size 18x18, it is decomposed from a wide multipler into 50 DSP blocks.
Related violations: <none>

SYNTH-10#166 Warning
Wide multiplier  
Detected multiplier at p_0_out__91 of size 18x18, it is decomposed from a wide multipler into 50 DSP blocks.
Related violations: <none>

SYNTH-10#167 Warning
Wide multiplier  
Detected multiplier at p_0_out__92 of size 18x18, it is decomposed from a wide multipler into 50 DSP blocks.
Related violations: <none>

SYNTH-10#168 Warning
Wide multiplier  
Detected multiplier at p_0_out__93 of size 18x18, it is decomposed from a wide multipler into 50 DSP blocks.
Related violations: <none>

SYNTH-10#169 Warning
Wide multiplier  
Detected multiplier at p_0_out__94 of size 18x18, it is decomposed from a wide multipler into 50 DSP blocks.
Related violations: <none>

SYNTH-10#170 Warning
Wide multiplier  
Detected multiplier at p_0_out__95 of size 18x18, it is decomposed from a wide multipler into 50 DSP blocks.
Related violations: <none>

SYNTH-10#171 Warning
Wide multiplier  
Detected multiplier at p_0_out__96 of size 18x18, it is decomposed from a wide multipler into 50 DSP blocks.
Related violations: <none>

SYNTH-10#172 Warning
Wide multiplier  
Detected multiplier at p_0_out__97 of size 18x18, it is decomposed from a wide multipler into 50 DSP blocks.
Related violations: <none>

SYNTH-10#173 Warning
Wide multiplier  
Detected multiplier at p_0_out__98 of size 18x18, it is decomposed from a wide multipler into 50 DSP blocks.
Related violations: <none>

SYNTH-10#174 Warning
Wide multiplier  
Detected multiplier at p_0_out__99 of size 18x18, it is decomposed from a wide multipler into 50 DSP blocks.
Related violations: <none>

SYNTH-10#175 Warning
Wide multiplier  
Detected multiplier at p_1_in__0 of size 18x27, it is decomposed from a wide multipler into 10 DSP blocks.
Related violations: <none>

SYNTH-10#176 Warning
Wide multiplier  
Detected multiplier at p_1_in__1 of size 27x18, it is decomposed from a wide multipler into 10 DSP blocks.
Related violations: <none>

SYNTH-10#177 Warning
Wide multiplier  
Detected multiplier at p_1_in__10 of size 18x27, it is decomposed from a wide multipler into 10 DSP blocks.
Related violations: <none>

SYNTH-10#178 Warning
Wide multiplier  
Detected multiplier at p_1_in__11 of size 27x18, it is decomposed from a wide multipler into 10 DSP blocks.
Related violations: <none>

SYNTH-10#179 Warning
Wide multiplier  
Detected multiplier at p_1_in__13 of size 18x27, it is decomposed from a wide multipler into 10 DSP blocks.
Related violations: <none>

SYNTH-10#180 Warning
Wide multiplier  
Detected multiplier at p_1_in__14 of size 18x18, it is decomposed from a wide multipler into 10 DSP blocks.
Related violations: <none>

SYNTH-10#181 Warning
Wide multiplier  
Detected multiplier at p_1_in__15 of size 27x18, it is decomposed from a wide multipler into 10 DSP blocks.
Related violations: <none>

SYNTH-10#182 Warning
Wide multiplier  
Detected multiplier at p_1_in__16 of size 18x18, it is decomposed from a wide multipler into 10 DSP blocks.
Related violations: <none>

SYNTH-10#183 Warning
Wide multiplier  
Detected multiplier at p_1_in__17 of size 18x18, it is decomposed from a wide multipler into 10 DSP blocks.
Related violations: <none>

SYNTH-10#184 Warning
Wide multiplier  
Detected multiplier at p_1_in__18 of size 18x18, it is decomposed from a wide multipler into 10 DSP blocks.
Related violations: <none>

SYNTH-10#185 Warning
Wide multiplier  
Detected multiplier at p_1_in__20 of size 18x27, it is decomposed from a wide multipler into 10 DSP blocks.
Related violations: <none>

SYNTH-10#186 Warning
Wide multiplier  
Detected multiplier at p_1_in__21 of size 27x18, it is decomposed from a wide multipler into 10 DSP blocks.
Related violations: <none>

SYNTH-10#187 Warning
Wide multiplier  
Detected multiplier at p_1_in__23 of size 18x27, it is decomposed from a wide multipler into 10 DSP blocks.
Related violations: <none>

SYNTH-10#188 Warning
Wide multiplier  
Detected multiplier at p_1_in__24 of size 18x18, it is decomposed from a wide multipler into 10 DSP blocks.
Related violations: <none>

SYNTH-10#189 Warning
Wide multiplier  
Detected multiplier at p_1_in__25 of size 27x18, it is decomposed from a wide multipler into 10 DSP blocks.
Related violations: <none>

SYNTH-10#190 Warning
Wide multiplier  
Detected multiplier at p_1_in__26 of size 18x18, it is decomposed from a wide multipler into 10 DSP blocks.
Related violations: <none>

SYNTH-10#191 Warning
Wide multiplier  
Detected multiplier at p_1_in__27 of size 18x18, it is decomposed from a wide multipler into 10 DSP blocks.
Related violations: <none>

SYNTH-10#192 Warning
Wide multiplier  
Detected multiplier at p_1_in__28 of size 18x18, it is decomposed from a wide multipler into 10 DSP blocks.
Related violations: <none>

SYNTH-10#193 Warning
Wide multiplier  
Detected multiplier at p_1_in__3 of size 18x27, it is decomposed from a wide multipler into 10 DSP blocks.
Related violations: <none>

SYNTH-10#194 Warning
Wide multiplier  
Detected multiplier at p_1_in__4 of size 18x18, it is decomposed from a wide multipler into 10 DSP blocks.
Related violations: <none>

SYNTH-10#195 Warning
Wide multiplier  
Detected multiplier at p_1_in__5 of size 27x18, it is decomposed from a wide multipler into 10 DSP blocks.
Related violations: <none>

SYNTH-10#196 Warning
Wide multiplier  
Detected multiplier at p_1_in__6 of size 18x18, it is decomposed from a wide multipler into 10 DSP blocks.
Related violations: <none>

SYNTH-10#197 Warning
Wide multiplier  
Detected multiplier at p_1_in__7 of size 18x18, it is decomposed from a wide multipler into 10 DSP blocks.
Related violations: <none>

SYNTH-10#198 Warning
Wide multiplier  
Detected multiplier at p_1_in__8 of size 18x18, it is decomposed from a wide multipler into 10 DSP blocks.
Related violations: <none>


