Copyright 1986-2022 Xilinx, Inc. All Rights Reserved. Copyright 2022-2023 Advanced Micro Devices, Inc. All Rights Reserved.
-----------------------------------------------------------------------------------------------------------------------------------------------------------------------------------------------------------
| Tool Version      : Vivado v.2023.2 (win64) Build 4029153 Fri Oct 13 20:14:34 MDT 2023
| Date              : Thu Jul 16 15:21:34 2026
| Host              : ASC-ACA3850 running 64-bit major release  (build 9200)
| Command           : report_timing_summary -max_paths 10 -report_unconstrained -file ntt_timing_summary_routed.rpt -pb ntt_timing_summary_routed.pb -rpx ntt_timing_summary_routed.rpx -warn_on_violation
| Design            : ntt
| Device            : xcku3p-ffvd900
| Speed File        : -1  PRODUCTION 1.29 05-01-2022
| Design State      : Routed
| Temperature Grade : I
-----------------------------------------------------------------------------------------------------------------------------------------------------------------------------------------------------------

Timing Summary Report

------------------------------------------------------------------------------------------------
| Timer Settings
| --------------
------------------------------------------------------------------------------------------------

  Enable Multi Corner Analysis               :  Yes
  Enable Pessimism Removal                   :  Yes
  Pessimism Removal Resolution               :  Nearest Common Node
  Enable Input Delay Default Clock           :  No
  Enable Preset / Clear Arcs                 :  No
  Disable Flight Delays                      :  No
  Ignore I/O Paths                           :  No
  Timing Early Launch at Borrowing Latches   :  No
  Borrow Time for Max Delay Exceptions       :  Yes
  Merge Timing Exceptions                    :  Yes
  Inter-SLR Compensation                     :  Conservative

  Corner  Analyze    Analyze    
  Name    Max Paths  Min Paths  
  ------  ---------  ---------  
  Slow    Yes        Yes        
  Fast    Yes        Yes        


------------------------------------------------------------------------------------------------
| Report Methodology
| ------------------
------------------------------------------------------------------------------------------------

Rule       Severity          Description                  Violations  
---------  ----------------  ---------------------------  ----------  
TIMING-17  Critical Warning  Non-clocked sequential cell  1000        
SYNTH-10   Warning           Wide multiplier              198         

Note: This report is based on the most recent report_methodology run and may not be up-to-date. Run report_methodology on the current design for the latest report.



check_timing report

Table of Contents
-----------------
1. checking no_clock (9527)
2. checking constant_clock (0)
3. checking pulse_width_clock (0)
4. checking unconstrained_internal_endpoints (74878)
5. checking no_input_delay (405)
6. checking no_output_delay (61)
7. checking multiple_clock (0)
8. checking generated_clocks (0)
9. checking loops (0)
10. checking partial_input_delay (0)
11. checking partial_output_delay (0)
12. checking latch_loops (0)

1. checking no_clock (9527)
---------------------------
 There are 9527 register/latch pins with no clock driven by root clock pin: clk (HIGH)


2. checking constant_clock (0)
------------------------------
 There are 0 register/latch pins with constant_clock.


3. checking pulse_width_clock (0)
---------------------------------
 There are 0 register/latch pins which need pulse_width check


4. checking unconstrained_internal_endpoints (74878)
----------------------------------------------------
 There are 74878 pins that are not constrained for maximum delay. (HIGH)

 There are 0 pins that are not constrained for maximum delay due to constant clock.


5. checking no_input_delay (405)
--------------------------------
 There are 405 input ports with no input delay specified. (HIGH)

 There are 0 input ports with no input delay but user has a false path constraint.


6. checking no_output_delay (61)
--------------------------------
 There are 61 ports with no output delay specified. (HIGH)

 There are 0 ports with no output delay but user has a false path constraint

 There are 0 ports with no output delay but with a timing clock defined on it or propagating through it


7. checking multiple_clock (0)
------------------------------
 There are 0 register/latch pins with multiple clocks.


8. checking generated_clocks (0)
--------------------------------
 There are 0 generated clocks that are not connected to a clock source.


9. checking loops (0)
---------------------
 There are 0 combinational loops in the design.


10. checking partial_input_delay (0)
------------------------------------
 There are 0 input ports with partial input delay specified.


11. checking partial_output_delay (0)
-------------------------------------
 There are 0 ports with partial output delay specified.


12. checking latch_loops (0)
----------------------------
 There are 0 combinational latch loops in the design through latch input



------------------------------------------------------------------------------------------------
| Design Timing Summary
| ---------------------
------------------------------------------------------------------------------------------------

    WNS(ns)      TNS(ns)  TNS Failing Endpoints  TNS Total Endpoints      WHS(ns)      THS(ns)  THS Failing Endpoints  THS Total Endpoints     WPWS(ns)     TPWS(ns)  TPWS Failing Endpoints  TPWS Total Endpoints  
    -------      -------  ---------------------  -------------------      -------      -------  ---------------------  -------------------     --------     --------  ----------------------  --------------------  
        inf        0.000                      0                74137          inf        0.000                      0                74137           NA           NA                      NA                    NA  


There are no user specified timing constraints.


------------------------------------------------------------------------------------------------
| Clock Summary
| -------------
------------------------------------------------------------------------------------------------


------------------------------------------------------------------------------------------------
| Intra Clock Table
| -----------------
------------------------------------------------------------------------------------------------

Clock             WNS(ns)      TNS(ns)  TNS Failing Endpoints  TNS Total Endpoints      WHS(ns)      THS(ns)  THS Failing Endpoints  THS Total Endpoints     WPWS(ns)     TPWS(ns)  TPWS Failing Endpoints  TPWS Total Endpoints  
-----             -------      -------  ---------------------  -------------------      -------      -------  ---------------------  -------------------     --------     --------  ----------------------  --------------------  


------------------------------------------------------------------------------------------------
| Inter Clock Table
| -----------------
------------------------------------------------------------------------------------------------

From Clock    To Clock          WNS(ns)      TNS(ns)  TNS Failing Endpoints  TNS Total Endpoints      WHS(ns)      THS(ns)  THS Failing Endpoints  THS Total Endpoints  
----------    --------          -------      -------  ---------------------  -------------------      -------      -------  ---------------------  -------------------  


------------------------------------------------------------------------------------------------
| Other Path Groups Table
| -----------------------
------------------------------------------------------------------------------------------------

Path Group    From Clock    To Clock          WNS(ns)      TNS(ns)  TNS Failing Endpoints  TNS Total Endpoints      WHS(ns)      THS(ns)  THS Failing Endpoints  THS Total Endpoints  
----------    ----------    --------          -------      -------  ---------------------  -------------------      -------      -------  ---------------------  -------------------  


------------------------------------------------------------------------------------------------
| User Ignored Path Table
| -----------------------
------------------------------------------------------------------------------------------------

Path Group    From Clock    To Clock    
----------    ----------    --------    


------------------------------------------------------------------------------------------------
| Unconstrained Path Table
| ------------------------
------------------------------------------------------------------------------------------------

Path Group    From Clock    To Clock    
----------    ----------    --------    
(none)                                    


------------------------------------------------------------------------------------------------
| Timing Details
| --------------
------------------------------------------------------------------------------------------------


--------------------------------------------------------------------------------------
Path Group:  (none)
From Clock:  
  To Clock:  

Max Delay         74137 Endpoints
Min Delay         74137 Endpoints
--------------------------------------------------------------------------------------


Max Delay Paths
--------------------------------------------------------------------------------------
Slack:                    inf
  Source:                 u_r_reg[13]/C
                            (rising edge-triggered cell FDRE)
  Destination:            coeff_reg_4416_4479_7_13/RAMB/I
  Path Group:             (none)
  Path Type:              Max at Slow Process Corner
  Data Path Delay:        34.380ns  (logic 14.211ns (41.335%)  route 20.169ns (58.665%))
  Logic Levels:           67  (CARRY8=24 DSP_A_B_DATA=3 DSP_ALU=7 DSP_M_DATA=3 DSP_MULTIPLIER=3 DSP_OUTPUT=7 DSP_PREADD_DATA=3 FDRE=1 LUT2=2 LUT3=6 LUT4=5 LUT5=1 LUT6=2)

    Location             Delay type                Incr(ns)  Path(ns)    Netlist Resource(s)
  -------------------------------------------------------------------    -------------------
    SLICE_X57Y49         FDRE                         0.000     0.000 r  u_r_reg[13]/C
    SLICE_X57Y49         FDRE (Prop_AFF2_SLICEL_C_Q)
                                                      0.099     0.099 r  u_r_reg[13]/Q
                         net (fo=8, routed)           1.031     1.130    u_r_reg_n_0_[13]
    SLICE_X57Y63         LUT3 (Prop_F5LUT_SLICEL_I0_O)
                                                      0.205     1.335 r  p_1_in__13_i_31/O
                         net (fo=2, routed)           0.550     1.884    p_1_in__13_i_31_n_0
    SLICE_X57Y63         CARRY8 (Prop_CARRY8_SLICEL_DI[6]_CO[7])
                                                      0.073     1.957 r  p_1_in__13_i_19/CO[7]
                         net (fo=1, routed)           0.028     1.985    p_1_in__13_i_19_n_0
    SLICE_X57Y64         CARRY8 (Prop_CARRY8_SLICEL_CI_CO[7])
                                                      0.023     2.008 r  p_1_in__10_i_23/CO[7]
                         net (fo=1, routed)           0.028     2.036    p_1_in__10_i_23_n_0
    SLICE_X57Y65         CARRY8 (Prop_CARRY8_SLICEL_CI_O[0])
                                                      0.072     2.108 r  p_1_in__10_i_21/O[0]
                         net (fo=5, routed)           0.688     2.796    p_1_in__10_i_21_n_15
    SLICE_X58Y66         LUT4 (Prop_E6LUT_SLICEM_I2_O)
                                                      0.148     2.944 r  p_1_in__9_i_95/O
                         net (fo=1, routed)           0.015     2.959    p_1_in__9_i_95_n_0
    SLICE_X58Y66         CARRY8 (Prop_CARRY8_SLICEM_S[4]_CO[7])
                                                      0.198     3.157 r  p_1_in__9_i_66/CO[7]
                         net (fo=1, routed)           0.028     3.185    p_1_in__9_i_66_n_0
    SLICE_X58Y67         CARRY8 (Prop_CARRY8_SLICEM_CI_CO[7])
                                                      0.023     3.208 r  p_1_in__9_i_19/CO[7]
                         net (fo=1, routed)           0.028     3.236    p_1_in__9_i_19_n_0
    SLICE_X58Y68         CARRY8 (Prop_CARRY8_SLICEM_CI_CO[6])
                                                      0.116     3.352 r  p_1_in__9_i_11/CO[6]
                         net (fo=60, routed)          0.486     3.839    p_1_in__9_i_11_n_1
    SLICE_X57Y61         LUT3 (Prop_D6LUT_SLICEL_I1_O)
                                                      0.099     3.938 f  p_1_in__13_i_2/O
                         net (fo=3, routed)           0.980     4.918    p_1_in__16/A[15]
    DSP48E2_X8Y27        DSP_A_B_DATA (Prop_DSP_A_B_DATA_DSP48E2_A[15]_A2_DATA[15])
                                                      0.241     5.159 r  p_1_in__16/DSP_A_B_DATA_INST/A2_DATA[15]
                         net (fo=1, routed)           0.000     5.159    p_1_in__16/DSP_A_B_DATA.A2_DATA<15>
    DSP48E2_X8Y27        DSP_PREADD_DATA (Prop_DSP_PREADD_DATA_DSP48E2_A2_DATA[15]_A2A1[15])
                                                      0.098     5.257 r  p_1_in__16/DSP_PREADD_DATA_INST/A2A1[15]
                         net (fo=1, routed)           0.000     5.257    p_1_in__16/DSP_PREADD_DATA.A2A1<15>
    DSP48E2_X8Y27        DSP_MULTIPLIER (Prop_DSP_MULTIPLIER_DSP48E2_A2A1[15]_U[36])
                                                      0.647     5.904 f  p_1_in__16/DSP_MULTIPLIER_INST/U[36]
                         net (fo=1, routed)           0.000     5.904    p_1_in__16/DSP_MULTIPLIER.U<36>
    DSP48E2_X8Y27        DSP_M_DATA (Prop_DSP_M_DATA_DSP48E2_U[36]_U_DATA[36])
                                                      0.059     5.963 r  p_1_in__16/DSP_M_DATA_INST/U_DATA[36]
                         net (fo=1, routed)           0.000     5.963    p_1_in__16/DSP_M_DATA.U_DATA<36>
    DSP48E2_X8Y27        DSP_ALU (Prop_DSP_ALU_DSP48E2_U_DATA[36]_ALU_OUT[47])
                                                      0.699     6.662 f  p_1_in__16/DSP_ALU_INST/ALU_OUT[47]
                         net (fo=1, routed)           0.000     6.662    p_1_in__16/DSP_ALU.ALU_OUT<47>
    DSP48E2_X8Y27        DSP_OUTPUT (Prop_DSP_OUTPUT_DSP48E2_ALU_OUT[47]_PCOUT[47])
                                                      0.159     6.821 r  p_1_in__16/DSP_OUTPUT_INST/PCOUT[47]
                         net (fo=1, routed)           0.042     6.863    p_1_in__17/PCIN[47]
    DSP48E2_X8Y28        DSP_ALU (Prop_DSP_ALU_DSP48E2_PCIN[47]_ALU_OUT[47])
                                                      0.698     7.561 f  p_1_in__17/DSP_ALU_INST/ALU_OUT[47]
                         net (fo=1, routed)           0.000     7.561    p_1_in__17/DSP_ALU.ALU_OUT<47>
    DSP48E2_X8Y28        DSP_OUTPUT (Prop_DSP_OUTPUT_DSP48E2_ALU_OUT[47]_PCOUT[47])
                                                      0.159     7.720 r  p_1_in__17/DSP_OUTPUT_INST/PCOUT[47]
                         net (fo=1, routed)           0.016     7.736    p_1_in__18/PCIN[47]
    DSP48E2_X8Y29        DSP_ALU (Prop_DSP_ALU_DSP48E2_PCIN[47]_ALU_OUT[35])
                                                      0.698     8.434 f  p_1_in__18/DSP_ALU_INST/ALU_OUT[35]
                         net (fo=1, routed)           0.000     8.434    p_1_in__18/DSP_ALU.ALU_OUT<35>
    DSP48E2_X8Y29        DSP_OUTPUT (Prop_DSP_OUTPUT_DSP48E2_ALU_OUT[35]_P[35])
                                                      0.141     8.575 r  p_1_in__18/DSP_OUTPUT_INST/P[35]
                         net (fo=3, routed)           0.369     8.944    p_1_in__18_n_70
    SLICE_X55Y69         LUT3 (Prop_D5LUT_SLICEM_I0_O)
                                                      0.082     9.026 r  p_0_out__64_i_22/O
                         net (fo=2, routed)           0.530     9.556    p_0_out__64_i_22_n_0
    SLICE_X55Y69         LUT4 (Prop_E6LUT_SLICEM_I3_O)
                                                      0.177     9.733 r  p_0_out__64_i_27/O
                         net (fo=1, routed)           0.015     9.748    p_0_out__64_i_27_n_0
    SLICE_X55Y69         CARRY8 (Prop_CARRY8_SLICEM_S[4]_CO[7])
                                                      0.198     9.946 r  p_0_out__64_i_2/CO[7]
                         net (fo=1, routed)           0.028     9.974    p_0_out__64_i_2_n_0
    SLICE_X55Y70         CARRY8 (Prop_CARRY8_SLICEM_CI_CO[7])
                                                      0.023     9.997 r  p_0_out__64_i_1/CO[7]
                         net (fo=1, routed)           0.028    10.025    p_0_out__64_i_1_n_0
    SLICE_X55Y71         CARRY8 (Prop_CARRY8_SLICEM_CI_O[1])
                                                      0.097    10.122 f  p_0_out__60_i_2/O[1]
                         net (fo=9, routed)           2.096    12.217    p_0_out__90/A[15]
    DSP48E2_X7Y35        DSP_A_B_DATA (Prop_DSP_A_B_DATA_DSP48E2_A[15]_A2_DATA[15])
                                                      0.241    12.458 r  p_0_out__90/DSP_A_B_DATA_INST/A2_DATA[15]
                         net (fo=1, routed)           0.000    12.458    p_0_out__90/DSP_A_B_DATA.A2_DATA<15>
    DSP48E2_X7Y35        DSP_PREADD_DATA (Prop_DSP_PREADD_DATA_DSP48E2_A2_DATA[15]_A2A1[15])
                                                      0.098    12.556 r  p_0_out__90/DSP_PREADD_DATA_INST/A2A1[15]
                         net (fo=1, routed)           0.000    12.556    p_0_out__90/DSP_PREADD_DATA.A2A1<15>
    DSP48E2_X7Y35        DSP_MULTIPLIER (Prop_DSP_MULTIPLIER_DSP48E2_A2A1[15]_U[32])
                                                      0.647    13.203 f  p_0_out__90/DSP_MULTIPLIER_INST/U[32]
                         net (fo=1, routed)           0.000    13.203    p_0_out__90/DSP_MULTIPLIER.U<32>
    DSP48E2_X7Y35        DSP_M_DATA (Prop_DSP_M_DATA_DSP48E2_U[32]_U_DATA[32])
                                                      0.059    13.262 r  p_0_out__90/DSP_M_DATA_INST/U_DATA[32]
                         net (fo=1, routed)           0.000    13.262    p_0_out__90/DSP_M_DATA.U_DATA<32>
    DSP48E2_X7Y35        DSP_ALU (Prop_DSP_ALU_DSP48E2_U_DATA[32]_ALU_OUT[32])
                                                      0.699    13.961 f  p_0_out__90/DSP_ALU_INST/ALU_OUT[32]
                         net (fo=1, routed)           0.000    13.961    p_0_out__90/DSP_ALU.ALU_OUT<32>
    DSP48E2_X7Y35        DSP_OUTPUT (Prop_DSP_OUTPUT_DSP48E2_ALU_OUT[32]_P[32])
                                                      0.141    14.102 r  p_0_out__90/DSP_OUTPUT_INST/P[32]
                         net (fo=2, routed)           0.626    14.728    p_0_out__90_n_73
    SLICE_X49Y81         LUT3 (Prop_B5LUT_SLICEM_I2_O)
                                                      0.126    14.854 r  p_0_out__109_i_407/O
                         net (fo=2, routed)           0.930    15.785    p_0_out__109_i_407_n_0
    SLICE_X49Y81         CARRY8 (Prop_CARRY8_SLICEM_DI[2]_CO[7])
                                                      0.141    15.926 r  p_0_out__109_i_284/CO[7]
                         net (fo=1, routed)           0.028    15.954    p_0_out__109_i_284_n_0
    SLICE_X49Y82         CARRY8 (Prop_CARRY8_SLICEM_CI_O[3])
                                                      0.104    16.058 r  p_0_out__109_i_184/O[3]
                         net (fo=2, routed)           0.897    16.955    p_0_out__109_i_184_n_12
    SLICE_X49Y89         LUT3 (Prop_A5LUT_SLICEM_I2_O)
                                                      0.122    17.077 r  p_0_out__109_i_123/O
                         net (fo=2, routed)           0.551    17.628    p_0_out__109_i_123_n_0
    SLICE_X49Y89         LUT4 (Prop_B6LUT_SLICEM_I3_O)
                                                      0.116    17.744 r  p_0_out__109_i_131/O
                         net (fo=1, routed)           0.018    17.762    p_0_out__109_i_131_n_0
    SLICE_X49Y89         CARRY8 (Prop_CARRY8_SLICEM_S[1]_CO[7])
                                                      0.238    18.000 r  p_0_out__109_i_57/CO[7]
                         net (fo=1, routed)           0.060    18.060    p_0_out__109_i_57_n_0
    SLICE_X49Y90         CARRY8 (Prop_CARRY8_SLICEM_CI_O[7])
                                                      0.146    18.206 r  p_0_out__109_i_38/O[7]
                         net (fo=2, routed)           0.497    18.703    p_0_out__109_i_38_n_8
    SLICE_X47Y87         LUT3 (Prop_A5LUT_SLICEL_I1_O)
                                                      0.170    18.873 r  p_0_out__109_i_9/O
                         net (fo=2, routed)           0.579    19.452    p_0_out__109_i_9_n_0
    SLICE_X47Y87         LUT4 (Prop_B6LUT_SLICEL_I3_O)
                                                      0.115    19.567 r  p_0_out__109_i_17/O
                         net (fo=1, routed)           0.010    19.577    p_0_out__109_i_17_n_0
    SLICE_X47Y87         CARRY8 (Prop_CARRY8_SLICEL_S[1]_CO[7])
                                                      0.233    19.810 r  p_0_out__109_i_1/CO[7]
                         net (fo=1, routed)           0.028    19.838    p_0_out__109_i_1_n_0
    SLICE_X47Y88         CARRY8 (Prop_CARRY8_SLICEL_CI_CO[7])
                                                      0.023    19.861 r  p_0_out__106_i_2/CO[7]
                         net (fo=1, routed)           0.028    19.889    p_0_out__106_i_2_n_0
    SLICE_X47Y89         CARRY8 (Prop_CARRY8_SLICEL_CI_CO[7])
                                                      0.023    19.912 r  p_0_out__106_i_1/CO[7]
                         net (fo=1, routed)           0.060    19.972    p_0_out__106_i_1_n_0
    SLICE_X47Y90         CARRY8 (Prop_CARRY8_SLICEL_CI_CO[7])
                                                      0.023    19.995 r  p_0_out__103_i_3/CO[7]
                         net (fo=1, routed)           0.028    20.023    p_0_out__103_i_3_n_0
    SLICE_X47Y91         CARRY8 (Prop_CARRY8_SLICEL_CI_O[0])
                                                      0.072    20.095 f  p_0_out__103_i_2/O[0]
                         net (fo=3, routed)           1.432    21.527    p_0_out__103/B[3]
    DSP48E2_X8Y35        DSP_A_B_DATA (Prop_DSP_A_B_DATA_DSP48E2_B[3]_B2_DATA[3])
                                                      0.195    21.722 r  p_0_out__103/DSP_A_B_DATA_INST/B2_DATA[3]
                         net (fo=1, routed)           0.000    21.722    p_0_out__103/DSP_A_B_DATA.B2_DATA<3>
    DSP48E2_X8Y35        DSP_PREADD_DATA (Prop_DSP_PREADD_DATA_DSP48E2_B2_DATA[3]_B2B1[3])
                                                      0.092    21.814 r  p_0_out__103/DSP_PREADD_DATA_INST/B2B1[3]
                         net (fo=1, routed)           0.000    21.814    p_0_out__103/DSP_PREADD_DATA.B2B1<3>
    DSP48E2_X8Y35        DSP_MULTIPLIER (Prop_DSP_MULTIPLIER_DSP48E2_B2B1[3]_U[35])
                                                      0.737    22.551 f  p_0_out__103/DSP_MULTIPLIER_INST/U[35]
                         net (fo=1, routed)           0.000    22.551    p_0_out__103/DSP_MULTIPLIER.U<35>
    DSP48E2_X8Y35        DSP_M_DATA (Prop_DSP_M_DATA_DSP48E2_U[35]_U_DATA[35])
                                                      0.059    22.610 r  p_0_out__103/DSP_M_DATA_INST/U_DATA[35]
                         net (fo=1, routed)           0.000    22.610    p_0_out__103/DSP_M_DATA.U_DATA<35>
    DSP48E2_X8Y35        DSP_ALU (Prop_DSP_ALU_DSP48E2_U_DATA[35]_ALU_OUT[47])
                                                      0.699    23.309 f  p_0_out__103/DSP_ALU_INST/ALU_OUT[47]
                         net (fo=1, routed)           0.000    23.309    p_0_out__103/DSP_ALU.ALU_OUT<47>
    DSP48E2_X8Y35        DSP_OUTPUT (Prop_DSP_OUTPUT_DSP48E2_ALU_OUT[47]_PCOUT[47])
                                                      0.159    23.468 r  p_0_out__103/DSP_OUTPUT_INST/PCOUT[47]
                         net (fo=1, routed)           0.080    23.548    p_0_out__104/PCIN[47]
    DSP48E2_X8Y36        DSP_ALU (Prop_DSP_ALU_DSP48E2_PCIN[47]_ALU_OUT[47])
                                                      0.698    24.246 f  p_0_out__104/DSP_ALU_INST/ALU_OUT[47]
                         net (fo=1, routed)           0.000    24.246    p_0_out__104/DSP_ALU.ALU_OUT<47>
    DSP48E2_X8Y36        DSP_OUTPUT (Prop_DSP_OUTPUT_DSP48E2_ALU_OUT[47]_PCOUT[47])
                                                      0.159    24.405 r  p_0_out__104/DSP_OUTPUT_INST/PCOUT[47]
                         net (fo=1, routed)           0.016    24.421    p_0_out__105/PCIN[47]
    DSP48E2_X8Y37        DSP_ALU (Prop_DSP_ALU_DSP48E2_PCIN[47]_ALU_OUT[6])
                                                      0.698    25.119 f  p_0_out__105/DSP_ALU_INST/ALU_OUT[6]
                         net (fo=1, routed)           0.000    25.119    p_0_out__105/DSP_ALU.ALU_OUT<6>
    DSP48E2_X8Y37        DSP_OUTPUT (Prop_DSP_OUTPUT_DSP48E2_ALU_OUT[6]_P[6])
                                                      0.141    25.260 r  p_0_out__105/DSP_OUTPUT_INST/P[6]
                         net (fo=4, routed)           0.407    25.667    p_0_out__105_n_99
    SLICE_X52Y89         LUT4 (Prop_D5LUT_SLICEM_I1_O)
                                                      0.195    25.862 r  coeff_reg_0_63_0_6_i_828/O
                         net (fo=2, routed)           0.530    26.392    coeff_reg_0_63_0_6_i_828_n_0
    SLICE_X52Y89         LUT5 (Prop_E6LUT_SLICEM_I4_O)
                                                      0.177    26.569 r  coeff_reg_0_63_0_6_i_836/O
                         net (fo=1, routed)           0.015    26.584    coeff_reg_0_63_0_6_i_836_n_0
    SLICE_X52Y89         CARRY8 (Prop_CARRY8_SLICEM_S[4]_CO[7])
                                                      0.198    26.782 r  coeff_reg_0_63_0_6_i_684/CO[7]
                         net (fo=1, routed)           0.060    26.842    coeff_reg_0_63_0_6_i_684_n_0
    SLICE_X52Y90         CARRY8 (Prop_CARRY8_SLICEM_CI_CO[7])
                                                      0.023    26.865 r  coeff_reg_0_63_0_6_i_683/CO[7]
                         net (fo=1, routed)           0.028    26.893    coeff_reg_0_63_0_6_i_683_n_0
    SLICE_X52Y91         CARRY8 (Prop_CARRY8_SLICEM_CI_O[3])
                                                      0.104    26.997 r  coeff_reg_0_63_0_6_i_558/O[3]
                         net (fo=1, routed)           0.473    27.470    coeff_reg_0_63_0_6_i_558_n_12
    SLICE_X51Y91         LUT2 (Prop_E6LUT_SLICEL_I1_O)
                                                      0.176    27.646 r  coeff_reg_0_63_0_6_i_544/O
                         net (fo=1, routed)           0.008    27.654    coeff_reg_0_63_0_6_i_544_n_0
    SLICE_X51Y91         CARRY8 (Prop_CARRY8_SLICEL_S[4]_CO[7])
                                                      0.195    27.849 r  coeff_reg_0_63_0_6_i_406/CO[7]
                         net (fo=1, routed)           0.028    27.877    coeff_reg_0_63_0_6_i_406_n_0
    SLICE_X51Y92         CARRY8 (Prop_CARRY8_SLICEL_CI_O[6])
                                                      0.129    28.006 f  coeff_reg_0_63_0_6_i_314/O[6]
                         net (fo=2, routed)           0.534    28.540    coeff_reg_0_63_0_6_i_314_n_9
    SLICE_X50Y89         LUT2 (Prop_D6LUT_SLICEM_I0_O)
                                                      0.147    28.687 r  coeff_reg_0_63_0_6_i_168/O
                         net (fo=1, routed)           0.026    28.713    coeff_reg_0_63_0_6_i_168_n_0
    SLICE_X50Y89         CARRY8 (Prop_CARRY8_SLICEM_S[3]_CO[3])
                                                      0.168    28.881 r  coeff_reg_0_63_0_6_i_84/CO[3]
                         net (fo=60, routed)          0.400    29.281    p_6_in
    SLICE_X50Y72         LUT6 (Prop_F6LUT_SLICEM_I4_O)
                                                      0.177    29.458 r  coeff_reg_0_63_7_13_i_18/O
                         net (fo=1, routed)           0.581    30.039    coeff_reg_0_63_7_13_i_18_n_0
    SLICE_X55Y60         LUT6 (Prop_G6LUT_SLICEM_I4_O)
                                                      0.116    30.155 r  coeff_reg_0_63_7_13_i_2/O
                         net (fo=128, routed)         4.225    34.380    coeff_reg_4416_4479_7_13/DIB
    SLICE_X62Y55         RAMD64E                                      r  coeff_reg_4416_4479_7_13/RAMB/I
  -------------------------------------------------------------------    -------------------

Slack:                    inf
  Source:                 u_r_reg[13]/C
                            (rising edge-triggered cell FDRE)
  Destination:            coeff_reg_4480_4543_7_13/RAMB/I
  Path Group:             (none)
  Path Type:              Max at Slow Process Corner
  Data Path Delay:        34.261ns  (logic 14.211ns (41.479%)  route 20.050ns (58.521%))
  Logic Levels:           67  (CARRY8=24 DSP_A_B_DATA=3 DSP_ALU=7 DSP_M_DATA=3 DSP_MULTIPLIER=3 DSP_OUTPUT=7 DSP_PREADD_DATA=3 FDRE=1 LUT2=2 LUT3=6 LUT4=5 LUT5=1 LUT6=2)

    Location             Delay type                Incr(ns)  Path(ns)    Netlist Resource(s)
  -------------------------------------------------------------------    -------------------
    SLICE_X57Y49         FDRE                         0.000     0.000 r  u_r_reg[13]/C
    SLICE_X57Y49         FDRE (Prop_AFF2_SLICEL_C_Q)
                                                      0.099     0.099 r  u_r_reg[13]/Q
                         net (fo=8, routed)           1.031     1.130    u_r_reg_n_0_[13]
    SLICE_X57Y63         LUT3 (Prop_F5LUT_SLICEL_I0_O)
                                                      0.205     1.335 r  p_1_in__13_i_31/O
                         net (fo=2, routed)           0.550     1.884    p_1_in__13_i_31_n_0
    SLICE_X57Y63         CARRY8 (Prop_CARRY8_SLICEL_DI[6]_CO[7])
                                                      0.073     1.957 r  p_1_in__13_i_19/CO[7]
                         net (fo=1, routed)           0.028     1.985    p_1_in__13_i_19_n_0
    SLICE_X57Y64         CARRY8 (Prop_CARRY8_SLICEL_CI_CO[7])
                                                      0.023     2.008 r  p_1_in__10_i_23/CO[7]
                         net (fo=1, routed)           0.028     2.036    p_1_in__10_i_23_n_0
    SLICE_X57Y65         CARRY8 (Prop_CARRY8_SLICEL_CI_O[0])
                                                      0.072     2.108 r  p_1_in__10_i_21/O[0]
                         net (fo=5, routed)           0.688     2.796    p_1_in__10_i_21_n_15
    SLICE_X58Y66         LUT4 (Prop_E6LUT_SLICEM_I2_O)
                                                      0.148     2.944 r  p_1_in__9_i_95/O
                         net (fo=1, routed)           0.015     2.959    p_1_in__9_i_95_n_0
    SLICE_X58Y66         CARRY8 (Prop_CARRY8_SLICEM_S[4]_CO[7])
                                                      0.198     3.157 r  p_1_in__9_i_66/CO[7]
                         net (fo=1, routed)           0.028     3.185    p_1_in__9_i_66_n_0
    SLICE_X58Y67         CARRY8 (Prop_CARRY8_SLICEM_CI_CO[7])
                                                      0.023     3.208 r  p_1_in__9_i_19/CO[7]
                         net (fo=1, routed)           0.028     3.236    p_1_in__9_i_19_n_0
    SLICE_X58Y68         CARRY8 (Prop_CARRY8_SLICEM_CI_CO[6])
                                                      0.116     3.352 r  p_1_in__9_i_11/CO[6]
                         net (fo=60, routed)          0.486     3.839    p_1_in__9_i_11_n_1
    SLICE_X57Y61         LUT3 (Prop_D6LUT_SLICEL_I1_O)
                                                      0.099     3.938 f  p_1_in__13_i_2/O
                         net (fo=3, routed)           0.980     4.918    p_1_in__16/A[15]
    DSP48E2_X8Y27        DSP_A_B_DATA (Prop_DSP_A_B_DATA_DSP48E2_A[15]_A2_DATA[15])
                                                      0.241     5.159 r  p_1_in__16/DSP_A_B_DATA_INST/A2_DATA[15]
                         net (fo=1, routed)           0.000     5.159    p_1_in__16/DSP_A_B_DATA.A2_DATA<15>
    DSP48E2_X8Y27        DSP_PREADD_DATA (Prop_DSP_PREADD_DATA_DSP48E2_A2_DATA[15]_A2A1[15])
                                                      0.098     5.257 r  p_1_in__16/DSP_PREADD_DATA_INST/A2A1[15]
                         net (fo=1, routed)           0.000     5.257    p_1_in__16/DSP_PREADD_DATA.A2A1<15>
    DSP48E2_X8Y27        DSP_MULTIPLIER (Prop_DSP_MULTIPLIER_DSP48E2_A2A1[15]_U[36])
                                                      0.647     5.904 f  p_1_in__16/DSP_MULTIPLIER_INST/U[36]
                         net (fo=1, routed)           0.000     5.904    p_1_in__16/DSP_MULTIPLIER.U<36>
    DSP48E2_X8Y27        DSP_M_DATA (Prop_DSP_M_DATA_DSP48E2_U[36]_U_DATA[36])
                                                      0.059     5.963 r  p_1_in__16/DSP_M_DATA_INST/U_DATA[36]
                         net (fo=1, routed)           0.000     5.963    p_1_in__16/DSP_M_DATA.U_DATA<36>
    DSP48E2_X8Y27        DSP_ALU (Prop_DSP_ALU_DSP48E2_U_DATA[36]_ALU_OUT[47])
                                                      0.699     6.662 f  p_1_in__16/DSP_ALU_INST/ALU_OUT[47]
                         net (fo=1, routed)           0.000     6.662    p_1_in__16/DSP_ALU.ALU_OUT<47>
    DSP48E2_X8Y27        DSP_OUTPUT (Prop_DSP_OUTPUT_DSP48E2_ALU_OUT[47]_PCOUT[47])
                                                      0.159     6.821 r  p_1_in__16/DSP_OUTPUT_INST/PCOUT[47]
                         net (fo=1, routed)           0.042     6.863    p_1_in__17/PCIN[47]
    DSP48E2_X8Y28        DSP_ALU (Prop_DSP_ALU_DSP48E2_PCIN[47]_ALU_OUT[47])
                                                      0.698     7.561 f  p_1_in__17/DSP_ALU_INST/ALU_OUT[47]
                         net (fo=1, routed)           0.000     7.561    p_1_in__17/DSP_ALU.ALU_OUT<47>
    DSP48E2_X8Y28        DSP_OUTPUT (Prop_DSP_OUTPUT_DSP48E2_ALU_OUT[47]_PCOUT[47])
                                                      0.159     7.720 r  p_1_in__17/DSP_OUTPUT_INST/PCOUT[47]
                         net (fo=1, routed)           0.016     7.736    p_1_in__18/PCIN[47]
    DSP48E2_X8Y29        DSP_ALU (Prop_DSP_ALU_DSP48E2_PCIN[47]_ALU_OUT[35])
                                                      0.698     8.434 f  p_1_in__18/DSP_ALU_INST/ALU_OUT[35]
                         net (fo=1, routed)           0.000     8.434    p_1_in__18/DSP_ALU.ALU_OUT<35>
    DSP48E2_X8Y29        DSP_OUTPUT (Prop_DSP_OUTPUT_DSP48E2_ALU_OUT[35]_P[35])
                                                      0.141     8.575 r  p_1_in__18/DSP_OUTPUT_INST/P[35]
                         net (fo=3, routed)           0.369     8.944    p_1_in__18_n_70
    SLICE_X55Y69         LUT3 (Prop_D5LUT_SLICEM_I0_O)
                                                      0.082     9.026 r  p_0_out__64_i_22/O
                         net (fo=2, routed)           0.530     9.556    p_0_out__64_i_22_n_0
    SLICE_X55Y69         LUT4 (Prop_E6LUT_SLICEM_I3_O)
                                                      0.177     9.733 r  p_0_out__64_i_27/O
                         net (fo=1, routed)           0.015     9.748    p_0_out__64_i_27_n_0
    SLICE_X55Y69         CARRY8 (Prop_CARRY8_SLICEM_S[4]_CO[7])
                                                      0.198     9.946 r  p_0_out__64_i_2/CO[7]
                         net (fo=1, routed)           0.028     9.974    p_0_out__64_i_2_n_0
    SLICE_X55Y70         CARRY8 (Prop_CARRY8_SLICEM_CI_CO[7])
                                                      0.023     9.997 r  p_0_out__64_i_1/CO[7]
                         net (fo=1, routed)           0.028    10.025    p_0_out__64_i_1_n_0
    SLICE_X55Y71         CARRY8 (Prop_CARRY8_SLICEM_CI_O[1])
                                                      0.097    10.122 f  p_0_out__60_i_2/O[1]
                         net (fo=9, routed)           2.096    12.217    p_0_out__90/A[15]
    DSP48E2_X7Y35        DSP_A_B_DATA (Prop_DSP_A_B_DATA_DSP48E2_A[15]_A2_DATA[15])
                                                      0.241    12.458 r  p_0_out__90/DSP_A_B_DATA_INST/A2_DATA[15]
                         net (fo=1, routed)           0.000    12.458    p_0_out__90/DSP_A_B_DATA.A2_DATA<15>
    DSP48E2_X7Y35        DSP_PREADD_DATA (Prop_DSP_PREADD_DATA_DSP48E2_A2_DATA[15]_A2A1[15])
                                                      0.098    12.556 r  p_0_out__90/DSP_PREADD_DATA_INST/A2A1[15]
                         net (fo=1, routed)           0.000    12.556    p_0_out__90/DSP_PREADD_DATA.A2A1<15>
    DSP48E2_X7Y35        DSP_MULTIPLIER (Prop_DSP_MULTIPLIER_DSP48E2_A2A1[15]_U[32])
                                                      0.647    13.203 f  p_0_out__90/DSP_MULTIPLIER_INST/U[32]
                         net (fo=1, routed)           0.000    13.203    p_0_out__90/DSP_MULTIPLIER.U<32>
    DSP48E2_X7Y35        DSP_M_DATA (Prop_DSP_M_DATA_DSP48E2_U[32]_U_DATA[32])
                                                      0.059    13.262 r  p_0_out__90/DSP_M_DATA_INST/U_DATA[32]
                         net (fo=1, routed)           0.000    13.262    p_0_out__90/DSP_M_DATA.U_DATA<32>
    DSP48E2_X7Y35        DSP_ALU (Prop_DSP_ALU_DSP48E2_U_DATA[32]_ALU_OUT[32])
                                                      0.699    13.961 f  p_0_out__90/DSP_ALU_INST/ALU_OUT[32]
                         net (fo=1, routed)           0.000    13.961    p_0_out__90/DSP_ALU.ALU_OUT<32>
    DSP48E2_X7Y35        DSP_OUTPUT (Prop_DSP_OUTPUT_DSP48E2_ALU_OUT[32]_P[32])
                                                      0.141    14.102 r  p_0_out__90/DSP_OUTPUT_INST/P[32]
                         net (fo=2, routed)           0.626    14.728    p_0_out__90_n_73
    SLICE_X49Y81         LUT3 (Prop_B5LUT_SLICEM_I2_O)
                                                      0.126    14.854 r  p_0_out__109_i_407/O
                         net (fo=2, routed)           0.930    15.785    p_0_out__109_i_407_n_0
    SLICE_X49Y81         CARRY8 (Prop_CARRY8_SLICEM_DI[2]_CO[7])
                                                      0.141    15.926 r  p_0_out__109_i_284/CO[7]
                         net (fo=1, routed)           0.028    15.954    p_0_out__109_i_284_n_0
    SLICE_X49Y82         CARRY8 (Prop_CARRY8_SLICEM_CI_O[3])
                                                      0.104    16.058 r  p_0_out__109_i_184/O[3]
                         net (fo=2, routed)           0.897    16.955    p_0_out__109_i_184_n_12
    SLICE_X49Y89         LUT3 (Prop_A5LUT_SLICEM_I2_O)
                                                      0.122    17.077 r  p_0_out__109_i_123/O
                         net (fo=2, routed)           0.551    17.628    p_0_out__109_i_123_n_0
    SLICE_X49Y89         LUT4 (Prop_B6LUT_SLICEM_I3_O)
                                                      0.116    17.744 r  p_0_out__109_i_131/O
                         net (fo=1, routed)           0.018    17.762    p_0_out__109_i_131_n_0
    SLICE_X49Y89         CARRY8 (Prop_CARRY8_SLICEM_S[1]_CO[7])
                                                      0.238    18.000 r  p_0_out__109_i_57/CO[7]
                         net (fo=1, routed)           0.060    18.060    p_0_out__109_i_57_n_0
    SLICE_X49Y90         CARRY8 (Prop_CARRY8_SLICEM_CI_O[7])
                                                      0.146    18.206 r  p_0_out__109_i_38/O[7]
                         net (fo=2, routed)           0.497    18.703    p_0_out__109_i_38_n_8
    SLICE_X47Y87         LUT3 (Prop_A5LUT_SLICEL_I1_O)
                                                      0.170    18.873 r  p_0_out__109_i_9/O
                         net (fo=2, routed)           0.579    19.452    p_0_out__109_i_9_n_0
    SLICE_X47Y87         LUT4 (Prop_B6LUT_SLICEL_I3_O)
                                                      0.115    19.567 r  p_0_out__109_i_17/O
                         net (fo=1, routed)           0.010    19.577    p_0_out__109_i_17_n_0
    SLICE_X47Y87         CARRY8 (Prop_CARRY8_SLICEL_S[1]_CO[7])
                                                      0.233    19.810 r  p_0_out__109_i_1/CO[7]
                         net (fo=1, routed)           0.028    19.838    p_0_out__109_i_1_n_0
    SLICE_X47Y88         CARRY8 (Prop_CARRY8_SLICEL_CI_CO[7])
                                                      0.023    19.861 r  p_0_out__106_i_2/CO[7]
                         net (fo=1, routed)           0.028    19.889    p_0_out__106_i_2_n_0
    SLICE_X47Y89         CARRY8 (Prop_CARRY8_SLICEL_CI_CO[7])
                                                      0.023    19.912 r  p_0_out__106_i_1/CO[7]
                         net (fo=1, routed)           0.060    19.972    p_0_out__106_i_1_n_0
    SLICE_X47Y90         CARRY8 (Prop_CARRY8_SLICEL_CI_CO[7])
                                                      0.023    19.995 r  p_0_out__103_i_3/CO[7]
                         net (fo=1, routed)           0.028    20.023    p_0_out__103_i_3_n_0
    SLICE_X47Y91         CARRY8 (Prop_CARRY8_SLICEL_CI_O[0])
                                                      0.072    20.095 f  p_0_out__103_i_2/O[0]
                         net (fo=3, routed)           1.432    21.527    p_0_out__103/B[3]
    DSP48E2_X8Y35        DSP_A_B_DATA (Prop_DSP_A_B_DATA_DSP48E2_B[3]_B2_DATA[3])
                                                      0.195    21.722 r  p_0_out__103/DSP_A_B_DATA_INST/B2_DATA[3]
                         net (fo=1, routed)           0.000    21.722    p_0_out__103/DSP_A_B_DATA.B2_DATA<3>
    DSP48E2_X8Y35        DSP_PREADD_DATA (Prop_DSP_PREADD_DATA_DSP48E2_B2_DATA[3]_B2B1[3])
                                                      0.092    21.814 r  p_0_out__103/DSP_PREADD_DATA_INST/B2B1[3]
                         net (fo=1, routed)           0.000    21.814    p_0_out__103/DSP_PREADD_DATA.B2B1<3>
    DSP48E2_X8Y35        DSP_MULTIPLIER (Prop_DSP_MULTIPLIER_DSP48E2_B2B1[3]_U[35])
                                                      0.737    22.551 f  p_0_out__103/DSP_MULTIPLIER_INST/U[35]
                         net (fo=1, routed)           0.000    22.551    p_0_out__103/DSP_MULTIPLIER.U<35>
    DSP48E2_X8Y35        DSP_M_DATA (Prop_DSP_M_DATA_DSP48E2_U[35]_U_DATA[35])
                                                      0.059    22.610 r  p_0_out__103/DSP_M_DATA_INST/U_DATA[35]
                         net (fo=1, routed)           0.000    22.610    p_0_out__103/DSP_M_DATA.U_DATA<35>
    DSP48E2_X8Y35        DSP_ALU (Prop_DSP_ALU_DSP48E2_U_DATA[35]_ALU_OUT[47])
                                                      0.699    23.309 f  p_0_out__103/DSP_ALU_INST/ALU_OUT[47]
                         net (fo=1, routed)           0.000    23.309    p_0_out__103/DSP_ALU.ALU_OUT<47>
    DSP48E2_X8Y35        DSP_OUTPUT (Prop_DSP_OUTPUT_DSP48E2_ALU_OUT[47]_PCOUT[47])
                                                      0.159    23.468 r  p_0_out__103/DSP_OUTPUT_INST/PCOUT[47]
                         net (fo=1, routed)           0.080    23.548    p_0_out__104/PCIN[47]
    DSP48E2_X8Y36        DSP_ALU (Prop_DSP_ALU_DSP48E2_PCIN[47]_ALU_OUT[47])
                                                      0.698    24.246 f  p_0_out__104/DSP_ALU_INST/ALU_OUT[47]
                         net (fo=1, routed)           0.000    24.246    p_0_out__104/DSP_ALU.ALU_OUT<47>
    DSP48E2_X8Y36        DSP_OUTPUT (Prop_DSP_OUTPUT_DSP48E2_ALU_OUT[47]_PCOUT[47])
                                                      0.159    24.405 r  p_0_out__104/DSP_OUTPUT_INST/PCOUT[47]
                         net (fo=1, routed)           0.016    24.421    p_0_out__105/PCIN[47]
    DSP48E2_X8Y37        DSP_ALU (Prop_DSP_ALU_DSP48E2_PCIN[47]_ALU_OUT[6])
                                                      0.698    25.119 f  p_0_out__105/DSP_ALU_INST/ALU_OUT[6]
                         net (fo=1, routed)           0.000    25.119    p_0_out__105/DSP_ALU.ALU_OUT<6>
    DSP48E2_X8Y37        DSP_OUTPUT (Prop_DSP_OUTPUT_DSP48E2_ALU_OUT[6]_P[6])
                                                      0.141    25.260 r  p_0_out__105/DSP_OUTPUT_INST/P[6]
                         net (fo=4, routed)           0.407    25.667    p_0_out__105_n_99
    SLICE_X52Y89         LUT4 (Prop_D5LUT_SLICEM_I1_O)
                                                      0.195    25.862 r  coeff_reg_0_63_0_6_i_828/O
                         net (fo=2, routed)           0.530    26.392    coeff_reg_0_63_0_6_i_828_n_0
    SLICE_X52Y89         LUT5 (Prop_E6LUT_SLICEM_I4_O)
                                                      0.177    26.569 r  coeff_reg_0_63_0_6_i_836/O
                         net (fo=1, routed)           0.015    26.584    coeff_reg_0_63_0_6_i_836_n_0
    SLICE_X52Y89         CARRY8 (Prop_CARRY8_SLICEM_S[4]_CO[7])
                                                      0.198    26.782 r  coeff_reg_0_63_0_6_i_684/CO[7]
                         net (fo=1, routed)           0.060    26.842    coeff_reg_0_63_0_6_i_684_n_0
    SLICE_X52Y90         CARRY8 (Prop_CARRY8_SLICEM_CI_CO[7])
                                                      0.023    26.865 r  coeff_reg_0_63_0_6_i_683/CO[7]
                         net (fo=1, routed)           0.028    26.893    coeff_reg_0_63_0_6_i_683_n_0
    SLICE_X52Y91         CARRY8 (Prop_CARRY8_SLICEM_CI_O[3])
                                                      0.104    26.997 r  coeff_reg_0_63_0_6_i_558/O[3]
                         net (fo=1, routed)           0.473    27.470    coeff_reg_0_63_0_6_i_558_n_12
    SLICE_X51Y91         LUT2 (Prop_E6LUT_SLICEL_I1_O)
                                                      0.176    27.646 r  coeff_reg_0_63_0_6_i_544/O
                         net (fo=1, routed)           0.008    27.654    coeff_reg_0_63_0_6_i_544_n_0
    SLICE_X51Y91         CARRY8 (Prop_CARRY8_SLICEL_S[4]_CO[7])
                                                      0.195    27.849 r  coeff_reg_0_63_0_6_i_406/CO[7]
                         net (fo=1, routed)           0.028    27.877    coeff_reg_0_63_0_6_i_406_n_0
    SLICE_X51Y92         CARRY8 (Prop_CARRY8_SLICEL_CI_O[6])
                                                      0.129    28.006 f  coeff_reg_0_63_0_6_i_314/O[6]
                         net (fo=2, routed)           0.534    28.540    coeff_reg_0_63_0_6_i_314_n_9
    SLICE_X50Y89         LUT2 (Prop_D6LUT_SLICEM_I0_O)
                                                      0.147    28.687 r  coeff_reg_0_63_0_6_i_168/O
                         net (fo=1, routed)           0.026    28.713    coeff_reg_0_63_0_6_i_168_n_0
    SLICE_X50Y89         CARRY8 (Prop_CARRY8_SLICEM_S[3]_CO[3])
                                                      0.168    28.881 r  coeff_reg_0_63_0_6_i_84/CO[3]
                         net (fo=60, routed)          0.400    29.281    p_6_in
    SLICE_X50Y72         LUT6 (Prop_F6LUT_SLICEM_I4_O)
                                                      0.177    29.458 r  coeff_reg_0_63_7_13_i_18/O
                         net (fo=1, routed)           0.581    30.039    coeff_reg_0_63_7_13_i_18_n_0
    SLICE_X55Y60         LUT6 (Prop_G6LUT_SLICEM_I4_O)
                                                      0.116    30.155 r  coeff_reg_0_63_7_13_i_2/O
                         net (fo=128, routed)         4.105    34.261    coeff_reg_4480_4543_7_13/DIB
    SLICE_X62Y56         RAMD64E                                      r  coeff_reg_4480_4543_7_13/RAMB/I
  -------------------------------------------------------------------    -------------------

Slack:                    inf
  Source:                 u_r_reg[13]/C
                            (rising edge-triggered cell FDRE)
  Destination:            coeff_reg_4352_4415_7_13/RAMB/I
  Path Group:             (none)
  Path Type:              Max at Slow Process Corner
  Data Path Delay:        34.260ns  (logic 14.211ns (41.479%)  route 20.049ns (58.521%))
  Logic Levels:           67  (CARRY8=24 DSP_A_B_DATA=3 DSP_ALU=7 DSP_M_DATA=3 DSP_MULTIPLIER=3 DSP_OUTPUT=7 DSP_PREADD_DATA=3 FDRE=1 LUT2=2 LUT3=6 LUT4=5 LUT5=1 LUT6=2)

    Location             Delay type                Incr(ns)  Path(ns)    Netlist Resource(s)
  -------------------------------------------------------------------    -------------------
    SLICE_X57Y49         FDRE                         0.000     0.000 r  u_r_reg[13]/C
    SLICE_X57Y49         FDRE (Prop_AFF2_SLICEL_C_Q)
                                                      0.099     0.099 r  u_r_reg[13]/Q
                         net (fo=8, routed)           1.031     1.130    u_r_reg_n_0_[13]
    SLICE_X57Y63         LUT3 (Prop_F5LUT_SLICEL_I0_O)
                                                      0.205     1.335 r  p_1_in__13_i_31/O
                         net (fo=2, routed)           0.550     1.884    p_1_in__13_i_31_n_0
    SLICE_X57Y63         CARRY8 (Prop_CARRY8_SLICEL_DI[6]_CO[7])
                                                      0.073     1.957 r  p_1_in__13_i_19/CO[7]
                         net (fo=1, routed)           0.028     1.985    p_1_in__13_i_19_n_0
    SLICE_X57Y64         CARRY8 (Prop_CARRY8_SLICEL_CI_CO[7])
                                                      0.023     2.008 r  p_1_in__10_i_23/CO[7]
                         net (fo=1, routed)           0.028     2.036    p_1_in__10_i_23_n_0
    SLICE_X57Y65         CARRY8 (Prop_CARRY8_SLICEL_CI_O[0])
                                                      0.072     2.108 r  p_1_in__10_i_21/O[0]
                         net (fo=5, routed)           0.688     2.796    p_1_in__10_i_21_n_15
    SLICE_X58Y66         LUT4 (Prop_E6LUT_SLICEM_I2_O)
                                                      0.148     2.944 r  p_1_in__9_i_95/O
                         net (fo=1, routed)           0.015     2.959    p_1_in__9_i_95_n_0
    SLICE_X58Y66         CARRY8 (Prop_CARRY8_SLICEM_S[4]_CO[7])
                                                      0.198     3.157 r  p_1_in__9_i_66/CO[7]
                         net (fo=1, routed)           0.028     3.185    p_1_in__9_i_66_n_0
    SLICE_X58Y67         CARRY8 (Prop_CARRY8_SLICEM_CI_CO[7])
                                                      0.023     3.208 r  p_1_in__9_i_19/CO[7]
                         net (fo=1, routed)           0.028     3.236    p_1_in__9_i_19_n_0
    SLICE_X58Y68         CARRY8 (Prop_CARRY8_SLICEM_CI_CO[6])
                                                      0.116     3.352 r  p_1_in__9_i_11/CO[6]
                         net (fo=60, routed)          0.486     3.839    p_1_in__9_i_11_n_1
    SLICE_X57Y61         LUT3 (Prop_D6LUT_SLICEL_I1_O)
                                                      0.099     3.938 f  p_1_in__13_i_2/O
                         net (fo=3, routed)           0.980     4.918    p_1_in__16/A[15]
    DSP48E2_X8Y27        DSP_A_B_DATA (Prop_DSP_A_B_DATA_DSP48E2_A[15]_A2_DATA[15])
                                                      0.241     5.159 r  p_1_in__16/DSP_A_B_DATA_INST/A2_DATA[15]
                         net (fo=1, routed)           0.000     5.159    p_1_in__16/DSP_A_B_DATA.A2_DATA<15>
    DSP48E2_X8Y27        DSP_PREADD_DATA (Prop_DSP_PREADD_DATA_DSP48E2_A2_DATA[15]_A2A1[15])
                                                      0.098     5.257 r  p_1_in__16/DSP_PREADD_DATA_INST/A2A1[15]
                         net (fo=1, routed)           0.000     5.257    p_1_in__16/DSP_PREADD_DATA.A2A1<15>
    DSP48E2_X8Y27        DSP_MULTIPLIER (Prop_DSP_MULTIPLIER_DSP48E2_A2A1[15]_U[36])
                                                      0.647     5.904 f  p_1_in__16/DSP_MULTIPLIER_INST/U[36]
                         net (fo=1, routed)           0.000     5.904    p_1_in__16/DSP_MULTIPLIER.U<36>
    DSP48E2_X8Y27        DSP_M_DATA (Prop_DSP_M_DATA_DSP48E2_U[36]_U_DATA[36])
                                                      0.059     5.963 r  p_1_in__16/DSP_M_DATA_INST/U_DATA[36]
                         net (fo=1, routed)           0.000     5.963    p_1_in__16/DSP_M_DATA.U_DATA<36>
    DSP48E2_X8Y27        DSP_ALU (Prop_DSP_ALU_DSP48E2_U_DATA[36]_ALU_OUT[47])
                                                      0.699     6.662 f  p_1_in__16/DSP_ALU_INST/ALU_OUT[47]
                         net (fo=1, routed)           0.000     6.662    p_1_in__16/DSP_ALU.ALU_OUT<47>
    DSP48E2_X8Y27        DSP_OUTPUT (Prop_DSP_OUTPUT_DSP48E2_ALU_OUT[47]_PCOUT[47])
                                                      0.159     6.821 r  p_1_in__16/DSP_OUTPUT_INST/PCOUT[47]
                         net (fo=1, routed)           0.042     6.863    p_1_in__17/PCIN[47]
    DSP48E2_X8Y28        DSP_ALU (Prop_DSP_ALU_DSP48E2_PCIN[47]_ALU_OUT[47])
                                                      0.698     7.561 f  p_1_in__17/DSP_ALU_INST/ALU_OUT[47]
                         net (fo=1, routed)           0.000     7.561    p_1_in__17/DSP_ALU.ALU_OUT<47>
    DSP48E2_X8Y28        DSP_OUTPUT (Prop_DSP_OUTPUT_DSP48E2_ALU_OUT[47]_PCOUT[47])
                                                      0.159     7.720 r  p_1_in__17/DSP_OUTPUT_INST/PCOUT[47]
                         net (fo=1, routed)           0.016     7.736    p_1_in__18/PCIN[47]
    DSP48E2_X8Y29        DSP_ALU (Prop_DSP_ALU_DSP48E2_PCIN[47]_ALU_OUT[35])
                                                      0.698     8.434 f  p_1_in__18/DSP_ALU_INST/ALU_OUT[35]
                         net (fo=1, routed)           0.000     8.434    p_1_in__18/DSP_ALU.ALU_OUT<35>
    DSP48E2_X8Y29        DSP_OUTPUT (Prop_DSP_OUTPUT_DSP48E2_ALU_OUT[35]_P[35])
                                                      0.141     8.575 r  p_1_in__18/DSP_OUTPUT_INST/P[35]
                         net (fo=3, routed)           0.369     8.944    p_1_in__18_n_70
    SLICE_X55Y69         LUT3 (Prop_D5LUT_SLICEM_I0_O)
                                                      0.082     9.026 r  p_0_out__64_i_22/O
                         net (fo=2, routed)           0.530     9.556    p_0_out__64_i_22_n_0
    SLICE_X55Y69         LUT4 (Prop_E6LUT_SLICEM_I3_O)
                                                      0.177     9.733 r  p_0_out__64_i_27/O
                         net (fo=1, routed)           0.015     9.748    p_0_out__64_i_27_n_0
    SLICE_X55Y69         CARRY8 (Prop_CARRY8_SLICEM_S[4]_CO[7])
                                                      0.198     9.946 r  p_0_out__64_i_2/CO[7]
                         net (fo=1, routed)           0.028     9.974    p_0_out__64_i_2_n_0
    SLICE_X55Y70         CARRY8 (Prop_CARRY8_SLICEM_CI_CO[7])
                                                      0.023     9.997 r  p_0_out__64_i_1/CO[7]
                         net (fo=1, routed)           0.028    10.025    p_0_out__64_i_1_n_0
    SLICE_X55Y71         CARRY8 (Prop_CARRY8_SLICEM_CI_O[1])
                                                      0.097    10.122 f  p_0_out__60_i_2/O[1]
                         net (fo=9, routed)           2.096    12.217    p_0_out__90/A[15]
    DSP48E2_X7Y35        DSP_A_B_DATA (Prop_DSP_A_B_DATA_DSP48E2_A[15]_A2_DATA[15])
                                                      0.241    12.458 r  p_0_out__90/DSP_A_B_DATA_INST/A2_DATA[15]
                         net (fo=1, routed)           0.000    12.458    p_0_out__90/DSP_A_B_DATA.A2_DATA<15>
    DSP48E2_X7Y35        DSP_PREADD_DATA (Prop_DSP_PREADD_DATA_DSP48E2_A2_DATA[15]_A2A1[15])
                                                      0.098    12.556 r  p_0_out__90/DSP_PREADD_DATA_INST/A2A1[15]
                         net (fo=1, routed)           0.000    12.556    p_0_out__90/DSP_PREADD_DATA.A2A1<15>
    DSP48E2_X7Y35        DSP_MULTIPLIER (Prop_DSP_MULTIPLIER_DSP48E2_A2A1[15]_U[32])
                                                      0.647    13.203 f  p_0_out__90/DSP_MULTIPLIER_INST/U[32]
                         net (fo=1, routed)           0.000    13.203    p_0_out__90/DSP_MULTIPLIER.U<32>
    DSP48E2_X7Y35        DSP_M_DATA (Prop_DSP_M_DATA_DSP48E2_U[32]_U_DATA[32])
                                                      0.059    13.262 r  p_0_out__90/DSP_M_DATA_INST/U_DATA[32]
                         net (fo=1, routed)           0.000    13.262    p_0_out__90/DSP_M_DATA.U_DATA<32>
    DSP48E2_X7Y35        DSP_ALU (Prop_DSP_ALU_DSP48E2_U_DATA[32]_ALU_OUT[32])
                                                      0.699    13.961 f  p_0_out__90/DSP_ALU_INST/ALU_OUT[32]
                         net (fo=1, routed)           0.000    13.961    p_0_out__90/DSP_ALU.ALU_OUT<32>
    DSP48E2_X7Y35        DSP_OUTPUT (Prop_DSP_OUTPUT_DSP48E2_ALU_OUT[32]_P[32])
                                                      0.141    14.102 r  p_0_out__90/DSP_OUTPUT_INST/P[32]
                         net (fo=2, routed)           0.626    14.728    p_0_out__90_n_73
    SLICE_X49Y81         LUT3 (Prop_B5LUT_SLICEM_I2_O)
                                                      0.126    14.854 r  p_0_out__109_i_407/O
                         net (fo=2, routed)           0.930    15.785    p_0_out__109_i_407_n_0
    SLICE_X49Y81         CARRY8 (Prop_CARRY8_SLICEM_DI[2]_CO[7])
                                                      0.141    15.926 r  p_0_out__109_i_284/CO[7]
                         net (fo=1, routed)           0.028    15.954    p_0_out__109_i_284_n_0
    SLICE_X49Y82         CARRY8 (Prop_CARRY8_SLICEM_CI_O[3])
                                                      0.104    16.058 r  p_0_out__109_i_184/O[3]
                         net (fo=2, routed)           0.897    16.955    p_0_out__109_i_184_n_12
    SLICE_X49Y89         LUT3 (Prop_A5LUT_SLICEM_I2_O)
                                                      0.122    17.077 r  p_0_out__109_i_123/O
                         net (fo=2, routed)           0.551    17.628    p_0_out__109_i_123_n_0
    SLICE_X49Y89         LUT4 (Prop_B6LUT_SLICEM_I3_O)
                                                      0.116    17.744 r  p_0_out__109_i_131/O
                         net (fo=1, routed)           0.018    17.762    p_0_out__109_i_131_n_0
    SLICE_X49Y89         CARRY8 (Prop_CARRY8_SLICEM_S[1]_CO[7])
                                                      0.238    18.000 r  p_0_out__109_i_57/CO[7]
                         net (fo=1, routed)           0.060    18.060    p_0_out__109_i_57_n_0
    SLICE_X49Y90         CARRY8 (Prop_CARRY8_SLICEM_CI_O[7])
                                                      0.146    18.206 r  p_0_out__109_i_38/O[7]
                         net (fo=2, routed)           0.497    18.703    p_0_out__109_i_38_n_8
    SLICE_X47Y87         LUT3 (Prop_A5LUT_SLICEL_I1_O)
                                                      0.170    18.873 r  p_0_out__109_i_9/O
                         net (fo=2, routed)           0.579    19.452    p_0_out__109_i_9_n_0
    SLICE_X47Y87         LUT4 (Prop_B6LUT_SLICEL_I3_O)
                                                      0.115    19.567 r  p_0_out__109_i_17/O
                         net (fo=1, routed)           0.010    19.577    p_0_out__109_i_17_n_0
    SLICE_X47Y87         CARRY8 (Prop_CARRY8_SLICEL_S[1]_CO[7])
                                                      0.233    19.810 r  p_0_out__109_i_1/CO[7]
                         net (fo=1, routed)           0.028    19.838    p_0_out__109_i_1_n_0
    SLICE_X47Y88         CARRY8 (Prop_CARRY8_SLICEL_CI_CO[7])
                                                      0.023    19.861 r  p_0_out__106_i_2/CO[7]
                         net (fo=1, routed)           0.028    19.889    p_0_out__106_i_2_n_0
    SLICE_X47Y89         CARRY8 (Prop_CARRY8_SLICEL_CI_CO[7])
                                                      0.023    19.912 r  p_0_out__106_i_1/CO[7]
                         net (fo=1, routed)           0.060    19.972    p_0_out__106_i_1_n_0
    SLICE_X47Y90         CARRY8 (Prop_CARRY8_SLICEL_CI_CO[7])
                                                      0.023    19.995 r  p_0_out__103_i_3/CO[7]
                         net (fo=1, routed)           0.028    20.023    p_0_out__103_i_3_n_0
    SLICE_X47Y91         CARRY8 (Prop_CARRY8_SLICEL_CI_O[0])
                                                      0.072    20.095 f  p_0_out__103_i_2/O[0]
                         net (fo=3, routed)           1.432    21.527    p_0_out__103/B[3]
    DSP48E2_X8Y35        DSP_A_B_DATA (Prop_DSP_A_B_DATA_DSP48E2_B[3]_B2_DATA[3])
                                                      0.195    21.722 r  p_0_out__103/DSP_A_B_DATA_INST/B2_DATA[3]
                         net (fo=1, routed)           0.000    21.722    p_0_out__103/DSP_A_B_DATA.B2_DATA<3>
    DSP48E2_X8Y35        DSP_PREADD_DATA (Prop_DSP_PREADD_DATA_DSP48E2_B2_DATA[3]_B2B1[3])
                                                      0.092    21.814 r  p_0_out__103/DSP_PREADD_DATA_INST/B2B1[3]
                         net (fo=1, routed)           0.000    21.814    p_0_out__103/DSP_PREADD_DATA.B2B1<3>
    DSP48E2_X8Y35        DSP_MULTIPLIER (Prop_DSP_MULTIPLIER_DSP48E2_B2B1[3]_U[35])
                                                      0.737    22.551 f  p_0_out__103/DSP_MULTIPLIER_INST/U[35]
                         net (fo=1, routed)           0.000    22.551    p_0_out__103/DSP_MULTIPLIER.U<35>
    DSP48E2_X8Y35        DSP_M_DATA (Prop_DSP_M_DATA_DSP48E2_U[35]_U_DATA[35])
                                                      0.059    22.610 r  p_0_out__103/DSP_M_DATA_INST/U_DATA[35]
                         net (fo=1, routed)           0.000    22.610    p_0_out__103/DSP_M_DATA.U_DATA<35>
    DSP48E2_X8Y35        DSP_ALU (Prop_DSP_ALU_DSP48E2_U_DATA[35]_ALU_OUT[47])
                                                      0.699    23.309 f  p_0_out__103/DSP_ALU_INST/ALU_OUT[47]
                         net (fo=1, routed)           0.000    23.309    p_0_out__103/DSP_ALU.ALU_OUT<47>
    DSP48E2_X8Y35        DSP_OUTPUT (Prop_DSP_OUTPUT_DSP48E2_ALU_OUT[47]_PCOUT[47])
                                                      0.159    23.468 r  p_0_out__103/DSP_OUTPUT_INST/PCOUT[47]
                         net (fo=1, routed)           0.080    23.548    p_0_out__104/PCIN[47]
    DSP48E2_X8Y36        DSP_ALU (Prop_DSP_ALU_DSP48E2_PCIN[47]_ALU_OUT[47])
                                                      0.698    24.246 f  p_0_out__104/DSP_ALU_INST/ALU_OUT[47]
                         net (fo=1, routed)           0.000    24.246    p_0_out__104/DSP_ALU.ALU_OUT<47>
    DSP48E2_X8Y36        DSP_OUTPUT (Prop_DSP_OUTPUT_DSP48E2_ALU_OUT[47]_PCOUT[47])
                                                      0.159    24.405 r  p_0_out__104/DSP_OUTPUT_INST/PCOUT[47]
                         net (fo=1, routed)           0.016    24.421    p_0_out__105/PCIN[47]
    DSP48E2_X8Y37        DSP_ALU (Prop_DSP_ALU_DSP48E2_PCIN[47]_ALU_OUT[6])
                                                      0.698    25.119 f  p_0_out__105/DSP_ALU_INST/ALU_OUT[6]
                         net (fo=1, routed)           0.000    25.119    p_0_out__105/DSP_ALU.ALU_OUT<6>
    DSP48E2_X8Y37        DSP_OUTPUT (Prop_DSP_OUTPUT_DSP48E2_ALU_OUT[6]_P[6])
                                                      0.141    25.260 r  p_0_out__105/DSP_OUTPUT_INST/P[6]
                         net (fo=4, routed)           0.407    25.667    p_0_out__105_n_99
    SLICE_X52Y89         LUT4 (Prop_D5LUT_SLICEM_I1_O)
                                                      0.195    25.862 r  coeff_reg_0_63_0_6_i_828/O
                         net (fo=2, routed)           0.530    26.392    coeff_reg_0_63_0_6_i_828_n_0
    SLICE_X52Y89         LUT5 (Prop_E6LUT_SLICEM_I4_O)
                                                      0.177    26.569 r  coeff_reg_0_63_0_6_i_836/O
                         net (fo=1, routed)           0.015    26.584    coeff_reg_0_63_0_6_i_836_n_0
    SLICE_X52Y89         CARRY8 (Prop_CARRY8_SLICEM_S[4]_CO[7])
                                                      0.198    26.782 r  coeff_reg_0_63_0_6_i_684/CO[7]
                         net (fo=1, routed)           0.060    26.842    coeff_reg_0_63_0_6_i_684_n_0
    SLICE_X52Y90         CARRY8 (Prop_CARRY8_SLICEM_CI_CO[7])
                                                      0.023    26.865 r  coeff_reg_0_63_0_6_i_683/CO[7]
                         net (fo=1, routed)           0.028    26.893    coeff_reg_0_63_0_6_i_683_n_0
    SLICE_X52Y91         CARRY8 (Prop_CARRY8_SLICEM_CI_O[3])
                                                      0.104    26.997 r  coeff_reg_0_63_0_6_i_558/O[3]
                         net (fo=1, routed)           0.473    27.470    coeff_reg_0_63_0_6_i_558_n_12
    SLICE_X51Y91         LUT2 (Prop_E6LUT_SLICEL_I1_O)
                                                      0.176    27.646 r  coeff_reg_0_63_0_6_i_544/O
                         net (fo=1, routed)           0.008    27.654    coeff_reg_0_63_0_6_i_544_n_0
    SLICE_X51Y91         CARRY8 (Prop_CARRY8_SLICEL_S[4]_CO[7])
                                                      0.195    27.849 r  coeff_reg_0_63_0_6_i_406/CO[7]
                         net (fo=1, routed)           0.028    27.877    coeff_reg_0_63_0_6_i_406_n_0
    SLICE_X51Y92         CARRY8 (Prop_CARRY8_SLICEL_CI_O[6])
                                                      0.129    28.006 f  coeff_reg_0_63_0_6_i_314/O[6]
                         net (fo=2, routed)           0.534    28.540    coeff_reg_0_63_0_6_i_314_n_9
    SLICE_X50Y89         LUT2 (Prop_D6LUT_SLICEM_I0_O)
                                                      0.147    28.687 r  coeff_reg_0_63_0_6_i_168/O
                         net (fo=1, routed)           0.026    28.713    coeff_reg_0_63_0_6_i_168_n_0
    SLICE_X50Y89         CARRY8 (Prop_CARRY8_SLICEM_S[3]_CO[3])
                                                      0.168    28.881 r  coeff_reg_0_63_0_6_i_84/CO[3]
                         net (fo=60, routed)          0.400    29.281    p_6_in
    SLICE_X50Y72         LUT6 (Prop_F6LUT_SLICEM_I4_O)
                                                      0.177    29.458 r  coeff_reg_0_63_7_13_i_18/O
                         net (fo=1, routed)           0.581    30.039    coeff_reg_0_63_7_13_i_18_n_0
    SLICE_X55Y60         LUT6 (Prop_G6LUT_SLICEM_I4_O)
                                                      0.116    30.155 r  coeff_reg_0_63_7_13_i_2/O
                         net (fo=128, routed)         4.105    34.260    coeff_reg_4352_4415_7_13/DIB
    SLICE_X61Y53         RAMD64E                                      r  coeff_reg_4352_4415_7_13/RAMB/I
  -------------------------------------------------------------------    -------------------

Slack:                    inf
  Source:                 u_r_reg[13]/C
                            (rising edge-triggered cell FDRE)
  Destination:            coeff_reg_7872_7935_7_13/RAMB/I
  Path Group:             (none)
  Path Type:              Max at Slow Process Corner
  Data Path Delay:        34.234ns  (logic 14.211ns (41.511%)  route 20.023ns (58.489%))
  Logic Levels:           67  (CARRY8=24 DSP_A_B_DATA=3 DSP_ALU=7 DSP_M_DATA=3 DSP_MULTIPLIER=3 DSP_OUTPUT=7 DSP_PREADD_DATA=3 FDRE=1 LUT2=2 LUT3=6 LUT4=5 LUT5=1 LUT6=2)

    Location             Delay type                Incr(ns)  Path(ns)    Netlist Resource(s)
  -------------------------------------------------------------------    -------------------
    SLICE_X57Y49         FDRE                         0.000     0.000 r  u_r_reg[13]/C
    SLICE_X57Y49         FDRE (Prop_AFF2_SLICEL_C_Q)
                                                      0.099     0.099 r  u_r_reg[13]/Q
                         net (fo=8, routed)           1.031     1.130    u_r_reg_n_0_[13]
    SLICE_X57Y63         LUT3 (Prop_F5LUT_SLICEL_I0_O)
                                                      0.205     1.335 r  p_1_in__13_i_31/O
                         net (fo=2, routed)           0.550     1.884    p_1_in__13_i_31_n_0
    SLICE_X57Y63         CARRY8 (Prop_CARRY8_SLICEL_DI[6]_CO[7])
                                                      0.073     1.957 r  p_1_in__13_i_19/CO[7]
                         net (fo=1, routed)           0.028     1.985    p_1_in__13_i_19_n_0
    SLICE_X57Y64         CARRY8 (Prop_CARRY8_SLICEL_CI_CO[7])
                                                      0.023     2.008 r  p_1_in__10_i_23/CO[7]
                         net (fo=1, routed)           0.028     2.036    p_1_in__10_i_23_n_0
    SLICE_X57Y65         CARRY8 (Prop_CARRY8_SLICEL_CI_O[0])
                                                      0.072     2.108 r  p_1_in__10_i_21/O[0]
                         net (fo=5, routed)           0.688     2.796    p_1_in__10_i_21_n_15
    SLICE_X58Y66         LUT4 (Prop_E6LUT_SLICEM_I2_O)
                                                      0.148     2.944 r  p_1_in__9_i_95/O
                         net (fo=1, routed)           0.015     2.959    p_1_in__9_i_95_n_0
    SLICE_X58Y66         CARRY8 (Prop_CARRY8_SLICEM_S[4]_CO[7])
                                                      0.198     3.157 r  p_1_in__9_i_66/CO[7]
                         net (fo=1, routed)           0.028     3.185    p_1_in__9_i_66_n_0
    SLICE_X58Y67         CARRY8 (Prop_CARRY8_SLICEM_CI_CO[7])
                                                      0.023     3.208 r  p_1_in__9_i_19/CO[7]
                         net (fo=1, routed)           0.028     3.236    p_1_in__9_i_19_n_0
    SLICE_X58Y68         CARRY8 (Prop_CARRY8_SLICEM_CI_CO[6])
                                                      0.116     3.352 r  p_1_in__9_i_11/CO[6]
                         net (fo=60, routed)          0.486     3.839    p_1_in__9_i_11_n_1
    SLICE_X57Y61         LUT3 (Prop_D6LUT_SLICEL_I1_O)
                                                      0.099     3.938 f  p_1_in__13_i_2/O
                         net (fo=3, routed)           0.980     4.918    p_1_in__16/A[15]
    DSP48E2_X8Y27        DSP_A_B_DATA (Prop_DSP_A_B_DATA_DSP48E2_A[15]_A2_DATA[15])
                                                      0.241     5.159 r  p_1_in__16/DSP_A_B_DATA_INST/A2_DATA[15]
                         net (fo=1, routed)           0.000     5.159    p_1_in__16/DSP_A_B_DATA.A2_DATA<15>
    DSP48E2_X8Y27        DSP_PREADD_DATA (Prop_DSP_PREADD_DATA_DSP48E2_A2_DATA[15]_A2A1[15])
                                                      0.098     5.257 r  p_1_in__16/DSP_PREADD_DATA_INST/A2A1[15]
                         net (fo=1, routed)           0.000     5.257    p_1_in__16/DSP_PREADD_DATA.A2A1<15>
    DSP48E2_X8Y27        DSP_MULTIPLIER (Prop_DSP_MULTIPLIER_DSP48E2_A2A1[15]_U[36])
                                                      0.647     5.904 f  p_1_in__16/DSP_MULTIPLIER_INST/U[36]
                         net (fo=1, routed)           0.000     5.904    p_1_in__16/DSP_MULTIPLIER.U<36>
    DSP48E2_X8Y27        DSP_M_DATA (Prop_DSP_M_DATA_DSP48E2_U[36]_U_DATA[36])
                                                      0.059     5.963 r  p_1_in__16/DSP_M_DATA_INST/U_DATA[36]
                         net (fo=1, routed)           0.000     5.963    p_1_in__16/DSP_M_DATA.U_DATA<36>
    DSP48E2_X8Y27        DSP_ALU (Prop_DSP_ALU_DSP48E2_U_DATA[36]_ALU_OUT[47])
                                                      0.699     6.662 f  p_1_in__16/DSP_ALU_INST/ALU_OUT[47]
                         net (fo=1, routed)           0.000     6.662    p_1_in__16/DSP_ALU.ALU_OUT<47>
    DSP48E2_X8Y27        DSP_OUTPUT (Prop_DSP_OUTPUT_DSP48E2_ALU_OUT[47]_PCOUT[47])
                                                      0.159     6.821 r  p_1_in__16/DSP_OUTPUT_INST/PCOUT[47]
                         net (fo=1, routed)           0.042     6.863    p_1_in__17/PCIN[47]
    DSP48E2_X8Y28        DSP_ALU (Prop_DSP_ALU_DSP48E2_PCIN[47]_ALU_OUT[47])
                                                      0.698     7.561 f  p_1_in__17/DSP_ALU_INST/ALU_OUT[47]
                         net (fo=1, routed)           0.000     7.561    p_1_in__17/DSP_ALU.ALU_OUT<47>
    DSP48E2_X8Y28        DSP_OUTPUT (Prop_DSP_OUTPUT_DSP48E2_ALU_OUT[47]_PCOUT[47])
                                                      0.159     7.720 r  p_1_in__17/DSP_OUTPUT_INST/PCOUT[47]
                         net (fo=1, routed)           0.016     7.736    p_1_in__18/PCIN[47]
    DSP48E2_X8Y29        DSP_ALU (Prop_DSP_ALU_DSP48E2_PCIN[47]_ALU_OUT[35])
                                                      0.698     8.434 f  p_1_in__18/DSP_ALU_INST/ALU_OUT[35]
                         net (fo=1, routed)           0.000     8.434    p_1_in__18/DSP_ALU.ALU_OUT<35>
    DSP48E2_X8Y29        DSP_OUTPUT (Prop_DSP_OUTPUT_DSP48E2_ALU_OUT[35]_P[35])
                                                      0.141     8.575 r  p_1_in__18/DSP_OUTPUT_INST/P[35]
                         net (fo=3, routed)           0.369     8.944    p_1_in__18_n_70
    SLICE_X55Y69         LUT3 (Prop_D5LUT_SLICEM_I0_O)
                                                      0.082     9.026 r  p_0_out__64_i_22/O
                         net (fo=2, routed)           0.530     9.556    p_0_out__64_i_22_n_0
    SLICE_X55Y69         LUT4 (Prop_E6LUT_SLICEM_I3_O)
                                                      0.177     9.733 r  p_0_out__64_i_27/O
                         net (fo=1, routed)           0.015     9.748    p_0_out__64_i_27_n_0
    SLICE_X55Y69         CARRY8 (Prop_CARRY8_SLICEM_S[4]_CO[7])
                                                      0.198     9.946 r  p_0_out__64_i_2/CO[7]
                         net (fo=1, routed)           0.028     9.974    p_0_out__64_i_2_n_0
    SLICE_X55Y70         CARRY8 (Prop_CARRY8_SLICEM_CI_CO[7])
                                                      0.023     9.997 r  p_0_out__64_i_1/CO[7]
                         net (fo=1, routed)           0.028    10.025    p_0_out__64_i_1_n_0
    SLICE_X55Y71         CARRY8 (Prop_CARRY8_SLICEM_CI_O[1])
                                                      0.097    10.122 f  p_0_out__60_i_2/O[1]
                         net (fo=9, routed)           2.096    12.217    p_0_out__90/A[15]
    DSP48E2_X7Y35        DSP_A_B_DATA (Prop_DSP_A_B_DATA_DSP48E2_A[15]_A2_DATA[15])
                                                      0.241    12.458 r  p_0_out__90/DSP_A_B_DATA_INST/A2_DATA[15]
                         net (fo=1, routed)           0.000    12.458    p_0_out__90/DSP_A_B_DATA.A2_DATA<15>
    DSP48E2_X7Y35        DSP_PREADD_DATA (Prop_DSP_PREADD_DATA_DSP48E2_A2_DATA[15]_A2A1[15])
                                                      0.098    12.556 r  p_0_out__90/DSP_PREADD_DATA_INST/A2A1[15]
                         net (fo=1, routed)           0.000    12.556    p_0_out__90/DSP_PREADD_DATA.A2A1<15>
    DSP48E2_X7Y35        DSP_MULTIPLIER (Prop_DSP_MULTIPLIER_DSP48E2_A2A1[15]_U[32])
                                                      0.647    13.203 f  p_0_out__90/DSP_MULTIPLIER_INST/U[32]
                         net (fo=1, routed)           0.000    13.203    p_0_out__90/DSP_MULTIPLIER.U<32>
    DSP48E2_X7Y35        DSP_M_DATA (Prop_DSP_M_DATA_DSP48E2_U[32]_U_DATA[32])
                                                      0.059    13.262 r  p_0_out__90/DSP_M_DATA_INST/U_DATA[32]
                         net (fo=1, routed)           0.000    13.262    p_0_out__90/DSP_M_DATA.U_DATA<32>
    DSP48E2_X7Y35        DSP_ALU (Prop_DSP_ALU_DSP48E2_U_DATA[32]_ALU_OUT[32])
                                                      0.699    13.961 f  p_0_out__90/DSP_ALU_INST/ALU_OUT[32]
                         net (fo=1, routed)           0.000    13.961    p_0_out__90/DSP_ALU.ALU_OUT<32>
    DSP48E2_X7Y35        DSP_OUTPUT (Prop_DSP_OUTPUT_DSP48E2_ALU_OUT[32]_P[32])
                                                      0.141    14.102 r  p_0_out__90/DSP_OUTPUT_INST/P[32]
                         net (fo=2, routed)           0.626    14.728    p_0_out__90_n_73
    SLICE_X49Y81         LUT3 (Prop_B5LUT_SLICEM_I2_O)
                                                      0.126    14.854 r  p_0_out__109_i_407/O
                         net (fo=2, routed)           0.930    15.785    p_0_out__109_i_407_n_0
    SLICE_X49Y81         CARRY8 (Prop_CARRY8_SLICEM_DI[2]_CO[7])
                                                      0.141    15.926 r  p_0_out__109_i_284/CO[7]
                         net (fo=1, routed)           0.028    15.954    p_0_out__109_i_284_n_0
    SLICE_X49Y82         CARRY8 (Prop_CARRY8_SLICEM_CI_O[3])
                                                      0.104    16.058 r  p_0_out__109_i_184/O[3]
                         net (fo=2, routed)           0.897    16.955    p_0_out__109_i_184_n_12
    SLICE_X49Y89         LUT3 (Prop_A5LUT_SLICEM_I2_O)
                                                      0.122    17.077 r  p_0_out__109_i_123/O
                         net (fo=2, routed)           0.551    17.628    p_0_out__109_i_123_n_0
    SLICE_X49Y89         LUT4 (Prop_B6LUT_SLICEM_I3_O)
                                                      0.116    17.744 r  p_0_out__109_i_131/O
                         net (fo=1, routed)           0.018    17.762    p_0_out__109_i_131_n_0
    SLICE_X49Y89         CARRY8 (Prop_CARRY8_SLICEM_S[1]_CO[7])
                                                      0.238    18.000 r  p_0_out__109_i_57/CO[7]
                         net (fo=1, routed)           0.060    18.060    p_0_out__109_i_57_n_0
    SLICE_X49Y90         CARRY8 (Prop_CARRY8_SLICEM_CI_O[7])
                                                      0.146    18.206 r  p_0_out__109_i_38/O[7]
                         net (fo=2, routed)           0.497    18.703    p_0_out__109_i_38_n_8
    SLICE_X47Y87         LUT3 (Prop_A5LUT_SLICEL_I1_O)
                                                      0.170    18.873 r  p_0_out__109_i_9/O
                         net (fo=2, routed)           0.579    19.452    p_0_out__109_i_9_n_0
    SLICE_X47Y87         LUT4 (Prop_B6LUT_SLICEL_I3_O)
                                                      0.115    19.567 r  p_0_out__109_i_17/O
                         net (fo=1, routed)           0.010    19.577    p_0_out__109_i_17_n_0
    SLICE_X47Y87         CARRY8 (Prop_CARRY8_SLICEL_S[1]_CO[7])
                                                      0.233    19.810 r  p_0_out__109_i_1/CO[7]
                         net (fo=1, routed)           0.028    19.838    p_0_out__109_i_1_n_0
    SLICE_X47Y88         CARRY8 (Prop_CARRY8_SLICEL_CI_CO[7])
                                                      0.023    19.861 r  p_0_out__106_i_2/CO[7]
                         net (fo=1, routed)           0.028    19.889    p_0_out__106_i_2_n_0
    SLICE_X47Y89         CARRY8 (Prop_CARRY8_SLICEL_CI_CO[7])
                                                      0.023    19.912 r  p_0_out__106_i_1/CO[7]
                         net (fo=1, routed)           0.060    19.972    p_0_out__106_i_1_n_0
    SLICE_X47Y90         CARRY8 (Prop_CARRY8_SLICEL_CI_CO[7])
                                                      0.023    19.995 r  p_0_out__103_i_3/CO[7]
                         net (fo=1, routed)           0.028    20.023    p_0_out__103_i_3_n_0
    SLICE_X47Y91         CARRY8 (Prop_CARRY8_SLICEL_CI_O[0])
                                                      0.072    20.095 f  p_0_out__103_i_2/O[0]
                         net (fo=3, routed)           1.432    21.527    p_0_out__103/B[3]
    DSP48E2_X8Y35        DSP_A_B_DATA (Prop_DSP_A_B_DATA_DSP48E2_B[3]_B2_DATA[3])
                                                      0.195    21.722 r  p_0_out__103/DSP_A_B_DATA_INST/B2_DATA[3]
                         net (fo=1, routed)           0.000    21.722    p_0_out__103/DSP_A_B_DATA.B2_DATA<3>
    DSP48E2_X8Y35        DSP_PREADD_DATA (Prop_DSP_PREADD_DATA_DSP48E2_B2_DATA[3]_B2B1[3])
                                                      0.092    21.814 r  p_0_out__103/DSP_PREADD_DATA_INST/B2B1[3]
                         net (fo=1, routed)           0.000    21.814    p_0_out__103/DSP_PREADD_DATA.B2B1<3>
    DSP48E2_X8Y35        DSP_MULTIPLIER (Prop_DSP_MULTIPLIER_DSP48E2_B2B1[3]_U[35])
                                                      0.737    22.551 f  p_0_out__103/DSP_MULTIPLIER_INST/U[35]
                         net (fo=1, routed)           0.000    22.551    p_0_out__103/DSP_MULTIPLIER.U<35>
    DSP48E2_X8Y35        DSP_M_DATA (Prop_DSP_M_DATA_DSP48E2_U[35]_U_DATA[35])
                                                      0.059    22.610 r  p_0_out__103/DSP_M_DATA_INST/U_DATA[35]
                         net (fo=1, routed)           0.000    22.610    p_0_out__103/DSP_M_DATA.U_DATA<35>
    DSP48E2_X8Y35        DSP_ALU (Prop_DSP_ALU_DSP48E2_U_DATA[35]_ALU_OUT[47])
                                                      0.699    23.309 f  p_0_out__103/DSP_ALU_INST/ALU_OUT[47]
                         net (fo=1, routed)           0.000    23.309    p_0_out__103/DSP_ALU.ALU_OUT<47>
    DSP48E2_X8Y35        DSP_OUTPUT (Prop_DSP_OUTPUT_DSP48E2_ALU_OUT[47]_PCOUT[47])
                                                      0.159    23.468 r  p_0_out__103/DSP_OUTPUT_INST/PCOUT[47]
                         net (fo=1, routed)           0.080    23.548    p_0_out__104/PCIN[47]
    DSP48E2_X8Y36        DSP_ALU (Prop_DSP_ALU_DSP48E2_PCIN[47]_ALU_OUT[47])
                                                      0.698    24.246 f  p_0_out__104/DSP_ALU_INST/ALU_OUT[47]
                         net (fo=1, routed)           0.000    24.246    p_0_out__104/DSP_ALU.ALU_OUT<47>
    DSP48E2_X8Y36        DSP_OUTPUT (Prop_DSP_OUTPUT_DSP48E2_ALU_OUT[47]_PCOUT[47])
                                                      0.159    24.405 r  p_0_out__104/DSP_OUTPUT_INST/PCOUT[47]
                         net (fo=1, routed)           0.016    24.421    p_0_out__105/PCIN[47]
    DSP48E2_X8Y37        DSP_ALU (Prop_DSP_ALU_DSP48E2_PCIN[47]_ALU_OUT[6])
                                                      0.698    25.119 f  p_0_out__105/DSP_ALU_INST/ALU_OUT[6]
                         net (fo=1, routed)           0.000    25.119    p_0_out__105/DSP_ALU.ALU_OUT<6>
    DSP48E2_X8Y37        DSP_OUTPUT (Prop_DSP_OUTPUT_DSP48E2_ALU_OUT[6]_P[6])
                                                      0.141    25.260 r  p_0_out__105/DSP_OUTPUT_INST/P[6]
                         net (fo=4, routed)           0.407    25.667    p_0_out__105_n_99
    SLICE_X52Y89         LUT4 (Prop_D5LUT_SLICEM_I1_O)
                                                      0.195    25.862 r  coeff_reg_0_63_0_6_i_828/O
                         net (fo=2, routed)           0.530    26.392    coeff_reg_0_63_0_6_i_828_n_0
    SLICE_X52Y89         LUT5 (Prop_E6LUT_SLICEM_I4_O)
                                                      0.177    26.569 r  coeff_reg_0_63_0_6_i_836/O
                         net (fo=1, routed)           0.015    26.584    coeff_reg_0_63_0_6_i_836_n_0
    SLICE_X52Y89         CARRY8 (Prop_CARRY8_SLICEM_S[4]_CO[7])
                                                      0.198    26.782 r  coeff_reg_0_63_0_6_i_684/CO[7]
                         net (fo=1, routed)           0.060    26.842    coeff_reg_0_63_0_6_i_684_n_0
    SLICE_X52Y90         CARRY8 (Prop_CARRY8_SLICEM_CI_CO[7])
                                                      0.023    26.865 r  coeff_reg_0_63_0_6_i_683/CO[7]
                         net (fo=1, routed)           0.028    26.893    coeff_reg_0_63_0_6_i_683_n_0
    SLICE_X52Y91         CARRY8 (Prop_CARRY8_SLICEM_CI_O[3])
                                                      0.104    26.997 r  coeff_reg_0_63_0_6_i_558/O[3]
                         net (fo=1, routed)           0.473    27.470    coeff_reg_0_63_0_6_i_558_n_12
    SLICE_X51Y91         LUT2 (Prop_E6LUT_SLICEL_I1_O)
                                                      0.176    27.646 r  coeff_reg_0_63_0_6_i_544/O
                         net (fo=1, routed)           0.008    27.654    coeff_reg_0_63_0_6_i_544_n_0
    SLICE_X51Y91         CARRY8 (Prop_CARRY8_SLICEL_S[4]_CO[7])
                                                      0.195    27.849 r  coeff_reg_0_63_0_6_i_406/CO[7]
                         net (fo=1, routed)           0.028    27.877    coeff_reg_0_63_0_6_i_406_n_0
    SLICE_X51Y92         CARRY8 (Prop_CARRY8_SLICEL_CI_O[6])
                                                      0.129    28.006 f  coeff_reg_0_63_0_6_i_314/O[6]
                         net (fo=2, routed)           0.534    28.540    coeff_reg_0_63_0_6_i_314_n_9
    SLICE_X50Y89         LUT2 (Prop_D6LUT_SLICEM_I0_O)
                                                      0.147    28.687 r  coeff_reg_0_63_0_6_i_168/O
                         net (fo=1, routed)           0.026    28.713    coeff_reg_0_63_0_6_i_168_n_0
    SLICE_X50Y89         CARRY8 (Prop_CARRY8_SLICEM_S[3]_CO[3])
                                                      0.168    28.881 r  coeff_reg_0_63_0_6_i_84/CO[3]
                         net (fo=60, routed)          0.400    29.281    p_6_in
    SLICE_X50Y72         LUT6 (Prop_F6LUT_SLICEM_I4_O)
                                                      0.177    29.458 r  coeff_reg_0_63_7_13_i_18/O
                         net (fo=1, routed)           0.581    30.039    coeff_reg_0_63_7_13_i_18_n_0
    SLICE_X55Y60         LUT6 (Prop_G6LUT_SLICEM_I4_O)
                                                      0.116    30.155 r  coeff_reg_0_63_7_13_i_2/O
                         net (fo=128, routed)         4.079    34.234    coeff_reg_7872_7935_7_13/DIB
    SLICE_X66Y49         RAMD64E                                      r  coeff_reg_7872_7935_7_13/RAMB/I
  -------------------------------------------------------------------    -------------------

Slack:                    inf
  Source:                 u_r_reg[13]/C
                            (rising edge-triggered cell FDRE)
  Destination:            coeff_reg_4544_4607_7_13/RAMB/I
  Path Group:             (none)
  Path Type:              Max at Slow Process Corner
  Data Path Delay:        34.234ns  (logic 14.211ns (41.511%)  route 20.023ns (58.488%))
  Logic Levels:           67  (CARRY8=24 DSP_A_B_DATA=3 DSP_ALU=7 DSP_M_DATA=3 DSP_MULTIPLIER=3 DSP_OUTPUT=7 DSP_PREADD_DATA=3 FDRE=1 LUT2=2 LUT3=6 LUT4=5 LUT5=1 LUT6=2)

    Location             Delay type                Incr(ns)  Path(ns)    Netlist Resource(s)
  -------------------------------------------------------------------    -------------------
    SLICE_X57Y49         FDRE                         0.000     0.000 r  u_r_reg[13]/C
    SLICE_X57Y49         FDRE (Prop_AFF2_SLICEL_C_Q)
                                                      0.099     0.099 r  u_r_reg[13]/Q
                         net (fo=8, routed)           1.031     1.130    u_r_reg_n_0_[13]
    SLICE_X57Y63         LUT3 (Prop_F5LUT_SLICEL_I0_O)
                                                      0.205     1.335 r  p_1_in__13_i_31/O
                         net (fo=2, routed)           0.550     1.884    p_1_in__13_i_31_n_0
    SLICE_X57Y63         CARRY8 (Prop_CARRY8_SLICEL_DI[6]_CO[7])
                                                      0.073     1.957 r  p_1_in__13_i_19/CO[7]
                         net (fo=1, routed)           0.028     1.985    p_1_in__13_i_19_n_0
    SLICE_X57Y64         CARRY8 (Prop_CARRY8_SLICEL_CI_CO[7])
                                                      0.023     2.008 r  p_1_in__10_i_23/CO[7]
                         net (fo=1, routed)           0.028     2.036    p_1_in__10_i_23_n_0
    SLICE_X57Y65         CARRY8 (Prop_CARRY8_SLICEL_CI_O[0])
                                                      0.072     2.108 r  p_1_in__10_i_21/O[0]
                         net (fo=5, routed)           0.688     2.796    p_1_in__10_i_21_n_15
    SLICE_X58Y66         LUT4 (Prop_E6LUT_SLICEM_I2_O)
                                                      0.148     2.944 r  p_1_in__9_i_95/O
                         net (fo=1, routed)           0.015     2.959    p_1_in__9_i_95_n_0
    SLICE_X58Y66         CARRY8 (Prop_CARRY8_SLICEM_S[4]_CO[7])
                                                      0.198     3.157 r  p_1_in__9_i_66/CO[7]
                         net (fo=1, routed)           0.028     3.185    p_1_in__9_i_66_n_0
    SLICE_X58Y67         CARRY8 (Prop_CARRY8_SLICEM_CI_CO[7])
                                                      0.023     3.208 r  p_1_in__9_i_19/CO[7]
                         net (fo=1, routed)           0.028     3.236    p_1_in__9_i_19_n_0
    SLICE_X58Y68         CARRY8 (Prop_CARRY8_SLICEM_CI_CO[6])
                                                      0.116     3.352 r  p_1_in__9_i_11/CO[6]
                         net (fo=60, routed)          0.486     3.839    p_1_in__9_i_11_n_1
    SLICE_X57Y61         LUT3 (Prop_D6LUT_SLICEL_I1_O)
                                                      0.099     3.938 f  p_1_in__13_i_2/O
                         net (fo=3, routed)           0.980     4.918    p_1_in__16/A[15]
    DSP48E2_X8Y27        DSP_A_B_DATA (Prop_DSP_A_B_DATA_DSP48E2_A[15]_A2_DATA[15])
                                                      0.241     5.159 r  p_1_in__16/DSP_A_B_DATA_INST/A2_DATA[15]
                         net (fo=1, routed)           0.000     5.159    p_1_in__16/DSP_A_B_DATA.A2_DATA<15>
    DSP48E2_X8Y27        DSP_PREADD_DATA (Prop_DSP_PREADD_DATA_DSP48E2_A2_DATA[15]_A2A1[15])
                                                      0.098     5.257 r  p_1_in__16/DSP_PREADD_DATA_INST/A2A1[15]
                         net (fo=1, routed)           0.000     5.257    p_1_in__16/DSP_PREADD_DATA.A2A1<15>
    DSP48E2_X8Y27        DSP_MULTIPLIER (Prop_DSP_MULTIPLIER_DSP48E2_A2A1[15]_U[36])
                                                      0.647     5.904 f  p_1_in__16/DSP_MULTIPLIER_INST/U[36]
                         net (fo=1, routed)           0.000     5.904    p_1_in__16/DSP_MULTIPLIER.U<36>
    DSP48E2_X8Y27        DSP_M_DATA (Prop_DSP_M_DATA_DSP48E2_U[36]_U_DATA[36])
                                                      0.059     5.963 r  p_1_in__16/DSP_M_DATA_INST/U_DATA[36]
                         net (fo=1, routed)           0.000     5.963    p_1_in__16/DSP_M_DATA.U_DATA<36>
    DSP48E2_X8Y27        DSP_ALU (Prop_DSP_ALU_DSP48E2_U_DATA[36]_ALU_OUT[47])
                                                      0.699     6.662 f  p_1_in__16/DSP_ALU_INST/ALU_OUT[47]
                         net (fo=1, routed)           0.000     6.662    p_1_in__16/DSP_ALU.ALU_OUT<47>
    DSP48E2_X8Y27        DSP_OUTPUT (Prop_DSP_OUTPUT_DSP48E2_ALU_OUT[47]_PCOUT[47])
                                                      0.159     6.821 r  p_1_in__16/DSP_OUTPUT_INST/PCOUT[47]
                         net (fo=1, routed)           0.042     6.863    p_1_in__17/PCIN[47]
    DSP48E2_X8Y28        DSP_ALU (Prop_DSP_ALU_DSP48E2_PCIN[47]_ALU_OUT[47])
                                                      0.698     7.561 f  p_1_in__17/DSP_ALU_INST/ALU_OUT[47]
                         net (fo=1, routed)           0.000     7.561    p_1_in__17/DSP_ALU.ALU_OUT<47>
    DSP48E2_X8Y28        DSP_OUTPUT (Prop_DSP_OUTPUT_DSP48E2_ALU_OUT[47]_PCOUT[47])
                                                      0.159     7.720 r  p_1_in__17/DSP_OUTPUT_INST/PCOUT[47]
                         net (fo=1, routed)           0.016     7.736    p_1_in__18/PCIN[47]
    DSP48E2_X8Y29        DSP_ALU (Prop_DSP_ALU_DSP48E2_PCIN[47]_ALU_OUT[35])
                                                      0.698     8.434 f  p_1_in__18/DSP_ALU_INST/ALU_OUT[35]
                         net (fo=1, routed)           0.000     8.434    p_1_in__18/DSP_ALU.ALU_OUT<35>
    DSP48E2_X8Y29        DSP_OUTPUT (Prop_DSP_OUTPUT_DSP48E2_ALU_OUT[35]_P[35])
                                                      0.141     8.575 r  p_1_in__18/DSP_OUTPUT_INST/P[35]
                         net (fo=3, routed)           0.369     8.944    p_1_in__18_n_70
    SLICE_X55Y69         LUT3 (Prop_D5LUT_SLICEM_I0_O)
                                                      0.082     9.026 r  p_0_out__64_i_22/O
                         net (fo=2, routed)           0.530     9.556    p_0_out__64_i_22_n_0
    SLICE_X55Y69         LUT4 (Prop_E6LUT_SLICEM_I3_O)
                                                      0.177     9.733 r  p_0_out__64_i_27/O
                         net (fo=1, routed)           0.015     9.748    p_0_out__64_i_27_n_0
    SLICE_X55Y69         CARRY8 (Prop_CARRY8_SLICEM_S[4]_CO[7])
                                                      0.198     9.946 r  p_0_out__64_i_2/CO[7]
                         net (fo=1, routed)           0.028     9.974    p_0_out__64_i_2_n_0
    SLICE_X55Y70         CARRY8 (Prop_CARRY8_SLICEM_CI_CO[7])
                                                      0.023     9.997 r  p_0_out__64_i_1/CO[7]
                         net (fo=1, routed)           0.028    10.025    p_0_out__64_i_1_n_0
    SLICE_X55Y71         CARRY8 (Prop_CARRY8_SLICEM_CI_O[1])
                                                      0.097    10.122 f  p_0_out__60_i_2/O[1]
                         net (fo=9, routed)           2.096    12.217    p_0_out__90/A[15]
    DSP48E2_X7Y35        DSP_A_B_DATA (Prop_DSP_A_B_DATA_DSP48E2_A[15]_A2_DATA[15])
                                                      0.241    12.458 r  p_0_out__90/DSP_A_B_DATA_INST/A2_DATA[15]
                         net (fo=1, routed)           0.000    12.458    p_0_out__90/DSP_A_B_DATA.A2_DATA<15>
    DSP48E2_X7Y35        DSP_PREADD_DATA (Prop_DSP_PREADD_DATA_DSP48E2_A2_DATA[15]_A2A1[15])
                                                      0.098    12.556 r  p_0_out__90/DSP_PREADD_DATA_INST/A2A1[15]
                         net (fo=1, routed)           0.000    12.556    p_0_out__90/DSP_PREADD_DATA.A2A1<15>
    DSP48E2_X7Y35        DSP_MULTIPLIER (Prop_DSP_MULTIPLIER_DSP48E2_A2A1[15]_U[32])
                                                      0.647    13.203 f  p_0_out__90/DSP_MULTIPLIER_INST/U[32]
                         net (fo=1, routed)           0.000    13.203    p_0_out__90/DSP_MULTIPLIER.U<32>
    DSP48E2_X7Y35        DSP_M_DATA (Prop_DSP_M_DATA_DSP48E2_U[32]_U_DATA[32])
                                                      0.059    13.262 r  p_0_out__90/DSP_M_DATA_INST/U_DATA[32]
                         net (fo=1, routed)           0.000    13.262    p_0_out__90/DSP_M_DATA.U_DATA<32>
    DSP48E2_X7Y35        DSP_ALU (Prop_DSP_ALU_DSP48E2_U_DATA[32]_ALU_OUT[32])
                                                      0.699    13.961 f  p_0_out__90/DSP_ALU_INST/ALU_OUT[32]
                         net (fo=1, routed)           0.000    13.961    p_0_out__90/DSP_ALU.ALU_OUT<32>
    DSP48E2_X7Y35        DSP_OUTPUT (Prop_DSP_OUTPUT_DSP48E2_ALU_OUT[32]_P[32])
                                                      0.141    14.102 r  p_0_out__90/DSP_OUTPUT_INST/P[32]
                         net (fo=2, routed)           0.626    14.728    p_0_out__90_n_73
    SLICE_X49Y81         LUT3 (Prop_B5LUT_SLICEM_I2_O)
                                                      0.126    14.854 r  p_0_out__109_i_407/O
                         net (fo=2, routed)           0.930    15.785    p_0_out__109_i_407_n_0
    SLICE_X49Y81         CARRY8 (Prop_CARRY8_SLICEM_DI[2]_CO[7])
                                                      0.141    15.926 r  p_0_out__109_i_284/CO[7]
                         net (fo=1, routed)           0.028    15.954    p_0_out__109_i_284_n_0
    SLICE_X49Y82         CARRY8 (Prop_CARRY8_SLICEM_CI_O[3])
                                                      0.104    16.058 r  p_0_out__109_i_184/O[3]
                         net (fo=2, routed)           0.897    16.955    p_0_out__109_i_184_n_12
    SLICE_X49Y89         LUT3 (Prop_A5LUT_SLICEM_I2_O)
                                                      0.122    17.077 r  p_0_out__109_i_123/O
                         net (fo=2, routed)           0.551    17.628    p_0_out__109_i_123_n_0
    SLICE_X49Y89         LUT4 (Prop_B6LUT_SLICEM_I3_O)
                                                      0.116    17.744 r  p_0_out__109_i_131/O
                         net (fo=1, routed)           0.018    17.762    p_0_out__109_i_131_n_0
    SLICE_X49Y89         CARRY8 (Prop_CARRY8_SLICEM_S[1]_CO[7])
                                                      0.238    18.000 r  p_0_out__109_i_57/CO[7]
                         net (fo=1, routed)           0.060    18.060    p_0_out__109_i_57_n_0
    SLICE_X49Y90         CARRY8 (Prop_CARRY8_SLICEM_CI_O[7])
                                                      0.146    18.206 r  p_0_out__109_i_38/O[7]
                         net (fo=2, routed)           0.497    18.703    p_0_out__109_i_38_n_8
    SLICE_X47Y87         LUT3 (Prop_A5LUT_SLICEL_I1_O)
                                                      0.170    18.873 r  p_0_out__109_i_9/O
                         net (fo=2, routed)           0.579    19.452    p_0_out__109_i_9_n_0
    SLICE_X47Y87         LUT4 (Prop_B6LUT_SLICEL_I3_O)
                                                      0.115    19.567 r  p_0_out__109_i_17/O
                         net (fo=1, routed)           0.010    19.577    p_0_out__109_i_17_n_0
    SLICE_X47Y87         CARRY8 (Prop_CARRY8_SLICEL_S[1]_CO[7])
                                                      0.233    19.810 r  p_0_out__109_i_1/CO[7]
                         net (fo=1, routed)           0.028    19.838    p_0_out__109_i_1_n_0
    SLICE_X47Y88         CARRY8 (Prop_CARRY8_SLICEL_CI_CO[7])
                                                      0.023    19.861 r  p_0_out__106_i_2/CO[7]
                         net (fo=1, routed)           0.028    19.889    p_0_out__106_i_2_n_0
    SLICE_X47Y89         CARRY8 (Prop_CARRY8_SLICEL_CI_CO[7])
                                                      0.023    19.912 r  p_0_out__106_i_1/CO[7]
                         net (fo=1, routed)           0.060    19.972    p_0_out__106_i_1_n_0
    SLICE_X47Y90         CARRY8 (Prop_CARRY8_SLICEL_CI_CO[7])
                                                      0.023    19.995 r  p_0_out__103_i_3/CO[7]
                         net (fo=1, routed)           0.028    20.023    p_0_out__103_i_3_n_0
    SLICE_X47Y91         CARRY8 (Prop_CARRY8_SLICEL_CI_O[0])
                                                      0.072    20.095 f  p_0_out__103_i_2/O[0]
                         net (fo=3, routed)           1.432    21.527    p_0_out__103/B[3]
    DSP48E2_X8Y35        DSP_A_B_DATA (Prop_DSP_A_B_DATA_DSP48E2_B[3]_B2_DATA[3])
                                                      0.195    21.722 r  p_0_out__103/DSP_A_B_DATA_INST/B2_DATA[3]
                         net (fo=1, routed)           0.000    21.722    p_0_out__103/DSP_A_B_DATA.B2_DATA<3>
    DSP48E2_X8Y35        DSP_PREADD_DATA (Prop_DSP_PREADD_DATA_DSP48E2_B2_DATA[3]_B2B1[3])
                                                      0.092    21.814 r  p_0_out__103/DSP_PREADD_DATA_INST/B2B1[3]
                         net (fo=1, routed)           0.000    21.814    p_0_out__103/DSP_PREADD_DATA.B2B1<3>
    DSP48E2_X8Y35        DSP_MULTIPLIER (Prop_DSP_MULTIPLIER_DSP48E2_B2B1[3]_U[35])
                                                      0.737    22.551 f  p_0_out__103/DSP_MULTIPLIER_INST/U[35]
                         net (fo=1, routed)           0.000    22.551    p_0_out__103/DSP_MULTIPLIER.U<35>
    DSP48E2_X8Y35        DSP_M_DATA (Prop_DSP_M_DATA_DSP48E2_U[35]_U_DATA[35])
                                                      0.059    22.610 r  p_0_out__103/DSP_M_DATA_INST/U_DATA[35]
                         net (fo=1, routed)           0.000    22.610    p_0_out__103/DSP_M_DATA.U_DATA<35>
    DSP48E2_X8Y35        DSP_ALU (Prop_DSP_ALU_DSP48E2_U_DATA[35]_ALU_OUT[47])
                                                      0.699    23.309 f  p_0_out__103/DSP_ALU_INST/ALU_OUT[47]
                         net (fo=1, routed)           0.000    23.309    p_0_out__103/DSP_ALU.ALU_OUT<47>
    DSP48E2_X8Y35        DSP_OUTPUT (Prop_DSP_OUTPUT_DSP48E2_ALU_OUT[47]_PCOUT[47])
                                                      0.159    23.468 r  p_0_out__103/DSP_OUTPUT_INST/PCOUT[47]
                         net (fo=1, routed)           0.080    23.548    p_0_out__104/PCIN[47]
    DSP48E2_X8Y36        DSP_ALU (Prop_DSP_ALU_DSP48E2_PCIN[47]_ALU_OUT[47])
                                                      0.698    24.246 f  p_0_out__104/DSP_ALU_INST/ALU_OUT[47]
                         net (fo=1, routed)           0.000    24.246    p_0_out__104/DSP_ALU.ALU_OUT<47>
    DSP48E2_X8Y36        DSP_OUTPUT (Prop_DSP_OUTPUT_DSP48E2_ALU_OUT[47]_PCOUT[47])
                                                      0.159    24.405 r  p_0_out__104/DSP_OUTPUT_INST/PCOUT[47]
                         net (fo=1, routed)           0.016    24.421    p_0_out__105/PCIN[47]
    DSP48E2_X8Y37        DSP_ALU (Prop_DSP_ALU_DSP48E2_PCIN[47]_ALU_OUT[6])
                                                      0.698    25.119 f  p_0_out__105/DSP_ALU_INST/ALU_OUT[6]
                         net (fo=1, routed)           0.000    25.119    p_0_out__105/DSP_ALU.ALU_OUT<6>
    DSP48E2_X8Y37        DSP_OUTPUT (Prop_DSP_OUTPUT_DSP48E2_ALU_OUT[6]_P[6])
                                                      0.141    25.260 r  p_0_out__105/DSP_OUTPUT_INST/P[6]
                         net (fo=4, routed)           0.407    25.667    p_0_out__105_n_99
    SLICE_X52Y89         LUT4 (Prop_D5LUT_SLICEM_I1_O)
                                                      0.195    25.862 r  coeff_reg_0_63_0_6_i_828/O
                         net (fo=2, routed)           0.530    26.392    coeff_reg_0_63_0_6_i_828_n_0
    SLICE_X52Y89         LUT5 (Prop_E6LUT_SLICEM_I4_O)
                                                      0.177    26.569 r  coeff_reg_0_63_0_6_i_836/O
                         net (fo=1, routed)           0.015    26.584    coeff_reg_0_63_0_6_i_836_n_0
    SLICE_X52Y89         CARRY8 (Prop_CARRY8_SLICEM_S[4]_CO[7])
                                                      0.198    26.782 r  coeff_reg_0_63_0_6_i_684/CO[7]
                         net (fo=1, routed)           0.060    26.842    coeff_reg_0_63_0_6_i_684_n_0
    SLICE_X52Y90         CARRY8 (Prop_CARRY8_SLICEM_CI_CO[7])
                                                      0.023    26.865 r  coeff_reg_0_63_0_6_i_683/CO[7]
                         net (fo=1, routed)           0.028    26.893    coeff_reg_0_63_0_6_i_683_n_0
    SLICE_X52Y91         CARRY8 (Prop_CARRY8_SLICEM_CI_O[3])
                                                      0.104    26.997 r  coeff_reg_0_63_0_6_i_558/O[3]
                         net (fo=1, routed)           0.473    27.470    coeff_reg_0_63_0_6_i_558_n_12
    SLICE_X51Y91         LUT2 (Prop_E6LUT_SLICEL_I1_O)
                                                      0.176    27.646 r  coeff_reg_0_63_0_6_i_544/O
                         net (fo=1, routed)           0.008    27.654    coeff_reg_0_63_0_6_i_544_n_0
    SLICE_X51Y91         CARRY8 (Prop_CARRY8_SLICEL_S[4]_CO[7])
                                                      0.195    27.849 r  coeff_reg_0_63_0_6_i_406/CO[7]
                         net (fo=1, routed)           0.028    27.877    coeff_reg_0_63_0_6_i_406_n_0
    SLICE_X51Y92         CARRY8 (Prop_CARRY8_SLICEL_CI_O[6])
                                                      0.129    28.006 f  coeff_reg_0_63_0_6_i_314/O[6]
                         net (fo=2, routed)           0.534    28.540    coeff_reg_0_63_0_6_i_314_n_9
    SLICE_X50Y89         LUT2 (Prop_D6LUT_SLICEM_I0_O)
                                                      0.147    28.687 r  coeff_reg_0_63_0_6_i_168/O
                         net (fo=1, routed)           0.026    28.713    coeff_reg_0_63_0_6_i_168_n_0
    SLICE_X50Y89         CARRY8 (Prop_CARRY8_SLICEM_S[3]_CO[3])
                                                      0.168    28.881 r  coeff_reg_0_63_0_6_i_84/CO[3]
                         net (fo=60, routed)          0.400    29.281    p_6_in
    SLICE_X50Y72         LUT6 (Prop_F6LUT_SLICEM_I4_O)
                                                      0.177    29.458 r  coeff_reg_0_63_7_13_i_18/O
                         net (fo=1, routed)           0.581    30.039    coeff_reg_0_63_7_13_i_18_n_0
    SLICE_X55Y60         LUT6 (Prop_G6LUT_SLICEM_I4_O)
                                                      0.116    30.155 r  coeff_reg_0_63_7_13_i_2/O
                         net (fo=128, routed)         4.078    34.234    coeff_reg_4544_4607_7_13/DIB
    SLICE_X62Y53         RAMD64E                                      r  coeff_reg_4544_4607_7_13/RAMB/I
  -------------------------------------------------------------------    -------------------

Slack:                    inf
  Source:                 u_r_reg[13]/C
                            (rising edge-triggered cell FDRE)
  Destination:            coeff_reg_4672_4735_14_20/RAMG/I
  Path Group:             (none)
  Path Type:              Max at Slow Process Corner
  Data Path Delay:        34.212ns  (logic 14.022ns (40.986%)  route 20.190ns (59.014%))
  Logic Levels:           67  (CARRY8=24 DSP_A_B_DATA=3 DSP_ALU=7 DSP_M_DATA=3 DSP_MULTIPLIER=3 DSP_OUTPUT=7 DSP_PREADD_DATA=3 FDRE=1 LUT2=2 LUT3=6 LUT4=5 LUT5=1 LUT6=2)

    Location             Delay type                Incr(ns)  Path(ns)    Netlist Resource(s)
  -------------------------------------------------------------------    -------------------
    SLICE_X57Y49         FDRE                         0.000     0.000 r  u_r_reg[13]/C
    SLICE_X57Y49         FDRE (Prop_AFF2_SLICEL_C_Q)
                                                      0.099     0.099 r  u_r_reg[13]/Q
                         net (fo=8, routed)           1.031     1.130    u_r_reg_n_0_[13]
    SLICE_X57Y63         LUT3 (Prop_F5LUT_SLICEL_I0_O)
                                                      0.205     1.335 r  p_1_in__13_i_31/O
                         net (fo=2, routed)           0.550     1.884    p_1_in__13_i_31_n_0
    SLICE_X57Y63         CARRY8 (Prop_CARRY8_SLICEL_DI[6]_CO[7])
                                                      0.073     1.957 r  p_1_in__13_i_19/CO[7]
                         net (fo=1, routed)           0.028     1.985    p_1_in__13_i_19_n_0
    SLICE_X57Y64         CARRY8 (Prop_CARRY8_SLICEL_CI_CO[7])
                                                      0.023     2.008 r  p_1_in__10_i_23/CO[7]
                         net (fo=1, routed)           0.028     2.036    p_1_in__10_i_23_n_0
    SLICE_X57Y65         CARRY8 (Prop_CARRY8_SLICEL_CI_O[0])
                                                      0.072     2.108 r  p_1_in__10_i_21/O[0]
                         net (fo=5, routed)           0.688     2.796    p_1_in__10_i_21_n_15
    SLICE_X58Y66         LUT4 (Prop_E6LUT_SLICEM_I2_O)
                                                      0.148     2.944 r  p_1_in__9_i_95/O
                         net (fo=1, routed)           0.015     2.959    p_1_in__9_i_95_n_0
    SLICE_X58Y66         CARRY8 (Prop_CARRY8_SLICEM_S[4]_CO[7])
                                                      0.198     3.157 r  p_1_in__9_i_66/CO[7]
                         net (fo=1, routed)           0.028     3.185    p_1_in__9_i_66_n_0
    SLICE_X58Y67         CARRY8 (Prop_CARRY8_SLICEM_CI_CO[7])
                                                      0.023     3.208 r  p_1_in__9_i_19/CO[7]
                         net (fo=1, routed)           0.028     3.236    p_1_in__9_i_19_n_0
    SLICE_X58Y68         CARRY8 (Prop_CARRY8_SLICEM_CI_CO[6])
                                                      0.116     3.352 r  p_1_in__9_i_11/CO[6]
                         net (fo=60, routed)          0.486     3.839    p_1_in__9_i_11_n_1
    SLICE_X57Y61         LUT3 (Prop_D6LUT_SLICEL_I1_O)
                                                      0.099     3.938 f  p_1_in__13_i_2/O
                         net (fo=3, routed)           0.980     4.918    p_1_in__16/A[15]
    DSP48E2_X8Y27        DSP_A_B_DATA (Prop_DSP_A_B_DATA_DSP48E2_A[15]_A2_DATA[15])
                                                      0.241     5.159 r  p_1_in__16/DSP_A_B_DATA_INST/A2_DATA[15]
                         net (fo=1, routed)           0.000     5.159    p_1_in__16/DSP_A_B_DATA.A2_DATA<15>
    DSP48E2_X8Y27        DSP_PREADD_DATA (Prop_DSP_PREADD_DATA_DSP48E2_A2_DATA[15]_A2A1[15])
                                                      0.098     5.257 r  p_1_in__16/DSP_PREADD_DATA_INST/A2A1[15]
                         net (fo=1, routed)           0.000     5.257    p_1_in__16/DSP_PREADD_DATA.A2A1<15>
    DSP48E2_X8Y27        DSP_MULTIPLIER (Prop_DSP_MULTIPLIER_DSP48E2_A2A1[15]_U[36])
                                                      0.647     5.904 f  p_1_in__16/DSP_MULTIPLIER_INST/U[36]
                         net (fo=1, routed)           0.000     5.904    p_1_in__16/DSP_MULTIPLIER.U<36>
    DSP48E2_X8Y27        DSP_M_DATA (Prop_DSP_M_DATA_DSP48E2_U[36]_U_DATA[36])
                                                      0.059     5.963 r  p_1_in__16/DSP_M_DATA_INST/U_DATA[36]
                         net (fo=1, routed)           0.000     5.963    p_1_in__16/DSP_M_DATA.U_DATA<36>
    DSP48E2_X8Y27        DSP_ALU (Prop_DSP_ALU_DSP48E2_U_DATA[36]_ALU_OUT[47])
                                                      0.699     6.662 f  p_1_in__16/DSP_ALU_INST/ALU_OUT[47]
                         net (fo=1, routed)           0.000     6.662    p_1_in__16/DSP_ALU.ALU_OUT<47>
    DSP48E2_X8Y27        DSP_OUTPUT (Prop_DSP_OUTPUT_DSP48E2_ALU_OUT[47]_PCOUT[47])
                                                      0.159     6.821 r  p_1_in__16/DSP_OUTPUT_INST/PCOUT[47]
                         net (fo=1, routed)           0.042     6.863    p_1_in__17/PCIN[47]
    DSP48E2_X8Y28        DSP_ALU (Prop_DSP_ALU_DSP48E2_PCIN[47]_ALU_OUT[47])
                                                      0.698     7.561 f  p_1_in__17/DSP_ALU_INST/ALU_OUT[47]
                         net (fo=1, routed)           0.000     7.561    p_1_in__17/DSP_ALU.ALU_OUT<47>
    DSP48E2_X8Y28        DSP_OUTPUT (Prop_DSP_OUTPUT_DSP48E2_ALU_OUT[47]_PCOUT[47])
                                                      0.159     7.720 r  p_1_in__17/DSP_OUTPUT_INST/PCOUT[47]
                         net (fo=1, routed)           0.016     7.736    p_1_in__18/PCIN[47]
    DSP48E2_X8Y29        DSP_ALU (Prop_DSP_ALU_DSP48E2_PCIN[47]_ALU_OUT[35])
                                                      0.698     8.434 f  p_1_in__18/DSP_ALU_INST/ALU_OUT[35]
                         net (fo=1, routed)           0.000     8.434    p_1_in__18/DSP_ALU.ALU_OUT<35>
    DSP48E2_X8Y29        DSP_OUTPUT (Prop_DSP_OUTPUT_DSP48E2_ALU_OUT[35]_P[35])
                                                      0.141     8.575 r  p_1_in__18/DSP_OUTPUT_INST/P[35]
                         net (fo=3, routed)           0.369     8.944    p_1_in__18_n_70
    SLICE_X55Y69         LUT3 (Prop_D5LUT_SLICEM_I0_O)
                                                      0.082     9.026 r  p_0_out__64_i_22/O
                         net (fo=2, routed)           0.530     9.556    p_0_out__64_i_22_n_0
    SLICE_X55Y69         LUT4 (Prop_E6LUT_SLICEM_I3_O)
                                                      0.177     9.733 r  p_0_out__64_i_27/O
                         net (fo=1, routed)           0.015     9.748    p_0_out__64_i_27_n_0
    SLICE_X55Y69         CARRY8 (Prop_CARRY8_SLICEM_S[4]_CO[7])
                                                      0.198     9.946 r  p_0_out__64_i_2/CO[7]
                         net (fo=1, routed)           0.028     9.974    p_0_out__64_i_2_n_0
    SLICE_X55Y70         CARRY8 (Prop_CARRY8_SLICEM_CI_CO[7])
                                                      0.023     9.997 r  p_0_out__64_i_1/CO[7]
                         net (fo=1, routed)           0.028    10.025    p_0_out__64_i_1_n_0
    SLICE_X55Y71         CARRY8 (Prop_CARRY8_SLICEM_CI_O[1])
                                                      0.097    10.122 f  p_0_out__60_i_2/O[1]
                         net (fo=9, routed)           2.096    12.217    p_0_out__90/A[15]
    DSP48E2_X7Y35        DSP_A_B_DATA (Prop_DSP_A_B_DATA_DSP48E2_A[15]_A2_DATA[15])
                                                      0.241    12.458 r  p_0_out__90/DSP_A_B_DATA_INST/A2_DATA[15]
                         net (fo=1, routed)           0.000    12.458    p_0_out__90/DSP_A_B_DATA.A2_DATA<15>
    DSP48E2_X7Y35        DSP_PREADD_DATA (Prop_DSP_PREADD_DATA_DSP48E2_A2_DATA[15]_A2A1[15])
                                                      0.098    12.556 r  p_0_out__90/DSP_PREADD_DATA_INST/A2A1[15]
                         net (fo=1, routed)           0.000    12.556    p_0_out__90/DSP_PREADD_DATA.A2A1<15>
    DSP48E2_X7Y35        DSP_MULTIPLIER (Prop_DSP_MULTIPLIER_DSP48E2_A2A1[15]_U[32])
                                                      0.647    13.203 f  p_0_out__90/DSP_MULTIPLIER_INST/U[32]
                         net (fo=1, routed)           0.000    13.203    p_0_out__90/DSP_MULTIPLIER.U<32>
    DSP48E2_X7Y35        DSP_M_DATA (Prop_DSP_M_DATA_DSP48E2_U[32]_U_DATA[32])
                                                      0.059    13.262 r  p_0_out__90/DSP_M_DATA_INST/U_DATA[32]
                         net (fo=1, routed)           0.000    13.262    p_0_out__90/DSP_M_DATA.U_DATA<32>
    DSP48E2_X7Y35        DSP_ALU (Prop_DSP_ALU_DSP48E2_U_DATA[32]_ALU_OUT[32])
                                                      0.699    13.961 f  p_0_out__90/DSP_ALU_INST/ALU_OUT[32]
                         net (fo=1, routed)           0.000    13.961    p_0_out__90/DSP_ALU.ALU_OUT<32>
    DSP48E2_X7Y35        DSP_OUTPUT (Prop_DSP_OUTPUT_DSP48E2_ALU_OUT[32]_P[32])
                                                      0.141    14.102 r  p_0_out__90/DSP_OUTPUT_INST/P[32]
                         net (fo=2, routed)           0.626    14.728    p_0_out__90_n_73
    SLICE_X49Y81         LUT3 (Prop_B5LUT_SLICEM_I2_O)
                                                      0.126    14.854 r  p_0_out__109_i_407/O
                         net (fo=2, routed)           0.930    15.785    p_0_out__109_i_407_n_0
    SLICE_X49Y81         CARRY8 (Prop_CARRY8_SLICEM_DI[2]_CO[7])
                                                      0.141    15.926 r  p_0_out__109_i_284/CO[7]
                         net (fo=1, routed)           0.028    15.954    p_0_out__109_i_284_n_0
    SLICE_X49Y82         CARRY8 (Prop_CARRY8_SLICEM_CI_O[3])
                                                      0.104    16.058 r  p_0_out__109_i_184/O[3]
                         net (fo=2, routed)           0.897    16.955    p_0_out__109_i_184_n_12
    SLICE_X49Y89         LUT3 (Prop_A5LUT_SLICEM_I2_O)
                                                      0.122    17.077 r  p_0_out__109_i_123/O
                         net (fo=2, routed)           0.551    17.628    p_0_out__109_i_123_n_0
    SLICE_X49Y89         LUT4 (Prop_B6LUT_SLICEM_I3_O)
                                                      0.116    17.744 r  p_0_out__109_i_131/O
                         net (fo=1, routed)           0.018    17.762    p_0_out__109_i_131_n_0
    SLICE_X49Y89         CARRY8 (Prop_CARRY8_SLICEM_S[1]_CO[7])
                                                      0.238    18.000 r  p_0_out__109_i_57/CO[7]
                         net (fo=1, routed)           0.060    18.060    p_0_out__109_i_57_n_0
    SLICE_X49Y90         CARRY8 (Prop_CARRY8_SLICEM_CI_O[7])
                                                      0.146    18.206 r  p_0_out__109_i_38/O[7]
                         net (fo=2, routed)           0.497    18.703    p_0_out__109_i_38_n_8
    SLICE_X47Y87         LUT3 (Prop_A5LUT_SLICEL_I1_O)
                                                      0.170    18.873 r  p_0_out__109_i_9/O
                         net (fo=2, routed)           0.579    19.452    p_0_out__109_i_9_n_0
    SLICE_X47Y87         LUT4 (Prop_B6LUT_SLICEL_I3_O)
                                                      0.115    19.567 r  p_0_out__109_i_17/O
                         net (fo=1, routed)           0.010    19.577    p_0_out__109_i_17_n_0
    SLICE_X47Y87         CARRY8 (Prop_CARRY8_SLICEL_S[1]_CO[7])
                                                      0.233    19.810 r  p_0_out__109_i_1/CO[7]
                         net (fo=1, routed)           0.028    19.838    p_0_out__109_i_1_n_0
    SLICE_X47Y88         CARRY8 (Prop_CARRY8_SLICEL_CI_CO[7])
                                                      0.023    19.861 r  p_0_out__106_i_2/CO[7]
                         net (fo=1, routed)           0.028    19.889    p_0_out__106_i_2_n_0
    SLICE_X47Y89         CARRY8 (Prop_CARRY8_SLICEL_CI_CO[7])
                                                      0.023    19.912 r  p_0_out__106_i_1/CO[7]
                         net (fo=1, routed)           0.060    19.972    p_0_out__106_i_1_n_0
    SLICE_X47Y90         CARRY8 (Prop_CARRY8_SLICEL_CI_CO[7])
                                                      0.023    19.995 r  p_0_out__103_i_3/CO[7]
                         net (fo=1, routed)           0.028    20.023    p_0_out__103_i_3_n_0
    SLICE_X47Y91         CARRY8 (Prop_CARRY8_SLICEL_CI_O[0])
                                                      0.072    20.095 f  p_0_out__103_i_2/O[0]
                         net (fo=3, routed)           1.432    21.527    p_0_out__103/B[3]
    DSP48E2_X8Y35        DSP_A_B_DATA (Prop_DSP_A_B_DATA_DSP48E2_B[3]_B2_DATA[3])
                                                      0.195    21.722 r  p_0_out__103/DSP_A_B_DATA_INST/B2_DATA[3]
                         net (fo=1, routed)           0.000    21.722    p_0_out__103/DSP_A_B_DATA.B2_DATA<3>
    DSP48E2_X8Y35        DSP_PREADD_DATA (Prop_DSP_PREADD_DATA_DSP48E2_B2_DATA[3]_B2B1[3])
                                                      0.092    21.814 r  p_0_out__103/DSP_PREADD_DATA_INST/B2B1[3]
                         net (fo=1, routed)           0.000    21.814    p_0_out__103/DSP_PREADD_DATA.B2B1<3>
    DSP48E2_X8Y35        DSP_MULTIPLIER (Prop_DSP_MULTIPLIER_DSP48E2_B2B1[3]_U[35])
                                                      0.737    22.551 f  p_0_out__103/DSP_MULTIPLIER_INST/U[35]
                         net (fo=1, routed)           0.000    22.551    p_0_out__103/DSP_MULTIPLIER.U<35>
    DSP48E2_X8Y35        DSP_M_DATA (Prop_DSP_M_DATA_DSP48E2_U[35]_U_DATA[35])
                                                      0.059    22.610 r  p_0_out__103/DSP_M_DATA_INST/U_DATA[35]
                         net (fo=1, routed)           0.000    22.610    p_0_out__103/DSP_M_DATA.U_DATA<35>
    DSP48E2_X8Y35        DSP_ALU (Prop_DSP_ALU_DSP48E2_U_DATA[35]_ALU_OUT[47])
                                                      0.699    23.309 f  p_0_out__103/DSP_ALU_INST/ALU_OUT[47]
                         net (fo=1, routed)           0.000    23.309    p_0_out__103/DSP_ALU.ALU_OUT<47>
    DSP48E2_X8Y35        DSP_OUTPUT (Prop_DSP_OUTPUT_DSP48E2_ALU_OUT[47]_PCOUT[47])
                                                      0.159    23.468 r  p_0_out__103/DSP_OUTPUT_INST/PCOUT[47]
                         net (fo=1, routed)           0.080    23.548    p_0_out__104/PCIN[47]
    DSP48E2_X8Y36        DSP_ALU (Prop_DSP_ALU_DSP48E2_PCIN[47]_ALU_OUT[47])
                                                      0.698    24.246 f  p_0_out__104/DSP_ALU_INST/ALU_OUT[47]
                         net (fo=1, routed)           0.000    24.246    p_0_out__104/DSP_ALU.ALU_OUT<47>
    DSP48E2_X8Y36        DSP_OUTPUT (Prop_DSP_OUTPUT_DSP48E2_ALU_OUT[47]_PCOUT[47])
                                                      0.159    24.405 r  p_0_out__104/DSP_OUTPUT_INST/PCOUT[47]
                         net (fo=1, routed)           0.016    24.421    p_0_out__105/PCIN[47]
    DSP48E2_X8Y37        DSP_ALU (Prop_DSP_ALU_DSP48E2_PCIN[47]_ALU_OUT[6])
                                                      0.698    25.119 f  p_0_out__105/DSP_ALU_INST/ALU_OUT[6]
                         net (fo=1, routed)           0.000    25.119    p_0_out__105/DSP_ALU.ALU_OUT<6>
    DSP48E2_X8Y37        DSP_OUTPUT (Prop_DSP_OUTPUT_DSP48E2_ALU_OUT[6]_P[6])
                                                      0.141    25.260 r  p_0_out__105/DSP_OUTPUT_INST/P[6]
                         net (fo=4, routed)           0.407    25.667    p_0_out__105_n_99
    SLICE_X52Y89         LUT4 (Prop_D5LUT_SLICEM_I1_O)
                                                      0.195    25.862 r  coeff_reg_0_63_0_6_i_828/O
                         net (fo=2, routed)           0.530    26.392    coeff_reg_0_63_0_6_i_828_n_0
    SLICE_X52Y89         LUT5 (Prop_E6LUT_SLICEM_I4_O)
                                                      0.177    26.569 r  coeff_reg_0_63_0_6_i_836/O
                         net (fo=1, routed)           0.015    26.584    coeff_reg_0_63_0_6_i_836_n_0
    SLICE_X52Y89         CARRY8 (Prop_CARRY8_SLICEM_S[4]_CO[7])
                                                      0.198    26.782 r  coeff_reg_0_63_0_6_i_684/CO[7]
                         net (fo=1, routed)           0.060    26.842    coeff_reg_0_63_0_6_i_684_n_0
    SLICE_X52Y90         CARRY8 (Prop_CARRY8_SLICEM_CI_CO[7])
                                                      0.023    26.865 r  coeff_reg_0_63_0_6_i_683/CO[7]
                         net (fo=1, routed)           0.028    26.893    coeff_reg_0_63_0_6_i_683_n_0
    SLICE_X52Y91         CARRY8 (Prop_CARRY8_SLICEM_CI_O[3])
                                                      0.104    26.997 r  coeff_reg_0_63_0_6_i_558/O[3]
                         net (fo=1, routed)           0.473    27.470    coeff_reg_0_63_0_6_i_558_n_12
    SLICE_X51Y91         LUT2 (Prop_E6LUT_SLICEL_I1_O)
                                                      0.176    27.646 r  coeff_reg_0_63_0_6_i_544/O
                         net (fo=1, routed)           0.008    27.654    coeff_reg_0_63_0_6_i_544_n_0
    SLICE_X51Y91         CARRY8 (Prop_CARRY8_SLICEL_S[4]_CO[7])
                                                      0.195    27.849 r  coeff_reg_0_63_0_6_i_406/CO[7]
                         net (fo=1, routed)           0.028    27.877    coeff_reg_0_63_0_6_i_406_n_0
    SLICE_X51Y92         CARRY8 (Prop_CARRY8_SLICEL_CI_O[6])
                                                      0.129    28.006 f  coeff_reg_0_63_0_6_i_314/O[6]
                         net (fo=2, routed)           0.534    28.540    coeff_reg_0_63_0_6_i_314_n_9
    SLICE_X50Y89         LUT2 (Prop_D6LUT_SLICEM_I0_O)
                                                      0.147    28.687 r  coeff_reg_0_63_0_6_i_168/O
                         net (fo=1, routed)           0.026    28.713    coeff_reg_0_63_0_6_i_168_n_0
    SLICE_X50Y89         CARRY8 (Prop_CARRY8_SLICEM_S[3]_CO[3])
                                                      0.168    28.881 r  coeff_reg_0_63_0_6_i_84/CO[3]
                         net (fo=60, routed)          0.658    29.539    p_6_in
    SLICE_X48Y70         LUT6 (Prop_H6LUT_SLICEL_I4_O)
                                                      0.040    29.579 r  coeff_reg_0_63_14_20_i_33/O
                         net (fo=1, routed)           0.564    30.143    coeff_reg_0_63_14_20_i_33_n_0
    SLICE_X54Y58         LUT6 (Prop_B6LUT_SLICEL_I4_O)
                                                      0.064    30.207 r  coeff_reg_0_63_14_20_i_7/O
                         net (fo=128, routed)         4.005    34.212    coeff_reg_4672_4735_14_20/DIG
    SLICE_X62Y26         RAMD64E                                      r  coeff_reg_4672_4735_14_20/RAMG/I
  -------------------------------------------------------------------    -------------------

Slack:                    inf
  Source:                 u_r_reg[13]/C
                            (rising edge-triggered cell FDRE)
  Destination:            coeff_reg_4864_4927_7_13/RAMB/I
  Path Group:             (none)
  Path Type:              Max at Slow Process Corner
  Data Path Delay:        34.193ns  (logic 14.211ns (41.561%)  route 19.982ns (58.439%))
  Logic Levels:           67  (CARRY8=24 DSP_A_B_DATA=3 DSP_ALU=7 DSP_M_DATA=3 DSP_MULTIPLIER=3 DSP_OUTPUT=7 DSP_PREADD_DATA=3 FDRE=1 LUT2=2 LUT3=6 LUT4=5 LUT5=1 LUT6=2)

    Location             Delay type                Incr(ns)  Path(ns)    Netlist Resource(s)
  -------------------------------------------------------------------    -------------------
    SLICE_X57Y49         FDRE                         0.000     0.000 r  u_r_reg[13]/C
    SLICE_X57Y49         FDRE (Prop_AFF2_SLICEL_C_Q)
                                                      0.099     0.099 r  u_r_reg[13]/Q
                         net (fo=8, routed)           1.031     1.130    u_r_reg_n_0_[13]
    SLICE_X57Y63         LUT3 (Prop_F5LUT_SLICEL_I0_O)
                                                      0.205     1.335 r  p_1_in__13_i_31/O
                         net (fo=2, routed)           0.550     1.884    p_1_in__13_i_31_n_0
    SLICE_X57Y63         CARRY8 (Prop_CARRY8_SLICEL_DI[6]_CO[7])
                                                      0.073     1.957 r  p_1_in__13_i_19/CO[7]
                         net (fo=1, routed)           0.028     1.985    p_1_in__13_i_19_n_0
    SLICE_X57Y64         CARRY8 (Prop_CARRY8_SLICEL_CI_CO[7])
                                                      0.023     2.008 r  p_1_in__10_i_23/CO[7]
                         net (fo=1, routed)           0.028     2.036    p_1_in__10_i_23_n_0
    SLICE_X57Y65         CARRY8 (Prop_CARRY8_SLICEL_CI_O[0])
                                                      0.072     2.108 r  p_1_in__10_i_21/O[0]
                         net (fo=5, routed)           0.688     2.796    p_1_in__10_i_21_n_15
    SLICE_X58Y66         LUT4 (Prop_E6LUT_SLICEM_I2_O)
                                                      0.148     2.944 r  p_1_in__9_i_95/O
                         net (fo=1, routed)           0.015     2.959    p_1_in__9_i_95_n_0
    SLICE_X58Y66         CARRY8 (Prop_CARRY8_SLICEM_S[4]_CO[7])
                                                      0.198     3.157 r  p_1_in__9_i_66/CO[7]
                         net (fo=1, routed)           0.028     3.185    p_1_in__9_i_66_n_0
    SLICE_X58Y67         CARRY8 (Prop_CARRY8_SLICEM_CI_CO[7])
                                                      0.023     3.208 r  p_1_in__9_i_19/CO[7]
                         net (fo=1, routed)           0.028     3.236    p_1_in__9_i_19_n_0
    SLICE_X58Y68         CARRY8 (Prop_CARRY8_SLICEM_CI_CO[6])
                                                      0.116     3.352 r  p_1_in__9_i_11/CO[6]
                         net (fo=60, routed)          0.486     3.839    p_1_in__9_i_11_n_1
    SLICE_X57Y61         LUT3 (Prop_D6LUT_SLICEL_I1_O)
                                                      0.099     3.938 f  p_1_in__13_i_2/O
                         net (fo=3, routed)           0.980     4.918    p_1_in__16/A[15]
    DSP48E2_X8Y27        DSP_A_B_DATA (Prop_DSP_A_B_DATA_DSP48E2_A[15]_A2_DATA[15])
                                                      0.241     5.159 r  p_1_in__16/DSP_A_B_DATA_INST/A2_DATA[15]
                         net (fo=1, routed)           0.000     5.159    p_1_in__16/DSP_A_B_DATA.A2_DATA<15>
    DSP48E2_X8Y27        DSP_PREADD_DATA (Prop_DSP_PREADD_DATA_DSP48E2_A2_DATA[15]_A2A1[15])
                                                      0.098     5.257 r  p_1_in__16/DSP_PREADD_DATA_INST/A2A1[15]
                         net (fo=1, routed)           0.000     5.257    p_1_in__16/DSP_PREADD_DATA.A2A1<15>
    DSP48E2_X8Y27        DSP_MULTIPLIER (Prop_DSP_MULTIPLIER_DSP48E2_A2A1[15]_U[36])
                                                      0.647     5.904 f  p_1_in__16/DSP_MULTIPLIER_INST/U[36]
                         net (fo=1, routed)           0.000     5.904    p_1_in__16/DSP_MULTIPLIER.U<36>
    DSP48E2_X8Y27        DSP_M_DATA (Prop_DSP_M_DATA_DSP48E2_U[36]_U_DATA[36])
                                                      0.059     5.963 r  p_1_in__16/DSP_M_DATA_INST/U_DATA[36]
                         net (fo=1, routed)           0.000     5.963    p_1_in__16/DSP_M_DATA.U_DATA<36>
    DSP48E2_X8Y27        DSP_ALU (Prop_DSP_ALU_DSP48E2_U_DATA[36]_ALU_OUT[47])
                                                      0.699     6.662 f  p_1_in__16/DSP_ALU_INST/ALU_OUT[47]
                         net (fo=1, routed)           0.000     6.662    p_1_in__16/DSP_ALU.ALU_OUT<47>
    DSP48E2_X8Y27        DSP_OUTPUT (Prop_DSP_OUTPUT_DSP48E2_ALU_OUT[47]_PCOUT[47])
                                                      0.159     6.821 r  p_1_in__16/DSP_OUTPUT_INST/PCOUT[47]
                         net (fo=1, routed)           0.042     6.863    p_1_in__17/PCIN[47]
    DSP48E2_X8Y28        DSP_ALU (Prop_DSP_ALU_DSP48E2_PCIN[47]_ALU_OUT[47])
                                                      0.698     7.561 f  p_1_in__17/DSP_ALU_INST/ALU_OUT[47]
                         net (fo=1, routed)           0.000     7.561    p_1_in__17/DSP_ALU.ALU_OUT<47>
    DSP48E2_X8Y28        DSP_OUTPUT (Prop_DSP_OUTPUT_DSP48E2_ALU_OUT[47]_PCOUT[47])
                                                      0.159     7.720 r  p_1_in__17/DSP_OUTPUT_INST/PCOUT[47]
                         net (fo=1, routed)           0.016     7.736    p_1_in__18/PCIN[47]
    DSP48E2_X8Y29        DSP_ALU (Prop_DSP_ALU_DSP48E2_PCIN[47]_ALU_OUT[35])
                                                      0.698     8.434 f  p_1_in__18/DSP_ALU_INST/ALU_OUT[35]
                         net (fo=1, routed)           0.000     8.434    p_1_in__18/DSP_ALU.ALU_OUT<35>
    DSP48E2_X8Y29        DSP_OUTPUT (Prop_DSP_OUTPUT_DSP48E2_ALU_OUT[35]_P[35])
                                                      0.141     8.575 r  p_1_in__18/DSP_OUTPUT_INST/P[35]
                         net (fo=3, routed)           0.369     8.944    p_1_in__18_n_70
    SLICE_X55Y69         LUT3 (Prop_D5LUT_SLICEM_I0_O)
                                                      0.082     9.026 r  p_0_out__64_i_22/O
                         net (fo=2, routed)           0.530     9.556    p_0_out__64_i_22_n_0
    SLICE_X55Y69         LUT4 (Prop_E6LUT_SLICEM_I3_O)
                                                      0.177     9.733 r  p_0_out__64_i_27/O
                         net (fo=1, routed)           0.015     9.748    p_0_out__64_i_27_n_0
    SLICE_X55Y69         CARRY8 (Prop_CARRY8_SLICEM_S[4]_CO[7])
                                                      0.198     9.946 r  p_0_out__64_i_2/CO[7]
                         net (fo=1, routed)           0.028     9.974    p_0_out__64_i_2_n_0
    SLICE_X55Y70         CARRY8 (Prop_CARRY8_SLICEM_CI_CO[7])
                                                      0.023     9.997 r  p_0_out__64_i_1/CO[7]
                         net (fo=1, routed)           0.028    10.025    p_0_out__64_i_1_n_0
    SLICE_X55Y71         CARRY8 (Prop_CARRY8_SLICEM_CI_O[1])
                                                      0.097    10.122 f  p_0_out__60_i_2/O[1]
                         net (fo=9, routed)           2.096    12.217    p_0_out__90/A[15]
    DSP48E2_X7Y35        DSP_A_B_DATA (Prop_DSP_A_B_DATA_DSP48E2_A[15]_A2_DATA[15])
                                                      0.241    12.458 r  p_0_out__90/DSP_A_B_DATA_INST/A2_DATA[15]
                         net (fo=1, routed)           0.000    12.458    p_0_out__90/DSP_A_B_DATA.A2_DATA<15>
    DSP48E2_X7Y35        DSP_PREADD_DATA (Prop_DSP_PREADD_DATA_DSP48E2_A2_DATA[15]_A2A1[15])
                                                      0.098    12.556 r  p_0_out__90/DSP_PREADD_DATA_INST/A2A1[15]
                         net (fo=1, routed)           0.000    12.556    p_0_out__90/DSP_PREADD_DATA.A2A1<15>
    DSP48E2_X7Y35        DSP_MULTIPLIER (Prop_DSP_MULTIPLIER_DSP48E2_A2A1[15]_U[32])
                                                      0.647    13.203 f  p_0_out__90/DSP_MULTIPLIER_INST/U[32]
                         net (fo=1, routed)           0.000    13.203    p_0_out__90/DSP_MULTIPLIER.U<32>
    DSP48E2_X7Y35        DSP_M_DATA (Prop_DSP_M_DATA_DSP48E2_U[32]_U_DATA[32])
                                                      0.059    13.262 r  p_0_out__90/DSP_M_DATA_INST/U_DATA[32]
                         net (fo=1, routed)           0.000    13.262    p_0_out__90/DSP_M_DATA.U_DATA<32>
    DSP48E2_X7Y35        DSP_ALU (Prop_DSP_ALU_DSP48E2_U_DATA[32]_ALU_OUT[32])
                                                      0.699    13.961 f  p_0_out__90/DSP_ALU_INST/ALU_OUT[32]
                         net (fo=1, routed)           0.000    13.961    p_0_out__90/DSP_ALU.ALU_OUT<32>
    DSP48E2_X7Y35        DSP_OUTPUT (Prop_DSP_OUTPUT_DSP48E2_ALU_OUT[32]_P[32])
                                                      0.141    14.102 r  p_0_out__90/DSP_OUTPUT_INST/P[32]
                         net (fo=2, routed)           0.626    14.728    p_0_out__90_n_73
    SLICE_X49Y81         LUT3 (Prop_B5LUT_SLICEM_I2_O)
                                                      0.126    14.854 r  p_0_out__109_i_407/O
                         net (fo=2, routed)           0.930    15.785    p_0_out__109_i_407_n_0
    SLICE_X49Y81         CARRY8 (Prop_CARRY8_SLICEM_DI[2]_CO[7])
                                                      0.141    15.926 r  p_0_out__109_i_284/CO[7]
                         net (fo=1, routed)           0.028    15.954    p_0_out__109_i_284_n_0
    SLICE_X49Y82         CARRY8 (Prop_CARRY8_SLICEM_CI_O[3])
                                                      0.104    16.058 r  p_0_out__109_i_184/O[3]
                         net (fo=2, routed)           0.897    16.955    p_0_out__109_i_184_n_12
    SLICE_X49Y89         LUT3 (Prop_A5LUT_SLICEM_I2_O)
                                                      0.122    17.077 r  p_0_out__109_i_123/O
                         net (fo=2, routed)           0.551    17.628    p_0_out__109_i_123_n_0
    SLICE_X49Y89         LUT4 (Prop_B6LUT_SLICEM_I3_O)
                                                      0.116    17.744 r  p_0_out__109_i_131/O
                         net (fo=1, routed)           0.018    17.762    p_0_out__109_i_131_n_0
    SLICE_X49Y89         CARRY8 (Prop_CARRY8_SLICEM_S[1]_CO[7])
                                                      0.238    18.000 r  p_0_out__109_i_57/CO[7]
                         net (fo=1, routed)           0.060    18.060    p_0_out__109_i_57_n_0
    SLICE_X49Y90         CARRY8 (Prop_CARRY8_SLICEM_CI_O[7])
                                                      0.146    18.206 r  p_0_out__109_i_38/O[7]
                         net (fo=2, routed)           0.497    18.703    p_0_out__109_i_38_n_8
    SLICE_X47Y87         LUT3 (Prop_A5LUT_SLICEL_I1_O)
                                                      0.170    18.873 r  p_0_out__109_i_9/O
                         net (fo=2, routed)           0.579    19.452    p_0_out__109_i_9_n_0
    SLICE_X47Y87         LUT4 (Prop_B6LUT_SLICEL_I3_O)
                                                      0.115    19.567 r  p_0_out__109_i_17/O
                         net (fo=1, routed)           0.010    19.577    p_0_out__109_i_17_n_0
    SLICE_X47Y87         CARRY8 (Prop_CARRY8_SLICEL_S[1]_CO[7])
                                                      0.233    19.810 r  p_0_out__109_i_1/CO[7]
                         net (fo=1, routed)           0.028    19.838    p_0_out__109_i_1_n_0
    SLICE_X47Y88         CARRY8 (Prop_CARRY8_SLICEL_CI_CO[7])
                                                      0.023    19.861 r  p_0_out__106_i_2/CO[7]
                         net (fo=1, routed)           0.028    19.889    p_0_out__106_i_2_n_0
    SLICE_X47Y89         CARRY8 (Prop_CARRY8_SLICEL_CI_CO[7])
                                                      0.023    19.912 r  p_0_out__106_i_1/CO[7]
                         net (fo=1, routed)           0.060    19.972    p_0_out__106_i_1_n_0
    SLICE_X47Y90         CARRY8 (Prop_CARRY8_SLICEL_CI_CO[7])
                                                      0.023    19.995 r  p_0_out__103_i_3/CO[7]
                         net (fo=1, routed)           0.028    20.023    p_0_out__103_i_3_n_0
    SLICE_X47Y91         CARRY8 (Prop_CARRY8_SLICEL_CI_O[0])
                                                      0.072    20.095 f  p_0_out__103_i_2/O[0]
                         net (fo=3, routed)           1.432    21.527    p_0_out__103/B[3]
    DSP48E2_X8Y35        DSP_A_B_DATA (Prop_DSP_A_B_DATA_DSP48E2_B[3]_B2_DATA[3])
                                                      0.195    21.722 r  p_0_out__103/DSP_A_B_DATA_INST/B2_DATA[3]
                         net (fo=1, routed)           0.000    21.722    p_0_out__103/DSP_A_B_DATA.B2_DATA<3>
    DSP48E2_X8Y35        DSP_PREADD_DATA (Prop_DSP_PREADD_DATA_DSP48E2_B2_DATA[3]_B2B1[3])
                                                      0.092    21.814 r  p_0_out__103/DSP_PREADD_DATA_INST/B2B1[3]
                         net (fo=1, routed)           0.000    21.814    p_0_out__103/DSP_PREADD_DATA.B2B1<3>
    DSP48E2_X8Y35        DSP_MULTIPLIER (Prop_DSP_MULTIPLIER_DSP48E2_B2B1[3]_U[35])
                                                      0.737    22.551 f  p_0_out__103/DSP_MULTIPLIER_INST/U[35]
                         net (fo=1, routed)           0.000    22.551    p_0_out__103/DSP_MULTIPLIER.U<35>
    DSP48E2_X8Y35        DSP_M_DATA (Prop_DSP_M_DATA_DSP48E2_U[35]_U_DATA[35])
                                                      0.059    22.610 r  p_0_out__103/DSP_M_DATA_INST/U_DATA[35]
                         net (fo=1, routed)           0.000    22.610    p_0_out__103/DSP_M_DATA.U_DATA<35>
    DSP48E2_X8Y35        DSP_ALU (Prop_DSP_ALU_DSP48E2_U_DATA[35]_ALU_OUT[47])
                                                      0.699    23.309 f  p_0_out__103/DSP_ALU_INST/ALU_OUT[47]
                         net (fo=1, routed)           0.000    23.309    p_0_out__103/DSP_ALU.ALU_OUT<47>
    DSP48E2_X8Y35        DSP_OUTPUT (Prop_DSP_OUTPUT_DSP48E2_ALU_OUT[47]_PCOUT[47])
                                                      0.159    23.468 r  p_0_out__103/DSP_OUTPUT_INST/PCOUT[47]
                         net (fo=1, routed)           0.080    23.548    p_0_out__104/PCIN[47]
    DSP48E2_X8Y36        DSP_ALU (Prop_DSP_ALU_DSP48E2_PCIN[47]_ALU_OUT[47])
                                                      0.698    24.246 f  p_0_out__104/DSP_ALU_INST/ALU_OUT[47]
                         net (fo=1, routed)           0.000    24.246    p_0_out__104/DSP_ALU.ALU_OUT<47>
    DSP48E2_X8Y36        DSP_OUTPUT (Prop_DSP_OUTPUT_DSP48E2_ALU_OUT[47]_PCOUT[47])
                                                      0.159    24.405 r  p_0_out__104/DSP_OUTPUT_INST/PCOUT[47]
                         net (fo=1, routed)           0.016    24.421    p_0_out__105/PCIN[47]
    DSP48E2_X8Y37        DSP_ALU (Prop_DSP_ALU_DSP48E2_PCIN[47]_ALU_OUT[6])
                                                      0.698    25.119 f  p_0_out__105/DSP_ALU_INST/ALU_OUT[6]
                         net (fo=1, routed)           0.000    25.119    p_0_out__105/DSP_ALU.ALU_OUT<6>
    DSP48E2_X8Y37        DSP_OUTPUT (Prop_DSP_OUTPUT_DSP48E2_ALU_OUT[6]_P[6])
                                                      0.141    25.260 r  p_0_out__105/DSP_OUTPUT_INST/P[6]
                         net (fo=4, routed)           0.407    25.667    p_0_out__105_n_99
    SLICE_X52Y89         LUT4 (Prop_D5LUT_SLICEM_I1_O)
                                                      0.195    25.862 r  coeff_reg_0_63_0_6_i_828/O
                         net (fo=2, routed)           0.530    26.392    coeff_reg_0_63_0_6_i_828_n_0
    SLICE_X52Y89         LUT5 (Prop_E6LUT_SLICEM_I4_O)
                                                      0.177    26.569 r  coeff_reg_0_63_0_6_i_836/O
                         net (fo=1, routed)           0.015    26.584    coeff_reg_0_63_0_6_i_836_n_0
    SLICE_X52Y89         CARRY8 (Prop_CARRY8_SLICEM_S[4]_CO[7])
                                                      0.198    26.782 r  coeff_reg_0_63_0_6_i_684/CO[7]
                         net (fo=1, routed)           0.060    26.842    coeff_reg_0_63_0_6_i_684_n_0
    SLICE_X52Y90         CARRY8 (Prop_CARRY8_SLICEM_CI_CO[7])
                                                      0.023    26.865 r  coeff_reg_0_63_0_6_i_683/CO[7]
                         net (fo=1, routed)           0.028    26.893    coeff_reg_0_63_0_6_i_683_n_0
    SLICE_X52Y91         CARRY8 (Prop_CARRY8_SLICEM_CI_O[3])
                                                      0.104    26.997 r  coeff_reg_0_63_0_6_i_558/O[3]
                         net (fo=1, routed)           0.473    27.470    coeff_reg_0_63_0_6_i_558_n_12
    SLICE_X51Y91         LUT2 (Prop_E6LUT_SLICEL_I1_O)
                                                      0.176    27.646 r  coeff_reg_0_63_0_6_i_544/O
                         net (fo=1, routed)           0.008    27.654    coeff_reg_0_63_0_6_i_544_n_0
    SLICE_X51Y91         CARRY8 (Prop_CARRY8_SLICEL_S[4]_CO[7])
                                                      0.195    27.849 r  coeff_reg_0_63_0_6_i_406/CO[7]
                         net (fo=1, routed)           0.028    27.877    coeff_reg_0_63_0_6_i_406_n_0
    SLICE_X51Y92         CARRY8 (Prop_CARRY8_SLICEL_CI_O[6])
                                                      0.129    28.006 f  coeff_reg_0_63_0_6_i_314/O[6]
                         net (fo=2, routed)           0.534    28.540    coeff_reg_0_63_0_6_i_314_n_9
    SLICE_X50Y89         LUT2 (Prop_D6LUT_SLICEM_I0_O)
                                                      0.147    28.687 r  coeff_reg_0_63_0_6_i_168/O
                         net (fo=1, routed)           0.026    28.713    coeff_reg_0_63_0_6_i_168_n_0
    SLICE_X50Y89         CARRY8 (Prop_CARRY8_SLICEM_S[3]_CO[3])
                                                      0.168    28.881 r  coeff_reg_0_63_0_6_i_84/CO[3]
                         net (fo=60, routed)          0.400    29.281    p_6_in
    SLICE_X50Y72         LUT6 (Prop_F6LUT_SLICEM_I4_O)
                                                      0.177    29.458 r  coeff_reg_0_63_7_13_i_18/O
                         net (fo=1, routed)           0.581    30.039    coeff_reg_0_63_7_13_i_18_n_0
    SLICE_X55Y60         LUT6 (Prop_G6LUT_SLICEM_I4_O)
                                                      0.116    30.155 r  coeff_reg_0_63_7_13_i_2/O
                         net (fo=128, routed)         4.038    34.193    coeff_reg_4864_4927_7_13/DIB
    SLICE_X66Y51         RAMD64E                                      r  coeff_reg_4864_4927_7_13/RAMB/I
  -------------------------------------------------------------------    -------------------

Slack:                    inf
  Source:                 u_r_reg[13]/C
                            (rising edge-triggered cell FDRE)
  Destination:            coeff_reg_4736_4799_7_13/RAMB/I
  Path Group:             (none)
  Path Type:              Max at Slow Process Corner
  Data Path Delay:        34.183ns  (logic 14.211ns (41.573%)  route 19.972ns (58.427%))
  Logic Levels:           67  (CARRY8=24 DSP_A_B_DATA=3 DSP_ALU=7 DSP_M_DATA=3 DSP_MULTIPLIER=3 DSP_OUTPUT=7 DSP_PREADD_DATA=3 FDRE=1 LUT2=2 LUT3=6 LUT4=5 LUT5=1 LUT6=2)

    Location             Delay type                Incr(ns)  Path(ns)    Netlist Resource(s)
  -------------------------------------------------------------------    -------------------
    SLICE_X57Y49         FDRE                         0.000     0.000 r  u_r_reg[13]/C
    SLICE_X57Y49         FDRE (Prop_AFF2_SLICEL_C_Q)
                                                      0.099     0.099 r  u_r_reg[13]/Q
                         net (fo=8, routed)           1.031     1.130    u_r_reg_n_0_[13]
    SLICE_X57Y63         LUT3 (Prop_F5LUT_SLICEL_I0_O)
                                                      0.205     1.335 r  p_1_in__13_i_31/O
                         net (fo=2, routed)           0.550     1.884    p_1_in__13_i_31_n_0
    SLICE_X57Y63         CARRY8 (Prop_CARRY8_SLICEL_DI[6]_CO[7])
                                                      0.073     1.957 r  p_1_in__13_i_19/CO[7]
                         net (fo=1, routed)           0.028     1.985    p_1_in__13_i_19_n_0
    SLICE_X57Y64         CARRY8 (Prop_CARRY8_SLICEL_CI_CO[7])
                                                      0.023     2.008 r  p_1_in__10_i_23/CO[7]
                         net (fo=1, routed)           0.028     2.036    p_1_in__10_i_23_n_0
    SLICE_X57Y65         CARRY8 (Prop_CARRY8_SLICEL_CI_O[0])
                                                      0.072     2.108 r  p_1_in__10_i_21/O[0]
                         net (fo=5, routed)           0.688     2.796    p_1_in__10_i_21_n_15
    SLICE_X58Y66         LUT4 (Prop_E6LUT_SLICEM_I2_O)
                                                      0.148     2.944 r  p_1_in__9_i_95/O
                         net (fo=1, routed)           0.015     2.959    p_1_in__9_i_95_n_0
    SLICE_X58Y66         CARRY8 (Prop_CARRY8_SLICEM_S[4]_CO[7])
                                                      0.198     3.157 r  p_1_in__9_i_66/CO[7]
                         net (fo=1, routed)           0.028     3.185    p_1_in__9_i_66_n_0
    SLICE_X58Y67         CARRY8 (Prop_CARRY8_SLICEM_CI_CO[7])
                                                      0.023     3.208 r  p_1_in__9_i_19/CO[7]
                         net (fo=1, routed)           0.028     3.236    p_1_in__9_i_19_n_0
    SLICE_X58Y68         CARRY8 (Prop_CARRY8_SLICEM_CI_CO[6])
                                                      0.116     3.352 r  p_1_in__9_i_11/CO[6]
                         net (fo=60, routed)          0.486     3.839    p_1_in__9_i_11_n_1
    SLICE_X57Y61         LUT3 (Prop_D6LUT_SLICEL_I1_O)
                                                      0.099     3.938 f  p_1_in__13_i_2/O
                         net (fo=3, routed)           0.980     4.918    p_1_in__16/A[15]
    DSP48E2_X8Y27        DSP_A_B_DATA (Prop_DSP_A_B_DATA_DSP48E2_A[15]_A2_DATA[15])
                                                      0.241     5.159 r  p_1_in__16/DSP_A_B_DATA_INST/A2_DATA[15]
                         net (fo=1, routed)           0.000     5.159    p_1_in__16/DSP_A_B_DATA.A2_DATA<15>
    DSP48E2_X8Y27        DSP_PREADD_DATA (Prop_DSP_PREADD_DATA_DSP48E2_A2_DATA[15]_A2A1[15])
                                                      0.098     5.257 r  p_1_in__16/DSP_PREADD_DATA_INST/A2A1[15]
                         net (fo=1, routed)           0.000     5.257    p_1_in__16/DSP_PREADD_DATA.A2A1<15>
    DSP48E2_X8Y27        DSP_MULTIPLIER (Prop_DSP_MULTIPLIER_DSP48E2_A2A1[15]_U[36])
                                                      0.647     5.904 f  p_1_in__16/DSP_MULTIPLIER_INST/U[36]
                         net (fo=1, routed)           0.000     5.904    p_1_in__16/DSP_MULTIPLIER.U<36>
    DSP48E2_X8Y27        DSP_M_DATA (Prop_DSP_M_DATA_DSP48E2_U[36]_U_DATA[36])
                                                      0.059     5.963 r  p_1_in__16/DSP_M_DATA_INST/U_DATA[36]
                         net (fo=1, routed)           0.000     5.963    p_1_in__16/DSP_M_DATA.U_DATA<36>
    DSP48E2_X8Y27        DSP_ALU (Prop_DSP_ALU_DSP48E2_U_DATA[36]_ALU_OUT[47])
                                                      0.699     6.662 f  p_1_in__16/DSP_ALU_INST/ALU_OUT[47]
                         net (fo=1, routed)           0.000     6.662    p_1_in__16/DSP_ALU.ALU_OUT<47>
    DSP48E2_X8Y27        DSP_OUTPUT (Prop_DSP_OUTPUT_DSP48E2_ALU_OUT[47]_PCOUT[47])
                                                      0.159     6.821 r  p_1_in__16/DSP_OUTPUT_INST/PCOUT[47]
                         net (fo=1, routed)           0.042     6.863    p_1_in__17/PCIN[47]
    DSP48E2_X8Y28        DSP_ALU (Prop_DSP_ALU_DSP48E2_PCIN[47]_ALU_OUT[47])
                                                      0.698     7.561 f  p_1_in__17/DSP_ALU_INST/ALU_OUT[47]
                         net (fo=1, routed)           0.000     7.561    p_1_in__17/DSP_ALU.ALU_OUT<47>
    DSP48E2_X8Y28        DSP_OUTPUT (Prop_DSP_OUTPUT_DSP48E2_ALU_OUT[47]_PCOUT[47])
                                                      0.159     7.720 r  p_1_in__17/DSP_OUTPUT_INST/PCOUT[47]
                         net (fo=1, routed)           0.016     7.736    p_1_in__18/PCIN[47]
    DSP48E2_X8Y29        DSP_ALU (Prop_DSP_ALU_DSP48E2_PCIN[47]_ALU_OUT[35])
                                                      0.698     8.434 f  p_1_in__18/DSP_ALU_INST/ALU_OUT[35]
                         net (fo=1, routed)           0.000     8.434    p_1_in__18/DSP_ALU.ALU_OUT<35>
    DSP48E2_X8Y29        DSP_OUTPUT (Prop_DSP_OUTPUT_DSP48E2_ALU_OUT[35]_P[35])
                                                      0.141     8.575 r  p_1_in__18/DSP_OUTPUT_INST/P[35]
                         net (fo=3, routed)           0.369     8.944    p_1_in__18_n_70
    SLICE_X55Y69         LUT3 (Prop_D5LUT_SLICEM_I0_O)
                                                      0.082     9.026 r  p_0_out__64_i_22/O
                         net (fo=2, routed)           0.530     9.556    p_0_out__64_i_22_n_0
    SLICE_X55Y69         LUT4 (Prop_E6LUT_SLICEM_I3_O)
                                                      0.177     9.733 r  p_0_out__64_i_27/O
                         net (fo=1, routed)           0.015     9.748    p_0_out__64_i_27_n_0
    SLICE_X55Y69         CARRY8 (Prop_CARRY8_SLICEM_S[4]_CO[7])
                                                      0.198     9.946 r  p_0_out__64_i_2/CO[7]
                         net (fo=1, routed)           0.028     9.974    p_0_out__64_i_2_n_0
    SLICE_X55Y70         CARRY8 (Prop_CARRY8_SLICEM_CI_CO[7])
                                                      0.023     9.997 r  p_0_out__64_i_1/CO[7]
                         net (fo=1, routed)           0.028    10.025    p_0_out__64_i_1_n_0
    SLICE_X55Y71         CARRY8 (Prop_CARRY8_SLICEM_CI_O[1])
                                                      0.097    10.122 f  p_0_out__60_i_2/O[1]
                         net (fo=9, routed)           2.096    12.217    p_0_out__90/A[15]
    DSP48E2_X7Y35        DSP_A_B_DATA (Prop_DSP_A_B_DATA_DSP48E2_A[15]_A2_DATA[15])
                                                      0.241    12.458 r  p_0_out__90/DSP_A_B_DATA_INST/A2_DATA[15]
                         net (fo=1, routed)           0.000    12.458    p_0_out__90/DSP_A_B_DATA.A2_DATA<15>
    DSP48E2_X7Y35        DSP_PREADD_DATA (Prop_DSP_PREADD_DATA_DSP48E2_A2_DATA[15]_A2A1[15])
                                                      0.098    12.556 r  p_0_out__90/DSP_PREADD_DATA_INST/A2A1[15]
                         net (fo=1, routed)           0.000    12.556    p_0_out__90/DSP_PREADD_DATA.A2A1<15>
    DSP48E2_X7Y35        DSP_MULTIPLIER (Prop_DSP_MULTIPLIER_DSP48E2_A2A1[15]_U[32])
                                                      0.647    13.203 f  p_0_out__90/DSP_MULTIPLIER_INST/U[32]
                         net (fo=1, routed)           0.000    13.203    p_0_out__90/DSP_MULTIPLIER.U<32>
    DSP48E2_X7Y35        DSP_M_DATA (Prop_DSP_M_DATA_DSP48E2_U[32]_U_DATA[32])
                                                      0.059    13.262 r  p_0_out__90/DSP_M_DATA_INST/U_DATA[32]
                         net (fo=1, routed)           0.000    13.262    p_0_out__90/DSP_M_DATA.U_DATA<32>
    DSP48E2_X7Y35        DSP_ALU (Prop_DSP_ALU_DSP48E2_U_DATA[32]_ALU_OUT[32])
                                                      0.699    13.961 f  p_0_out__90/DSP_ALU_INST/ALU_OUT[32]
                         net (fo=1, routed)           0.000    13.961    p_0_out__90/DSP_ALU.ALU_OUT<32>
    DSP48E2_X7Y35        DSP_OUTPUT (Prop_DSP_OUTPUT_DSP48E2_ALU_OUT[32]_P[32])
                                                      0.141    14.102 r  p_0_out__90/DSP_OUTPUT_INST/P[32]
                         net (fo=2, routed)           0.626    14.728    p_0_out__90_n_73
    SLICE_X49Y81         LUT3 (Prop_B5LUT_SLICEM_I2_O)
                                                      0.126    14.854 r  p_0_out__109_i_407/O
                         net (fo=2, routed)           0.930    15.785    p_0_out__109_i_407_n_0
    SLICE_X49Y81         CARRY8 (Prop_CARRY8_SLICEM_DI[2]_CO[7])
                                                      0.141    15.926 r  p_0_out__109_i_284/CO[7]
                         net (fo=1, routed)           0.028    15.954    p_0_out__109_i_284_n_0
    SLICE_X49Y82         CARRY8 (Prop_CARRY8_SLICEM_CI_O[3])
                                                      0.104    16.058 r  p_0_out__109_i_184/O[3]
                         net (fo=2, routed)           0.897    16.955    p_0_out__109_i_184_n_12
    SLICE_X49Y89         LUT3 (Prop_A5LUT_SLICEM_I2_O)
                                                      0.122    17.077 r  p_0_out__109_i_123/O
                         net (fo=2, routed)           0.551    17.628    p_0_out__109_i_123_n_0
    SLICE_X49Y89         LUT4 (Prop_B6LUT_SLICEM_I3_O)
                                                      0.116    17.744 r  p_0_out__109_i_131/O
                         net (fo=1, routed)           0.018    17.762    p_0_out__109_i_131_n_0
    SLICE_X49Y89         CARRY8 (Prop_CARRY8_SLICEM_S[1]_CO[7])
                                                      0.238    18.000 r  p_0_out__109_i_57/CO[7]
                         net (fo=1, routed)           0.060    18.060    p_0_out__109_i_57_n_0
    SLICE_X49Y90         CARRY8 (Prop_CARRY8_SLICEM_CI_O[7])
                                                      0.146    18.206 r  p_0_out__109_i_38/O[7]
                         net (fo=2, routed)           0.497    18.703    p_0_out__109_i_38_n_8
    SLICE_X47Y87         LUT3 (Prop_A5LUT_SLICEL_I1_O)
                                                      0.170    18.873 r  p_0_out__109_i_9/O
                         net (fo=2, routed)           0.579    19.452    p_0_out__109_i_9_n_0
    SLICE_X47Y87         LUT4 (Prop_B6LUT_SLICEL_I3_O)
                                                      0.115    19.567 r  p_0_out__109_i_17/O
                         net (fo=1, routed)           0.010    19.577    p_0_out__109_i_17_n_0
    SLICE_X47Y87         CARRY8 (Prop_CARRY8_SLICEL_S[1]_CO[7])
                                                      0.233    19.810 r  p_0_out__109_i_1/CO[7]
                         net (fo=1, routed)           0.028    19.838    p_0_out__109_i_1_n_0
    SLICE_X47Y88         CARRY8 (Prop_CARRY8_SLICEL_CI_CO[7])
                                                      0.023    19.861 r  p_0_out__106_i_2/CO[7]
                         net (fo=1, routed)           0.028    19.889    p_0_out__106_i_2_n_0
    SLICE_X47Y89         CARRY8 (Prop_CARRY8_SLICEL_CI_CO[7])
                                                      0.023    19.912 r  p_0_out__106_i_1/CO[7]
                         net (fo=1, routed)           0.060    19.972    p_0_out__106_i_1_n_0
    SLICE_X47Y90         CARRY8 (Prop_CARRY8_SLICEL_CI_CO[7])
                                                      0.023    19.995 r  p_0_out__103_i_3/CO[7]
                         net (fo=1, routed)           0.028    20.023    p_0_out__103_i_3_n_0
    SLICE_X47Y91         CARRY8 (Prop_CARRY8_SLICEL_CI_O[0])
                                                      0.072    20.095 f  p_0_out__103_i_2/O[0]
                         net (fo=3, routed)           1.432    21.527    p_0_out__103/B[3]
    DSP48E2_X8Y35        DSP_A_B_DATA (Prop_DSP_A_B_DATA_DSP48E2_B[3]_B2_DATA[3])
                                                      0.195    21.722 r  p_0_out__103/DSP_A_B_DATA_INST/B2_DATA[3]
                         net (fo=1, routed)           0.000    21.722    p_0_out__103/DSP_A_B_DATA.B2_DATA<3>
    DSP48E2_X8Y35        DSP_PREADD_DATA (Prop_DSP_PREADD_DATA_DSP48E2_B2_DATA[3]_B2B1[3])
                                                      0.092    21.814 r  p_0_out__103/DSP_PREADD_DATA_INST/B2B1[3]
                         net (fo=1, routed)           0.000    21.814    p_0_out__103/DSP_PREADD_DATA.B2B1<3>
    DSP48E2_X8Y35        DSP_MULTIPLIER (Prop_DSP_MULTIPLIER_DSP48E2_B2B1[3]_U[35])
                                                      0.737    22.551 f  p_0_out__103/DSP_MULTIPLIER_INST/U[35]
                         net (fo=1, routed)           0.000    22.551    p_0_out__103/DSP_MULTIPLIER.U<35>
    DSP48E2_X8Y35        DSP_M_DATA (Prop_DSP_M_DATA_DSP48E2_U[35]_U_DATA[35])
                                                      0.059    22.610 r  p_0_out__103/DSP_M_DATA_INST/U_DATA[35]
                         net (fo=1, routed)           0.000    22.610    p_0_out__103/DSP_M_DATA.U_DATA<35>
    DSP48E2_X8Y35        DSP_ALU (Prop_DSP_ALU_DSP48E2_U_DATA[35]_ALU_OUT[47])
                                                      0.699    23.309 f  p_0_out__103/DSP_ALU_INST/ALU_OUT[47]
                         net (fo=1, routed)           0.000    23.309    p_0_out__103/DSP_ALU.ALU_OUT<47>
    DSP48E2_X8Y35        DSP_OUTPUT (Prop_DSP_OUTPUT_DSP48E2_ALU_OUT[47]_PCOUT[47])
                                                      0.159    23.468 r  p_0_out__103/DSP_OUTPUT_INST/PCOUT[47]
                         net (fo=1, routed)           0.080    23.548    p_0_out__104/PCIN[47]
    DSP48E2_X8Y36        DSP_ALU (Prop_DSP_ALU_DSP48E2_PCIN[47]_ALU_OUT[47])
                                                      0.698    24.246 f  p_0_out__104/DSP_ALU_INST/ALU_OUT[47]
                         net (fo=1, routed)           0.000    24.246    p_0_out__104/DSP_ALU.ALU_OUT<47>
    DSP48E2_X8Y36        DSP_OUTPUT (Prop_DSP_OUTPUT_DSP48E2_ALU_OUT[47]_PCOUT[47])
                                                      0.159    24.405 r  p_0_out__104/DSP_OUTPUT_INST/PCOUT[47]
                         net (fo=1, routed)           0.016    24.421    p_0_out__105/PCIN[47]
    DSP48E2_X8Y37        DSP_ALU (Prop_DSP_ALU_DSP48E2_PCIN[47]_ALU_OUT[6])
                                                      0.698    25.119 f  p_0_out__105/DSP_ALU_INST/ALU_OUT[6]
                         net (fo=1, routed)           0.000    25.119    p_0_out__105/DSP_ALU.ALU_OUT<6>
    DSP48E2_X8Y37        DSP_OUTPUT (Prop_DSP_OUTPUT_DSP48E2_ALU_OUT[6]_P[6])
                                                      0.141    25.260 r  p_0_out__105/DSP_OUTPUT_INST/P[6]
                         net (fo=4, routed)           0.407    25.667    p_0_out__105_n_99
    SLICE_X52Y89         LUT4 (Prop_D5LUT_SLICEM_I1_O)
                                                      0.195    25.862 r  coeff_reg_0_63_0_6_i_828/O
                         net (fo=2, routed)           0.530    26.392    coeff_reg_0_63_0_6_i_828_n_0
    SLICE_X52Y89         LUT5 (Prop_E6LUT_SLICEM_I4_O)
                                                      0.177    26.569 r  coeff_reg_0_63_0_6_i_836/O
                         net (fo=1, routed)           0.015    26.584    coeff_reg_0_63_0_6_i_836_n_0
    SLICE_X52Y89         CARRY8 (Prop_CARRY8_SLICEM_S[4]_CO[7])
                                                      0.198    26.782 r  coeff_reg_0_63_0_6_i_684/CO[7]
                         net (fo=1, routed)           0.060    26.842    coeff_reg_0_63_0_6_i_684_n_0
    SLICE_X52Y90         CARRY8 (Prop_CARRY8_SLICEM_CI_CO[7])
                                                      0.023    26.865 r  coeff_reg_0_63_0_6_i_683/CO[7]
                         net (fo=1, routed)           0.028    26.893    coeff_reg_0_63_0_6_i_683_n_0
    SLICE_X52Y91         CARRY8 (Prop_CARRY8_SLICEM_CI_O[3])
                                                      0.104    26.997 r  coeff_reg_0_63_0_6_i_558/O[3]
                         net (fo=1, routed)           0.473    27.470    coeff_reg_0_63_0_6_i_558_n_12
    SLICE_X51Y91         LUT2 (Prop_E6LUT_SLICEL_I1_O)
                                                      0.176    27.646 r  coeff_reg_0_63_0_6_i_544/O
                         net (fo=1, routed)           0.008    27.654    coeff_reg_0_63_0_6_i_544_n_0
    SLICE_X51Y91         CARRY8 (Prop_CARRY8_SLICEL_S[4]_CO[7])
                                                      0.195    27.849 r  coeff_reg_0_63_0_6_i_406/CO[7]
                         net (fo=1, routed)           0.028    27.877    coeff_reg_0_63_0_6_i_406_n_0
    SLICE_X51Y92         CARRY8 (Prop_CARRY8_SLICEL_CI_O[6])
                                                      0.129    28.006 f  coeff_reg_0_63_0_6_i_314/O[6]
                         net (fo=2, routed)           0.534    28.540    coeff_reg_0_63_0_6_i_314_n_9
    SLICE_X50Y89         LUT2 (Prop_D6LUT_SLICEM_I0_O)
                                                      0.147    28.687 r  coeff_reg_0_63_0_6_i_168/O
                         net (fo=1, routed)           0.026    28.713    coeff_reg_0_63_0_6_i_168_n_0
    SLICE_X50Y89         CARRY8 (Prop_CARRY8_SLICEM_S[3]_CO[3])
                                                      0.168    28.881 r  coeff_reg_0_63_0_6_i_84/CO[3]
                         net (fo=60, routed)          0.400    29.281    p_6_in
    SLICE_X50Y72         LUT6 (Prop_F6LUT_SLICEM_I4_O)
                                                      0.177    29.458 r  coeff_reg_0_63_7_13_i_18/O
                         net (fo=1, routed)           0.581    30.039    coeff_reg_0_63_7_13_i_18_n_0
    SLICE_X55Y60         LUT6 (Prop_G6LUT_SLICEM_I4_O)
                                                      0.116    30.155 r  coeff_reg_0_63_7_13_i_2/O
                         net (fo=128, routed)         4.027    34.183    coeff_reg_4736_4799_7_13/DIB
    SLICE_X62Y52         RAMD64E                                      r  coeff_reg_4736_4799_7_13/RAMB/I
  -------------------------------------------------------------------    -------------------

Slack:                    inf
  Source:                 u_r_reg[13]/C
                            (rising edge-triggered cell FDRE)
  Destination:            coeff_reg_6976_7039_14_20/RAMG/I
  Path Group:             (none)
  Path Type:              Max at Slow Process Corner
  Data Path Delay:        34.170ns  (logic 14.022ns (41.035%)  route 20.148ns (58.965%))
  Logic Levels:           67  (CARRY8=24 DSP_A_B_DATA=3 DSP_ALU=7 DSP_M_DATA=3 DSP_MULTIPLIER=3 DSP_OUTPUT=7 DSP_PREADD_DATA=3 FDRE=1 LUT2=2 LUT3=6 LUT4=5 LUT5=1 LUT6=2)

    Location             Delay type                Incr(ns)  Path(ns)    Netlist Resource(s)
  -------------------------------------------------------------------    -------------------
    SLICE_X57Y49         FDRE                         0.000     0.000 r  u_r_reg[13]/C
    SLICE_X57Y49         FDRE (Prop_AFF2_SLICEL_C_Q)
                                                      0.099     0.099 r  u_r_reg[13]/Q
                         net (fo=8, routed)           1.031     1.130    u_r_reg_n_0_[13]
    SLICE_X57Y63         LUT3 (Prop_F5LUT_SLICEL_I0_O)
                                                      0.205     1.335 r  p_1_in__13_i_31/O
                         net (fo=2, routed)           0.550     1.884    p_1_in__13_i_31_n_0
    SLICE_X57Y63         CARRY8 (Prop_CARRY8_SLICEL_DI[6]_CO[7])
                                                      0.073     1.957 r  p_1_in__13_i_19/CO[7]
                         net (fo=1, routed)           0.028     1.985    p_1_in__13_i_19_n_0
    SLICE_X57Y64         CARRY8 (Prop_CARRY8_SLICEL_CI_CO[7])
                                                      0.023     2.008 r  p_1_in__10_i_23/CO[7]
                         net (fo=1, routed)           0.028     2.036    p_1_in__10_i_23_n_0
    SLICE_X57Y65         CARRY8 (Prop_CARRY8_SLICEL_CI_O[0])
                                                      0.072     2.108 r  p_1_in__10_i_21/O[0]
                         net (fo=5, routed)           0.688     2.796    p_1_in__10_i_21_n_15
    SLICE_X58Y66         LUT4 (Prop_E6LUT_SLICEM_I2_O)
                                                      0.148     2.944 r  p_1_in__9_i_95/O
                         net (fo=1, routed)           0.015     2.959    p_1_in__9_i_95_n_0
    SLICE_X58Y66         CARRY8 (Prop_CARRY8_SLICEM_S[4]_CO[7])
                                                      0.198     3.157 r  p_1_in__9_i_66/CO[7]
                         net (fo=1, routed)           0.028     3.185    p_1_in__9_i_66_n_0
    SLICE_X58Y67         CARRY8 (Prop_CARRY8_SLICEM_CI_CO[7])
                                                      0.023     3.208 r  p_1_in__9_i_19/CO[7]
                         net (fo=1, routed)           0.028     3.236    p_1_in__9_i_19_n_0
    SLICE_X58Y68         CARRY8 (Prop_CARRY8_SLICEM_CI_CO[6])
                                                      0.116     3.352 r  p_1_in__9_i_11/CO[6]
                         net (fo=60, routed)          0.486     3.839    p_1_in__9_i_11_n_1
    SLICE_X57Y61         LUT3 (Prop_D6LUT_SLICEL_I1_O)
                                                      0.099     3.938 f  p_1_in__13_i_2/O
                         net (fo=3, routed)           0.980     4.918    p_1_in__16/A[15]
    DSP48E2_X8Y27        DSP_A_B_DATA (Prop_DSP_A_B_DATA_DSP48E2_A[15]_A2_DATA[15])
                                                      0.241     5.159 r  p_1_in__16/DSP_A_B_DATA_INST/A2_DATA[15]
                         net (fo=1, routed)           0.000     5.159    p_1_in__16/DSP_A_B_DATA.A2_DATA<15>
    DSP48E2_X8Y27        DSP_PREADD_DATA (Prop_DSP_PREADD_DATA_DSP48E2_A2_DATA[15]_A2A1[15])
                                                      0.098     5.257 r  p_1_in__16/DSP_PREADD_DATA_INST/A2A1[15]
                         net (fo=1, routed)           0.000     5.257    p_1_in__16/DSP_PREADD_DATA.A2A1<15>
    DSP48E2_X8Y27        DSP_MULTIPLIER (Prop_DSP_MULTIPLIER_DSP48E2_A2A1[15]_U[36])
                                                      0.647     5.904 f  p_1_in__16/DSP_MULTIPLIER_INST/U[36]
                         net (fo=1, routed)           0.000     5.904    p_1_in__16/DSP_MULTIPLIER.U<36>
    DSP48E2_X8Y27        DSP_M_DATA (Prop_DSP_M_DATA_DSP48E2_U[36]_U_DATA[36])
                                                      0.059     5.963 r  p_1_in__16/DSP_M_DATA_INST/U_DATA[36]
                         net (fo=1, routed)           0.000     5.963    p_1_in__16/DSP_M_DATA.U_DATA<36>
    DSP48E2_X8Y27        DSP_ALU (Prop_DSP_ALU_DSP48E2_U_DATA[36]_ALU_OUT[47])
                                                      0.699     6.662 f  p_1_in__16/DSP_ALU_INST/ALU_OUT[47]
                         net (fo=1, routed)           0.000     6.662    p_1_in__16/DSP_ALU.ALU_OUT<47>
    DSP48E2_X8Y27        DSP_OUTPUT (Prop_DSP_OUTPUT_DSP48E2_ALU_OUT[47]_PCOUT[47])
                                                      0.159     6.821 r  p_1_in__16/DSP_OUTPUT_INST/PCOUT[47]
                         net (fo=1, routed)           0.042     6.863    p_1_in__17/PCIN[47]
    DSP48E2_X8Y28        DSP_ALU (Prop_DSP_ALU_DSP48E2_PCIN[47]_ALU_OUT[47])
                                                      0.698     7.561 f  p_1_in__17/DSP_ALU_INST/ALU_OUT[47]
                         net (fo=1, routed)           0.000     7.561    p_1_in__17/DSP_ALU.ALU_OUT<47>
    DSP48E2_X8Y28        DSP_OUTPUT (Prop_DSP_OUTPUT_DSP48E2_ALU_OUT[47]_PCOUT[47])
                                                      0.159     7.720 r  p_1_in__17/DSP_OUTPUT_INST/PCOUT[47]
                         net (fo=1, routed)           0.016     7.736    p_1_in__18/PCIN[47]
    DSP48E2_X8Y29        DSP_ALU (Prop_DSP_ALU_DSP48E2_PCIN[47]_ALU_OUT[35])
                                                      0.698     8.434 f  p_1_in__18/DSP_ALU_INST/ALU_OUT[35]
                         net (fo=1, routed)           0.000     8.434    p_1_in__18/DSP_ALU.ALU_OUT<35>
    DSP48E2_X8Y29        DSP_OUTPUT (Prop_DSP_OUTPUT_DSP48E2_ALU_OUT[35]_P[35])
                                                      0.141     8.575 r  p_1_in__18/DSP_OUTPUT_INST/P[35]
                         net (fo=3, routed)           0.369     8.944    p_1_in__18_n_70
    SLICE_X55Y69         LUT3 (Prop_D5LUT_SLICEM_I0_O)
                                                      0.082     9.026 r  p_0_out__64_i_22/O
                         net (fo=2, routed)           0.530     9.556    p_0_out__64_i_22_n_0
    SLICE_X55Y69         LUT4 (Prop_E6LUT_SLICEM_I3_O)
                                                      0.177     9.733 r  p_0_out__64_i_27/O
                         net (fo=1, routed)           0.015     9.748    p_0_out__64_i_27_n_0
    SLICE_X55Y69         CARRY8 (Prop_CARRY8_SLICEM_S[4]_CO[7])
                                                      0.198     9.946 r  p_0_out__64_i_2/CO[7]
                         net (fo=1, routed)           0.028     9.974    p_0_out__64_i_2_n_0
    SLICE_X55Y70         CARRY8 (Prop_CARRY8_SLICEM_CI_CO[7])
                                                      0.023     9.997 r  p_0_out__64_i_1/CO[7]
                         net (fo=1, routed)           0.028    10.025    p_0_out__64_i_1_n_0
    SLICE_X55Y71         CARRY8 (Prop_CARRY8_SLICEM_CI_O[1])
                                                      0.097    10.122 f  p_0_out__60_i_2/O[1]
                         net (fo=9, routed)           2.096    12.217    p_0_out__90/A[15]
    DSP48E2_X7Y35        DSP_A_B_DATA (Prop_DSP_A_B_DATA_DSP48E2_A[15]_A2_DATA[15])
                                                      0.241    12.458 r  p_0_out__90/DSP_A_B_DATA_INST/A2_DATA[15]
                         net (fo=1, routed)           0.000    12.458    p_0_out__90/DSP_A_B_DATA.A2_DATA<15>
    DSP48E2_X7Y35        DSP_PREADD_DATA (Prop_DSP_PREADD_DATA_DSP48E2_A2_DATA[15]_A2A1[15])
                                                      0.098    12.556 r  p_0_out__90/DSP_PREADD_DATA_INST/A2A1[15]
                         net (fo=1, routed)           0.000    12.556    p_0_out__90/DSP_PREADD_DATA.A2A1<15>
    DSP48E2_X7Y35        DSP_MULTIPLIER (Prop_DSP_MULTIPLIER_DSP48E2_A2A1[15]_U[32])
                                                      0.647    13.203 f  p_0_out__90/DSP_MULTIPLIER_INST/U[32]
                         net (fo=1, routed)           0.000    13.203    p_0_out__90/DSP_MULTIPLIER.U<32>
    DSP48E2_X7Y35        DSP_M_DATA (Prop_DSP_M_DATA_DSP48E2_U[32]_U_DATA[32])
                                                      0.059    13.262 r  p_0_out__90/DSP_M_DATA_INST/U_DATA[32]
                         net (fo=1, routed)           0.000    13.262    p_0_out__90/DSP_M_DATA.U_DATA<32>
    DSP48E2_X7Y35        DSP_ALU (Prop_DSP_ALU_DSP48E2_U_DATA[32]_ALU_OUT[32])
                                                      0.699    13.961 f  p_0_out__90/DSP_ALU_INST/ALU_OUT[32]
                         net (fo=1, routed)           0.000    13.961    p_0_out__90/DSP_ALU.ALU_OUT<32>
    DSP48E2_X7Y35        DSP_OUTPUT (Prop_DSP_OUTPUT_DSP48E2_ALU_OUT[32]_P[32])
                                                      0.141    14.102 r  p_0_out__90/DSP_OUTPUT_INST/P[32]
                         net (fo=2, routed)           0.626    14.728    p_0_out__90_n_73
    SLICE_X49Y81         LUT3 (Prop_B5LUT_SLICEM_I2_O)
                                                      0.126    14.854 r  p_0_out__109_i_407/O
                         net (fo=2, routed)           0.930    15.785    p_0_out__109_i_407_n_0
    SLICE_X49Y81         CARRY8 (Prop_CARRY8_SLICEM_DI[2]_CO[7])
                                                      0.141    15.926 r  p_0_out__109_i_284/CO[7]
                         net (fo=1, routed)           0.028    15.954    p_0_out__109_i_284_n_0
    SLICE_X49Y82         CARRY8 (Prop_CARRY8_SLICEM_CI_O[3])
                                                      0.104    16.058 r  p_0_out__109_i_184/O[3]
                         net (fo=2, routed)           0.897    16.955    p_0_out__109_i_184_n_12
    SLICE_X49Y89         LUT3 (Prop_A5LUT_SLICEM_I2_O)
                                                      0.122    17.077 r  p_0_out__109_i_123/O
                         net (fo=2, routed)           0.551    17.628    p_0_out__109_i_123_n_0
    SLICE_X49Y89         LUT4 (Prop_B6LUT_SLICEM_I3_O)
                                                      0.116    17.744 r  p_0_out__109_i_131/O
                         net (fo=1, routed)           0.018    17.762    p_0_out__109_i_131_n_0
    SLICE_X49Y89         CARRY8 (Prop_CARRY8_SLICEM_S[1]_CO[7])
                                                      0.238    18.000 r  p_0_out__109_i_57/CO[7]
                         net (fo=1, routed)           0.060    18.060    p_0_out__109_i_57_n_0
    SLICE_X49Y90         CARRY8 (Prop_CARRY8_SLICEM_CI_O[7])
                                                      0.146    18.206 r  p_0_out__109_i_38/O[7]
                         net (fo=2, routed)           0.497    18.703    p_0_out__109_i_38_n_8
    SLICE_X47Y87         LUT3 (Prop_A5LUT_SLICEL_I1_O)
                                                      0.170    18.873 r  p_0_out__109_i_9/O
                         net (fo=2, routed)           0.579    19.452    p_0_out__109_i_9_n_0
    SLICE_X47Y87         LUT4 (Prop_B6LUT_SLICEL_I3_O)
                                                      0.115    19.567 r  p_0_out__109_i_17/O
                         net (fo=1, routed)           0.010    19.577    p_0_out__109_i_17_n_0
    SLICE_X47Y87         CARRY8 (Prop_CARRY8_SLICEL_S[1]_CO[7])
                                                      0.233    19.810 r  p_0_out__109_i_1/CO[7]
                         net (fo=1, routed)           0.028    19.838    p_0_out__109_i_1_n_0
    SLICE_X47Y88         CARRY8 (Prop_CARRY8_SLICEL_CI_CO[7])
                                                      0.023    19.861 r  p_0_out__106_i_2/CO[7]
                         net (fo=1, routed)           0.028    19.889    p_0_out__106_i_2_n_0
    SLICE_X47Y89         CARRY8 (Prop_CARRY8_SLICEL_CI_CO[7])
                                                      0.023    19.912 r  p_0_out__106_i_1/CO[7]
                         net (fo=1, routed)           0.060    19.972    p_0_out__106_i_1_n_0
    SLICE_X47Y90         CARRY8 (Prop_CARRY8_SLICEL_CI_CO[7])
                                                      0.023    19.995 r  p_0_out__103_i_3/CO[7]
                         net (fo=1, routed)           0.028    20.023    p_0_out__103_i_3_n_0
    SLICE_X47Y91         CARRY8 (Prop_CARRY8_SLICEL_CI_O[0])
                                                      0.072    20.095 f  p_0_out__103_i_2/O[0]
                         net (fo=3, routed)           1.432    21.527    p_0_out__103/B[3]
    DSP48E2_X8Y35        DSP_A_B_DATA (Prop_DSP_A_B_DATA_DSP48E2_B[3]_B2_DATA[3])
                                                      0.195    21.722 r  p_0_out__103/DSP_A_B_DATA_INST/B2_DATA[3]
                         net (fo=1, routed)           0.000    21.722    p_0_out__103/DSP_A_B_DATA.B2_DATA<3>
    DSP48E2_X8Y35        DSP_PREADD_DATA (Prop_DSP_PREADD_DATA_DSP48E2_B2_DATA[3]_B2B1[3])
                                                      0.092    21.814 r  p_0_out__103/DSP_PREADD_DATA_INST/B2B1[3]
                         net (fo=1, routed)           0.000    21.814    p_0_out__103/DSP_PREADD_DATA.B2B1<3>
    DSP48E2_X8Y35        DSP_MULTIPLIER (Prop_DSP_MULTIPLIER_DSP48E2_B2B1[3]_U[35])
                                                      0.737    22.551 f  p_0_out__103/DSP_MULTIPLIER_INST/U[35]
                         net (fo=1, routed)           0.000    22.551    p_0_out__103/DSP_MULTIPLIER.U<35>
    DSP48E2_X8Y35        DSP_M_DATA (Prop_DSP_M_DATA_DSP48E2_U[35]_U_DATA[35])
                                                      0.059    22.610 r  p_0_out__103/DSP_M_DATA_INST/U_DATA[35]
                         net (fo=1, routed)           0.000    22.610    p_0_out__103/DSP_M_DATA.U_DATA<35>
    DSP48E2_X8Y35        DSP_ALU (Prop_DSP_ALU_DSP48E2_U_DATA[35]_ALU_OUT[47])
                                                      0.699    23.309 f  p_0_out__103/DSP_ALU_INST/ALU_OUT[47]
                         net (fo=1, routed)           0.000    23.309    p_0_out__103/DSP_ALU.ALU_OUT<47>
    DSP48E2_X8Y35        DSP_OUTPUT (Prop_DSP_OUTPUT_DSP48E2_ALU_OUT[47]_PCOUT[47])
                                                      0.159    23.468 r  p_0_out__103/DSP_OUTPUT_INST/PCOUT[47]
                         net (fo=1, routed)           0.080    23.548    p_0_out__104/PCIN[47]
    DSP48E2_X8Y36        DSP_ALU (Prop_DSP_ALU_DSP48E2_PCIN[47]_ALU_OUT[47])
                                                      0.698    24.246 f  p_0_out__104/DSP_ALU_INST/ALU_OUT[47]
                         net (fo=1, routed)           0.000    24.246    p_0_out__104/DSP_ALU.ALU_OUT<47>
    DSP48E2_X8Y36        DSP_OUTPUT (Prop_DSP_OUTPUT_DSP48E2_ALU_OUT[47]_PCOUT[47])
                                                      0.159    24.405 r  p_0_out__104/DSP_OUTPUT_INST/PCOUT[47]
                         net (fo=1, routed)           0.016    24.421    p_0_out__105/PCIN[47]
    DSP48E2_X8Y37        DSP_ALU (Prop_DSP_ALU_DSP48E2_PCIN[47]_ALU_OUT[6])
                                                      0.698    25.119 f  p_0_out__105/DSP_ALU_INST/ALU_OUT[6]
                         net (fo=1, routed)           0.000    25.119    p_0_out__105/DSP_ALU.ALU_OUT<6>
    DSP48E2_X8Y37        DSP_OUTPUT (Prop_DSP_OUTPUT_DSP48E2_ALU_OUT[6]_P[6])
                                                      0.141    25.260 r  p_0_out__105/DSP_OUTPUT_INST/P[6]
                         net (fo=4, routed)           0.407    25.667    p_0_out__105_n_99
    SLICE_X52Y89         LUT4 (Prop_D5LUT_SLICEM_I1_O)
                                                      0.195    25.862 r  coeff_reg_0_63_0_6_i_828/O
                         net (fo=2, routed)           0.530    26.392    coeff_reg_0_63_0_6_i_828_n_0
    SLICE_X52Y89         LUT5 (Prop_E6LUT_SLICEM_I4_O)
                                                      0.177    26.569 r  coeff_reg_0_63_0_6_i_836/O
                         net (fo=1, routed)           0.015    26.584    coeff_reg_0_63_0_6_i_836_n_0
    SLICE_X52Y89         CARRY8 (Prop_CARRY8_SLICEM_S[4]_CO[7])
                                                      0.198    26.782 r  coeff_reg_0_63_0_6_i_684/CO[7]
                         net (fo=1, routed)           0.060    26.842    coeff_reg_0_63_0_6_i_684_n_0
    SLICE_X52Y90         CARRY8 (Prop_CARRY8_SLICEM_CI_CO[7])
                                                      0.023    26.865 r  coeff_reg_0_63_0_6_i_683/CO[7]
                         net (fo=1, routed)           0.028    26.893    coeff_reg_0_63_0_6_i_683_n_0
    SLICE_X52Y91         CARRY8 (Prop_CARRY8_SLICEM_CI_O[3])
                                                      0.104    26.997 r  coeff_reg_0_63_0_6_i_558/O[3]
                         net (fo=1, routed)           0.473    27.470    coeff_reg_0_63_0_6_i_558_n_12
    SLICE_X51Y91         LUT2 (Prop_E6LUT_SLICEL_I1_O)
                                                      0.176    27.646 r  coeff_reg_0_63_0_6_i_544/O
                         net (fo=1, routed)           0.008    27.654    coeff_reg_0_63_0_6_i_544_n_0
    SLICE_X51Y91         CARRY8 (Prop_CARRY8_SLICEL_S[4]_CO[7])
                                                      0.195    27.849 r  coeff_reg_0_63_0_6_i_406/CO[7]
                         net (fo=1, routed)           0.028    27.877    coeff_reg_0_63_0_6_i_406_n_0
    SLICE_X51Y92         CARRY8 (Prop_CARRY8_SLICEL_CI_O[6])
                                                      0.129    28.006 f  coeff_reg_0_63_0_6_i_314/O[6]
                         net (fo=2, routed)           0.534    28.540    coeff_reg_0_63_0_6_i_314_n_9
    SLICE_X50Y89         LUT2 (Prop_D6LUT_SLICEM_I0_O)
                                                      0.147    28.687 r  coeff_reg_0_63_0_6_i_168/O
                         net (fo=1, routed)           0.026    28.713    coeff_reg_0_63_0_6_i_168_n_0
    SLICE_X50Y89         CARRY8 (Prop_CARRY8_SLICEM_S[3]_CO[3])
                                                      0.168    28.881 r  coeff_reg_0_63_0_6_i_84/CO[3]
                         net (fo=60, routed)          0.658    29.539    p_6_in
    SLICE_X48Y70         LUT6 (Prop_H6LUT_SLICEL_I4_O)
                                                      0.040    29.579 r  coeff_reg_0_63_14_20_i_33/O
                         net (fo=1, routed)           0.564    30.143    coeff_reg_0_63_14_20_i_33_n_0
    SLICE_X54Y58         LUT6 (Prop_B6LUT_SLICEL_I4_O)
                                                      0.064    30.207 r  coeff_reg_0_63_14_20_i_7/O
                         net (fo=128, routed)         3.964    34.170    coeff_reg_6976_7039_14_20/DIG
    SLICE_X62Y36         RAMD64E                                      r  coeff_reg_6976_7039_14_20/RAMG/I
  -------------------------------------------------------------------    -------------------

Slack:                    inf
  Source:                 u_r_reg[13]/C
                            (rising edge-triggered cell FDRE)
  Destination:            coeff_reg_8128_8191_7_13/RAMB/I
  Path Group:             (none)
  Path Type:              Max at Slow Process Corner
  Data Path Delay:        34.128ns  (logic 14.211ns (41.640%)  route 19.917ns (58.360%))
  Logic Levels:           67  (CARRY8=24 DSP_A_B_DATA=3 DSP_ALU=7 DSP_M_DATA=3 DSP_MULTIPLIER=3 DSP_OUTPUT=7 DSP_PREADD_DATA=3 FDRE=1 LUT2=2 LUT3=6 LUT4=5 LUT5=1 LUT6=2)

    Location             Delay type                Incr(ns)  Path(ns)    Netlist Resource(s)
  -------------------------------------------------------------------    -------------------
    SLICE_X57Y49         FDRE                         0.000     0.000 r  u_r_reg[13]/C
    SLICE_X57Y49         FDRE (Prop_AFF2_SLICEL_C_Q)
                                                      0.099     0.099 r  u_r_reg[13]/Q
                         net (fo=8, routed)           1.031     1.130    u_r_reg_n_0_[13]
    SLICE_X57Y63         LUT3 (Prop_F5LUT_SLICEL_I0_O)
                                                      0.205     1.335 r  p_1_in__13_i_31/O
                         net (fo=2, routed)           0.550     1.884    p_1_in__13_i_31_n_0
    SLICE_X57Y63         CARRY8 (Prop_CARRY8_SLICEL_DI[6]_CO[7])
                                                      0.073     1.957 r  p_1_in__13_i_19/CO[7]
                         net (fo=1, routed)           0.028     1.985    p_1_in__13_i_19_n_0
    SLICE_X57Y64         CARRY8 (Prop_CARRY8_SLICEL_CI_CO[7])
                                                      0.023     2.008 r  p_1_in__10_i_23/CO[7]
                         net (fo=1, routed)           0.028     2.036    p_1_in__10_i_23_n_0
    SLICE_X57Y65         CARRY8 (Prop_CARRY8_SLICEL_CI_O[0])
                                                      0.072     2.108 r  p_1_in__10_i_21/O[0]
                         net (fo=5, routed)           0.688     2.796    p_1_in__10_i_21_n_15
    SLICE_X58Y66         LUT4 (Prop_E6LUT_SLICEM_I2_O)
                                                      0.148     2.944 r  p_1_in__9_i_95/O
                         net (fo=1, routed)           0.015     2.959    p_1_in__9_i_95_n_0
    SLICE_X58Y66         CARRY8 (Prop_CARRY8_SLICEM_S[4]_CO[7])
                                                      0.198     3.157 r  p_1_in__9_i_66/CO[7]
                         net (fo=1, routed)           0.028     3.185    p_1_in__9_i_66_n_0
    SLICE_X58Y67         CARRY8 (Prop_CARRY8_SLICEM_CI_CO[7])
                                                      0.023     3.208 r  p_1_in__9_i_19/CO[7]
                         net (fo=1, routed)           0.028     3.236    p_1_in__9_i_19_n_0
    SLICE_X58Y68         CARRY8 (Prop_CARRY8_SLICEM_CI_CO[6])
                                                      0.116     3.352 r  p_1_in__9_i_11/CO[6]
                         net (fo=60, routed)          0.486     3.839    p_1_in__9_i_11_n_1
    SLICE_X57Y61         LUT3 (Prop_D6LUT_SLICEL_I1_O)
                                                      0.099     3.938 f  p_1_in__13_i_2/O
                         net (fo=3, routed)           0.980     4.918    p_1_in__16/A[15]
    DSP48E2_X8Y27        DSP_A_B_DATA (Prop_DSP_A_B_DATA_DSP48E2_A[15]_A2_DATA[15])
                                                      0.241     5.159 r  p_1_in__16/DSP_A_B_DATA_INST/A2_DATA[15]
                         net (fo=1, routed)           0.000     5.159    p_1_in__16/DSP_A_B_DATA.A2_DATA<15>
    DSP48E2_X8Y27        DSP_PREADD_DATA (Prop_DSP_PREADD_DATA_DSP48E2_A2_DATA[15]_A2A1[15])
                                                      0.098     5.257 r  p_1_in__16/DSP_PREADD_DATA_INST/A2A1[15]
                         net (fo=1, routed)           0.000     5.257    p_1_in__16/DSP_PREADD_DATA.A2A1<15>
    DSP48E2_X8Y27        DSP_MULTIPLIER (Prop_DSP_MULTIPLIER_DSP48E2_A2A1[15]_U[36])
                                                      0.647     5.904 f  p_1_in__16/DSP_MULTIPLIER_INST/U[36]
                         net (fo=1, routed)           0.000     5.904    p_1_in__16/DSP_MULTIPLIER.U<36>
    DSP48E2_X8Y27        DSP_M_DATA (Prop_DSP_M_DATA_DSP48E2_U[36]_U_DATA[36])
                                                      0.059     5.963 r  p_1_in__16/DSP_M_DATA_INST/U_DATA[36]
                         net (fo=1, routed)           0.000     5.963    p_1_in__16/DSP_M_DATA.U_DATA<36>
    DSP48E2_X8Y27        DSP_ALU (Prop_DSP_ALU_DSP48E2_U_DATA[36]_ALU_OUT[47])
                                                      0.699     6.662 f  p_1_in__16/DSP_ALU_INST/ALU_OUT[47]
                         net (fo=1, routed)           0.000     6.662    p_1_in__16/DSP_ALU.ALU_OUT<47>
    DSP48E2_X8Y27        DSP_OUTPUT (Prop_DSP_OUTPUT_DSP48E2_ALU_OUT[47]_PCOUT[47])
                                                      0.159     6.821 r  p_1_in__16/DSP_OUTPUT_INST/PCOUT[47]
                         net (fo=1, routed)           0.042     6.863    p_1_in__17/PCIN[47]
    DSP48E2_X8Y28        DSP_ALU (Prop_DSP_ALU_DSP48E2_PCIN[47]_ALU_OUT[47])
                                                      0.698     7.561 f  p_1_in__17/DSP_ALU_INST/ALU_OUT[47]
                         net (fo=1, routed)           0.000     7.561    p_1_in__17/DSP_ALU.ALU_OUT<47>
    DSP48E2_X8Y28        DSP_OUTPUT (Prop_DSP_OUTPUT_DSP48E2_ALU_OUT[47]_PCOUT[47])
                                                      0.159     7.720 r  p_1_in__17/DSP_OUTPUT_INST/PCOUT[47]
                         net (fo=1, routed)           0.016     7.736    p_1_in__18/PCIN[47]
    DSP48E2_X8Y29        DSP_ALU (Prop_DSP_ALU_DSP48E2_PCIN[47]_ALU_OUT[35])
                                                      0.698     8.434 f  p_1_in__18/DSP_ALU_INST/ALU_OUT[35]
                         net (fo=1, routed)           0.000     8.434    p_1_in__18/DSP_ALU.ALU_OUT<35>
    DSP48E2_X8Y29        DSP_OUTPUT (Prop_DSP_OUTPUT_DSP48E2_ALU_OUT[35]_P[35])
                                                      0.141     8.575 r  p_1_in__18/DSP_OUTPUT_INST/P[35]
                         net (fo=3, routed)           0.369     8.944    p_1_in__18_n_70
    SLICE_X55Y69         LUT3 (Prop_D5LUT_SLICEM_I0_O)
                                                      0.082     9.026 r  p_0_out__64_i_22/O
                         net (fo=2, routed)           0.530     9.556    p_0_out__64_i_22_n_0
    SLICE_X55Y69         LUT4 (Prop_E6LUT_SLICEM_I3_O)
                                                      0.177     9.733 r  p_0_out__64_i_27/O
                         net (fo=1, routed)           0.015     9.748    p_0_out__64_i_27_n_0
    SLICE_X55Y69         CARRY8 (Prop_CARRY8_SLICEM_S[4]_CO[7])
                                                      0.198     9.946 r  p_0_out__64_i_2/CO[7]
                         net (fo=1, routed)           0.028     9.974    p_0_out__64_i_2_n_0
    SLICE_X55Y70         CARRY8 (Prop_CARRY8_SLICEM_CI_CO[7])
                                                      0.023     9.997 r  p_0_out__64_i_1/CO[7]
                         net (fo=1, routed)           0.028    10.025    p_0_out__64_i_1_n_0
    SLICE_X55Y71         CARRY8 (Prop_CARRY8_SLICEM_CI_O[1])
                                                      0.097    10.122 f  p_0_out__60_i_2/O[1]
                         net (fo=9, routed)           2.096    12.217    p_0_out__90/A[15]
    DSP48E2_X7Y35        DSP_A_B_DATA (Prop_DSP_A_B_DATA_DSP48E2_A[15]_A2_DATA[15])
                                                      0.241    12.458 r  p_0_out__90/DSP_A_B_DATA_INST/A2_DATA[15]
                         net (fo=1, routed)           0.000    12.458    p_0_out__90/DSP_A_B_DATA.A2_DATA<15>
    DSP48E2_X7Y35        DSP_PREADD_DATA (Prop_DSP_PREADD_DATA_DSP48E2_A2_DATA[15]_A2A1[15])
                                                      0.098    12.556 r  p_0_out__90/DSP_PREADD_DATA_INST/A2A1[15]
                         net (fo=1, routed)           0.000    12.556    p_0_out__90/DSP_PREADD_DATA.A2A1<15>
    DSP48E2_X7Y35        DSP_MULTIPLIER (Prop_DSP_MULTIPLIER_DSP48E2_A2A1[15]_U[32])
                                                      0.647    13.203 f  p_0_out__90/DSP_MULTIPLIER_INST/U[32]
                         net (fo=1, routed)           0.000    13.203    p_0_out__90/DSP_MULTIPLIER.U<32>
    DSP48E2_X7Y35        DSP_M_DATA (Prop_DSP_M_DATA_DSP48E2_U[32]_U_DATA[32])
                                                      0.059    13.262 r  p_0_out__90/DSP_M_DATA_INST/U_DATA[32]
                         net (fo=1, routed)           0.000    13.262    p_0_out__90/DSP_M_DATA.U_DATA<32>
    DSP48E2_X7Y35        DSP_ALU (Prop_DSP_ALU_DSP48E2_U_DATA[32]_ALU_OUT[32])
                                                      0.699    13.961 f  p_0_out__90/DSP_ALU_INST/ALU_OUT[32]
                         net (fo=1, routed)           0.000    13.961    p_0_out__90/DSP_ALU.ALU_OUT<32>
    DSP48E2_X7Y35        DSP_OUTPUT (Prop_DSP_OUTPUT_DSP48E2_ALU_OUT[32]_P[32])
                                                      0.141    14.102 r  p_0_out__90/DSP_OUTPUT_INST/P[32]
                         net (fo=2, routed)           0.626    14.728    p_0_out__90_n_73
    SLICE_X49Y81         LUT3 (Prop_B5LUT_SLICEM_I2_O)
                                                      0.126    14.854 r  p_0_out__109_i_407/O
                         net (fo=2, routed)           0.930    15.785    p_0_out__109_i_407_n_0
    SLICE_X49Y81         CARRY8 (Prop_CARRY8_SLICEM_DI[2]_CO[7])
                                                      0.141    15.926 r  p_0_out__109_i_284/CO[7]
                         net (fo=1, routed)           0.028    15.954    p_0_out__109_i_284_n_0
    SLICE_X49Y82         CARRY8 (Prop_CARRY8_SLICEM_CI_O[3])
                                                      0.104    16.058 r  p_0_out__109_i_184/O[3]
                         net (fo=2, routed)           0.897    16.955    p_0_out__109_i_184_n_12
    SLICE_X49Y89         LUT3 (Prop_A5LUT_SLICEM_I2_O)
                                                      0.122    17.077 r  p_0_out__109_i_123/O
                         net (fo=2, routed)           0.551    17.628    p_0_out__109_i_123_n_0
    SLICE_X49Y89         LUT4 (Prop_B6LUT_SLICEM_I3_O)
                                                      0.116    17.744 r  p_0_out__109_i_131/O
                         net (fo=1, routed)           0.018    17.762    p_0_out__109_i_131_n_0
    SLICE_X49Y89         CARRY8 (Prop_CARRY8_SLICEM_S[1]_CO[7])
                                                      0.238    18.000 r  p_0_out__109_i_57/CO[7]
                         net (fo=1, routed)           0.060    18.060    p_0_out__109_i_57_n_0
    SLICE_X49Y90         CARRY8 (Prop_CARRY8_SLICEM_CI_O[7])
                                                      0.146    18.206 r  p_0_out__109_i_38/O[7]
                         net (fo=2, routed)           0.497    18.703    p_0_out__109_i_38_n_8
    SLICE_X47Y87         LUT3 (Prop_A5LUT_SLICEL_I1_O)
                                                      0.170    18.873 r  p_0_out__109_i_9/O
                         net (fo=2, routed)           0.579    19.452    p_0_out__109_i_9_n_0
    SLICE_X47Y87         LUT4 (Prop_B6LUT_SLICEL_I3_O)
                                                      0.115    19.567 r  p_0_out__109_i_17/O
                         net (fo=1, routed)           0.010    19.577    p_0_out__109_i_17_n_0
    SLICE_X47Y87         CARRY8 (Prop_CARRY8_SLICEL_S[1]_CO[7])
                                                      0.233    19.810 r  p_0_out__109_i_1/CO[7]
                         net (fo=1, routed)           0.028    19.838    p_0_out__109_i_1_n_0
    SLICE_X47Y88         CARRY8 (Prop_CARRY8_SLICEL_CI_CO[7])
                                                      0.023    19.861 r  p_0_out__106_i_2/CO[7]
                         net (fo=1, routed)           0.028    19.889    p_0_out__106_i_2_n_0
    SLICE_X47Y89         CARRY8 (Prop_CARRY8_SLICEL_CI_CO[7])
                                                      0.023    19.912 r  p_0_out__106_i_1/CO[7]
                         net (fo=1, routed)           0.060    19.972    p_0_out__106_i_1_n_0
    SLICE_X47Y90         CARRY8 (Prop_CARRY8_SLICEL_CI_CO[7])
                                                      0.023    19.995 r  p_0_out__103_i_3/CO[7]
                         net (fo=1, routed)           0.028    20.023    p_0_out__103_i_3_n_0
    SLICE_X47Y91         CARRY8 (Prop_CARRY8_SLICEL_CI_O[0])
                                                      0.072    20.095 f  p_0_out__103_i_2/O[0]
                         net (fo=3, routed)           1.432    21.527    p_0_out__103/B[3]
    DSP48E2_X8Y35        DSP_A_B_DATA (Prop_DSP_A_B_DATA_DSP48E2_B[3]_B2_DATA[3])
                                                      0.195    21.722 r  p_0_out__103/DSP_A_B_DATA_INST/B2_DATA[3]
                         net (fo=1, routed)           0.000    21.722    p_0_out__103/DSP_A_B_DATA.B2_DATA<3>
    DSP48E2_X8Y35        DSP_PREADD_DATA (Prop_DSP_PREADD_DATA_DSP48E2_B2_DATA[3]_B2B1[3])
                                                      0.092    21.814 r  p_0_out__103/DSP_PREADD_DATA_INST/B2B1[3]
                         net (fo=1, routed)           0.000    21.814    p_0_out__103/DSP_PREADD_DATA.B2B1<3>
    DSP48E2_X8Y35        DSP_MULTIPLIER (Prop_DSP_MULTIPLIER_DSP48E2_B2B1[3]_U[35])
                                                      0.737    22.551 f  p_0_out__103/DSP_MULTIPLIER_INST/U[35]
                         net (fo=1, routed)           0.000    22.551    p_0_out__103/DSP_MULTIPLIER.U<35>
    DSP48E2_X8Y35        DSP_M_DATA (Prop_DSP_M_DATA_DSP48E2_U[35]_U_DATA[35])
                                                      0.059    22.610 r  p_0_out__103/DSP_M_DATA_INST/U_DATA[35]
                         net (fo=1, routed)           0.000    22.610    p_0_out__103/DSP_M_DATA.U_DATA<35>
    DSP48E2_X8Y35        DSP_ALU (Prop_DSP_ALU_DSP48E2_U_DATA[35]_ALU_OUT[47])
                                                      0.699    23.309 f  p_0_out__103/DSP_ALU_INST/ALU_OUT[47]
                         net (fo=1, routed)           0.000    23.309    p_0_out__103/DSP_ALU.ALU_OUT<47>
    DSP48E2_X8Y35        DSP_OUTPUT (Prop_DSP_OUTPUT_DSP48E2_ALU_OUT[47]_PCOUT[47])
                                                      0.159    23.468 r  p_0_out__103/DSP_OUTPUT_INST/PCOUT[47]
                         net (fo=1, routed)           0.080    23.548    p_0_out__104/PCIN[47]
    DSP48E2_X8Y36        DSP_ALU (Prop_DSP_ALU_DSP48E2_PCIN[47]_ALU_OUT[47])
                                                      0.698    24.246 f  p_0_out__104/DSP_ALU_INST/ALU_OUT[47]
                         net (fo=1, routed)           0.000    24.246    p_0_out__104/DSP_ALU.ALU_OUT<47>
    DSP48E2_X8Y36        DSP_OUTPUT (Prop_DSP_OUTPUT_DSP48E2_ALU_OUT[47]_PCOUT[47])
                                                      0.159    24.405 r  p_0_out__104/DSP_OUTPUT_INST/PCOUT[47]
                         net (fo=1, routed)           0.016    24.421    p_0_out__105/PCIN[47]
    DSP48E2_X8Y37        DSP_ALU (Prop_DSP_ALU_DSP48E2_PCIN[47]_ALU_OUT[6])
                                                      0.698    25.119 f  p_0_out__105/DSP_ALU_INST/ALU_OUT[6]
                         net (fo=1, routed)           0.000    25.119    p_0_out__105/DSP_ALU.ALU_OUT<6>
    DSP48E2_X8Y37        DSP_OUTPUT (Prop_DSP_OUTPUT_DSP48E2_ALU_OUT[6]_P[6])
                                                      0.141    25.260 r  p_0_out__105/DSP_OUTPUT_INST/P[6]
                         net (fo=4, routed)           0.407    25.667    p_0_out__105_n_99
    SLICE_X52Y89         LUT4 (Prop_D5LUT_SLICEM_I1_O)
                                                      0.195    25.862 r  coeff_reg_0_63_0_6_i_828/O
                         net (fo=2, routed)           0.530    26.392    coeff_reg_0_63_0_6_i_828_n_0
    SLICE_X52Y89         LUT5 (Prop_E6LUT_SLICEM_I4_O)
                                                      0.177    26.569 r  coeff_reg_0_63_0_6_i_836/O
                         net (fo=1, routed)           0.015    26.584    coeff_reg_0_63_0_6_i_836_n_0
    SLICE_X52Y89         CARRY8 (Prop_CARRY8_SLICEM_S[4]_CO[7])
                                                      0.198    26.782 r  coeff_reg_0_63_0_6_i_684/CO[7]
                         net (fo=1, routed)           0.060    26.842    coeff_reg_0_63_0_6_i_684_n_0
    SLICE_X52Y90         CARRY8 (Prop_CARRY8_SLICEM_CI_CO[7])
                                                      0.023    26.865 r  coeff_reg_0_63_0_6_i_683/CO[7]
                         net (fo=1, routed)           0.028    26.893    coeff_reg_0_63_0_6_i_683_n_0
    SLICE_X52Y91         CARRY8 (Prop_CARRY8_SLICEM_CI_O[3])
                                                      0.104    26.997 r  coeff_reg_0_63_0_6_i_558/O[3]
                         net (fo=1, routed)           0.473    27.470    coeff_reg_0_63_0_6_i_558_n_12
    SLICE_X51Y91         LUT2 (Prop_E6LUT_SLICEL_I1_O)
                                                      0.176    27.646 r  coeff_reg_0_63_0_6_i_544/O
                         net (fo=1, routed)           0.008    27.654    coeff_reg_0_63_0_6_i_544_n_0
    SLICE_X51Y91         CARRY8 (Prop_CARRY8_SLICEL_S[4]_CO[7])
                                                      0.195    27.849 r  coeff_reg_0_63_0_6_i_406/CO[7]
                         net (fo=1, routed)           0.028    27.877    coeff_reg_0_63_0_6_i_406_n_0
    SLICE_X51Y92         CARRY8 (Prop_CARRY8_SLICEL_CI_O[6])
                                                      0.129    28.006 f  coeff_reg_0_63_0_6_i_314/O[6]
                         net (fo=2, routed)           0.534    28.540    coeff_reg_0_63_0_6_i_314_n_9
    SLICE_X50Y89         LUT2 (Prop_D6LUT_SLICEM_I0_O)
                                                      0.147    28.687 r  coeff_reg_0_63_0_6_i_168/O
                         net (fo=1, routed)           0.026    28.713    coeff_reg_0_63_0_6_i_168_n_0
    SLICE_X50Y89         CARRY8 (Prop_CARRY8_SLICEM_S[3]_CO[3])
                                                      0.168    28.881 r  coeff_reg_0_63_0_6_i_84/CO[3]
                         net (fo=60, routed)          0.400    29.281    p_6_in
    SLICE_X50Y72         LUT6 (Prop_F6LUT_SLICEM_I4_O)
                                                      0.177    29.458 r  coeff_reg_0_63_7_13_i_18/O
                         net (fo=1, routed)           0.581    30.039    coeff_reg_0_63_7_13_i_18_n_0
    SLICE_X55Y60         LUT6 (Prop_G6LUT_SLICEM_I4_O)
                                                      0.116    30.155 r  coeff_reg_0_63_7_13_i_2/O
                         net (fo=128, routed)         3.973    34.128    coeff_reg_8128_8191_7_13/DIB
    SLICE_X66Y45         RAMD64E                                      r  coeff_reg_8128_8191_7_13/RAMB/I
  -------------------------------------------------------------------    -------------------





Min Delay Paths
--------------------------------------------------------------------------------------
Slack:                    inf
  Source:                 tw_wr_addr[5]
                            (input port)
  Destination:            tw_reg_bram_0/ADDRARDADDR[10]
  Path Group:             (none)
  Path Type:              Min at Slow Process Corner
  Data Path Delay:        0.000ns  (logic 0.000ns (0.000%)  route 0.000ns (0.000%))
  Logic Levels:           0  

    Location             Delay type                Incr(ns)  Path(ns)    Netlist Resource(s)
  -------------------------------------------------------------------    -------------------
                                                      0.000     0.000 r  tw_wr_addr[5] (IN)
                         net (fo=26, unset)           0.000     0.000    tw_wr_addr[5]
    RAMB36_X5Y3          RAMB36E2                                     r  tw_reg_bram_0/ADDRARDADDR[10]
  -------------------------------------------------------------------    -------------------

Slack:                    inf
  Source:                 tw_wr_addr[6]
                            (input port)
  Destination:            tw_reg_bram_0/ADDRARDADDR[11]
  Path Group:             (none)
  Path Type:              Min at Slow Process Corner
  Data Path Delay:        0.000ns  (logic 0.000ns (0.000%)  route 0.000ns (0.000%))
  Logic Levels:           0  

    Location             Delay type                Incr(ns)  Path(ns)    Netlist Resource(s)
  -------------------------------------------------------------------    -------------------
                                                      0.000     0.000 r  tw_wr_addr[6] (IN)
                         net (fo=26, unset)           0.000     0.000    tw_wr_addr[6]
    RAMB36_X5Y3          RAMB36E2                                     r  tw_reg_bram_0/ADDRARDADDR[11]
  -------------------------------------------------------------------    -------------------

Slack:                    inf
  Source:                 tw_wr_addr[7]
                            (input port)
  Destination:            tw_reg_bram_0/ADDRARDADDR[12]
  Path Group:             (none)
  Path Type:              Min at Slow Process Corner
  Data Path Delay:        0.000ns  (logic 0.000ns (0.000%)  route 0.000ns (0.000%))
  Logic Levels:           0  

    Location             Delay type                Incr(ns)  Path(ns)    Netlist Resource(s)
  -------------------------------------------------------------------    -------------------
                                                      0.000     0.000 r  tw_wr_addr[7] (IN)
                         net (fo=26, unset)           0.000     0.000    tw_wr_addr[7]
    RAMB36_X5Y3          RAMB36E2                                     r  tw_reg_bram_0/ADDRARDADDR[12]
  -------------------------------------------------------------------    -------------------

Slack:                    inf
  Source:                 tw_wr_addr[8]
                            (input port)
  Destination:            tw_reg_bram_0/ADDRARDADDR[13]
  Path Group:             (none)
  Path Type:              Min at Slow Process Corner
  Data Path Delay:        0.000ns  (logic 0.000ns (0.000%)  route 0.000ns (0.000%))
  Logic Levels:           0  

    Location             Delay type                Incr(ns)  Path(ns)    Netlist Resource(s)
  -------------------------------------------------------------------    -------------------
                                                      0.000     0.000 r  tw_wr_addr[8] (IN)
                         net (fo=26, unset)           0.000     0.000    tw_wr_addr[8]
    RAMB36_X5Y3          RAMB36E2                                     r  tw_reg_bram_0/ADDRARDADDR[13]
  -------------------------------------------------------------------    -------------------

Slack:                    inf
  Source:                 tw_wr_addr[9]
                            (input port)
  Destination:            tw_reg_bram_0/ADDRARDADDR[14]
  Path Group:             (none)
  Path Type:              Min at Slow Process Corner
  Data Path Delay:        0.000ns  (logic 0.000ns (0.000%)  route 0.000ns (0.000%))
  Logic Levels:           0  

    Location             Delay type                Incr(ns)  Path(ns)    Netlist Resource(s)
  -------------------------------------------------------------------    -------------------
                                                      0.000     0.000 r  tw_wr_addr[9] (IN)
                         net (fo=26, unset)           0.000     0.000    tw_wr_addr[9]
    RAMB36_X5Y3          RAMB36E2                                     r  tw_reg_bram_0/ADDRARDADDR[14]
  -------------------------------------------------------------------    -------------------

Slack:                    inf
  Source:                 tw_wr_addr[0]
                            (input port)
  Destination:            tw_reg_bram_0/ADDRARDADDR[5]
  Path Group:             (none)
  Path Type:              Min at Slow Process Corner
  Data Path Delay:        0.000ns  (logic 0.000ns (0.000%)  route 0.000ns (0.000%))
  Logic Levels:           0  

    Location             Delay type                Incr(ns)  Path(ns)    Netlist Resource(s)
  -------------------------------------------------------------------    -------------------
                                                      0.000     0.000 r  tw_wr_addr[0] (IN)
                         net (fo=26, unset)           0.000     0.000    tw_wr_addr[0]
    RAMB36_X5Y3          RAMB36E2                                     r  tw_reg_bram_0/ADDRARDADDR[5]
  -------------------------------------------------------------------    -------------------

Slack:                    inf
  Source:                 tw_wr_addr[1]
                            (input port)
  Destination:            tw_reg_bram_0/ADDRARDADDR[6]
  Path Group:             (none)
  Path Type:              Min at Slow Process Corner
  Data Path Delay:        0.000ns  (logic 0.000ns (0.000%)  route 0.000ns (0.000%))
  Logic Levels:           0  

    Location             Delay type                Incr(ns)  Path(ns)    Netlist Resource(s)
  -------------------------------------------------------------------    -------------------
                                                      0.000     0.000 r  tw_wr_addr[1] (IN)
                         net (fo=26, unset)           0.000     0.000    tw_wr_addr[1]
    RAMB36_X5Y3          RAMB36E2                                     r  tw_reg_bram_0/ADDRARDADDR[6]
  -------------------------------------------------------------------    -------------------

Slack:                    inf
  Source:                 tw_wr_addr[2]
                            (input port)
  Destination:            tw_reg_bram_0/ADDRARDADDR[7]
  Path Group:             (none)
  Path Type:              Min at Slow Process Corner
  Data Path Delay:        0.000ns  (logic 0.000ns (0.000%)  route 0.000ns (0.000%))
  Logic Levels:           0  

    Location             Delay type                Incr(ns)  Path(ns)    Netlist Resource(s)
  -------------------------------------------------------------------    -------------------
                                                      0.000     0.000 r  tw_wr_addr[2] (IN)
                         net (fo=26, unset)           0.000     0.000    tw_wr_addr[2]
    RAMB36_X5Y3          RAMB36E2                                     r  tw_reg_bram_0/ADDRARDADDR[7]
  -------------------------------------------------------------------    -------------------

Slack:                    inf
  Source:                 tw_wr_addr[3]
                            (input port)
  Destination:            tw_reg_bram_0/ADDRARDADDR[8]
  Path Group:             (none)
  Path Type:              Min at Slow Process Corner
  Data Path Delay:        0.000ns  (logic 0.000ns (0.000%)  route 0.000ns (0.000%))
  Logic Levels:           0  

    Location             Delay type                Incr(ns)  Path(ns)    Netlist Resource(s)
  -------------------------------------------------------------------    -------------------
                                                      0.000     0.000 r  tw_wr_addr[3] (IN)
                         net (fo=26, unset)           0.000     0.000    tw_wr_addr[3]
    RAMB36_X5Y3          RAMB36E2                                     r  tw_reg_bram_0/ADDRARDADDR[8]
  -------------------------------------------------------------------    -------------------

Slack:                    inf
  Source:                 tw_wr_addr[4]
                            (input port)
  Destination:            tw_reg_bram_0/ADDRARDADDR[9]
  Path Group:             (none)
  Path Type:              Min at Slow Process Corner
  Data Path Delay:        0.000ns  (logic 0.000ns (0.000%)  route 0.000ns (0.000%))
  Logic Levels:           0  

    Location             Delay type                Incr(ns)  Path(ns)    Netlist Resource(s)
  -------------------------------------------------------------------    -------------------
                                                      0.000     0.000 r  tw_wr_addr[4] (IN)
                         net (fo=26, unset)           0.000     0.000    tw_wr_addr[4]
    RAMB36_X5Y3          RAMB36E2                                     r  tw_reg_bram_0/ADDRARDADDR[9]
  -------------------------------------------------------------------    -------------------





